ID,Isi berita,label
1,"Persatuan Bulutangkis Indonesia (PBSI) baru saja mengumumkan daftar 20 pemain yang dibawa ke Asian Games 2026. Jonatan Christie salah satunya. Dari daftar 20 nama itu dibagi rata, yakni 10 pebulutangkis putra dan 10 pebulutangkis putri. Keputusan ini diambil setelah melalui evaluasi yang mendalam selama beberapa bulan. Beberapa aspek yang dinilai adalah performa terkini, kondisi fisik, hingga kebutuhan teknis tim, sebelum nama-nama pemain dipilih. ""Penetapan skuad itu dilakukan setelah melalui proses evaluasi secara menyeluruh. Kami melihat performa, kondisi fisik dan teknis masing-masing pemain, serta kebutuhan tim untuk menentukan komposisi yang paling sesuai dengan target di Asian Games,"" ujar Kepala Bidang Pembinaan dan Prestasi PBSI, Eng Hian, dalam keterangan resminya. Meski membawa 20 nama ke Asian Games Aichi-Nagoya 2026, ada beberapa nama yang memang tidak akan tampil di nomor perorangan. Mereka lebih difokuskan untuk menambah kedalaman skuad di nomor beregu. Di nomor perorangan, Jonatan Christie dan Alwi Farhan akan menjadi tumpuan. Sementara di nomor beregu, Moh Zaki Ubaidillah dan Muhamad Yusuf jad tumpuan. Hal serupa dilakukan untuk tim putri, baik di sektor perorangan maupun beregu. Asian Games 2026 berlangsung 19 September hingga 4 Oktober, di mana cabor bulutangkis dimulai sehari setelah upacara pembukaan. Nomor beregu lebih dulu dipertandingkan mulai 20 hingga 24 September, sebelum nomor perorangan dari 25 hingga 29 September. Cabor bulutangkis digelar di Ichinomiya City Municipal Gymnasium. ""Jadi, fokus utama kami adalah nomor beregu terlebih dahulu. Kami ingin seluruh pemain bisa tampil maksimal dan memberikan kontribusi terbaik untuk tim putra maupun putri,"" sambung Eng Hian. Daftar Pebulutangkis putra Jonatan Christie Alwi Farhan Moh Zaki Ubaidillah Muhamad Yusuf Fajar Alfian Muhammad Shohibul Fikri Leo Rolly Carnando Daniel Marthin Nikolaus Joaquin Amri Syahnawi Daftar Pebulutangkis putri Putri Kusuma Wardani Thalita Ramadhani Wiryawan Ni Kadek Dhinda Amartya Pratiwi Mutiara Ayu Puspitasari Rachel Allessya Rose Febi Setianingrum Febriana Dwipuji Kusuma Meilysa Trias Puspitasari Siti Fadia Silva Ramadhanti Nita Violina Marwah (mrp/aff)",Sport
2,"Tunggal putra Indonesia, Jonatan Christie, menelan kekalahan di ajang China Masters. Pada babak kedua, Jojo dikalahkan Jason Gunawan 16-21 dan 16-21. Di Arena Shenzhen, Shenzhen, Kamis (3/9/2026) pagi WIB, Jojo menjalani pertandingan selama 45 menit melawan Jason. Pertarungan gim pertama berjalan sengit dan imbang sampai 14-14. Setelah itu, Jason tak terkejar. Pemain asal Hong Kong itu akhirnya menyudahi perjuangan Jojo dengan skor 21-16. Pada gim kedua, Jojo juga menjalani pertarungan sengit melawan Jason. Skor imbang antara Jojo dan Jason bertahan sampai 13-13. Saat fase krusial, Jason kembali tampil lebih prima untuk merebut kemenangan 21-16. Dengan hasil ini, wakil Indonesia di nomor tunggal putra China Masters pun habis. Indonesia masih mempunyai beberapa wakil di nomor ganda putra. Sabar Karyaman Gutama/Muhammad Reza Pahlevi Isfahani, Ali Faathir Rayhan/Devin Artha Wahyudi, dan Leo Rolly Carnando/Daniel Marthin merupakan deretan pemain Indonesia yang masih berjuang. (cas/krs)",Sport
3,"Sabar Karyaman Gutama/Moh Reza Pahlevi Isfahani lolos ke babak 16 besar China Masters 2026. Mereka menyingkirkan wakil Korea, Kang Min Hyuk/Ki Dong Ju, lewat kemenangan straight game. Sabar/Reza menghadapi Kang/Ki di Shenzhen Arena, Guangdong, Rabu (2/9/2026) sore WIB. Mereka butuh waktu 43 menit untuk menyudahi perlawanan Kang/Ki 21-18, 21-16. Pertandingan berjalan ketat sejak awal gim pertama. Sabar/Reza hanya unggul 11-10 atas Kang/Ki saat interval. Selepas interval, Kang/Ki berbalik unggul dan Sabar/Reza lebih banyak dalam posisi mengejar. Dalam posisi tertinggal 14-16, Sabar/Reza merebut tiga angka beruntun untuk menyalip. Meski Kang/Ki bisa menyamakan kedudukan 18-18, Sabar/Reza lebih tenang di poin-poin krusial. Mereka merebut tiga angka beruntun untuk mengamankan gim pertama 21-18. Sabar/Reza tampil lebih dominan pada gim kedua. Unggul 13-6, Sabar/Reza tak membiarkan Kang/Ki mengembangkan permainan. Sabar/Reza terus menjaga keunggulan dan mengunci kemenangan dengan skor 21-16. Pada babak 16 besar, Sabar/Reza akan menghadapi wakil Denmark Daniel Lundgaard/Mads Vestegaard. (nds/aff)",Sport
4,"Dua petenis Indonesia menyusul Nathan Barki lolos ke Babak Kedua Seri IV M-15 Men's World Tennis Championship, Rafalentino Da Costa dan Anthony Susanto. Pada pertandingan Babak Pertama di Lapangan A, Bali Beach Country Club, Nusa Dua, Rabu (2/9/2026) , Rafalentino menghadapi Shanker Heisnam asal India. Meski sempat tertinggal jauh 1-5 di set pertama, Rafalentino tidak goyah dan malah bisa menyamakan skor 5-5, sebelum akhirnya menang dengan skor 7-5. Keberhasilan comeback di set pertama bikin Rafalentino terpacu semangatnya dan bisa menang mudah di set kedua dengan skor 6-0 dalam waktu 1 jam 14 menit. Rafalentino mengaku kaget dengan pola permainan lawannya di set pertama. Dia sempat tertekan dengan gaya lawannya sebelum bisa menemukan celah untuk melakukan serangan balik. ""Saya kaget melihat lawan yang agresif, sehingga tertekan dan banyak melakukan kesalahan sendiri. Namun saat mampu meredam serangan-serangan dan mulai dapat mengejar defisit poin, lalu menyamakan skor 5-5, saya makin termotivasi dan percaya diri untuk memenangi pertandingan,"" ujar Rafalentino dalam rilis kepada detikSport. Satu lagi petenis Indonesia yang lolos adalah Anthony Susanto usai mengalahkan Hitesh Chauhan dua set langsung 6-5 dan 6-1. Sayangnya, Anthony harus menghadapi Nathan Barki untuk berebut tiket perempatfinal, Kamis (3/9). Petenis Indonesia yang gagal lolos adalah Gunawan Trismuwantara. Petenis jalur kualifikasi ini harus kalah dari Karan Singh yang merupakan unggulan keempat, dengan dua set langsung 3-6 dan 5-7. Sempat kalah 3-6 di set pertama, Gunawan sebenarnya memberikan perlawan keras hingga skor imbang 5-5 di set kedua. Namun dengan ketenangan dan juga pengalaman dari Karan yang berusia 23 tahun itu berhasil mematahkan servis dari Gunawan pada gim ke-12, untuk menutup laga dengan skor akhir 7-5. (mrp/ran)",Sport
5,"Babak utama Seri IV M-15 Men's World Tennis Championship 2026 sudah bergulir. Petenis tuan rumah Nathan Barki lolos ke Babak Kedua. Pada laga perdana di Lapangan D, Bali Beach Country Club, Nusa Dua, Selasa (1/9/2026), Nathan secara mengejutkan mengalahkan lawannya yang merupakan unggulan kedelapan asal Spanyol, Pablo Perez Ramos, lewat pertarungan tiga set selama 2 jam 14 menit. Mengawali laga dengan mantap, Nathan menang 6-2 di set pertama. Namun, Ramos yang berperingkat 984 ATP ini berhasil bangkit dari keterpurukannya untuk merebut set kedua dengan kemenangan 6-2. Sempat tertinggal 2-4 di set ketiga, Nathan tidak patah arang dan malah berhasil membalikkan keadaan. Ramos kesulitan untuk menghadapi tekanan Nathan sebelum akhirnya kalah 4-6. ""Pertandingan pertama memang selalu tidak mudah. Meski unggul di set pertama, lawan ternyata mampu merespon dengan baik di set kedua, bahkan saya sempat tertinggal di set ketiga. Tapi, persiapan matang yang saya lakukan sebelum turnamen jadi kunci kemenangan,"" ujar Nathan dalam rilis kepada detikSport. Di sektor ganda putra, Rafalentino Ali Da Costa/Ethan David Zapp menembus perempatfinal usai mengandaskan perlawanan Raghav Jaisinghani/Udit Kamboj dengan rubber set. Takluk 5-7 di set pertama, ganda muda tuan rumah itu berhasil dengan kemenangan 6-3 di set kedua. Laga harus dilanjutkan ke set ketiga yang menggunakan format super tiebreak, Dengan motivasi tinggi dan bermain lepas, Rafalentino/Ethan sukses menutup set ketiga ini dengan skor meyakinkan 10-4. Sayang langkah keduanya gagal diikuti rekannya Anthony Susanto yang berpasangan dengan Ren Nakamura. Mereka kalah rubber set dari Nan Hsun Lin/Kai-i Wang. Keunggulan 7-6 tiebreak 3 di set pertama, gagal dipertahankan oleh Anthony/Ren karena ganda Taiwan itu sukses merebut dua set berikutnya dengan kemenangan 6-4 dan super tiebreak 10-5 dalam durasi 1 jam 37 menit di lapangan F. (mrp/ran)",Sport
6,"Leo Rolly Carnando/Daniel Marthin melaju ke babak kedua China Masters 2026. Leo/Daniel mengalahkan unggulan pertama Kim Won Ho/Seo Seung Jae 21-19, 21-19. Leo Rolly Carnando/Daniel Marthin melawan unggulan pertama Kim Won Ho/Seo Seung Jae (Korea Selatan) pada babak pertama China Masters 2026. Laga ini berlangsung di Court 1, Shenzhen Arena, Selasa (1/9/2026). Leo/Daniel tertinggal di awal gim pertama 1-5. Mereka bisa bangkit mengejar untuk hanya tertinggal satu poin saat skor 5-6. Kedua ganda ini kemudian saling pertukar poin. Kim/Seo unggul 11-9 saat interval gim pertama. Leo/Daniel bisa menyetarakan angka selepas interval saat skor 12-12. Kejar mengejar poin terjadi hingga 16-16. Kim/Seo mendapatkan momentum untuk menjauh usai mendapatkan dua angka. Kim/Seo diambang menutup gim pertama usai unggul 19-16. Namun, Leo/Daniel tampil menawan di poin-poin krusial. Mereka mendulang lima angka beruntun untuk membalikkan situasi. Leo/Daniel mengamankan gim pertama usai menang 21-19. Laga berjalan sengit di awal gim kedua. Kejar mengejar poin terjadi hingga 7-7. Skor masih ketat sampai 10-10. Leo/Daniel mendapatkan satu angka untuk memimpin 11-10 saat interval gim kedua. Selepas interval situasi sempat berbalik dengan Leo/Daniel tertinggal 12-15. Mereka bisa mengejar hingga skor kembali sama kuat saat 15-15. Skor sama kuat hingga 17-17. Leo/Daniel kembali menunjukkan mental yang sangat baik di poin krusial.Leo/Daniel bisa memenangi lagi usai mengamankan gim kedua 21-19. Leo/Daniel melaju ke babak kedua (16 besar). Leo/Daniel mengikuti jejak dari Ali Faathir Rayhan/Devin Artha Wahyudi. Ali Faathir Rayhan/Devin Artha Wahyudi mengalahkan unggulan kelima dari Malaysia, Goh Sze Fei/Nur Izzuddin. Fathir/Devin ke babak kedua usai Goh/Izzudin retired. Mereka mundur setelah kalah 16-21 di gim pertama. (pur/krs)",Sport
7,"Bertanding di Court 1, Shenzhen Arena, Selasa (1/9/2026), Jonatan yang menjadi unggulan pertama di dalam turnamen BWF Super 750 itu membutuhkan waktu 44 menit untuk mengunci kemenangan. Pada gim pertama, Jonatan langsung mengamankan kemenangan dengan skor 21-17. Leong Jun Hao berusaha memberikan perlawanan, tetapi Jonatan mampu menjaga keunggulan dari awal hingga gim berakhir. Persaingan lebih ketat terjadi pada gim kedua. Jonatan akhirnya kembali menang dengan skor 21-19 untuk memastikan kemenangan dua gim langsung. Dengan hasil tersebut, Jonatan Christie melaju dari babak 32 besar setelah mengalahkan wakil Malaysia tersebut. Di China Masters 2026 ini sendiri Indonesia memiliki empat orang wakil. Selain Jonatan Christie, ada tiga wakil lain dari nomor ganda. Ketiganya adalah pasangan ganda putra yakni Leo Rolly Carnando/Daniel Marthin, Sabar Karyaman Gutama/Moh Reza Pahlevi Isfahani, dan Ali Faathir Rayhan/Devin Artha Wahyudi. Sejumlah nama lain yang sempat masuk daftar undian pekan lalu urung tampil. Mereka adalah Alwi Farhan, Putri Kusuma Wardani, dan Fajar Alfian/Muhammad Shohibul Fikri. Simak juga Video: Jonatan Christie: Hampir Seumur Hidup untuk Bulu Tangkis Indonesia (krs/bay)",Sport
8,"Satu wakil Indonesia lolos ke Babak Utama Seri 4 M-15 Amman Mineral Men's World Tennis Championship 2026. Dia adalah Gunawan Trismuwantara. Pada pertandingan final kualifikasi di lapangan A, Bali Beach Country Club, Nusa Dua, Senin (31/8/2026), Gunawan menghadapi Haruto Ishikawa asal Jepang. Petenis 23 tahun itu harus bertarung ketat tiga set selama 1 jam 41 menit untuk memastikan tiket babak utama dengan kemenangan 4-6, 6-6, dan 10-7. Setelah saling balas di dua set pertama, format super tie break harus digunakan di set ketiga untuk menentukan pemenang. Gunawan bisa memenangi set penentuan tersebut dengan skor akhir 10-7. ""Saya memang sering melakukan kesalahan di set pertama, terutama saat poin penting. Namun, saya kembali fokus di sisa game, terutama di babak super tie dan akhirnya bisa menang,"" ujar Gunawan dalam rilis kepada detikSport. Pada pertandingan lainnya di lapangan F, performa impresif Ethan David Zapp gagal dilanjutkan saat bertemu unggulan ketiga dari India, Shanker Heisnam. Meski telah mengeluarkan seluruh permain terbaiknya dan memberikan perlawanan keras terutama di set awal, petenis 17 tahun itu takluk 4-6 dan 1-6 dalam tempo 1 jam 35 menit. Gunawan pun menemani sejumlah pemain Indonesia yang lebih dulu masuk Babak Utama lewat fasilitas Wild Card, seperti Anthony Susanto, Nathan Barki, dan Rafalentino Ali Da Costa. Selain turun dinomor tunggal pada kejuaraan yang berhadiah total 20 ribu dolar AS, Indonesia punya enam wakil di nomor ganda melalui Gunawan Trismuwantara/Kareem Abdul Hakim, Rafalentino Ali Dacosta/Ethan David Zapp serta Anthony Susanto yang menggandeng pemain Jepang Ren Nakamura. (mrp/adp)",Sport
9,"Indonesia hanya mengirim empat wakil ke China Masters 2026. PBSI menarik sejumlah pemain dengan alasan persiapan menuju Asian Games 2026. China Masters 2026 yang merupakan turnamen Super 750 itu digelar di Shenzhen Arena, China, pada 1-6 September. Sementara Asian Games 2026 yang akan diselenggarakan di Aichi Nagoya, Jepang, itu akan bergulir pada 19 September - 4 Oktober. Dalam daftar pemain yang dirilis PBSI, Senin (31/8/2026), hanya empat wakil yang akan bertanding di China Masters 2026. Mereka adalah Jonatan Christie serta tiga ganda putra yakni Leo Rolly Carnando/Daniel Marthin, Sabar Karyaman Gutama/Moh Reza Pahlevi Isfahani, dan Ali Faathir Rayhan/Devin Artha Wahyudi. Sementara itu, nama-nama yang ditarik dari turnamen ini berdasarkan daftar undian yang dirilis pekan lalu adalah Alwi Farhan, Putri Kusuma Wardani, dan Fajar Alfian/Muhammad Shohibul Fikri. Sebelumnya, PBSI sudah membatalkan keikutsertaan pemain dari sektor ganda putri dan ganda campuran. Kabid Binpres PBSI Eng Hian mengatakan bahwa penarikan sejumlah pemain dari China Masters 2026 disebabkan oleh penyelenggaraannya yang berdekatan dengan Asian Games 2026. PBSI disebutnya harus mengatur program persiapan pemain. ""Penarikan beberapa pemain dari China Masters ini karena jaraknya cukup berdekatan dengan Asian Games. Mereka masuk dalam long list Asian Games, sehingga kami perlu mengatur program masing-masing agar persiapannya bisa lebih optimal, termasuk waktu untuk recovery, latihan, dan evaluasi,"" ucap Eng Hian seperti terlihat dalam unggahan di media sosial PBSI. ""Tapi ada juga beberapa pemain yang tetap diturunkan di China Masters. Pertimbangannya karena mereka memiliki kebutuhan untuk menjaga atau menambah poin ranking BWF mereka, sekaligus menjaga match feel dan ritme pertandingan sebelum Asian Games."" ""Jadi, programnya memang tidak bisa disamaratakan. Kami melihat kebutuhan dan kondisi masing-masing pemain."" ""Dan yang perlu digarisbawahi, pemain yang bertanding dan ditarik dari China Masters bukan berarti sudah pasti masuk tim Asian Games. Mereka masih dalam long list dan tetap akan kami evaluasi berdasarkan performa, kondisi fisik dan teknis, serta kebutuhan tim,"" katanya. (nds/cas)",Sport
10,"Setelah sepekan libur, kejuaraan tenis internasional Men's World Tennis Championship 2026 kembali bergulir. Seri keempat langsung panas di babak kualifikasi. Apabila sebelumnya berlabel Universal Tennis Rating Pro Tennis Tour atau UTR PTT. Maka untuk seri keempat ini kembali berkategori M-15 yang dilangsungkan selama sepekan, 31 Agustus-6 September di Bali Beach Country Club, Nusa Dua, dan berhadiah total 20 ribu dolar AS. Untuk babak penyisihan seri keempat, ada 32 petenis dari 12 negara yang memperebutkan delapan ke babak utama. Pada pertandingan, (Minggu 30/8/2026), tuan rumah Indonesia berhasil meloloskan dua pemainnya ke final kualifikasi, yakni Gunawan Trismuwantara serta Ethan David Zapp. Gunawan mengawalinya dengan menghentikan perlawanan wakil Australia Sebastian Huggins dua set langsung. Sempat mendapat perlawanan di set pertama dan kehilangan tiga gim, Gunawan bisa menang 6-3. Sebastian Huggins kian tak berdaya meredam agresivitas Gunawan di set kedua sehingga menyerah 0-6 dalam waktu 56 menit. Pada laga final kualifikasi, Gunawan bertemu Haruto Ishikawa yang mengalahkan Ashwin Ryan Sharma 6-2, 3-6 dan 10-8. ""Saya mau main bagus dan fokus di setia laga. Ini faktor utama yang membuat saya menang hari ini. Semoga bisa lebih baik di laga-laga berikutnya,"" ujar Gunawan dalam keterangan kepada media. Langkah impresif Gunawan diikuti petenis muda Ethan David Zapp yang mengalahkan kompatriotnya, Dewana Gustaman, 6-2 dan 6-3. Ethan yang baru berusia 17 tahun menantang unggulan kee,pat Ren Nakamura dari Jepang untuk memperebutkan tiket ke babak utama. Kelolosan kedua petenis di atas ke babak final tidak bisa diikuti wakil Inndonesia lainnya, seperti Renaldi Aquila Salim, M. Ragil Putra, Kareem Abdul Hakim, dan Raphael Rio Suryana. Kareem kalah 1-6 dan 4-6 dari Azuma Visaya, disusul Renaldo yang takluk 1-6 0-6 dari. Stefan Menichella. Raphael juga selesai kiprahnya usai ditaklukkan Matthew Shearer 3-6, 4-6 dan Ragil kalah 1-6 1-6 dari Thomas Patton. (mrp/bay)",Sport
11,"Campus League Badminton Regional Semarang telah berakhir. Universitas Sebelas Maret (UNS) mendominasi dengan meraih tiga gelar juara. Ajang ini bergulir di Polytron Stadium, Universitas Diponegoro dan tuntas pada Sabtu, 29 Agustus 2026, setelah berjalan empat hari. Ada 149 student-athlete yang berpartisipasi. Mereka berasal dari 17 perguruan tinggi di Semarang, Yogyakarta, Surakarta, Surabaya, hingga Makassar. ""Badminton merupakan salah satu olahraga unggulan dari Indonesia dan itu sesuatu yang kita bersama ingin terus jaga. Campus League ingin berkontribusi paling tidak di level kampus,"" kata CEO Campus League, Ryan Gozali, dalam keterangan persnya. ""Campus League sebenarnya hadir di badminton untuk bisa menaungi talenta-talenta pebulutangkis yang sangat baik, tapi mungkin tidak bisa menembus ke Pelatnas. Ajang ini juga dirancang agar atlet tidak harus memilih antara olahraga dan pendidikan,"" sambungnya. Dari total enam nomor pada kategori perorangan (individual), UNS mendominasi dengan meraih tiga gelar juara. Perguruan tinggi asal Surakarta itu memboyong tiga gelar melalui Adna Farrell Nugroho/Muhamad Khalil Munawar Abullah pada nomor ganda putra, Lintang Ari Rahmawati/Tanaya Yafiyah Darojat di nomor ganda putri, dan Adna Farrell Nugroho/Lintang Ari Rahmawati dari nomor ganda campuran. Universitas Islam Indonesia (UII) berhasil menjadi juara di kategori beregu. UII akan kembali bersaing di Bandung untuk memperebutkan titel juara The Nationals. ""Kami berharap kehadiran Polytron dapat memberikan dukungan positif bagi para atlet sekaligus memperkuat semangat kebersamaan untuk terus melangkah dan menciptakan kebanggaan bagi Indonesia,"" kata Diantika, General Manager Corporate Communications Polytron. (ran/bay)",Sport
12,"Jonatan Christie menduduki posisi pertama pada ranking tunggal putra Federasi Bulutangkis Dunia (BWF). Setelah 26 tahun akhirnya ada lagi tunggal putra Indonesia di ranking 1 dunia. Jonatan Christie berada di posisi pertama ranking tunggal putra dunia dalam daftar peringkat yang baru diperbarui BWF, Selasa (25/8/2026). Ia di urutan teratas dengan raihan 87,631 poin. Jonatan jadi tunggal putra Indonesia pertama yang berada di urutan teratas ranking BWF dalam 26 tahun terakhir. Tunggal putra Indonesia sebelum Jonatan yang pernah menempati ranking 1 BWF adalah Taufik Hidayat pada tahun 2000. Jonatan naik dua peringkat dari daftar ranking sebelumnya. Tunggal putra 28 tahun ini mendapatkan peringkat,meski hanya mampu melangkah hingga 16 besar pada Kejuaraan Dunia Bulutangkis 2026. Hal ini tak lepas dari torehan para pesaing Jonatan yang juga tak optimal di ajang tersebut. Jonatan unggul 629 poin dari Christo Popov . Pebulutangkis Prancis tersebut kini meraih 87.002 poin. Posisi ketiga ditempati oleh tunggal Thailand, Kunlavit Vitidsarn dengan raihan 86,915 poin. Lima besar dilengkapi oleh Chou Tien Chen (Taiwan) dan Anders Antonsen (Denmark) di urutan keempat dan kelima. Shi Yu Qi yang sebelumnya menduduki peringkat satu dunia merosot tajam ke urutan keenam. Ia turut lima peringkat akibat langsung tersingkir di babak pertama Kejuaraan Dunia Bulutangkis 2026. Dua finalis Kejuaraan Dunia Bulutangkis 2026 Alex Lainer dan Kodai Naraoka di urutan ke-7 dan ke-8. Lainer yang jadi juara di ajang tersebut naik tiga peringkat. Begitu pula, Naraoka yang kalah dari Lainer di laga puncak. Ranking Tunggal Putra BWF Jonatan Christie (Indonesia) - 87.631 poin Christo Popov (Prancis) - 87.002 poin Kunlavut Vitidsarn (Thailand) - 86.915 poin Chou Tien Chen (Taiwan) - 86.580 poin Anders Antonsen (Denmark) - 85.405 poin Shi Yu Qi (China) - 84.705 poin Alex Lanier (Prancis) - 78.715 poin Kodai Naraoka (Jepang) - 76.530 poin Victor Lai (Kanada) - 76.465 poin (pur/raw)",Sport
13,"Perkumpulan Besar Padel Indonesia (PBPI) terus memperkuat komitmennya dalam mendorong pertumbuhan olahraga padel di Indonesia. Salah satunya lewat turnamen ini. PBPI baru saja menuntaskan perhelatan FIP Silver & FIP Promises Bali, 10-16 Agustus 2026 di Island Sports, Bali. Untuk pertama kalinya FIP SILVER diadakan di Indonesia. Menghadirkan kompetisi berstandar internasional, ajang ini menjadi salah satu langkah penting dalam upaya PBPI membangun ekosistem padel Indonesia yang semakin kompetitif, sekaligus membuka lebih banyak kesempatan bagi atlet nasional untuk mendapatkan pengalaman bertanding melawan pemain dari berbagai negara. Sebanyak 238 atlet dari 32 negara hadir seperti Spanyol, Italia, Argentina, Portugal, Singapura, Jepang, Jerman, Brasil, Inggris, Thailand, hingga negara-negara lainnya. Bagi PBPI, kehadiran para atlet internasional di Indonesia memiliki arti penting dalam perkembangan padel nasional. Kompetisi internasional yang diselenggarakan di tanah air memberikan kesempatan bagi atlet Indonesia untuk menguji kemampuan secara langsung menghadapi pemain dengan pengalaman dan level permainan yang beragam. Pada kategori putra, gelar juara diraih oleh Marcos Gonzalez Blanco dari Spanyol dan Martin Abud, sementara kategori putri dimenangkan oleh Carla Fernandez Gonzalez dan Nerea Guerra Santana, keduanya dari Spanyol. Keikutsertaan atlet dari berbagai negara juga menunjukkan bahwa Indonesia semakin mampu menjadi bagian dari kalender kompetisi padel internasional sekaligus menjadi tuan rumah bagi pertandingan dengan standar global. Investasi PBPI untuk Regenerasi Atlet Selain kompetisi senior, FIP Promises Bali menjadi bagian yang tidak kalah penting dalam visi PBPI untuk membangun jalur pembinaan atlet sejak usia dini. Sebanyak 276 atlet muda dari 10 negara mengikuti FIP Promises Bali, dengan peserta dari Amerika Serikat, Malaysia, Italia, Inggris, Kazakhstan, Prancis, Rusia, Singapura, Kuwait, dan Jerman. Bagi PBPI, kompetisi kelompok usia bukan hanya mengenai hasil pertandingan, tetapi juga mengenai menciptakan jalur bagi generasi muda Indonesia untuk berkembang menjadi atlet berprestasi di masa depan. Melalui kompetisi internasional seperti FIP Promises, para atlet muda Indonesia dapat memperoleh pengalaman bertanding di level yang lebih tinggi, menghadapi gaya permainan yang berbeda, serta memahami standar kompetisi internasional sejak usia dini. PBPI melihat penyelenggaraan turnamen internasional sebagai bagian dari proses membangun ekosistem padel Indonesia secara menyeluruh. Kehadiran kompetisi internasional di Indonesia memberikan manfaat yang lebih luas, mulai dari peningkatan pengalaman atlet, kesempatan bagi pelatih dan official untuk mendapatkan exposure internasional, hingga mendorong klub dan komunitas lokal untuk terus meningkatkan standar mereka. Dengan semakin banyaknya turnamen internasional yang hadir di Indonesia, PBPI berharap atlet nasional dapat memiliki jalur kompetisi yang berkelanjutan, mulai dari kelompok usia hingga level senior. Hal ini sejalan dengan visi PBPI untuk membawa padel Indonesia menuju level yang lebih tinggi dan menciptakan fondasi yang kuat bagi prestasi nasional di masa mendatang. Hasil FIP Promises Bali U-12 Putra: M. Rakha Rezqiano Simanjuntak & Oziel Kurnia Alfarizqi U-14 Putra: Gibra Hazell Alvaro & Oliver Nathan Darmawan U-14 Putri: Calia De Heyn & Namu Steenbakkers U-16 Putri: Johanna Nesya Rosejaya & Ratu Athena Putri U-18 Putra: Bagas Putrajati & Rafael Jose Soesilo U-18 Putri: Ratu Athena Putri & Kadek Nandini Oktavia Nandin",Sport
14,"AQUA Cup Badminton Solo 2026 diikuti oleh 219 peserta. Pertandingan bulutangkis kelompok usia ini mempunyai atmosfer yang tak biasa. Ajang tersebut berlangsung di Atrium The Park Mall Solo pada 22-26 Agustus 2026. Ini merupakan upaya penyelenggara dalam mendukung pembinaan atlet bulutangkis usia dini melalui kolaborasi olahraga, teknologi, dan gaya hidup. ""AQUA Cup Badminton Solo 2026 kami hadirkan bukan hanya sebagai turnamen, tetapi sebagai pengalaman yang mempertemukan olahraga, komunitas, dan gaya hidup,"" kata Head of Marketing AQUA Elektronik, Yazid, dalam keterangan persnya. Berbeda dari turnamen pada umumnya, AQUA Cup Badminton Solo 2026 digelar di Atrium The Park Mall Solo. Konsep tersebut dipilih agar pertandingan dapat dinikmati lebih luas oleh masyarakat yang sedang berbelanja maupun menghabiskan waktu bersama keluarga. ""Kami ingin peserta maupun pengunjung dapat menikmati atmosfer kompetisi sekaligus mengenal lebih dekat inovasi AQUA Elektronik yang dirancang untuk memberikan kemudahan dan pengalaman yang lebih baik dalam kehidupan sehari-hari,"" sambungnya. AQUA Cup Badminton Solo 2026 mempertandingkan tujuh nomor pertandingan, mulai dari kategori anak hingga ganda putra dewasa. Total terdapat 219 atlet yang ambil bagian dalam kompetisi tersebut. Kategori yang dipertandingkan meliputi Tunggal Putri Anak (2014-2016), Tunggal Putra Anak Usia Utama (2014), Tunggal Putra Anak Usia Madya (2015), Tunggal Putra Anak Usia Dini Utama (2016), Tunggal Putra Anak Usia Dini Madya (2017), Tunggal Putra Pra Usia Dini, hingga Ganda Putra Dewasa. ""Kami percaya olahraga memiliki kekuatan untuk membentuk karakter sekaligus memberikan ruang bagi generasi muda untuk berkembang. Melalui AQUA Cup Badminton Solo 2026, kami ingin menghadirkan pengalaman kompetisi yang positif, sehingga para peserta dapat belajar menikmati proses, membangun kepercayaan diri, dan terus mengembangkan potensi mereka di dunia olahraga,"" ujar Yazid. Penyelenggaraan AQUA Cup Badminton Solo 2026 juga mendapat dukungan dari sejumlah tokoh olahraga, di antaranya Ketua Pengprov PBSI Jawa Tengah Basri Yusuf, Ketua Pengkot PBSI Surakarta FX Hadi Rudyatmo, Ketua Umum PMS Sumartono Hadinoto, serta jajaran manajemen Haier dan AQUA Elektronik. ""Bulutangkis memiliki basis komunitas yang kuat di Solo dan sekitarnya, sehingga kegiatan ini menjadi momentum yang tepat untuk membangun interaksi positif dengan konsumen sekaligus memperkuat kehadiran AQUA Elektronik di tengah masyarakat Solo,"" kata Owner Candi Elektronik, Ardian Ayat Santiko. (ran/yna)",Sport
15,"Selesai sudah UTR PTT Men's World Tennis Championship 2026. Tampil sebagai juara adalah petenis asal Amerika Serikat Alexander Chang. Pada laga puncak di lapangan A Bali Beach Country Club, Nusa Dua, Minggu (23/8/2026), Chang menghadapi wakil Prancis Matthieu Perchicot. Chang menang rubber set 5-7, 6-4, 6-4. Duel keduanya sudah berjalan ketat karena mereka saling mematahkan servis di set pertama. Kejar-kejaran skor terjadi hingga sama kuat 5-5 di gim 10. Perchiot yang sudah berusia 33 tahun memanfaatkan mental dan kematangan bertanding untuk menangi set pertama 7-5 dalam tempo 75 menit. Memasuki set kedua, Chang mencoba mengubah gaya dengan bermain lebih sabar di garis belakang, namun secara tiba-tiba menyerang ke depan net untuk meredam forehand top spin Perchiot yang bertinggi badan 183 centimeter tersebut. Strategi tersebut membuah hasil, ketika petenis kidal itu meraih kemenangan 6-4 dalam waktu 57 menit, sehingga final harus berlanjut ke set penentuan. Chang berada di atas angin pada set ketiga lewat servis keras dan cegatan voli yang jadi andalannya. Selain itu dia juga lebih sabar dalam meladeni reli-reli panjang lawan. Dalam durasi 2 jam 31 menit, Chang berhasil merebut gelar juara dengan kemenanngan 6-4. Chang berhak atas hadiah juara tunggal putra senilai 3.600 dolar AS atau Rp 63,5 juta, sementara Perchicot sebagai runner-up mendapat 2.075 dolar AS atau sekitar Rp 36,6 juta. ""Saya cukup kecewa karena cuma jadi runner-up, tapi saya akui bahwa Alexander (Chang) bermain luar biasa dan pantas jadi juara,"" ujar Perchicot dalam keterangan kepada media. Sedangkan Chang menyebut perubahan strategi permainan setelah kalah di set pertama jadi faktor kunci kemenangannya. ""Saya senang dengan kemenangan ini dan berharap bisa tampil lebih baik di M-15 pekan depan,"" papar Chang. Seusai dengan gelaran Universal Tennis Rating atau UTR PTT yang merupakan rangkaian dari Amman Men's World Tennis Tour Championship 2026, ajang ini akan jeda selama sepekan sebelum dilanjutkan dua rangkaian seri M-15. Untuk seri ke IV M-15 dimulai 31 Agustus hingga 6 September, lalu seri V mulai 7 sampai 13 September. (mrp/ran)",Sport
16,"Badminton Prancis berjaya dalam Kejuaraan Dunia BWF 2026. 2 Wakilnya berhasil menyabet medali emas. Selamat! Prancis mengirim 2 wakilnya di final Kejuaraan Dunia. Ada Thom Gicquel/Delphine Delrue di nomor ganda campuran, serta Alex Lanier di sektor tunggal putra. Gicquel/Delphine menghadapi unggulan pertama asal China Feng Yan Zhe/Huang Dong Ping. Duel digelar di Court 1 Indira Gandhi Arena, Minggu (23/8/2026). Duel ketat terjadi pada awal gim pertama. Gicquel/Delrue berhasil meraih kemenangan deuce 22-20 atas Zhe/Ping. Ganda campuran China menyamakan kedudukan dengan merebut gim kedua 21-19. Gicquel/Delrue tampil gemilang pada gim ketiga dan menjadi juara dengan kemenangan 21-15. Sejarah pun tercipta usai kemenangan Gicquel/Delrue. Keduanya menjadi wakil Prancis pertama dalam sejarah yang meraih medali emas Kejuaraan Dunia BWF. Prestasi Gicquel/Delrue disusul Alex Lanier di nomor tunggal putra. Pebulutangkis berusia 21 tahun itu mengalahkan wakil Jepang Kodai Naraoka 2 gim langsung. Take a bow, the first-ever world champions from France!! 🇫🇷🏆#BWFWorldChampionships #NewDelhi2026 pic.twitter.com/Ix8SpktqbD — BWF (@bwfmedia) August 23, 2026 Lanier unggul dengan skor telak 21-11 atas Naraoka pada gim pertama. Jawara Singapore Open 2026 itu kembali mencapai poin identik 21-11 dalam gim kedua dan meraih titel juara. Kesuksesan Thom Gicquel/Delphine Delrue dan Alex Lanier menunjukkan kekuatan Prancis yang bisa bersaing di pentas badminton dunia. Keberhasilan ini berbanding terbalik dengan Indonesia yang gagal mengirimkan wakil ke final Kejuaraan Dunia BWF 2026. (bay/aff)",Sport
17,"Harapan Indonesia melihat petenisnya di final UTR PTT Men's World Tennis Championship 2026 pupus susah. Ini setelah Anthony Susanto kalah di semifinal. Pada pertandingan di lapangan A Bali Beach Country Club, Nusa Dua, Sabtu (22/8/2026), Anthony menghadapi petenis Amerika Serikat Alexander Chang. Pada turnamen berhadiah total 20 ribu dolar AS ini, perjuangan pantang menyerah ditunjukkan Anthony selama 2 jam 20 menit. Namun, itu saja belum cukup karena Anthonya akhirnya keok. Dua karakter permainan berbeda ditunjukkan kedua semifinalis ini. Pada set perdana Anthony, dia mengandalkan permainan rali-rali panjang dari garis belakang untuk meredam gempuran serangan servis voli Chang. Dengan konsistensi serangan serta kondisi stamina yang prima, di set pertama petenis kidal dari Amerika Serikat ini langsung mematahkan servis dari Anthony , dan mempertahankan keunggulan 6-4 dalam tempo 50 menit. Memasuki set kedua, Anthony lebih sabar dan dengan dengan bola rali-rali panjang, dia merepotkan Chang. Anthony yang merupakan adik kandung petenis nasional David Agung Susanto ini, berhasil merebut kemenangan 6-3, dan memaksakan pertarungan rubber set. Namun kecerdikan serta konsistensi permainan menyerang yang juga merupakan juara UTR PTT tahun 2025 lalu, menjadi faktor penentukan kemenangan di set ketiga 6-3, sekaligus mengantarkannya maju ke final. Menanggapi kegagalannya ke Final UTR PTT 2026 Bali, Anthony mengaku kecewa dan memberi selamat kepada Chang yang bermain lebih cerdik. ""Sayangnya saya gagal memanfaatkan poin-poin krusial terutama di set ketiga. Namun saya akui Alexander Chang bermain bagus hari ini, lebih cerdik,"" ujar Anthony dalam keterangan kepada detikSport. Selanjutnya di laga final yang akan digelar di lapangan A Bali Beach Country Club Nusa Dua, Minggu (238), Chang akan ditantang wakil dari Perancis Matthieu Perchicot, setelah di semifinal menghentikan perlawanan Azuma Visaya dari Amerika Serikat juga lewat pertarungan 3 set. (mrp/nds)",Sport
18,"Medali perunggu dari Kejuaraan Dunia 2026 menjadi catatan penting bagi ganda campuran Indonesia Amri Syahnawi/Nita Violina Marwah. Meski terhenti di semifinal, hasil ini justru menambah semangat mereka untuk naik ke podium yang lebih tinggi. Amri/Nita disingkirkan Feng Yan Zhe/Huang Dong Ping dalam laga ketat 22-20, 14-21, 20-22 pada Sabtu (22/8/2026). Amri menyebut pencapaian di New Delhi ini menjadi suntikan kepercayaan diri besar bagi perjalanan kariernya bersama Nita. ""Saya rasa ini menambah kepercayaan diri buat kami berdua untuk bisa konsisten tampil seperti ini, untuk bisa tambah latihannya lagi supaya jadi lebih baik lagi. Podiumnya bisa lebih tinggi lagi,"" kata Amri dalam keterangannya melalui federasi. Ia juga berharap hasil ini bisa jadi penyemangat untuk sektor ganda campuran Indonesia yang sedang membangun ulang. Ganda campuran Indonesia tengah disorot tajam bukan hanya karena prestasinya yang menurun akhir-akhir ini, tapi juga kabar dugaan adanya pelanggaran integritas. ""Semoga hasil ini memotivasi tim ganda campuran yang mulai dari nol lagi. Ayo bareng-bareng teman-teman, para pelatih, adik-adik, kita kerja keras lagi, kita coba lagi semaksimal mungkin,"" ujarnya. Sementara itu, Nita mendedikasikan medali perunggu tersebut untuk seluruh pihak yang tidak pernah berhenti percaya pada mereka. Mereka menjadi satu-satunya wakil Indonesia yang naik podium di Kejuaraan Dunia 2026. ""Medali perunggu ini untuk Indonesia dan untuk semua yang sudah selalu percaya kalau kami masih bisa bersaing. Untuk keluarga dan pelatih juga,"" kata Nita. (mcy/cas)",Sport
19,"Ganda campuran Indonesia Amri Syahnawi/Nita Violina Marwah harus puas meraih medali perunggu di Kejuaraan Dunia 2026. Bertanding di New Delhi, Jumat (22/8/2026), Amri/Nita takluk 22-20, 14-21, 20-22 dari unggulan 1 dunia asal China Feng Yan Zhe/Huang Dong Ping. Amri bangga bisa mempersembahkan medali untuk Indonesia. Laga berjalan ketat, terutama di gim ketiga dengan tensi sangat tinggi. ""Alhamdulillah bisa bawa medali, ini hasil terbaik yang kami bisa berikan buat Indonesia. Untuk pertandingan hari ini berjalan cukup baik dari awal sampai akhir. Terutama di gim ketiga dengan tensi yang luar biasa, dengan fokus tingkat tinggi sayang memang kami tidak bisa convert,"" kata Amri dalam keterangannya melalui federasi. ""Tapi memang sama-sama tidak mau kalah, sama-sama pengen ke final dan juara dari sisi kami maupun pasangan China,"" lanjutnya. Amri juga menyoroti sportivitas lawan. Usai pertandingan, Feng/Huang memeluk mereka dan Feng bahkan meminta maaf karena sempat protes berlebihan. ""Kami menyampaikan respek dan good luck di final untuk Feng/Huang yang tadi dengan hangat memeluk kami usai pertandingan bahkan Feng meminta maaf karena sempat protes berlebihan. Kami sangat apresiasi hal itu,"" ujar Amri. Nita kemudian menceritakan bagaimana mereka sempat bangkit di gim pertama saat tertinggal match point. ""Gim pertama kami saat mereka sudah tinggal satu poin lagi selesai, kami tidak berpikiran ini tapi coba fokus ke poin kami saja. Kami coba nyari poin sebanyak mungkin dan fokus ke permainan. Akhirnya bisa mengejar dan balik ambil keunggulan,"" kata Nita. Hal serupa terjadi di gim ketiga. Namun di poin-poin kritis, Amri/Nita kalah berani dari pasangan China. ""Gim ketiga itu sama dengan halnya gim pertama. Kami terus komunikasi, belum selesai jadi masih ada kesempatan tapi mungkin saat setting kami kalah nekat sama mereka,"" kata Nita. (mcy/cas)",Sport
20,"Pertandingan ketat dan alot tersaji kala Amri Syahnawi/Nita Violina Marwah menghadapi pasangan China. Perlawanan sengit ditunjukkan wakil Indonesia tersebut. Pasangan Indonesia Amri Syahnawi/Nita Violina Marwah bertemu Feng Yan Zhe/Huang Dong Ping pada semifinal ganda campuran Kejuaraan Dunia 2026, Sabtu (22/8/2026) siang WIB. Pertandingan di Indra Gandhi Indoor Stadium itu selesai 22-20, 14-21, dan 20-22 dalam waktu satu jam 37 menit. Amri/Nita mencoba bermain agresif setelah laga dimulai dan sempat memimpin 5-2. Tapi lawan beradaptasi dan mulai bangkit hingga berbalik unggul 6-7. Pertandingan berjalan alot dengan kedua kubu berupaya saling mematikan dengan sergapan di depan net. Sebuah pukulan memanjang dari Amri memberikan keunggulan untuk China 11-10 saat jeda interval. Feng/Huang menaikkan intensitas serangan dan meraih lima poin beruntun untuk memimpin 16-13. Amri/Nita coba bertahan dan menjaga selisih satu poin di 15-16. Ganda campuran China selangkah demi selangkah menuju game point. Dua kali Nita menyergap di depan net dan itu merapatkan selisih 18-19. Feng/Huang lebih dulu menyentuh game point dan punya dua kesempatan, tapi Amri/Nita tampil tenang untuk menyamakan 20-20! Pukulan Feng yang melebar memberi angin buat Indonesia, lantas smes yang menyangkut dari pemain putra China itu memastikan Amri/Nita merebut gim pertama. Amri/Nita coba memulai gim kedua dengan agresif. Perebutan poin berjalan ketat dan Feng/Huang unggul 11-10 saat jeda interval. Setelah itu Amri/Nita mulai rentan melakukan kesalahan dan membuka jalan lapang untuk China mengamankan poin demi poin. Feng/Huang memenangi gim ini 21-14. Indonesia memulai di bawah tekanan dan tertinggal di gim ketiga. Amri/Nita unjuk kegigihan dalam reli-reli yang dimainkan dan berhasil menyalip 10-9. Saling kejar poin terjadi. Namun dua kesalahan dari Nita memberikan China keunggulan dua poin 19-17. China mencapai match point lebih dulu, tapi Amri/Nita menjaga asa dengan merebut dua poin untuk samakan skor! China kembali memetik keunggulan lebih dulu hingga kemudian mengamankan kemenangan. Feng/Huang pun lolos ke final. (raw/cas)",Sport
21,"Kalah di 8 besar tidak membuat Alwi Farhan larut. Ia langsung mengalihkan fokus untuk evaluasi dan persiapan berikutnya. Perjuangan Alwi di Kejuaraan Dunia dihentikan unggulan keenam Taiwan Chou Tien Chen. Juara Indonesia Masters 2026 itu tak mampu menaklukkan Chou setelah kalah dua gim 15-21, 15-21 di New Delhi, pada Kamis (21/8). Bagi Alwi hasil tersebut tentu tak sesuai dengan harapannya. ia juga kecewa meski akhirnya menerima keunggulan lawan. ""Alhamdulillah tetap bersyukur bisa mencapai babak sejauh ini tapi ya sangat kecewa, tidak sesuai harapan. Saya terima sebagai kesempatan untuk belajar lebih baik,"" kata Alwi dalam keterangannya melalui federasi. Ia mengakui Chou bermain sangat dominan sejak awal. Ditambah kondisi angin yang tidak menentu membuat Alwi Farhan sulit mengembangkan permainan. ""Memang tidak gampang mengatasi lawan, dari awal Chou memang aktif banget untuk mencari serangan dan saya beberapa kali serba salah juga. Dengan kondisi lapangan yang menang kalah anginnya terasa dia yang punya tenaga besar benar-benar memegang kendali,"" ujarnya. Alwi tak ingin larut dalam kekecewaannya usai tersingkir cepat. Dia akan mengalihkan fokus untuk evaluasi dan persiapan berikutnya. Menurut jadwal, Alwi akan tampil di China Masters, pada 1-6 September mendatang. ""Saya akan belajar mengatasi tekanan-tekanan besar seperti tadi,"" kata Alwi Farhan. ""Harus diterima pastinya hasil ini dan kita harus terus berpikir ke depan. Saya masih percaya rencana Tuhan dan saya bakal terus berusaha,"" tutupnya. (mcy/cas)",Sport
22,"Kejuaraan Dunia Bulutangkis 2026 menginjak babak semifinal hari ini. Indonesia punya satu wakil di nomor ganda campuran: Amri Syahnawi/Nita Violina Marwah. Semifinal Kejuaraan Dunia 2026 akan berlangsung di Indra Gandhi Indoor Stadium, Sabtu (22/8/2026) siang WIB. Rangkaian pertandingan dijadwalkan mulai pada pukul 12.00 WIB. Tampil di pertandingan pertama adalah wakil Indonesia, Amri Syahnawi/Nita Violina Marwah. Amri/Nita menghadapi laga sulit melawan unggulan pertama sekaligus peringkat satu dunia Feng Yan Zhe/Huang Dong Ping. Amri/Nita merupakan satu-satunya harapan Indonesia tersisa di turnamen ini. Pemenang laga ini akan menghadapi pemenang Thom Gicquel/Delphine Delrue vs Jiang Zhen Bang/Ya Xin Wei di final. Jadwal Kejuaraan Dunia Bulutangkis 2026, Sabtu (22/8/2026) - Amri Syahnawi/Nita Violina Marwah vs Feng Yan Zhe/Huang Dong Ping - Match 1 (raw/cas)",Sport
23,"Fajar Alfian/Muhammad Shohibul Fikri tersingkir di perempatfinal Kejuaraan Dunia 2026. Mereka mengaku sulit keluar dari tekanan lawan. Alih-alih menjadi andalan Indonesia untuk merebut gelar juara dunia, Fajar/Fikri justru terhenti di babak delapan besar. Unggulan kedua itu takluk dari ganda putra Taiwan Lee Jhe-Huei/Yang Po-Hsuan dalam laga yang bergulir Jumat (21/8/2026). Fajar/Fikri menyerah dari Lee/Yang dengan skor 19-21, 16-21. Fajar mengatakan permainan lawan yang bertumpu pada kecepatan dan power membuat ia dan Fikri kesulitan keluar dari tekanan. ""Hari ini kami tidak bisa keluar dari tekanan, mereka bermain sangat baik dengan speed dan power yang luar biasa. Kami sudah mencoba tapi mereka tampil lebih baik,"" kata Fajar dalam keterangannya melalui federasi. Selain tekanan dari lawan, juara China Open 2026 ini juga mengaku terkejut dengan kondisi angin di lapangan. ""Gim pertama khususnya saya banyak ragu-ragu ya dengan permainan, sedikit kaget juga hembusan angin hari ini lumayan kencang ke pinggir jadi pengembalian bola saya banyak tidak pas,"" dia mengungkapkan. Sementara itu, Fikri menilai, lawan bermain sangat rapat dan membuat ia dan Fajar tak bisa bergerak leluasa menyerang. ""Kami tidak merasa terlalu ada pressure, di lapangan memang lawan bermain baik. Permainan mereka cukup mengagetkan dan solid, seperti sempit dan tidak ada celah di lapangan mereka,"" kata Fikri. Kekalahan ini menjadi evaluasinya untuk turnamen berikutnya. Terutama soal kecepatan menyesuaikan diri dengan kondisi di lapangan. ""Banyak pelajaran untuk saya pribadi di Kejuaraan Dunia ini. Mau lawan siapapun kami harus selalu siap dan harus cepat adaptasi,"" ujar Fikri. (mcy/bay)",Sport
24,"Anthony Susanto sudah menuntaskan kiprahnya di fase grup UTR PTT Men's World Tennis Championship 2026. Dia lolos ke semifinal dengan hasil sempurna. Pada pertandingan keempat Grup A di Lapangan F Bali Beach Country Club Nusa Dua, Bali, Jumat (21/8/2026), Anthony menghadapi Aarjun Pandit. Petenis 29 tahun itu menang dua set langsung 6-2, 6-3. Di set pertama, Anthony langsung tancap gas dan cuma kehilangan dua gim sebelum menang 6-2. Memasuki set kedua, Pandit yang mencoba meningkatkan intensitas serangan yang membuat Anthony kerepotan. Anthony kemudian mematahkan servis lawannya digame ke 7 untuk unggul 5-3. Tanpa menyia-nyiakan kesempatan, Anthony Susanto kembali berhasil mematahkan andit, dan menutup laga dengan skor akhir 6-3 dalam tempo 1 jam 29 menit. ""Persiapan saya sudah baik dan selalu fokus di setiap pertandingan baik dalam kondisi unggul maupun tertinggal. Menurut saya ini kunci sukses dalam memenangkan setiap pertarungan yang dijalani,"" ujar Anthony dalam rilis kepada detikSport. ""Kelolosan ke semifinal jadi motivasi dan modal bagus bagi dirinya untuk berlaga lebih baik lagi pada seri M-15 mendatang,"" sambungnya. Pada laga semifinal, Anthony bertemu juara grup C Alexander Chang. Sedangkan penguasa grup D, Azuma Visaya, menghadapi juara grup B Matthieu Perchicot untuk memperebutkan tiket ke final, Sementara itu pada pertandingan terakhir penentuan peringkat di grup D, ambisi Renaldi Aquila Salim meraih kemenangan keduanya sirna setelah dipaksa menyerah oleh Maximus Zavier Wong. Petenis berusia 21 tahun ini tak kuasa menahan gempuran serta pertahanan solid Wing, sehingga akhirnya takluk 2-6 dan 3-6 dalam durasi 1 jam 28 menit. Dengan hasil tersebut Wong berhak menempati posisi ketiga di grup D, sedangkan Renaldi harus puas di peringkat 4, satu tingkat di atas Ethan David Zapp. (mrp/bay)",Sport
25,"Alwi Farhan tersingkir di perempatfinal Kejuaraan Dunia 2026. Tunggal Indonesia itu dikalahkan Chou Tien Chen dengan skor 15-21, 15-21 Bermai di Court 2 Indira Gandhi Arena, New Delhi, Jumat (21/8), Alwi dipaksa bekerja keras melawan Chou. Sempat leading, Alwi malah tertinggal di interval dengan skor 10-11. Chou bisa memegang kendali permainan setelahnya. Tunggal Taiwan itu bisa menjaga penampilannya di sisa gim pertama, dan akhirnya menang 21-15. Di gim kedua, Alwi tak bisa membalas permainan Chou. Jagoan Indonesia langsung dibuat tertinggal 0-4 di awal permainan. Meski sempat dikejar, Chou Tien Chen kembali bisa merebut interval dengan keunggulan 11-10 atas Alwi Farhan. Selepas istirahat, penampilan Chou melesat. Chou bisa mendulang banyak poin, saat Alwi justru banyak bikin kesalahan. Beberapa pukulan keluar bikin lawan mendapat poin. Alhasil, Chou bisa merebut kemenangan 21-15 di gim kedua. Alwi disingkirkan di perempatfinal. Hasil ini membuat Indonesia cuma meloloskan satu wakil ke semifinal Kejuaraan Dunia 2026. Wakil ganda campuran, Amri Syahnawi/Nita Violina Marwah, satu-satunya wakil Indonesia di empat besar, Sabtu (22/8). (yna/adp)",Sport
26,"Fajar Alfian/Muhammad Shohibul Fikri terhenti di perempatfinal Kejuaraan Dunia 2026. Ganda Indonesia dikalahkan pasangan Taiwan, Lee Jhe-huei/Yang Po-hsuan 21-19, 21-16. Bermain di Court 2 Indira Gandhi, Arena, India, Jumat (21/8) waktu setempat, Fajar/Fikri sedianya bisa memberi perlawanan sejak awal. Namun Lee/Yang tampil solid di laga ini. Kejar-kejaran poin sejak awal, pasangan Taiwan mulai leading pada skor 9-8. Mereka bisa merebut interval 11-8, dan akhirnya merebut game pertama dengan kemenangan 21-19. Pada gim kedua, lagi-lagi Lee/Yang bermain disiplin dan konsisten. Hasilnya, Mereka bisa menjaga keunggulan atas Fajar/Fikri sejak awal. hasilnya, Lee/Yang bisa mengalahkan unggulan kedua turnamen itu pada gim kedua. Kemenangan 21-16 memastikan mereka mendepak Fajar/Fikri dari Kejuaraan Dunia 2026. Hasil ini membuat Indonesia baru meloloskan satu wakil ke semifinal Kejuaraan Dunia 2026, lewat Amri Syahnawi/Nita Violina Marwah di ganda campuran. Indonesia masih punya satu laga lagi, yakni Alwi Farhan di nomor tunggal putra, Alwi akan melawan Chou Tien Chen, juga dari Taiwan. (yna/krs)",Sport
27,"Rachel Allesya Rose/Febi Setianingrum gagal meraih medali di Kejuaraan Dunia 2026. Langkah mereka terhenti di perempatfinal setelah dikalahkan wakil China, Li Yi Jing/Luo Xu Min. Rachel/Febi menghadapi pasangan unggulan kedelapan tersebut pada Jumat (21/8/2026). Mereka kalah dua gim langsung 13-21, 14-21. Rachel mengakui banyak melakukan kesalahan sendiri dalam pertandingan tersebut. Meski sudah berusaha menjalankan instruksi pelatih, permainan mereka tidak berjalan sesuai harapan. ""Kami sudah coba mengikuti semua instruksi pelatih tapi hari ini pukulan kami banyak tidak pas,"" kata Rachel dalam keterangannya melalui federasi. Pertandingan ini menjadi pertemuan kedua bagi Rachel/Febi dengan Li/Luo. Sebelumnya, kedua pasangan bertemu di China Open pada Juli lalu. Rachel menilai tidak ada perubahan berarti dari permainan pasangan China tersebut. Namun, persiapan yang sudah dilakukan Rachel/Febi tidak berjalan maksimal di lapangan. ""Sepertinya tidak ada yang berubah dari pasangan China dibandingkan pertemuan terakhir dan kami sudah siapkan tapi tidak berjalan sesuai harapan,"" ujarnya. Febi juga mengakui mereka kesulitan mengimbangi permainan Li/Luo yang tampil lebih dominan. ""Hari ini kami juga tidak keluar speed-nya, kami tidak bisa mengimbangi mereka,"" tuturnya. Kekalahan tersebut menjadi bahan evaluasi bagi Rachel/Febi. Febi berharap mereka bisa memperbaiki sejumlah kelemahan, terutama dalam menjaga konsistensi pukulan agar tidak banyak melakukan kesalahan sendiri. ""Ke depan harus bisa lebih konsisten pukulannya dan tidak banyak mati sendiri,"" kata Febi. Kekalahan Rachel/Febi sekaligus memupus harapan Indonesia meraih medali dari sektor ganda putri Kejuaraan Dunia 2026. Sebelumnya, Febriana Dwipuji Kusuma/Meilysa Trias Puspitasari juga terhenti di perempatfinal setelah kalah dari pasangan Korea Selatan, Baek Ha Na/Lee So Hee. (mcy/krs)",Sport
28,"Langkah Febriana Dwipuji Kusuma/Meilysa Trias Puspitasari terhenti di perempatfinal Kejuaraan Dunia 2026. Meski gagal melaju lebih jauh, Ana/Trias tetap melihat adanya progres dari penampilan mereka. Ana/Trias, sapaan karib keduanya, disingkirkan unggulan ketiga asal Korea Selatan, Baek Ha Na/Lee So Hee. Mereka kalah dua gim langsung 11-21, 11-21 pada Jumat (21/8/2026). Ana mengakui pertandingan tersebut tidak berjalan mudah. Berbagai pola permainan sudah disiapkan, tetapi lawan mampu mengantisipasinya dengan baik. ""Hari ini memang tidak mudah, kami sudah menyiapkan beberapa pola dan sudah coba menerapkannya tadi,"" kata Ana dalam keterangannya melalui federasi. ""Tapi mereka sudah begitu siap dan alot sekali, ditambah kami pun kurang sabar dan akhirnya melakukan kesalahan."" Secara hasil, Ana mengaku belum puas dengan pencapaian mereka di Kejuaraan Dunia kali ini. Namun, ia tetap melihat ada perkembangan positif yang bisa menjadi bekal untuk turnamen berikutnya. ""Pastinya kami belum puas tapi ada beberapa progress peningkatan yang kami rasakan dan itu ingin kami terus pertahankan,"" tuturnya. Trias juga melihat masih ada sejumlah pekerjaan rumah yang harus mereka benahi setelah kembali ke Tanah Air. Salah satunya adalah bagaimana menjaga mental dan konsistensi ketika menghadapi pasangan papan atas. ""Kami harus bisa lebih tahan, lebih konsisten dan lebih sabar kalau bertemu dengan lawan dengan pola seperti mereka,"" kata Trias.",Sport
29,"Amri Syahnawi/Nita Violina Marwah tak mau berhenti di medali perunggu setelah memastikan tiket semifinal Kejuaraan Dunia 2026. Mereka membidik hasil yang lebih tinggi. Amri/Nita melaju ke semifinal usai mengalahkan pasangan Taiwan, Yang Po-Hsuan/Hu Ling Fang, Jumat (21/8/2026). Pasangan peringkat 20 dunia itu menang dua gim langsung 21-18, 21-9 dalam waktu 35 menit. Hasil ini sekaligus memastikan medali bagi Indonesia karena Kejuaraan Dunia menerapkan sistem perunggu bersama tanpa perebutan tempat ketiga. Amri mengaku lega karena target yang diberikan kepada mereka sudah berhasil dipenuhi. ""Lega, bersyukur, terus juga ya target yang diberikan kepada kami bisa diberikan,"" ucap Amri dikutip dari video resmi sosial media PBSI. Meski target awal sudah tercapai, Amri menegaskan perjuangan mereka belum selesai. Masih ada semifinal yang harus dimainkan, dengan harapan bisa berlanjut hingga partai puncak. Di semifinal, Amri/Nita akan menghadapi unggulan pertama Kejuaraan Dunia, Feng Yan Zhe/Huang Dong Ping. Pasangan China tersebut juga menempati peringkat tertinggi dalam ranking BWF saat ini. Amri/Nita belum pernah mengalahkan Feng/Huang dalam empat pertemuan sebelumnya. Tapi mereka pernah mencuri satu gim saat bertemu di Malaysia Masters 2025. Ketika itu, Amri/Nita memenangi gim pertama 21-19. Namun, Feng/Huang bangkit dan merebut dua gim berikutnya 21-11, 21-11 dalam pertandingan yang berlangsung selama 55 menit. Catatan tersebut tak membuat Amri/Nita gentar. Setelah memastikan medali, mereka justru ingin memberikan perlawanan lebih jauh dan mengubah warna medali yang sudah berada dalam genggaman. ""Ini (perjuangan) belum selesai. Kami masih belum puas, kami mesti kasih yang terbaik buat besok. Kalau bisa lebih lagi warna medalinya,"" tegas Amri.",Sport
30,"Amri Syahnawi/Nita Violina Marwah sudah memastikan medali Kejuaraan Dunia 2026. Selanjutnya, mereka ditantang pasangan ganda campuran nomor satu dunia di semifinal. Amri/Nita menjadi wakil Indonesia yang tersisa di sektor ganda campuran setelah Jafar Hidayatullah/Felisha Pasaribu dan Adnan Maulana/Indah Cahya Sari Jamil mundur dari Kejuaraan Dunia 2026. Tampil sebagai andalan, Amri/Nita mampu menjawab kepercayaan tersebut. Mereka melaju ke semifinal setelah mengalahkan unggulan ke-11 asal Taiwan, Yang Po-Hsuan/Hu Ling Fang, pada perempatfinal, Jumat (21/8/2026). Amri/Nita menang dua gim langsung 21-18, 21-9. Hasil tersebut sekaligus memastikan medali untuk Indonesia. Kejuaraan Dunia menerapkan sistem medali perunggu bersama sehingga tidak ada pertandingan perebutan tempat ketiga. Artinya, Amri/Nita minimal membawa pulang medali perunggu. Hasil ini juga sesuai dengan target yang dibawa Amri/Nita sejak awal. ""Kalau dari target, ya kami sudah ditargetkan untuk bisa bawa medali lah. Maksudnya di ganda campuran ini sepasang enggak ada Jafar mundur, ya kita coba kasih yang terbaik lah,"" kata Amri, sebelum terbang ke India. Target tersebut ternyata tidak menjadi beban bagi Amri/Nita. Mereka memilih fokus menjalani pertandingan satu per satu dan berusaha memberikan kemampuan terbaik. ""Enggak sih kalau beban. Kami tidak membebani diri sendiri. Jadi ya jalanin hari per harinya, tapi kami mengusahakan apa yang bisa usahakan gitu,"" ujar Nita. ""Jadi itu lebih baik dibandingkan kami membebani diri, atau terlalu memikirkan. Dan kita lebih fokus ke gimana persiapan kita hari per harinya saja sih. Jadi kayak hal-hal yang lainnya kita enggak pikirin. Tapi kita selesaikan hari ini dengan semaksimal mungkin dan sebisa mungkin kita per harinya itu ada kemajuan,"" dia melanjutkan. Tantang Nomor 1 Dunia Langkah Amri/Nita belum berhenti. Tantangan yang jauh lebih berat sudah menanti di semifinal. Mereka akan menghadapi unggulan pertama asal China, Feng Yan Zhe/Huang Dong Ping, yang juga merupakan pasangan ganda campuran nomor satu dunia. Pertandingan ini menjadi kesempatan Amri/Nita untuk memperbaiki rekor pertemuan. Dari empat pertemuan sebelumnya, mereka selalu kalah dari Feng/Huang. Pertemuan terakhir kedua pasangan terjadi di Kejuaraan Asia 2026 pada April lalu. Saat itu, Amri/Nita kalah dua gim langsung 10-21, 15-21. Kini, Amri/Nita sudah memastikan satu medali. Tinggal satu langkah lagi untuk melaju ke final Kejuaraan Dunia 2026. (mcy/krs)",Sport
31,"Rachel Allessya Rose/Febi Setianingrum terhenti di perempatfinal Kejuaraan Dunia Bulutangkis 2026. Rachel/Febi tersingkir usai dikalahkan Li Yi Jing/Lou Xu Min 21-13, 21-14. Rachel Allessya Rose /Febi Setianingrum melawan Li Yi Jing/Lou Xu Min pada laga perempatfinal Kejuaraan Dunia Bulutangkis 2026. Duel ini berlangsung di Indhira Gandhi Arena, New Delhi, Jumat (21/8/206). Li/Lou tak terbendung di gim pertama. Mereka mengawali gim ini dengan langsung memimpin 9-1 dari Rachel/Febi. Rachel/Febi berusaha bangkit tapi jarak poin yang terlalu jauh menyulitkan mereka. Li/Lou memimpin 11-6 saat interval gim pertama. Rachel/Febi bisa memberikan perlawanan selepas interval. Namun, Li/Lou selalu bisa menjaga jarak angka hingga memimpin 14-10. Li/Lou bisa menjauh di poin-poin krusial. Unggulan ke-8 ini bisa memenangi gim pertama 21-13. Laga berjalan ketat di awal gim kedua hingga skor 5-5. Rachel/Febi bisa unggul 7-5 setelah itu tapi Li/Lou bisa mengejar hingga 7-7. Kedua ganda putri ini saling bertukar poin sampai skor 10-10. Li/Lou hanya unggul satu poin saat interval gim kedua 11-10. Li/Lou bermain agresif selepas interval untuk bisa menjauh 14-10. Rachel/Febi kesulitan membendung pasangan China. Li/Lou unggul semakin jauh 18-12. Rachel/Febi tak mampu menemukan solusi untuk pukulan-pukulan keras Li/Lou. Li/Lou melaju ke semifinal usai menang 21-14 di gim kedua. Rachel/Febi harus tersingkir. Tersingkirnya Rachel/Febi bikin wakil Indonesia di ganda putri habis. Sebelumnya, Febriana Dwipuji Kusuma/Meilysa Trias Puspita Sari juga kalah di perempatfinal dari Baek Ha-na/Lee So-Hee (Korea Selatan). (pur/krs)",Sport
32,"Febriana Dwipuji Kusuma/Meilysa Trias Puspitasari tersingkir dari Kejuaraan Dunia Bulutangkis 2026. Ana /Trias kalah dari Baek Ha Na/Lee So Hee di perempatfinal 11-21,11-21. Febriana Dwipuji Kusuma/Meilysa Trias Puspitsari menghadapi Baek Ha Na/Lee So Hee (Korea Selatan) pada laga perempatfinal Kejuaraan Dunia Bulutangkis 2026. Duel ini berlangsung di Indhira Gandhi Arena, New Delhi, Jumat (21/8/206). Ana/Trias tertinggal di awal gim pertama 1-3. Baek/Lee semakin menjauh dengan bisa mendulang tujuh angka beruntun. Ana/Trias tertinggal 2-10. Baek/Lee unggul 11-3 saat interval gim pertama. Selepas interval, Ana/Trias masih kesulitan untuk bangkit. Mereka tertinggal 10 angka saat kedudukan 4-14. Baek/Lee terus bisa menjaga jarak poin hingga 18-8. Unggulan ketiga ini memenangi gim pertama dengan meyakinkan usia menang 21-11. Saling berbalas angka terjadi di awal gim kedua hingga skor 2-2. Baek/Lee lalu bisa unggul saat skor 4-2. Ana/Trias bisa mengejar membuat kedudukan kembali sama kuat saat skor 5-5. Namun setelahnya, Ana/Trias banyak melakukan kesalahan sendiri. Pukulan Trias yang menyangkut di net mengakhiri rally panjang hingga Baek/Lee unggul 10-16. Pasangan Korsel ini lalu memimpin 11-6 di interval gim pertama. Ana/Trias belum juga memperbaiki kesalahannya selepas interval. Baek/Lee semakin jauh memimpin 14-7. Baek/Lee terus memaksa Ana/Trias menjalani rally. Hal ini efektif menguras tenaga pasangan Indonesia. Ana/Trias masih sering melakukan kesalahan sendiri hingga Baek/Lee bisa mengakhiri gim kedua 21-11. Ana/Trias tersingkir. Sementara, Baek/Lee melaju ke semifinal. (pur/krs)",Sport
33,"Amri Syahnawi/Nita Violina Marwah melaju ke semifinal Kejuaraan Dunia Bulutangkis 2026. Amri/Nita mengalahkan Yang Po-Hsuan/Hu Ling Fang di 8 besar 21-18, 21-9. Amri Syahnawi/Nita Violina Marwah menghadapi Yang Po-Hsuan/Hu Ling Fang Taiwan pada perempatfinal Kejuaraan Dunia Bulutangkis 2026. Duel ini berlangsung di Indhira Gandhi Arena, New Delhi, Jumat (21/8/206). Yang/Hu langsung mendulang tujuh angka beruntun di awal gim pertama. Unggulan ke-11 ini langsung memimpin 6-0. Yang/Hu unggul 11-4 saat interval gim pertama. Selepas interval, Amri/Nita berusaha bangkit. Momentum untuk mereka mengejar hadir saat bisa mendulang lima angka beruntun. Amri/Nita hanya tertinggal dua angka saat kedudukan 9-11. Amri/Nita kemudian bisa menyetarakan angka dalam kedudukan 13-13. Kejar mengejar angka setelahnya terjadi hingga 15-15. Amri/Nita bisa berbalik memimpin menjadi 18-15. Mereka menutup gim pertama dengan 21-18. Tak mau mengulangi kesalahan di awal gim pertama, Amri/Nita langsung tancap gas dengan unggul 5-1. Yang/Hu sempat mengejar dengan cuma tertinggal saat angka saat Amri/Nita unggul 7-6. Amri/Nita merespon situasi ini dengan baik. Mereka mendapatkan empat angka untuk unggul 11-6 saat interval gim kedua. Selepas interval, Amri/Nita tak terbendung dengan 16-7. Amri/Nita menutup laga dengan kemenangan 21-9 di gim kedua. Amri/Nita melaju ke semifinal. Mereka bakal berjumpa pemenang duel sesama pasangan China,Feng Yan Zhe/Huang Dong Ping melawan Cheng Xing/Zhang Chi. (pur/krs)",Sport
34,"Indonesia mengirim lima wakil di perempatfinal Kejuaraan Dunia Bulutangkis 2026. Alwi Farhan dkk. akan berburu tiket semifinal sekaligus medali. Ganda putri menempatkan dua wakilnya di babak perempatfinal Kejuaraan Dunia 2026. Mereka adalah Febriana Dwipuji Kusuma/Meilysa Trias Puspitasari dan Rachel Allessya Rose/Febi Setianingrum. Ana/Trias akan menghadapi Baek Ha Na/Lee So Hee di perempatfinal. Menilik catatan head to head, Ana/Trias belum pernah menang dalam dua kali pertemuan melawan ganda putri Korea Selatan itu. Sementara itu, Rachel/Febi akan menantang unggulan kedelapan Li Yi Jing/Luo Xu Min. Rachel/Febi kalah dari Li/Luo di perempatfinal China Open 2026 lalu. Dari nomor ganda putra, Fajar Alfian/Muhammad Shohibul Fikri ditunggu pasangan Chinese Taipei, Lee Jhe-Huei/Yang Po-Hsuan. Amri Syahnawi/Nita Violina Marwah dari nomor ganda campuran juga menghadapi lawan dari Chinese Taipei yakni Yang Po-Hsuan/Hu Ling Fang. Alwi Farhan jadi harapan Indonesia yang tersisa di nomor tunggal putra. Alwi akan melawan Chou Tien Chen di perempatfinal. Melihat catatan pertemuan, Alwi tertinggal 1-2 dari Chou. Namun, ia memenangi duel terakhir melawan Chou di babak 16 besar All England 2026 lalu. Babak perempatfinal Kejuaraan Dunia 2026 akan digelar di Indira Gandhi Indoor Stadium, New Delhi, India, Jumat (21/8/2026) mulai pukul 12.00 WIB. Lolos ke babak semifinal berarti minimal mengamankan medali perunggu. Jadwal Kejuaraan Dunia 2026, Jumat (21/8/2026) Lapangan 1 - Amri Syahnawi/Nita Violina Marwah vs Yang Po-Hsuan/Hu Ling Fang - match 2 - Febriana Dwipuji Kusuma/Meilysa Trias Puspitasari vs Baek Ha Na/Lee So Hee - match 3 Lapangan 2 - Rachel Allessya Rose/Febi Setianingrum vs Li Yi Jing/Luo Xu Min - match 2 - Fajar Alfian/Muhammad Shohibul Fikri vs Lee Jhe-Huei/Yang Po-Hsuan - match 9 - Alwi Farhan vs Chou Tien Chen - match 10 (nds/rin)",Sport
35,"Juara Grand Slam tujuh kali, Carlos Alcaraz, memastikan akan kembali bertanding di US Open 2026. Alcaraz akan berupaya mempertahankan titel juaranya di sana. Seperti diketahui, Alcaraz sudah absen selama empat bulan karena menderita cedera pergelangan tangan. Cedera itu dideritanya di tengah turnaman Barcelona Open 2026, April silam. Akibatnya, petenis Spanyol berusia 23 tahun itu mesti melewatkan sejumlah turnamen bergengsi termasuk Prancis Terbuka dan Wimbledon 2026. Namun, jelang dimulainya AS Terbuka pada akhir bulan ini Alcaraz sudah latihan serius lagi bersama Holger Rune. Pada Sabtu (21/8) dinihari WIB, Alcaraz mengumumkan comeback di US Open 2026 lewat unggahan pakar transfer sepakbola ternama, Fabrizio Romano di media sosial. ""Here We Go! Carlos Alcaraz akan kembali ke tur di US Open setelah menghabiskan empat musim di tepi lapangan dengan cedera pergelangan tangan kanan."" Carlos Alcaraz saat ini menempati ranking kedua di bawah petenis Italia sekaligus rival beratnya, Jannik Sinner. AS Terbuka 2026 akan jadi kesempatan Alcaraz untuk memenangi titel ketiganya di Flushing Meadows sekaligus gelar Grand Slam kedelapan di dalam kariernya. (rin/nds)",Sport
36,"Renaldi Aquila Salim gagal mengunci posisi runner-up Grup D UTR PTT Men's World Championship 2026. Dia kalah dari Thomas Patton. Pada pertandingan ketiga Grup D di lapangan A Bali Beach Country Club Nusa Dua, Kamis (20/8/2026), Renaldi harus mengakui keunggulan Patton yang bermain agresif dengan servis keras nan akurat. Di set pertama Patton yang sempat kalah dari Nathan Barki, langsung bermain agresif dengan terus menekan sisi backhand dari Renaldi, yang membuatnya hanya kehilangan satu game untuk menang 6-1. Memasuki set kedua, Renaldi yang merupakan mahasiswa Perbanas Jakarta ini, tidak dapat keluar dari tekanan Patton dan akhirnya 2-6 dalam laga yang berdurasi 1 jam 14 menit. Dengan kekalahan tersebut, Renaldi Aquila Salim gagal memperbaiki peringkatnya dan harus puas di posisi keempat Grup D. Patton tampil sebagai runner up grup dan berhak untuk memperebutkan posisi5 -8 di UTR PTT 2026 Bali. ""lawan bermain cerdik dan tampil sangat agresif sejak awal pertandingan, yang membuat saya mampu keluar dari tekanan. Saya sudah melakukan semaksimal mungkin untuk merubah pola maupun strategi permainan. Tapi memang ini bukan hari saya,"" ujar Renaldi dalam rilis kepada detikSport. Masih dari Grup D, Azuma Visaya dari Amerika Serikat mengukuhkan diri di puncak klasemen usai menghentikan perlawanan petenis Singapura Maximus Zavier Wong 6-3, 6-0. Visaya meraih kemenangan ketiganya di fase grup. Visaya bersama Alexander Chang dan Anthony Susanto jadi pemain dengan tiga kemenangan sekaligus lolos ke semifinal UTR PTT 2026 di Bali. Pada laga lainnya di penyisihan grup C, pertandingan menarik tersaji dalam memperebutkan posisi puncak klasemen antara Matthieu Perchicot dari Perancis melawan Jack Bruce Smith dari Australia. Perchiot menyudahi lawannya dua set langsung 6-4 dan 7-6 tiebreak 3, yang mengantarkannya sebagai juara grup C. (mrp/ran)",Sport
37,"Fajar Alfian/Muhammad Shohibul Fikri melangkah ke perempat final Kejuaraan Dunia Bulutangkis 2026 usai menundukkan wakil Korea Selatan, Kang Min-hyuk/Ki Dong-ju dengan skor 21-15, 14-21, 21-12 dalam waktu 62 menit. Bertanding di Indira Gandhi Indoor Stadium, New Delhi, Kamis (20/8), Fajar/Fikri tertinggal 6-9 lebih dulu di gim pertama, namun berbalik unggul 11-10 saat interval. Selepas jeda, Kang/Ki sempat mengejar hingga 15-16, namun Fajar/Fikri merebut lima poin beruntun untuk menang 21-15. Pada gim kedua, gantian Kang/Ki yang mengambil dominasi. Ganda Korea Selatan itu unggul 6-0 di awal kemudian 11-5 saat interval. Usai rehat, Fajar/Fikri mencoba mendekat, namun hanya sampai 14-18. Kang/Ki kemudian merebut tiga poin selanjutnya untuk mengambil kemenangan 21-14. Pada gim ketiga alias penentuan, Fajar/Fikri kembali mendominasi. Mereka unggul 11-6 saat interval dan selanjutnya hanya memberikan Kang/Ki tambahan enam poin sebelum mengunci kemenangan 21-12. Di perempat final, Fajar/Fikri akan berhadapan dengan Lee Jhe-huei/Yang Po-Hsuan (Taiwan) yang lolos usai menyingkirkan Sabar Karyaman Gutama/Moh Reza Pahlevi Isfahani. Pada laga lain di nomor tunggal putri, Putri Kusuma Wardani gagal melaju ke perempat final usai kalah dari wakil Denmark, Line Christophersen dengan skor 18-21, 17-21 dalam waktu 37 menit. (adp/adp)",Sport
38,"Alwi Farhan melangkah ke perempat final Kejuaraan Dunia Bulutangkis 2026 usai menyingkirkan Ayush Shetty (India) di babak 16 besar dengan skor 21-19, 21-11 dalam waktu 45 menit. Berlaga di Indira Gandhi Indoor Stadium, New Delhi, Kamis (20/8), Alwi meraih kemenangan lewat duel sengit di gim pertama. Unggul 11-9 saat interval, ia menjauh 16-12 kemudian 18-14. Shetty sempat berbalik unggul 19-18 usai meraih lima poin beruntun, namun Alwi berhasil merebut tiga poin berikutnya untuk menang tipis 21-19. Pada gim kedua, Alwi tak terbendung. Setelah unggul 11-6 saat interval, Alwi semakin menjauh usai jeda, bahkan sempat unggul 16-7. Shetty kemudian hanya mampu menambah empat poin sebelum Alwi mengamankan kemenangan telak 21-11. Dengan hasil ini, Alwi akan berjumpa unggulan keenam asal Taiwan, Chou Tien-chen pada Jumat besok. Namun keberhasilan Alwi gagal diikuti oleh Jonatan Christie yang kalah dari Rasmus Gemke. Menghadapi wakil Denmark tersebut di 16 besar, Jojo kalah 21-11, 13-21, 18-21 usai bertanding selama 70 menit. Nasib serupa juga dialami Sabar Karyaman Gutama/Moh Reza Pahlevi Isfahani di nomor ganda putra. Melawan Lee Jhe-huei/Yang Po-Hsuan (Taiwan) di 16 besar, mereka takluk 11-21, 13-21 dalam waktu 26 menit. (adp/adp)",Sport
39,"Dua pasang ganda putri Indonesia tampil apik di Kejuaraan Dunia Bulutangkis 2026. Mereka selangkah lagi menggenggam medali dalam debut di major event. Dari tiga wakil ganda putri di Kejuaraan Dunia BWF 2026, dua wakil sudah dipastikan melangkah ke perempat final. Mereka ialah Rachel Allessya Rose/Febi Setianingrum dan Febriana Dwipuji Kusuma/Meilysa Trias Puspitasari. Rachel/Febi lolos ke delapan besar setelah menang WO atas wakil Jepang Yuki Fukushima/Mayu Matsumoto pada laga Kamis (20/8/2026). Unggulan kedua itu memutuskan retired di gim kedua saat kedudukan 21-9, 6-11. Rachel tak menyangka bakal menang dengan cara seperti ini. Terlebih, ia juga tak tahu alasan di balik keputusan lawannya untuk mundur. ""Bukan cara menang yang kami inginkan, tapi kami juga sejujurnya tidak tahu apa yang terjadi. Tiba-tiba tadi mereka menyatakan mundur, tapi bila ada yang cedera, kami berharap tidak terlalu serius dan doa yang terbaik untuk Yuki/Mayu,"" kata Rachel dalam keterangan PBSI. Berbeda dengan Rachel/Febi, Ana/Trias sukses menaklukkan unggulan kelima, Pearly Tan/Thinaah Muralitharan. Lewat duel tiga gim, mereka menang atas pasangan Malaysia itu dengan skor 20-22, 21-18, 21-12. ""Alhamdulillah, hari ini berjalan dengan baik. Apa yang sudah direncanakan bisa terlaksana,"" ucap Trias. ""Mereka memang rasanya belum kembali ke performa terbaik, tapi kualitas mereka yang Top 10 tidak bisa diragukan lagi. Tadi adalah laga yang tidak mudah bagi kami,"" tuturnya. Setelah ini, dua pasang ganda putri Indonesia akan melanjutkan kiprahnya di babak perempat final. Rachel/Febi melawan Li Yi Jing/Luo Xu Min dari China, sedangkan Ana/Trias melawan wakil Korea Selatan, Baek Ha-na/Lee So-hee. | Rachel Allessya Rose (kanan) dan Febi Setianingrum saat bertanding. Foto: Dok. PBSI | ""Kami harus tetap fokus, menyiapkan lagi besok seperti apa, lawan bagaimana. Tapi tidak perlu berpikir itu perempat final, satu kemenangan lagi bisa mengamankan medali,"" kata Ana. (mcy/adp)",Sport
40,"Febriana Dwipuji Kusuma/Meilysa Trias Puspitasari melangkah ke perempat final Kejuaraan Dunia Bulutangkis 2026 usai menekuk Pearly Tan/Thinaah Muralitharan (Malaysia) di babak 16 besar dalam duel tiga gim dengan skor 20-22, 21-18, 21-12. Berlaga di Indira Gandhi Indoor Stadium, New Delhi, Kamis (20/8), Ana/Trias menunjukkan kegigihan di gim pertama, namun gagal mengunci kemenangan di momen krusial. Sempat tertinggal 8-11 saat interval set pertama, mereka menyamakan skor 13-13 usai jeda. Tan/Thinaah lalu kembali memimpin 15-13, namun segera disamakan Ana/Trias 15-15. Begitu pula saat ganda negeri jiran itu unggul 20-18, Ana/Trias mampu memaksakan deuce lewat skor 20-20. Namun pada akhirnya Tan/Thinaah merebut kemenangan 22-20. Pada gim kedua, momentum berbalik menjadi milik Ana/Trias. Setelah bersaing sengit hingga 10-10, ganda Indonesia lalu berhasil menjauh hingga 17-11. Meski Tan/Thinaah sempat menipiskan jarak hingga 17-18, namun Ana/Trias sukses mengunci kemenangan 21-18 untuk memaksakan rubber game. Pada gim penentuan, Ana/Trias lebih dominan. Mereka unggul 11-5 saat interval dan terus memimpin usai rehat. Tan/Thinaah hanya mampu mengejar sampai 12-16 sebelum Ana/Trias merebut lima poin beruntun untuk menang 21-12, menyudahi laga dalam waktu 1 jam 14 menit. Selanjutnya Ana/Trias akan menghadapi pemenang laga Rui Hirokami/Sayaka Hobara (Jepang) melawan Baek Ha-na/Lee So-hee (Korea Selatan). Rachel/Febi dan Amri/Nita juga menang Sebelumnya, Rachel Allessya Rose/Febi Setianingrum juga melangkah ke perempat final usai lawan mereka, yakni Yuki Fukushima/Mayu Matsumoto (Jepang) harus mundur karena Fukushima cedera. Saat laga disetop, Rachel/Febi menang 21-9 di gim pertama, namun sedang tertinggal 6-11 di gim kedua. Selanjutnya, Rachel/Febi akan berjumpa dengan unggulan kedelapan asal China, Li Yijing/Luo Xumin. Sementara itu di ganda campuran, Amri Syahnawi/Nita Violina Marwah juga melangkah ke delapan besar usai mendepak wakil Taiwan, Ye Hong Wei/Nicole Gonzales Chan dengan skor 21-5, 21-18 . Mereka akan bertemu Yang Po-Hsuan/Hu Ling-fang yang juga berasal dari Taiwan di laga berikutnya. (adp/aff)",Sport
41,"Sabar Karyaman Gutama/Moh. Reza Pahlevi Isfahani membidik medali di Kejuaraan Dunia 2026. Namun, mereka sadar tak ada lawan yang gampang di ajang ini. Pernyataan itu disampaikan mereka setelah melewati ujian pertama Kejuaraan Dunia pada Rabu (19/8/2026). Mereka menaklukkan ganda putra Hong Kong Hung Kuei Chun/Lui Chun Wai dalam pertandingan ketat tiga gim 22-20, 14-21, 21-15. Reza bersyukur akhirnya bisa memenangkan pertandingan babak 32 besar, meski di awal gim sempat mencari-cari pola permainan yang pas dengan lawan. ""Tadi dari saya banyak belum dapat touchnya, banyak mati sendiri karena masih agak mencari-cari ritme dan strategi yang pas dengan pola permainan mereka,"" kata Reza dalam keterangannya melalui federasi. ""Ini pertemuan pertama dan mereka langsung selalu menekan kami jadi agak kesusahan,"" lanjutnya. Sabar juga merasakan hal sama. Menurutnya, ia dan Reza masih membutuhkan lebih banyak adaptasi karena baru pertandingan pertama. Tapi ia bersyukur akhirnya berhasil. ""Tekanan bermain di Kejuaraan Dunia kali ini nggak ada ya, tadi mungkin lebih belum adaptasi banyak saja, ini pertandingan pertama juga jadi belum menemukan sentuhan terbaik. Tadi kami terus berusaha dari gim pertama, kedua sampai ketiga. Alhamdulillah membawa hasil yang baik,"" ujar Sabar. Kemenangan ini tentu menjadi bekal positif bagi Sabar/Reza dalam menatap babak berikutnya. Tapi mereka tak mau lengah dan tetap mempersiapkan diri sebaik mungkin. Di 16 besar, mereka akan melawan Lee Jhe-Huei/Yang Po-Hsuan dari Taiwan. ""Harapannya ingin dapat medali tapi kami sadar lawan di sini enggak gampang juga. Besok kami harus lawan Lee/Yang dari Taipei, pernah menang-kalah juga jadi banyak yang perlu disiapkan untuk besok dan seterusnya,"" kata Reza. (mcy/pur)",Sport
42,"Anthony Susanto memperbesar peluangnya meraih gelar di UTR PTT Men's World Tennis Championship 2026. Dia baru saja merebut tiket ke semifinal. Pada pertandingan ketiga Grup A di Bali Beach Country Club, Nusa Dua, Bali, Rabu, Rabu (19/8/2026), Anthony menghadapi petenis Australia Jack Dembo. Anthony sempat kesulitan meladeni permainan Dembo di awal pertandingan. Tapi, dia mampu bangkit dan menyamakan kedudukan 3-3 sebelum berbalik unggul dan menutup set pertama dengan skor 6-3. Memasuki set kedua, permainan Anthony semakin dominan. Reli-reli panjang bikin Dembo kesulitan menjaga stamina hingga akhirnya menyerah 2-6. Kemenangan itu membuat Anthony menjadi satu-satunya petenis di Grup A yang menyapu bersih tiga laga dengan kemenangan. Anthony tinggal menghadapi Aarjun Pandit untuk mengunci status juara Grup A. Kekalahan Pandit dari Gautam S. Venkatraman-lah yang bikin Anthony bisa lolos lebih cepat ke semifinal. Sementara itu, pada pertandingan Grup D, petenis Indonesia Renaldi Aquila Salim juga membuka peluang finis runner-up grup setelah menghentikan perlawanan Ethan David Zapp. Ethan tampil menggantikan Nathan Barki yang mundur akibat cedera pergelangan tangan. Ia tampil solid pada set pertama dan mampu memaksa Renaldi bermain hingga tiebreak sebelum menang 7-6(5). Renaldi kemudian bangkit pada set kedua dengan permainan yang lebih sabar untuk meredam agresivitas lawannya. Ia menang 6-3 dan memaksakan pertandingan berlanjut ke set penentuan. Pada set ketiga, Ethan sempat mendapatkan perawatan medis karena mengalami gangguan pada bagian pinggang. Dia mundur dalam posisi tertinggal 1-5 sehingga Renaldi dinyatakan sebagai pemenang. ""Sempat terkejut dengan permainan Ethan David Zapp yang begitu meningkat drastis dibanding dulunya, sehingga membuat saya takluk di set pertama. Namun dengan upaya keras maupun strategi permainan yang tepat akhirnya saya berhasil keluar dari tekanan lawan dan akhirnya memenangi laga yang krusial ini,"" ujar Renaldi. Di Grup B, petenis Amerika Serikat Alexander Chang melanjutkan tren positif setelah meraih kemenangan ketiganya pada babak penyisihan grup. Menghadapi Arjun Mehrotra, Chang sempat mengalami kesulitan pada awal pertandingan. Namun, mengandalkan servis keras dan permainan voli, ia akhirnya menang dua set langsung 6-4, 6-3. Hasil tersebut membuat Chang untuk sementara memuncaki Grup B dengan tiga kemenangan dan tinggal menyisakan satu pertandingan melawan petenis Jerman Igor Kolaric. (mrp/bay)",Sport
43,"Alwi Farhan menegaskan tidak ada pertandingan yang mudah di Kejuaraan Dunia 2026. Sekalipun melawan pemain non unggulan. Hal itu disampaikan Alwi usai mengalahkan pebulutangkis Finlandia Joakin Oldorff dua gim langsung 21-12, 21-9 pada Rabu (19/8/2026). Kendati di atas kertas, Alwi jauh lebih diunggulkan, tapi dia tetap berhati-hati saat menghadapi Oldorff. Sebelumnya, Alwi yang menempati seeded ke-11 juga menang atas atlet Korea Selatan Yoo Tae Bin, pebulutangkis dengan ranking jauh di bawahnya, 49 dunia, di babak 64. ""Saya tidak menganggap dua pertandingan ini sebagai pemanasan, bagi saya setiap pertandingan adalah ujian dan bagaimana saya meresponnya,"" ujar Alwi dalam keterangannya melalui federasi. ""Tidak ada yang gampang main di Kejuaraan Dunia apalagi semua orang ingin mencapai hasil yang terbaik. Saya pun melakukan yang terbaik lalu saya serahkan hasilnya kepada Tuhan."" Tak hanya itu, juara Indonesia Masters 2026 ini juga memetik pelajaran saat melawan wakil dari Eropa. ""Tadi memang melawan pemain dari Eropa, polanya sedikit berbeda daripada pemain Asia yang seperti biasa. Cukup tricky tapi saya sudah mempersiapkan karena kemarin ada waktu istirahat sehari juga jadi badannya bisa recovery dengan baik,"" katanya. Dengan kemenangan ini, Alwi menjaga asa untuk lanjut ke perempatfinal. Ia masih menunggu lawan antara wakil India atau Sri Lanka di babak 16 besar Kejuaraan Dunia, Kamis (20/8). ""Alhamdulillah bisa mengatasi semuanya dan bersiap maksimal untuk besok yang akan lebih ketat,"" ungkap Alwi. (mcy/pur)",Sport
44,"Putri Kusuma Wardani maju ke babak ketiga Kejuaraan Dunia Bulutangkis 2026. Unggulan keenam turnamen itu mengatasi atlet Republik Ceko Petra Maixnerova. Putri KW menghadapi Petra Maixnerova pada babak kedua di Indra Gandhi Indoor Stadium, Rabu (19/8/2026) malam WIB. Kemenangan telak 21-9 dan 21-12 diraih dalam waktu 30 menit. Gim pertama berjalan ringan untuk Putri, meski tertinggal di poin-poin pembuka. Ia melesat dan meraih 10 poin beruntun untuk unggul 12-4. Tak tersentuh lagi, Putri tanpa kesulitan mengunci gim ini. Ia menutupnya dengan telak 21-9. Putri juga tak melalui kesulitan berarti di gim kedua, meski jaraknya terbangun pelan-pelan. Ia memastikan kemenangan meyakinkan 21-12 dan mengunci jalan ke babak ketiga. Selanjutnya di babak tersebut, pebulutangkis 24 tahun ini akan bertemu pemenang duel antara Line Christophersen vs Liang Ka Wing. Sebagai catatan, Putri adalah satu-satunya wakil Indonesia tersisa di tunggal putri. (raw/mrp)",Sport
45,"Raymond Indra/Nikolaus Joaquin gagal lanjut ke babak ketiga Kejuaraan Dunia Bulutangkis 2026. Mereka kalah dua gim dari ganda Malaysia. Raymond Indra/Nikolaus Joaquin bertemu Junaidi Arif/Yap Roy King pada babak kedua di Indra Gandhi Indoor Stadium, Rabu (19/8/2026) malam WIB. Ganda putra unggulan ke-12 itu kalah 16-21 dan 19-21 dari lawannya yang merupakan nonunggulan. Gim pertama berjalan ketat setidaknya untuk separuh permainan. Raymond/Joaquin sempat unggul 10-8, tapi lawan berbalik unggul 13-10. Duo Indonesia tersebut lantas merepons dengan enam poin beruntun yang membawa mereka memimpin 16-13. Tapi setelah itu mereka malah kehilangan kontrol permainan dan membiarkan Arif/Yap memetik delapan angka berturut-turut untuk mengunci gim 21-16. Pasangan Malaysia membawa momentum ke gim kedua dan langsung membuka skor 4-0. Raymond/Joaquin praktis selalu dalam posisi tertekan dan hanya dua kali sempat menyamakan skor. Setelah kedudukan 12-12, ganda Indonesia tak berhasil menyentuh perolehan poin lawannya lagi. Mereka pun harus merelakan diri kalah 19-21. Ini berarti Indonesia menyisakan dua wakil di nomor ganda putra. Mereka adalah Sabar Karyaman Gutama/Muhammad Reza Pahlevi Isfahani dan Fajar Alfian/Muhammad Shohibul Fikri. (raw/bay)",Sport
46,"Febriana Dwipuji Kusuma/Meilysa Trias Puspita melaju ke babak ketiga Kejuaraan Dunia Bulutangkis 2026. Sementara Marwan Faza/Aisyah Salsabila Putri Pranata disingkirkan unggulan ketiga. Febriana Dwipuji Kusuma/Meilysa Trias Puspita Sari menghadapi Yasemen Bektas/Sinem Yildiz (Turki) pada babak kedua Kejuaraan Dunia Bulutangkis 2026. Duel ini berlangsung di Indhira Gandhi Arena, New Delhi, Rabu (19/8/206). Ana/Trias mengawali gim pertama dengan sangat baik. Unggulan ke-13 ini unggul 3-0. Mereka sempat kehilangan dua poin tapi kemudian tak terbendung. Ana/Trias mengemar tujuh angka secara beruntun untuk unggul 11-2 saat interval gim pertama. Selepas interval, Ana/Trias mendapatkan dua angka. Mereka memimpin 11 angka saat skor 13-2. Bektas/Yildiz berusaha memberikan perlawan. Mereka bisa mendapatkan tiga angka setelahnya. Namun jarak poin yang terlalu jauh bikin ganda putri Turki kesulitan untuk mengejar. Ana/Trias unggul 18-7. Mereka menutup gim pertama dengan 21-12. Bektas/Yildiz memberikan perlawanan sengit di awal gim kedua. Kedudukan sama kuat 4-4. Kejar mengejar angka kemudian terjadi 7-7. Ana/Trias mendapatkan momentum untuk menjauh. Mereka mendulang empat angka untuk memimpin 11-7 saat interval. Ana/Trias bisa memperlebar jarak angka. Mereka memimpin 17-12. Ana/Trias memenangi laga usai menutup gim kedua dengan 21-14. Ana/Trias melaju ke babak ketiga. Mereka bakal bersua unggulan kelima asal Malaysia Pearly Tan/Thiaah Muralitharan. Wakil Indonesia lainnya, Marwan Faza/Aisyah Salsabila Putri Pranata punya nasib tak sebaik Ana/Trias. Faza/Aisyah tersingkir di babak kedua. Ganda campuran Indonesia ini dikalahkan unggulan ketiga asal Denmark Mathias Christiansen/Alexandra Bøje. Faza/Aisyah kalah usai melalui rubber game 21-19, 9-21, 10-21. (pur/pur)",Sport
47,"Fajar Alfian/Muhammad Shohibul Fikri tak ingin terbebani ekspektasi tinggi di Kejuaraan Dunia Bulutangkis 2026. Meski datang dengan modal dua gelar Super 1000 beruntun, mereka memilih fokus menjalani pertandingan satu demi satu. Fajar/Fikri melaju ke babak 16 besar setelah mengalahkan pasangan Prancis Eloi Adam/Leo Rossi di New Delhi, India, Rabu (19/8/2026). Pasangan peringkat dua dunia itu menang dua gim langsung dengan skor 21-14, 21-13. Fajar mengungkapkan dirinya dan Fikri sudah mempelajari karakter permainan lawan. Salah satunya berdasarkan pertemuan Adam/Rossi dengan Sabar Karyaman Gutama/Moh. Reza Pahlevi Isfahani di Thomas Cup. ""Kalau dari segi teknik mungkin sedikitnya kami sudah memahami karakter lawan. Mereka bertemu Sabar/Reza di Thomas Cup dan kami terus mempelajari itu,"" kata Fajar dalam keterangannya melalui federasi. ""Mereka juga pernah berlatih di Pelatnas selama dua minggu beberapa waktu lalu, jadi setidaknya kami sudah mengetahui gerakan, penempatan bola mereka dan kebiasaan lainnya. Kami selalu mewaspadai pada itu semua."" Fajar menilai Adam/Rossi merupakan pasangan yang agresif. Karena itu, ia dan Fikri berusaha meredam permainan lawan sejak awal. ""Mereka juga pasangan yang sangat agresif di lapangan dan kami terus meredam pola permainan mereka. Secara keseluruhan dari pertandingan pertama kami tidak menemukan masalah apa-apa yang mungkin cuma arah angin dan lain-lain,"" lanjutnya. Kemenangan tersebut menjadi awal positif bagi Fajar/Fikri di Kejuaraan Dunia. Namun, mereka tidak ingin hasil tersebut maupun dua gelar sebelumnya justru menambah tekanan. Fajar/Fikri datang ke New Delhi dengan kepercayaan diri tinggi setelah menjuarai Japan Open dan China Open secara beruntun. Meski demikian, Fajar ingin menjadikan pencapaian tersebut sebagai modal, bukan beban. ""Semoga ekspektasi setelah menjuarai Jepang dan China Open itu tidak terlalu membebani buat kami. Kami mau memmbuatnya untuk tambahan semangat, tambahan percaya diri,"" kata Fajar. Fikri juga memilih pendekatan yang sama. Ini merupakan Kejuaraan Dunia pertama yang dijalaninya bersama Fajar, sehingga mereka ingin menikmati setiap pertandingan tanpa memasang beban berlebihan. ""Pertama kali main di Kejuaraan Dunia sebagai pasangan, tidak ada yang diobrolkan secara lebih spesifik, hanya memang dari kemarin saat latihan, terutama saya mencoba lebih fokus. Karena ini adalah major event, semua apapun bisa terjadi. Kami mau menikmati setiap momennya,"" kata Fikri. Dengan tiket babak 16 besar sudah diamankan, Fajar/Fikri kini tinggal menjaga fokus. Dua gelar Super 1000 menjadi modal, tetapi Kejuaraan Dunia menuntut mereka kembali memulai dari nol di setiap pertandingan.",Sport
48,"Alwi Farhan melaju mulus ke babak 16 besar Kejuaraan Dunia Bulutangkis 2026. Alwi menang telak atas wakil Finlandia Joakim Oldorff. Alwi menghadapi Oldorff di babak 32 besar Kejuaraan Dunia 2026. Dalam pertandingan di Indira Gandhi Indoor Indoor Stadium, New Delhi, India, Rabu (19/8/2026) sore WIB, Alwi menang 21-12, 21-9. Unggul sejak awal, Alwi memasuki interval gim pertama dengan keunggulan 11-5 atas lawannya itu. Ia sempat melebarkan jarak menjadi 18-10 sebelum mengamankan gim pertama 21-12. Alwi langsung tancap gas pada awal gim kedua dengan merebut 10 poin pertama. Alwi terus menguasai permainan dan melebarkan keunggulannya menjadi 18-6. Alwi pada akhirnya mengunci kemenangan 21-9 pada gim kedua. Ia menyudahi perlawanan Oldorff setelah bertanding selama 31 menit. Lolos ke babak 16 besar Kejuaraan Dunia 2026, Alwi berikutnya akan menghadapi pemenang dari pertandingan antara Ayush Shetty (India) dan Dumindu Abeywickrama (Sri Lanka). (nds/aff)",Sport
49,"Sabar Karyaman Gutama/Moh Reza Pahlevi Isfahani lolos ke 16 besar Kejuaraan Dunia 2026. Rachel Allessya Rose/Febi Setianingrum juga meraih kemenangan. Sabar/Reza menghadapi Hung Kuei Chun/Lui Chun Wai di babak 32 besar. Bertanding di Indira Gandhi Arena, New Delhi, India, Kamis (19/8/2026) sore WIB, Sabar/Reza harus bermain tiga gim sebelum akhirnya menang 22-20, 14-21, 21-15. Sabar/Reza sempat kesulitan pada gim pertama. Namun, setelah selalu dalam posisi tertinggal, Sabar/Reza mampu menikung di poin-poin akhir untuk merebut gim pertama 22-20. Pada gim kedua, Sabar/Reza sempat berada di atas angin saat unggul 11-8. Namun, Hung/Lui merebut sembilan poin beruntun untuk membalikkan keadaan. Sabar/Reza pada akhirnya kehilangan gim kedua. Sabar/Reza merespons dengan bangkit pada gim ketiga. Memimpin sejak awal, Sabar/Reza akhirnya mengamankan kemenangan 21-15 usai bertanding selama 54 menit. Lolos ke babak 16 besar, Sabar/Reza akan menghadapi pasangan Chinese Taipei, Lee Jhe-Huei/Yang Po-Hsuan. Sementara itu dari nomor ganda putri, Rachel Allessya Rose/Febi Setianingrum memenangi 'perang saudara' untuk lolos ke babak 16 besar Kejuaraan Dunia 2026. Rachel/Febi mengalahkan Isyana Syahira Meida/Rinjani Kwinnara Nastine 21-11, 21-10. Di babak 16 besar, Rachel/Febi sudah ditunggu ujian berat dari unggulan kedua asal Jepang, Yuki Fukushima/Mayu Matsumoto. Fukushima/Matsumoto lolos usai menang atas wakil Malaysia, Ong Xin Yee/Carmen Ting, 21-15, 21-15. Sementara itu di tunggal putri, Thalita Ramadhani Wiryawan belum mampu membendung An Se Young. Thalita kalah 15-21, 11-21 dari pebulutangkis nomor satu dunia itu. (nds/krs)",Sport
50,"Langkah pasangan muda Bimo Prasetyo/Arlya Nabila Thesya Munggaran terhenti di babak 32 besar Kejuaraan Dunia 2026. Mereka angkat koper dengan membawa banyak pekerjaan rumah. Tampil sebagai debutan, Bimo/Arlya harus mengakui keunggulan lawan dari Jepang Yuichi Shimogami/Sayaka Hobara. Mereka kalah dari unggulan ke-13 dalam pertandingan dua gim 13-21, 16-21, pada Rabu (19/8/2026). Bimo mengatakan kekalahan ini terjadi karena masalah fokus. Pasangan Indonesia itu beberapa kali kehilangan momentum saat unggul. ""Dari gim pertama sampai kedua, kami fokus pikirannya selalu goyah, naik turun. Selalu dari sudah unggul atau poin yang mepet-pepet, fokusnya hilang,"" ujar Bimo dalam keterangannya melalui federasi. Secara pola permainan, Bimo merasa mereka mampu mengimbangi lawan. Namun inkonsistensi mental membuat poin-poin penting lepas. ""Dari cara bermain, pola permainan kami merasa kami bisa mengimbangi tapi kami masih perlu konsisten di pikiran dan mentalnya,"" ujarnya. Hal senada dikatakan Arlya. Dia mengakui banyak hal yang harus dievaluasi dari laga ini. Selain fokus, ia juga menyoroti kebutuhan menambah power. ""Banyak pelajaran yang bisa kami ambil hari ini. Dari cara mainnya, fokusnya, bagaimana mengatasi poin-poin kritis, bagaimana cara mempertahankan keunggulan. Kami juga harus menambah kekuatan tangan,"" kata Arlya. Indonesia di sektor ganda campuran baru memastikan satu wakilnya lolos 16 besar melalui Amri Syahnawi/Nita Violina Marwah. Peluang untuk menambah satu wakil lagi masih terbuka. Marwan Faza/Aisyah Salsabila Putri Pranata akan bertanding melawan Mathias Christiansen/Alexandra Boje dari Denmark. (mcy/aff)",Sport
51,"Jonatan Christie sempat berada dalam tekanan saat menghadapi Jia Heng Jason Teh di Kejuaraan Dunia Bulutangkis 2026. Sempat tegang dan kehilangan gim pertama, Jonatan akhirnya mampu bangkit dan melaju ke babak 16 besar. Jonatan menghadapi wakil Singapura itu pada babak 32 besar di New Delhi, India, Rabu (19/8/2026). Jojo harus melewati pertandingan tiga gim sebelum menang 19-21, 21-19, 21-11. Hasil tersebut melanjutkan dominasi Jonatan atas Jason Teh. Sebelumnya, keduanya sudah beberapa kali bertemu dan Jonatan selalu mampu meraih kemenangan. Namun, pertandingan kali ini tidak berjalan mudah. Jonatan mengaku terlalu tegang sejak awal sehingga strategi yang sudah disiapkan tidak bisa langsung dijalankan. Jonatan kemudian mencoba keluar dari tekanan. Ia mulai bermain lebih berani dan mengurangi keraguan dalam mengambil keputusan. ""Tadi mainnya masih terlalu tegang, agak panik dan tidak percaya buat penggunaan strategi, pola yang sudah disiapkan jadi serba ragu sampai pertengahan gim pertama,"" ujar Jonatan dalam keterangannya melalui federasi. ""Setelah itu coba keluar dari tekanan, lebih berani lagi dan lebih tidak terlalu banyak pertimbangan mainnya. Cukup berhasil dan mengejar tapi sayang di poin akhir ada kurang tepat penggunaan pukulan."" Upaya tersebut belum cukup untuk menyelamatkan gim pertama. Jonatan harus kehilangan gim pembuka dengan skor 19-21. Jonatan Nyaris Tersusul di Gim Kedua Memasuki gim kedua, Jonatan mulai menemukan permainan terbaiknya. Ia bahkan mampu unggul jauh hingga 20-14 dan hanya membutuhkan satu poin untuk memaksakan gim penentuan. Namun, Jason Teh tidak menyerah. Wakil Singapura itu mengubah pola permainan dan mampu merebut lima poin beruntun hingga memperkecil ketertinggalan menjadi 19-20. Situasi tersebut sempat membuat Jonatan kembali panik. Beruntung, ia akhirnya mendapatkan poin yang dibutuhkan untuk menutup gim kedua 21-19. ""Di gim kedua, sudah unggul 14-20 dan saya merasa lawan akan melepas dan bersiap fokus ke gim ketiga. Tapi ternyata dia masih berusaha dengan mengganti pola permainan yang mungkin itu yang dia mau mainkan di gim ketiga,"" tuturnya. ""Itu membuat dia dapat banyak poin dan saya lumayan panik, beruntung bisa menyelesaikan. Di gim ketiga sudah lebih terbaca permainannya,"" ujar Jonatan. Pada gim ketiga, Jonatan tampil lebih tenang. Permainan Jason Teh sudah lebih terbaca sehingga Jonatan mampu mengontrol pertandingan hingga akhirnya menang 21-11. Jonatan Tak Mau Berhenti Belajar Kemenangan tersebut menjadi pelajaran penting bagi Jonatan, terutama soal mengelola tekanan dalam pertandingan. Juara All England 2024 itu menyadari setiap pertandingan bisa menghadirkan situasi berbeda. Karena itu, ia tidak ingin terlalu terpaku pada apa yang sudah dipelajari dari laga sebelumnya. ""Tidak hanya di Kejuaraan Dunia tapi di setiap turnamen, setiap pertandingan selalu dijadikan pelajaran karena pasti ada yang didapat,"" kata Jonatan. ""Agak susahnya hal ini bukan mutlak matematika jadi ketika yang dipelajari kemarin, bisa berbeda di hari ini atau next pertandingannya. Banyak situasi yang membuat beda, mungkin dari kondisinya, mood feelnya atau segala macam. Ini yang masih saya nikmati prosesnya setiap hari,"" dia mempertegas. Jonatan kini melangkah ke babak 16 besar Kejuaraan Dunia 2026. Setelah melewati laga yang sempat membuatnya tegang, Jojo tentu berharap bisa tampil lebih tenang pada pertandingan berikutnya.",Sport
52,"Fajar Alfian/Muhammad Shohibul Fikri lolos ke babak 16 besar Kejuaraan Dunia Bulutangkis 2026. Fajar/Fikri menang dua gim langsung atas wakil Prancis. Fajar/Fikri menghadapi Eloi Adam/Leo Rossi di babak 32 besar yang digelar di Indira Gandhi Arena, New Delhi, India, Rabu (19/8/2026) siang WIB. Mereka menang 21-14, 21-13 untuk memastikan satu tempat di babak 16 besar. Fajar/Fikri mampu mengatasi permainan Adam/Rossi meski sempat ditempet ketat di awal gim pertama. Usai unggul 11-7 saat interval, Fajar/Fikri terus melebarkan jarak dan mengamankan gim pertama 21-14. Pada awal gim kedua, Fajar/Fikri sempat mendapat perlawanan ketat dari Adam/Rossi. Namun, Fajar/Fikri kemudian mendapat momentum dengan merebut tujuh poin beruntun untuk unggul 13-5 atas lawannya itu. Sejak saat itu, Fajar/Fikri terus mempertahankan keunggulannya. Mereka akhirnya mengunci kemenangan 21-13 usai bertanding selama 32 menit. Lolos ke babak 16 besar Kejuaraan Dunia 2026, Fajar/Fikri akan menghadapi pemenang dari pertandingan antara Hariharan Amsakarunan/M. R. Arjun (India) dan Kang Min Hyuk/Ki Dong Ju (Korea Selatan). Sementara itu dari ganda campuran, Rehan Naufal Kusharjanto/Gloria Emanuelle Widjaja terhenti di babak 32 besar. Rehan Gloria kalah dari juara All England 2026, Ye Hong Wei/Nicole Gonzales Chan, lewat rubber game dengan skor 21-9, 18-21, 19-21. (nds/krs)",Sport
53,"Jonatan Christie lolos ke babak 16 besar Kejuaraan Dunia Bulutangkis 2026. Sempat kehilangan gim pertama, Jonatan lantas bangkit untuk mengalahkan wakil Singapura, Jia Heng Jason Teh. Jonatan memainkan laga babak 32 besar di Indira Gandhi Arena, New Delhi, India, Rabu (19/8/2026) siang WIB. Kalah ketat pada gim pertama, Jonatan kemudian membalikkan keadaan untuk menang 19-21, 21-19, 21-11 usai bertarung selama satu jam. Jonatan lebih banyak berada dalam posisi tertinggal pada gim pertama. Ia bahkan sempat tertinggal lima poin di kedudukan 11-16. Meski bisa mengejar dan menyamakan kedudukan menjadi 19-19, Jonatan harus mengakui keunggulan Teh di gim pertama. Usai kehilangan gim pertama, Jonatan langsung ngebut di gim kedua. Ia unggul 8-1 dan terus memimin perolehan angka. Namun, saat sudah mencapai game point di kedudukan 20-14, Jonatan justru kehilangan lima poin secara beruntun. Beruntung ia mampu merebut poin terakhir untuk memaksakan rubber game. Pada gim penentuan, Jonatan mampu memegang kendali permainan. Unggul sejak awal, Jonatan mampu mengunci kemenangan dengan skor 21-11. Lolos ke babak 16 besar Kejuaraan Dunia 2026, Jonatan akan menghadapi pemenang dari pertandingan antara Rasmus Gemke (Denmark) dan Lin Chun-Yi (Chinese Taipei). Dari nomor ganda campuran, Amri Syahnawi/Nita Violina Marwah memetik kemenangan atas wakil Turki, Emre Sonmez/Yasemen Bektas. Amri/Nita menang 21-14, 21-10 untuk lolos ke babak 16 besar. Amri/Nita selanjutnya akan menghadapi pemenang dari pertandingan antara Rehan Naufal Kusharjanto/Gloria Emanuelle Widjaja dan Ye Hong Wei/Nicole Gonzales Chan (Chinese Taipei). Sementara itu, Bimo Prasetyo/Arlya Nabila Thesya Munggaran tersingkir di babak 32 besar. Mereka dikalahkan wakil Jepang Yuichi Shimogami/Sayaka Hobara dengan skor 13-21, 16-21. (nds/aff)",Sport
54,"Amri Syahnawi/Nita Violina Marwah mulus ke 16 besar Kejuaraan Dunia Bulutangkis 2026. Kemenangan ini membuat keduanya kian percaya diri membidik medali pada laga debut mayor event. Amri/Nita baru saja menyelesaikan pertandingan babak 32 besar pada Selasa (19/8/2026). Mereka menundukkan Emre Sonmez/Yasemen Bektas dua gim langsung 21-14, 21-10. Nita mengungkapkan kunci kemenangannya mengalahkan pasangan Turki. Salah satunya penerapan strategi yang tepat. ""Tadi sudah in dari awal mainnya, kami coba taktis karena mereka pasangan yang cukup bagus. Defense-nya kuat jadi kami perlu beberapa kali serangan untuk dapat poin,"" ujar Nita dalam keterangannya melalui federasi seusai bertanding. Ia juga jeli melihat kondisi lapangan dan memanfaatkan faktor angin. ""Di gim pertama kondisinya kalah angin jadi tadi coba tahan dulu polanya sehingga mereka kebingungan sendiri. Di gim kedua kondisi sudah lebih enak karena kami menang angin,"" ujarnya. Bagi Amri/Nita yant baru pertama kali main di Kejuaraan Dunia, lolos ke 16 besar merupakan langkah positif menatap laga berikutnya. Mereka bahkan percaya diri membidik medali. ""Ada sekitar 3 hari sebelum match pertama tadi, cukup bagi kami untuk menyiapkan semuanya. Dari recovery, penyesuaian hingga pengembalian fokusnya,"" kata Amri. ""Ini Kejuaraan Dunia pertama kami, tidak semua orang bisa dapat jadi kami bertekad untuk memaksimalkan. Mudah-mudahan hasilnya maksimal, mudah-mudahan bisa bawa medali. Itu target kami,"" dia mengharapkan. (mcy/aff)",Sport
55,"Wakil Indonesia masih tampil meyakinkan di UTR PTT Men's World Tennis Championship 2026. Dia adalah Anthony Susanto. Pada pertandingan kedua fase grup di Bali Beach Country Club, Nusa Dua, Selasa (18/8/20260, Anthony yang berada di lapangan F menghadapi Kareem Hakim. Dia tampil dominan di set pertama dan cuma kehilangan satu gim sebelum menang 6-1. Di set kedua, Anthony kehilangan fokus dan sering melakukan kesalahan sehingga Kareem balik menekan untuk bikin skor 6-6. Babak tie break harus dimainkan dan itu tidak disia-siakan Anthony yang menyudahi perlawanan Kareem dengan skor 7-6 tie break 2. ""Ini kerja keras yang membuahkan kemenangan, hasil yang patut disyukuri, meskipun ada hal-hal yang perlu dievaluasi terutama dalam hal konsistensi permainan,"" ujar Anthony dalam rilis kepada detikSport. ""Dengan berbagai perbaikan maupun persiapan yang matang, saya bakal lebih siap tampil lebih bagus di seri-seri berikutnya,"" sambungnya. Anthony sementara memuncaki klasemen grup A dengan dua kemenangan. Dia akan menghadapi Arjune Pandit dan Jake Dempo untuk menentukan juara pool. Indonesia harus kehilangan Nathan Barki yang mengalami cedera pergelangan tangan, sehingga harus mundur dari laga kontra Maximus Zavier Wong asal Singapura. Dengan mundurnya Nathan di Grup D, Azuma Visaya dari Amerika Serikat yang engalahkan petenis Indonesia Renaldi Aquila Salim kemarin, mengukuhkan diri di puncak klasemen. Dia hari kedua, Azuma menang 6-3 6-3 atas Thomas Patton dari Australia. Sementara itu pada pertandingan lainnya di grup B, wakil Amerika Serikat Alexander Chang memuncaki sementara klasemen berkat dua kemenangan, atas Abhishek Batola dan Igor Kolaric dengan skor 6-1,6-2 hari ini. (mrp/adp)",Sport
56,"Bimo Prasetyo/Arlya Nabila Thesya Munggaran mengawali debut manis di Kejuaraan Dunia Bulutangkis 2026. Mereka bertekad untuk melangkah lebih jauh. Sukses mengalahkan Julien Maio/Lea Palermo dari Prancis, Bimo/Arlya melaju ke babak 32 besar Kejuaraan Dunia 2026. Mereka menang setelah bersaing ketat di babak 64 besar yang bergulir Selasa (18/8/2026) di New Delhi. Duel mereka akhiri dengan skor 21-12, 13-21, 22-20 atas pasangan peringkat 32 dunia tersebut dalam tempo waktu 65 menit. ""Alhamdulillah masih diberikan kemenangan hari ini, tadi sudah tertinggal 16-20 di gim penentuan, tapi kami coba main nothing to lose saja, yakin dengan apa yang kami punya, tidak usah memikirkan menang atau kalah,"" ujar Arlya dalam keterangan PBSI. Bagi keduanya, tampil di Kejuaraan Dunia merupakan kali pertama. Atmosfer berbeda itu pun sempat membuat mereka gugup. ""Ini pertandingan pertama kami di Kejuaraan Dunia, pasti tegang tapi sangat excited. Itu jadi sedikit berpengaruh ke lapangan tadi. Kami harus bisa lebih mengontrol emosi dan menjaga konsistensi di match selanjutnya,"" ujar Arlya. Bimo juga merasakan hal yang sama. Setelah menang mudah di gim pertama, permainan mereka justru menurun di gim kedua dan ketiga. ""Setelah kami menang di gim pertama, lawan mainnya lebih jalan, lebih hidup, kami jadi yang kebingungan di gim kedua dan ketiga sampai poin 16-20 itu,"" dia mengungkapkan. ""Akhirnya kami berpikir untuk fokus satu poin ini tidak boleh mati sendiri, akhirnya pelan-pelan bisa mengejar."" Bimo senang bisa merasakan bermain di Kejuaraan Dunia dan menang. Ia pun bertekad untuk memberikan yang terbaik karena kesempatan ini sulit datang dua kali bagi atlet pratama tersebut. ""Kami tidak tahu apakah akan punya kesempatan seperti ini lagi, jadi kami mau maksimalkan sekarang,"" kata Bimo. (mcy/adp)",Sport
57,"Daniel Marthin langsung memasang target tinggi setelah kembali meraih gelar juara bersama Leo Rolly Carnando. Usai menjuarai Taipei Open 2026, Daniel membidik trofi di level yang lebih tinggi, China Masters 2026. Daniel/Leo dijadwalkan tampil di turnamen BWF World Tour Super 750 tersebut. China Masters 2026 akan digelar di Shenzhen Arena, Shenzhen, pada 1-6 September. Turnamen ini menjadi kesempatan penting bagi Daniel/Leo karena merupakan ajang dengan level tertinggi yang mereka ikuti sejak kembali berpasangan setelah Indonesia Open 2026. ""Target pribadi semifinal dulu, tapi kami berusaha juara,"" kata Daniel saat ditemui di Pelatnas PBSI, Cipayung, Jakarta Timur. Daniel sendiri tidak tampil di Kejuaraan Dunia 2026. Poin ranking yang mereka miliki belum cukup untuk mengantarkan pasangan tersebut ke ajang yang berlangsung di New Delhi, India. Daniel/Leo kemudian fokus memburu hasil di turnamen lain. Mereka mengawali comeback dengan menjadi juara Thailand Open 2026 pada Mei. Setelah itu, performa mereka sempat menurun. Daniel/Leo tersingkir di babak-babak awal dalam empat turnamen berikutnya sebelum kembali menemukan momentum di Taipei Open. Gelar tersebut menjadi suntikan motivasi bagi Daniel untuk kembali mengejar pasangan-pasangan ganda putra Indonesia lainnya yang lebih dulu konsisten di level atas. Di Pelatnas PBSI, Daniel/Leo kini harus mengejar pasangan seperti Fajar Alfian/Muhammad Shohibul Fikri dan Raymond Indra/Nikolaus Joaquin yang belakangan menunjukkan performa positif. ""Tentu jadi motivasi kami karena ingin mengejar ketertinggalan dengan pasangan lain. Kami ada target pribadi sih, jadi kami ingin setiap pertandingan ada target,"" ujar juara Thailand Open 2026 ini. Daniel/Leo juga menjadikan hasil buruk di sejumlah turnamen sebelumnya sebagai bahan evaluasi. ""Kami juga belajar dari kekalahan di Indonesia dan Macau Open, serta berkomunikasi bagaimana melawan musuh beda-beda."" Menurut Daniel, masih ada sejumlah aspek yang perlu dibenahi sebelum mereka benar-benar bisa bersaing konsisten di level atas. Mereka masih harus meningkatkan permainan dan komunikasi di lapangan, sekaligus menjaga pola permainan agar tetap efektif saat menghadapi pasangan-pasangan papan atas. China Masters 2026 pun menjadi ujian berikutnya. Daniel sudah menetapkan semifinal sebagai target awal, tetapi ambisinya jelas: membawa pulang gelar Super 750 bersama Leo.",Sport
58,"Rehan/Gloria tampil di New Delhi, India, Selasa (18/8/2026). Mereka mengalahkan wakil Malaysia, Wong Tien Ci/Lim Chiew Sien, dengan skor 21-16, 21-3 pada babak 64 besar. Pertandingan tersebut hanya berlangsung sekitar setengah jam. Kemenangan ini terasa spesial karena Rehan/Gloria sebelumnya nyaris tidak masuk dalam daftar peserta Kejuaraan Dunia 2026. Pasangan non-Pelatnas itu baru mendapat kepastian tampil pada Jumat (14/8) pagi. Mereka pun harus mempersiapkan diri dalam waktu singkat sebelum berangkat ke India. Rehan bahkan mengaku tidak sempat melakukan uji coba lapangan lebih dulu. ""Kami tidak tempat tes arena pertandingan karena baru sampai hari Senin dini hari dan tadi memang di gim pertama masih meraba-raba kondisi lapangan,"" kata Rehan dalam keterangan tertulis melalui federasi. Catatan: kutipan langsung di atas saya pertahankan persis sesuai materi Anda, meski frasa ""tidak tempat tes"" tampaknya merupakan typo/transkripsi dari sumber. Seharusnya kemungkinan ""tidak sempat tes arena pertandingan"", tetapi karena Anda menetapkan kutipan tidak boleh diubah, bagian tersebut tidak saya koreksi di dalam kutipan. Sempat Tak Berharap Tampil Rehan menyebut kesempatan tampil di Kejuaraan Dunia kali ini sebagai rezeki yang tidak terduga. Mereka bahkan sudah sempat tidak berharap bisa tampil. Rehan/Gloria kemudian kembali fokus menjalani latihan sembari menunggu kepastian. ""Main di Kejuaraan Dunia memang tidak bisa diduga, kalau rezekinya masuk pasti masuk. Kami menjadi bukti ketika sudah dibilang berat tapi last minutes bisa main,"" ujarnya. ""Kami sebenarnya sudah tidak berharap tapi bukan berarti tidak mau main jadi kami balik fokus latihan intens dan ketika dapat kepastian hari Jumat pagi, kami langsung mempersiapkan semua. Agak terburu-buru memang tapi kami siap."" Gloria pun menggambarkan perjalanan mereka menuju Kejuaraan Dunia 2026 seperti naik-turun. ""Seperti roller coaster ketika kami pertama dapat kabar bisa main tapi ternyata berat dan akhirnya di terakhir beneran bisa main. Jadi kami akan ambil hikmah baiknya dan semoga semua berjalan lancar,"" Gloria mengharapkan. Kesempatan yang nyaris terlepas itu akhirnya dibayar dengan kemenangan telak atas pasangan Malaysia. Rehan/Gloria bahkan mampu mengunci gim kedua dengan skor 21-3. Dengan kemenangan tersebut, Rehan/Gloria melaju ke babak 32 besar Kejuaraan Dunia 2026. Di babak berikutnya, mereka akan menghadapi pasangan Taiwan, Ye Hong Wei/Nicole Gonzalez Chan, yang berstatus unggulan kesembilan. Menariknya, Ye/Nicole bukan pasangan yang asing bagi pemain Indonesia. Keduanya juga tercatat sebagai salah satu pasangan kuat di sektor ganda campuran dan pernah menjadi lawan wakil Merah Putih di sejumlah turnamen. Kejuaraan Dunia 2026 berlangsung di New Delhi, India, 17-23 Agustus. Rehan/Gloria menjadi salah satu wakil non-Pelatnas Indonesia yang mendapat kesempatan tampil di ajang tersebut. (mcy/krs)",Sport
59,"Jonatan Christie mengawali langkah di Kejuaraan Dunia Bulutangkis 2026 dengan mulus. Walau sempat butuh adaptasi, tapi secara keseluruhan sudah sesuai dengan harapannya. Jojo, sapaan karibnya, baru saja mengalahkan Matthias Kicklitz di babak 64 besar, di New Delhi, India, pada Selasa (18/8/2026). Dia memenangkan laga dua gim atas wakil Jerman dengan skor 21-15, 21-14, sekaligus membawanya ke babak 32 besar. ""Puji Tuhan, bersyukur bisa lolos dan bermain baik hari ini,"" kata Jonatan seusai laga dalam keterangannya melalui federasi. Dalam pertandingan tersebut, juara All England 2026 ini mengaku sempat butuh waktu beradaptasi di pertandingan pertama. Terutama shuttlecock, lapangan, dan arah angin. ""Overall sesuai dengan tujuan, pengen cari ritmenya, pengen lebih banyak tahu untuk kondisi stadion itu seperti apa,"" ujarnya. Dibandingkan saat dirinya tampil di India Open, Januari lalu, venue Kejuaraan Dunia kali ini cukup berbeda. ""Di Kejuaraan Dunia ini lebih clear dalam pandangannya karena waktu India Open kan agak sedikit berkabut entah karena dingin atau hal lain. Lalu bukan hanya di dalam lapangan tapi di luar lapangan pun terasa sangat berbeda, saya rasa India sangat improve, mereka sangat mempersiapkan ini dengan baik,"" Jonatan mengungkapkan. Pebulutangkis peringkat ketiga dunia ini juga menyoroti ketatnya persaingan tunggal putra saat ini. Menurutnya, tidak ada lagi kejutan besar karena pemain muda sekarang memang sudah layak bersaing di level atas. ""Saya rasa bukan di turnamen ini saja, sekarang tunggal putra sudah semakin rata dalam arti pemain muda sekarang juga bagus-bagus. Banyak yang bukan buat kejutan lagi tapi memang sudah layak mereka untuk berada di top level. Tidak terlalu kaget,"" tutur Jonatan. ""Sekarang untuk saya bagaimana persiapan di hari H-nya itu, eksekusi di dalam lapangan, kondisi perubahannya, adjust-nya, mainnya tuh di situ sih. Karena kalau kita bicara di atas kertas, ya cuma di atas kertas saja. Tapi di dalam lapangan 50-50 semuanya,"" juara Asia 2024 ini mempertegas. (mcy/aff)",Sport
60,"Thalita Ramadhani Wiryawan ke 32 besar Kejuaraan Dunia Bulutangkis 2026 untuk bertemu An Se-young. Ia ke 32 besar usai kalahkan Ines Lucia Castillo Salazar 22-20, 21-7. Thalita Ramadhani Wiryawan menghadapi Ines Lucia Castillo Salazar (Peru) pada babak pertama Kejuaran Dunia 2026. Duel ini berlangsung di Indira Gandhi Arena, New Delhi, India, Senin (17/8/2026). Thalita mengawali gim pertama dengan baik. Ia mampu unggul 5-2. Salazar kemudian mampu mengejar. Ia bikin kedudukan sama kuat 6-6. Saling berbalas angka kemudian terjadi hingga 8-8. Salazar bisa menjauh dua angka. Namun, Thalita mendulang tiga angka untuk unggul 11-10 saat interval gim pertama. Selepas interval, Thalita bisa menjaga jarak angka saat skor 15-13. Salazar bisa mengejar hingga kedudukan 16-16. Thalita merespon kondisi ini dengan baik. Ia mendapatkan game point saat skor 20-17. Tinggal butuh satu angka untuk menutup gim pertama, Thalita justru kehilangan tiga angka. Salazar memaksakan deuce usai kedudukan 20-20. Thalita tak lagi mengulangi kesalahan hingga bisa memenangi gim pertama 22-20. Thalita unggul 3-1 di awal gim kedua. Ia lalu tak terbendung dengan mendulang enam poin beruntun untuk unggul 9-1. Thalita nyaman memimpin saat interval gim kedua 11-2. Tertinggal jauh bikin Salazar sulit bangkit. Ia juga tak banyak memberikan perlawanan selepas interval. Thalita tak kesulitan mengamankan gim kedua dengan 21-7. Thalita melaju ke babak kedua atau 32 besar. Ia sudah ditunggu lawan berat di 32 besar yaitu unggulan utama yang juga pemilik ranking satu dunia An Se-young (Korea Selatan). (pur/raw)",Sport
61,"Men's World Tennis Championship 2026 kembali bergulir setelah dua pekan rehat. Kali ini mempertandingkan seri Universal Tennis Rating Pro Tennis Tour (UTR PTT). UTR PTT merupakan rangkaian dari Amman Men's World Championship 2026 yang dimulai, Senin (17/8) di lapangan tenis Bali Beach Country Club, Nusa Dua, Bali. Dua petenis tuan rumah Anthony Susanto dan Nathan Barki langsung tancap gas di hari pertama. Anthony Susanto mengalahkan Gautam S. Venkatraman, sedangkan Nathan Barki menundukkan Thomas Patton, semuanya straight set. Event yang diikuti 20 pemain dari sembilan negara ini menggunakan format round robin. Nathan yang gabung di Grup D sukses menundukkan petenis Australia Thomas Patton 6-4 dan 7-5 dalam tempo 1 jam 25 menit. Nathan mengaku senang atas hasil kemenangan yang diraihnya hari ini setelah sempat vakum cukup lama akibat cedera pergelangan tangan. ""Saya berharap permainan bisa lebih baik mengingat lawan-lawan yang bakal di hadapi ke depannya diprediksi juga lebih bagus,"" ujar Nathan dalam rilis kepada detiksport. Dari Grup A, Anthony Susanto tampil begitu meyakinkan saat bertemu wakil dari India Gautam S. Venkatraman. Meski sempat bermain cukup alot di set pertama, namun pola permainan rali-rali panjang yang diterapkan oleh petenis tuan rumah berusia 29 membuatnya menang 6-3 dan 6-2 dalam waktu 1 jam 18 menit. Sayangnya langkah kedua petenis Indonesia tersebut gagal di ikuti Renaldi Aquila Salim yang tergabung di Grup D. Dia harus mengakui ketangguhan Azuma Visaya dari Amerika Serikat dengan 1-6 dan 5-7. Nathan sementara memuncaki klasemen Grup D diikuti Azuma Visaya dengan sama-sama mengoleksi satu kemenangan. Di Grup A, Susanto dan Aarjun Pandit di dua posisi teratas. (mrp/raw)",Sport
62,"Isyana Syahira Meida/Rinjani Kwinnara Nastine berhasil mengalahkan Julie Macpherson/Ciara Torrance di Kejuaraan Dunia 2026. Ganda putri Indonesia itu pun melaju ke 32 besar. Isyana/Rinjani vs Julie/Ciara berlangsung di Indira Gandhi Arena, New Delhi, India, Senin (17/8/2026) malam WIB. Isyana/Rinjani menng dua gim langsung, 21-12 dan 21-18. Isyana/Rinjani tampil dominan di gim pertama dengan keunggulan 11-6 hingga interval. Jarak yang jauh itu membuta permainan lebih mudah untuk Isyana/Rinjani dan menutup gim pertama dengan kemenangan 21-12. Gim kedua berjalan lebih ketat. Kedua pasangan sempat saling bergantian memimpin, sebelum akhirnya Isyana/Rinjani memimpin 11-7 di interval. Isyana/Rinjani sedikit kehilangan kontrol selepas jeda. Pasangan Julie/Ciara, yang berasal dari Skotlandia, berhasil menyamakan skor menjadi 16-16. Isyana/Rinjani berhasil menjaga posisinya agar tak disusul oleh lawan. Alhasil, Isyana/Rinjani menang di gim kedua dengan skor 21-18. (ran/ran)",Sport
63,"Alwi Farhan melewati babak pertama Kejuaraan Dunia Bulutangkis 2026 dengan kemenangan straight game. Alwi menyingkirkan wakil Korea Selatan, Yoo Tae Bin. Alwi menghadapi Yoo di babak 64 besar yang digelar di Indira Gandhi Arena, New Delhi, India, Senin (17/8/2026) siang WIB. Sempat kesulitan pada gim pertama, Alwi akhirnya menang 21-17, 21-12 usai bertarung selama 42 menit. Alwi sempat memimpin pada awal gim pertama di kedudukan 6-3. Namun, saat unggul 9-6, Alwi justru disalip oleh Yoo yang merebut tujuh poin beruntun. Beruntung Alwi bisa kembali menguasai permainan setelah interval. Setelah imbang 14-14, Alwi mulai melebarkan jarak dengan merebut lima angka beruntun. Setelah mengamankan gim pertama dengan skor 21-17, Alwi kembali mendapat perlawanan ketat dari Yoo di awal gim kedua. Namun, mendekati interval, Alwi kehilangan keunggulan setelah dikejar oleh Yoo yang bisa menyamakan kedudukan menjadi 10-10. Selepas interval, Alwi kembali melebarkan jarak dan unggul 17-11 atas Yoo. Alwi lantas mengunci kemenangan 21-12 usai smes menyilang Yoo keluar lapangan. Lolos ke babak kedua Kejuaraan Dunia 2026, Alwi akan menghadapi pemenang dari pertandingan antara Joakim Oldorff (Finlandia) dan Le Duc Phat (Vietnam). (nds/nds)",Sport
64,"Putri Kusuma Wardani mengawali Kejuaraan Dunia Bulutangkis 2026 dengan mulus. Putri menang telak atas wakil Filipina di babak pertama. Putri menghadapi De Guzman Mikaela Joy di babak 64 besar Kejuaraan Dunia 2026. Bertanding di Indira Gandhi Arena, New Delhi, India, Senin (17/8/2026) siang WIB, Putri hanya butuh waktu 31 menit untuk menang 21-12, 21-6. Unggul sejak awal, Putri jauh meninggalkan De Guzman 15-8 usai merebut lima poin beruntun. Ia mengamankan gim pertama dengan skor 21-12. Putri semakin dominan pada gim kedua. Putri bahkan menutup gim kedua dengan merebut delapan poin beruntun untuk mengunci kemenangan. Lolos ke babak kedua, Putri akan menghadapi pemenang dari pertandingan antara Yasmine Hamza (Italia) dan Petra Maixnerova (Republik Ceko). Masih ada tiga wakil Indonesia lagi yang akan bertanding di Kejuaraan Dunia Bulutangkis 2026 pada hari ini, Senin (17/8). Salah satunya Alwi Farhan yang akan menghadapi Yoo Tae Bin (Korea Selatan) usai pertandingan Putri. (nds/aff)",Sport
65,"Para pebulutangkis Indonesia akan memulai perjuangannya di Kejuaraan Dunia 2026 pada hari ini, Senin (17/8/2026). Ada empat wakil yang bertanding hari ini. Kejuaraan Dunia Bulutangkis 2026 digelar di Indira Gandhi Arena, New Delhi, India, pada 17-23 Agustus. Indonesia mengirim total 14 wakil. Empat wakil Indonesia akan turun bertanding pada hari ini di babak 64 besar. Dua dari tunggal putri, satu dari tunggal putra, dan satu dari ganda putri. Dari nomor tunggal putri, Putri Kusuma Wardani akan menghadapi akan menghadapi De Guzman Mikaela Joy. Sedangkan Thalita Ramadhani Wiryawan akan ditantang Ines Lucia Castillo (Peru). Sementara itu, Alwi Farhan akan melawan tunggal putra Korea Selatan, Yoo Tae Bin. Alwi belum pernah bertanding menghadapi Yoo sebelumnya. Sedangkan dari nomor ganda putri, Isyana Syahira Meida/Rinjani Kwinnara Nastine akan melawan wakil Skotlandia, Julie Macpherson/Ciara Torrance. Ini akan jadi debut Hira/Jani di Kejuaraan Dunia Bulutangkis. Jadwal Kejuaraan Dunia Bulutangkis 2026, Senin (17/8), mulai pukul 10.30 WIB Lapangan 2 - Putri Kusuma Wardani vs De Guzman Mikaela Joy - match 2 - Alwi Farhan vs Yoo Tae Bin - match 3 Lapangan 4 - Isyana Syahira Meida/Rinjani Kwinnara Nastine vs Julie Macpherson/Ciara Torrance - match 11 - Thalita Ramadhani Wiryawan vs Ines Lucia Castillo - match 16 (nds/nds)",Sport
66,"Raymond Indra/Nikolaus Joaquin siap menjalani debut di Kejuaraan Dunia Bulutangkis 2026 di New Delhi, India. Meski berstatus debutan, keduanya tidak ingin terlalu memikirkan nama besar lawan. Joaquin justru menyebut diri sendiri sebagai lawan terberat yang harus ditaklukkan. Raymond/Joaquin untuk pertama kalinya tampil di Kejuaraan Dunia level senior. Kesempatan tersebut mereka dapatkan setelah mencatat sejumlah hasil positif, termasuk menjadi juara Australia Open 2025. Di turnamen tersebut, mereka mengalahkan Fajar Alfian/Muhammad Shohibul Fikri di final. Teranyar, Raymond/Joaquin juga menunjukkan performa impresif di Indonesia Open 2026. Mereka melaju hingga final turnamen BWF World Tour Super 1000 sebelum akhirnya menjadi runner-up setelah kalah dari Goh Sze Fei/Nur Izzuddin. Dengan pengalaman tersebut, Joaquin menilai lawan di Kejuaraan Dunia tidak jauh berbeda dengan turnamen BWF lainnya. Karena itu, fokus utama justru menjaga diri sendiri. ""Enggak ada (lawan terberat). Musuh terberat diri sendiri,"" kata Joaquin saat ditemui di Pelatnas PBSI, Cipayung, Jakarta Timur. Persaingan Ganda Putra di Pelatnas Sehat Joaquin juga melihat persaingan di sektor ganda putra Indonesia sebagai sesuatu yang positif. Menurutnya, keberhasilan satu pasangan bisa menjadi pemicu motivasi bagi pasangan lainnya. ""Bagus sih menurut saya, jadi misalnya ada yang juara memotivasi kita juga biar bisa sama kayak mereka, kalau bisa lebih dari mereka. Jadi kayak ganti-gantian juaranya kan. Itu benar-benar sehat sih buat di ganda putra. Positif,"" ujarnya. Raymond/Joaquin pun tidak ingin status sebagai pasangan muda membuat mereka memasang target terlalu rendah di Kejuaraan Dunia. Joaquin bahkan berpandangan kesempatan untuk menjadi juara harus dikejar sejak sekarang, tanpa harus menunggu mereka lebih senior. ""Kalau dari saya bukan karena mudanya. Misalkan bisa (juara) sekarang kenapa enggak? Kenapa harus tunggu pas sudah agak berumur? Tapi kalau misalkan dari muda saja bisa kenapa enggak? Jadi kami juga ingin menunjukkan kalau kita itu bisa,"" kata Joaquin. Ingin Tebus Kekalahan di Level Junior Bagi Joaquin, Kejuaraan Dunia juga memiliki arti khusus. Ia pernah merasakan kekalahan saat tampil di level junior dan kini ingin mencoba meraih prestasi lebih baik di level senior. Meski begitu, Joaquin tidak ingin membebani diri dengan hasil akhir. Persiapan maksimal menjadi pegangan sebelum berangkat ke New Delhi. ""Kejuaraan Dunia kalau menurut saya salah satu turnamen yang bergengsi, dan juga kalau menurut saya dia medalinya beda sendiri. Saya pengen punya juga. Dulu junior kan saya individualnya kalah, jadi saya pengen coba ambil di yang senior."" ""Apa pun hasilnya di Kejuaraan Dunia nanti, yang pasti kita sudah lakukan yang terbaik di latihan dan itu hasilnya nanti,"" tegas runner up Indonesia Open 2026. Kejuaraan Dunia Bulutangkis 2026 akan berlangsung di Indira Gandhi Stadium, New Delhi, India, 17-23 Agustus. Raymond/Joaquin menjadi salah satu dari tiga wakil ganda putra Indonesia di ajang tersebut.",Sport
67,"Fajar Alfian/Muhammad Shohibul Fikri membidik kado spesial untuk Indonesia di Kejuaraan Dunia Bulutangkis 2026. Keduanya ingin mempersembahkan gelar juara dunia bertepatan dengan HUT ke-81 Republik Indonesia. Kejuaraan Dunia 2026 digelar di Indira Gandhi Stadium, New Delhi, India, 17-23 Agustus. Menariknya, turnamen tersebut dimulai tepat pada 17 Agustus, hari ketika Indonesia merayakan Hari Kemerdekaan. Fajar/Fikri pun menjadikan momentum tersebut sebagai motivasi tambahan. Mereka bertekad memberikan prestasi terbaik sekaligus mengharumkan nama Indonesia di panggung dunia. ""Ya, pasti ingin (beri kado buat Indonesia). Kalau bisa ya dapat hasil terbaik juara, ya mungkin itu bisa jadi hadiah buat Indonesia ya,"" ujar Fikri saat ditemui di Pelatnas PBSI, Cipayung, Jakarta Timur. Kejuaraan Dunia 2026 menjadi penampilan perdana Fajar/Fikri sejak resmi berpasangan. Dalam perjalanan sekitar setahun terakhir, pasangan yang kini menempati peringkat dua dunia itu menunjukkan performa konsisten. Terbaru, Fajar/Fikri meraih dua gelar secara beruntun di Japan Open dan China Open 2026. Di Japan Open, mereka mengalahkan Kim Won Ho/Seo Seung Jae dalam dua gim. Sepekan kemudian, mereka kembali menaklukkan pasangan Korea Selatan tersebut pada final China Open melalui rubber game. Modal tersebut membuat Fajar/Fikri datang ke New Delhi dengan kepercayaan diri tinggi. Namun, Fikri enggan memasang target secara berlebihan. ""Peluang pasti ada ya, untuk siapa pun peluang itu pasti terbuka lebar. Cuma balik lagi ke masing-masing individu ya, karena World Championships itu ya pertandingan yang cukup sangat ingin diraih,"" kata Fikri. ""Jadi kadang kalau kita terlalu menggebu-gebu juga itu tidak baik. Jadi ya kita harus lebih fokus saja, step by step saja sih."" Waspadai Kuda Hitam Fikri menyadari persaingan Kejuaraan Dunia berbeda dibandingkan turnamen BWF World Tour biasa. Statusnya sebagai salah satu major event membuat setiap pertandingan memiliki tekanan lebih besar. Karena itu, Fajar/Fikri tidak hanya mewaspadai pasangan-pasangan yang berada di jajaran elite dunia. Pemain di luar kelompok unggulan juga dianggap bisa menjadi ancaman. ""Ya, yang pasti berbeda. World Championships karena itu salah satu major event, jadi pasti berbeda ya. Karena persaingannya jadi lebih ketat lagi, dan kita enggak boleh lengah mau lawan siapa pun,"" tutur Fikri. ""Kita enggak hanya melihat pemain-pemain top saja, mungkin yang di bawah pemain-pemain top juga pasti mereka juga akan menjadi kuda hitam untuk meraih kemenangan. Dan itu sangat berbahaya sih,"" katanya. Fajar/Fikri juga membawa misi mengakhiri puasa gelar ganda putra Indonesia di Kejuaraan Dunia. Kali terakhir ganda putra Indonesia menjadi juara dunia adalah pada tahun 2019, ketika Hendra Setiawan/Mohammad Ahsan meraih gelar di Basel, Swiss. Setelah itu, Indonesia gagal merebut emas ganda putra dalam empat edisi berikutnya, yakni 2021, 2022, 2023, dan 2025. Kini giliran Fajar/Fikri yang mencoba memutus penantian tersebut. Dengan modal dua gelar beruntun di Japan Open dan China Open, Fajar/Fikri berangkat ke India bukan sekadar mengejar prestasi pribadi. Mereka punya kesempatan mengirim kado HUT RI ke-81 dari New Delhi.",Sport
68,"Indonesia mengirimkan 14 wakil ke Kejuaraan Dunia Bulutangkis 2026. Tiga di antaranya berasal dari sektor non-Pelatnas. Kejuaraan Dunia atau BWF World Championships 2026 berlangsung di Indira Gandhi Stadium, New Delhi, India, pada 17-23 Agustus 2026. Dari 14 wakil Merah Putih, ada kombinasi pemain Pelatnas dan non-Pelatnas. Tiga wakil non-Pelatnas yang akan memperkuat Indonesia adalah Jonatan Christie, Sabar Karyaman Gutama/Moh. Reza Pahlevi Isfahani, serta Rehan Naufal Kusharjanto/Gloria Emanuelle Widjaja. Jonatan akan tampil di tunggal putra. Sabar/Reza turun di ganda putra, sedangkan Rehan/Gloria menjadi wakil ganda campuran. Indonesia membawa misi meraih gelar juara dunia tahun ini. Salah satu sektor yang menjadi tumpuan adalah ganda putra. Harapan itu semakin besar setelah Fajar Alfian/Muhammad Shohibul Fikri tampil impresif dalam dua turnamen terakhir. Mereka sukses menjadi juara Japan Open 2026, lalu mempertahankan gelar China Open 2026. Fajar/Fikri mengalahkan Kim Won Ho/Seo Seung Jae pada dua final tersebut. Di China Open, mereka menang melalui pertarungan tiga gim dengan skor 16-21, 21-19, 21-19. Momentum tersebut membuat Fikri semakin percaya diri menatap Kejuaraan Dunia. Tapi ia mengakui target juara tetap membawa beban tersendiri. ""Iya (target juara). Beban pasti ada. Cuma dari kemarin-kemarin kan juga sudah ditarget-target harus ada yang juara, juara ya, sudah terbiasa sih jadi ya sudahlah,"" kata Fikri saat ditemui di Pelatnas PBSI, Cipayung, Jakarta Timur. Tim bulutangkis Indonesia dijadwalkan terbang ke India pada Sabtu (15/8/2026). Mereka akan berjuang selama sepekan untuk memperebutkan gelar juara dunia. Daftar 14 Wakil Indonesia di Kejuaraan Dunia 2026 Tunggal Putra - Jonatan Christie - Alwi Farhan Tunggal Putri - Thalita R. Wiryawan - Putri Kusuma Wardani Ganda Putra - Fajar Alfian/Muhammad Shohibul Fikri - Raymond Indra/Nikolaus Joaquin - Sabar Karyaman Gutama/Moh. Reza Pahlevi Isfahani Ganda Putri - Febriana Dwipuji Kusuma/Meilysa Trias Puspitasari - Rachel Allessya Rose/Febi Setianingrum - Isyana Syahira Meida/Rinjani Kwinnara Nastine Ganda Campuran - Amri Syahnawi/Nita Violina Marwah - Marwan Faza/Aisyah Salsabila Putri Pranata - Bimo Prasetyo/Arlya Nabila Thesya Munggaran - Rehan Naufal Kusharjanto/Gloria Emanuelle Widjaja",Sport
69,"Kejuaraan Dunia Bulutangkis 2026 digelar di Indira Gandhi Stadium, New Delhi, India, pada 17-23 Agustus. Sebelumnya, Indonesia memiliki 11 wakil yang mendapat kesempatan tampil di ajang tersebut. Jumlah itu kemudian bertambah setelah BWF memberikan undangan kepada Isyana Syahira Meida/Rinjani Kwinnara Nastine di ganda putri, serta Bimo Prasetyo/Arlya Nabila Thesya Munggaran dan Rehan Naufal Kusharjanto/Gloria Emanuelle Widjaja di ganda campuran. Dengan tambahan tersebut, Indonesia kini memiliki 14 wakil di Kejuaraan Dunia 2026. Bagi pemain muda seperti Bimo/Thesya dan Isyana/Rinjani, kesempatan tersebut menjadi kabar menggembirakan. Mereka antusias mendapat kesempatan tampil di panggung Kejuaraan Dunia. ""Alhamdulilah rasanya senang banget bisa dapat kesempatan bisa main di Kejuaraan Dunia,"" ungkap Thesya dalam keterangan tertulis federasi, Sabtu (15/8/2026). ""Kaget banget pastinya, tidak menyangka bisa main di Kejuaraan Dunia tahun ini. Kami tidak sabar untuk merasakan atmosfernya,"" Isyana menimpali. Persiapan Langsung Digenjot Tambahan kesempatan tampil di Kejuaraan Dunia tidak membuat persiapan para pemain menjadi berantakan. Baik Bimo/Thesya maupun Isyana/Rinjani menyebut latihan intensif di Pelatnas tetap berjalan. Bimo/Thesya sebelumnya memang dipersiapkan untuk tampil di dua turnamen di Pontianak pada akhir Agustus hingga awal September. Namun, kesempatan tampil di New Delhi membuat mereka harus mengubah fokus lebih cepat. ""Kami sedang persiapan ke dua turnamen di Pontianak pada akhir Agustus sampai awal September. Lalu tiba-tiba harus main di Kejuaraan Dunia pastinya kami siap. Paling lebih disiapkan mental, kerja keras dan yakinnya,"" kata Thesya. Sementara itu, Isyana/Rinjani ingin memanfaatkan kesempatan tersebut untuk menambah pengalaman di level tertinggi. ""Kami mau ambil pelajaran dan pengalaman yang banyak di Kejuaraan Dunia ini. Harapannya bisa memberikan permainan terbaik dan hasil terbaik juga,"" ujar Isyana. Isyana/Rinjani sendiri bukan pasangan baru di level internasional. Mereka sudah menunjukkan performa positif sepanjang musim, termasuk menembus perempatfinal Thailand Open 2026 yang berlevel Super 500. Dengan tambahan tiga wakil tersebut, kekuatan Indonesia di Kejuaraan Dunia 2026 pun bertambah. Bukan hanya jumlah pemain yang meningkat, tetapi juga muncul kesempatan bagi para pemain untuk merasakan langsung atmosfer salah satu panggung terbesar dalam bulutangkis dunia. (mcy/krs)",Sport
70,"Jonatan Christie menilai persaingan tunggal putra dunia saat ini semakin terbuka. Kondisi tersebut membuat pemain non-unggulan pun memiliki peluang yang sama untuk menjadi juara. Pandangan itu disampaikan Jonatan di tengah persiapannya menuju Kejuaraan Dunia 2026 di New Delhi, India, yang berlangsung 17-23 Agustus. Dalam beberapa tahun sebelumnya, persaingan tunggal putra sempat didominasi sejumlah nama besar. Kento Momota dan Viktor Axelsen menjadi dua pemain yang cukup konsisten berada di papan atas dan meraih gelar di berbagai turnamen BWF World Tour. Tapi kini peta persaingan berubah. Jonatan melihat semakin banyak pemain dari berbagai negara yang mampu bersaing di level atas. ""Di satu sisi, ini bagus. Karena seharusnya ada lebih banyak kejutan. Terutama tunggal putra, di mana ada banyak pemain yang tidak hanya unggulan yang juara, yang bukan unggulan pun memiliki kesempatan yang sama,"" ujar Jonatan saat ditemui di kawasan Kelapa Gading, Jakarta Utara. Bagi Jonatan, persaingan yang lebih merata justru membuat pertandingan semakin menarik sejak babak awal. Tidak adanya satu pemain yang terlalu dominan membuat setiap pertandingan sulit diprediksi. ""Jadi, menurut saya ini adalah salah satu hal baik untuk bulutangkis. Dan semakin seru lagi karena di babak-babak awal bisa ketemu dengan level yang sama,"" kata Jonatan yang menempati seeded ketiga di World Championships 2026. Jadi Motivasi Jonatan Situasi tersebut juga menjadi motivasi tambahan bagi Jonatan. Menurutnya, ketika persaingan semakin terbuka, konsistensi dan kesiapan dalam setiap pertandingan menjadi sangat penting. Jonatan sendiri akan kembali tampil di Kejuaraan Dunia setelah pada edisi 2025 berhasil mencapai perempatfinal. Saat itu langkahnya terhenti setelah kalah dari Kunlavut Vitidsarn dalam pertarungan tiga gim. Kejuaraan Dunia 2026 menjadi penampilan keenam Jonatan di ajang tersebut. Sebelumnya, ia tampil pada 2018, 2019, 2022, 2023, dan 2025. Dari lima penampilan sebelumnya, tiga kali Jonatan terhenti di perempatfinal, yakni pada 2019, 2022, dan 2025. Sementara pada 2018 dan 2023, langkahnya terhenti di babak pertama. Kini, Jonatan kembali ke panggung Kejuaraan Dunia dengan melihat persaingan yang semakin terbuka. Bukan hanya para unggulan yang berpeluang menjadi juara. Pemain nonunggulan pun bisa membuat kejutan. (mcy/krs)",Sport
71,"Jonatan Christie mendapat tantangan berat di Kejuaraan Dunia 2026. Jika jalur undian berjalan sesuai skenario, tunggal putra Indonesia itu berpotensi bertemu Lin Chun-Yi di babak 16 besar dan Victor Lai pada perempatfinal. Kedua pebulutangkis tersebut menjadi ganjalan Jonatan dalam beberapa turnamen terakhir. Lin Chun-Yi menjadi lawan yang belum berhasil ditaklukkan Jonatan dalam tiga pertemuan terakhir. Mereka bertemu di China Masters 2025, India Open 2026, dan All England 2026. Sementara itu, Victor Lai juga dua kali mengalahkan Jonatan pada 2026. Pertemuan pertama terjadi di final Indonesia Open pada 7 Juni. Jonatan gagal meraih gelar setelah takluk dari wakil Kanada itu dengan skor 19-21, 8-21. Keduanya kembali berhadapan di China Open pada Juli. Kali ini, Jonatan kembali gagal menang setelah disingkirkan Lai di perempatfinal dengan skor 14-21, 17-21. Hasil tersebut juga dikonfirmasi PBSI. Catatan tersebut membuat Lin Chun-Yi dan Victor Lai menjadi dua nama yang patut diwaspadai Jonatan jika kembali bertemu di Kejuaraan Dunia. ""Tentu ini (Lin Chun Yi dan Victor Lai) jadi tantangan bagi saya,"" kata Jonatan saat ditemui di kawasan Kelapa Gading, Jakarta Utara. Jonatan Sudah Siapkan Strategi Meski demikian, Jonatan tidak ingin terlalu jauh memikirkan potensi pertemuan tersebut. Fokusnya tetap melewati pertandingan-pertandingan awal terlebih dahulu. Namun, Jojo mengaku sudah menyiapkan strategi jika akhirnya kembali berhadapan dengan Lin atau Victor. ""Ya, sudah. Rencana A, Rencana B. Karena lawan yang awal kalah tiga kali, menghadapi Victor juga kalah dua kali. Secara otomatis, saya belajar dari kekalahan-kekalahan itu. Saya juga berdiskusi dengan tim segala macam,"" tuturnya. Pengalaman dari kekalahan sebelumnya menjadi bahan Jonatan bersama tim untuk memetakan permainan kedua lawannya. ""Seperti apa kebiasaannya? Bagaimana cara bermainnya? Dan kondisi di India, lapangan yang terakhir yang kami gunakan, seperti apa kondisinya? Jadi, mungkin gambaran keseluruhannya sudah ada. Mungkin cara pelaksanaannya saja,"" ujar juara Asia 2024 ini. Persiapan tersebut mencakup kebiasaan dan gaya bermain lawan, termasuk kondisi lapangan yang akan digunakan di India. Dengan persiapan itu, Jonatan berharap strategi yang sudah disusun bersama tim bisa diterapkan dengan baik jika harus kembali menghadapi salah satu dari kedua pemain tersebut. ""Jadi mungkin berharapnya bisa sesuai dengan apa yang sudah disiapkan,"" Jonatan mempertegas. Kejuaraan Dunia 2026 pun menjadi kesempatan Jonatan untuk memutus tren kurang baik saat menghadapi dua lawan tersebut. Namun sebelum memikirkan Lin Chun-Yi atau Victor Lai, Jonatan harus lebih dulu melewati setiap pertandingan di depannya.",Sport
72,"Jonatan Christie menerima tawaran PBSI untuk tampil di Asian Games 2026. Bagi Jonatan, Ajang olahraga multievent terbesar di Asia itu memang sudah masuk dalam daftar targetnya sejak awal tahun. Asian Games 2026 akan digelar di Aichi-Nagoya, Jepang, pada 19 September hingga 4 Oktober. Untuk cabang bulutangkis, pertandingan beregu dijadwalkan lebih dulu sebelum nomor perorangan. PBSI sebelumnya menetapkan kuota 20 atlet bulutangkis untuk Asian Games 2026. Nama-nama resmi atlet yang akan dibawa belum diumumkan, tetapi Jonatan menjadi salah satu pemain non-pelatnas yang mendapat tawaran untuk memperkuat Indonesia. Jonatan mengungkapkan tawaran tersebut datang langsung dari Kepala Bidang Pembinaan dan Prestasi PBSI, Eng Hian. Komunikasi itu dilakukan sekitar satu bulan lalu. ""Iya, Asian Games ditawarin. Ditelepon Koh Didi (Eng Hian, Kabid Binpres PBSI) itu kayaknya satu bulan lalu. Antara sebelum atau setelah China Open,"" ujar Jonatan saat ditemui di kawasan Kelapa Gading, Jakarta Utara, Kamis (13/8/2026). Bagi Jonatan, keputusan menerima tawaran tersebut bukan tanpa alasan. Asian Games memang sudah menjadi salah satu target yang disusun bersama timnya sejak awal 2026. Selain Asian Games, Jonatan membidik sejumlah turnamen besar, termasuk All England, Indonesia Open, Kejuaraan Dunia, dan BWF World Tour Finals. ""Asian Games ini salah satu pertandingan besar juga kan. Selain Kejuaraan Dunia. Ini memang goals dari awal tahun. Jadi ya memang mau ikut,"" tegas peraih medali emas Asian Games 2018 itu. Jonatan sendiri sudah memiliki pengalaman manis di Asian Games. Pada edisi 2018 di Jakarta-Palembang, ia berhasil merebut medali emas tunggal putra. Kini, delapan tahun berselang, Jonatan berpeluang kembali membela Indonesia di ajang yang sama. ""Mudah-mudahan (bisa mengulang 2028),"" kata Jonatan. Jonatan Tak Mau Setengah Hati Keputusan menerima tawaran Asian Games membuat jadwal Jonatan semakin padat. Sebelum tampil di Aichi-Nagoya, ia harus lebih dulu melewati sejumlah agenda besar. Kejuaraan Dunia 2026 di India menjadi salah satu tantangan terdekat. Turnamen tersebut berlangsung pada 17-23 Agustus, hanya beberapa pekan sebelum Asian Games. Setelah itu, Jonatan masih memiliki agenda BWF World Tour lainnya, termasuk China Masters. Namun, pemain yang kini berada di peringkat tiga dunia tersebut memastikan tidak akan memilih-milih turnamen yang diikutinya. ""Saya tetap all out. Saya belajar dari Chou Tien Chen saja lah. Ke mana pokoknya sikat. Latihannya di pertandingan,"" tegas juara Asia 2024 itu. Sikap tersebut juga menunjukkan ambisi Jonatan untuk tetap kompetitif di tengah padatnya kalender pertandingan. Jonatan sebelumnya memang menjadikan Indonesia Open sebagai salah satu target terbesar pada 2026. Ia bahkan berhasil menembus final di Istora, yang menjadi pencapaian terbaiknya di turnamen tersebut, meski akhirnya harus puas menjadi runner-up setelah kalah dari Victor Lai. Dengan menerima tawaran PBSI untuk Asian Games 2026, Jonatan kini punya satu target besar tambahan dalam kalendernya. Jika mampu menjaga kondisi fisik dan konsistensi permainan, Jojo berpeluang kembali menjadi salah satu tumpuan Indonesia untuk meraih medali emas di Aichi-Nagoya. ""Nah, sisanya mungkin ada yang kita bagi ke grade 2, grade 3 gitu."" (mcy/krs)",Sport
73,"Jonatan Christie mengomentari soal kecocokannya main di India. Sejauh ini, Jojo sapaan karibnya, dua kali sukses tampil di negeri bollywood tersebut. Dalam dua edisi India Open 2025 dan 2026, Jonatan berhasil menembus semifinal dan keluar sebagai runner up. Meskipun belum juara, tapi tak salah jika ia disebut cukup cocok main di India. Bukan tak mungkin, Kejuaraan Dunia yang juga diselenggarakan di New Delhi, India, akan memberikan dampak positif bagi Jonatan. Menanggapi itu, Jonatan enggan mendapatkan label tersebut. Menurutnya, semua itu bergantung pada kondisi dan lawan saat itu. ""Enggak sih. Enggak tahu kenapa bisa. Maksudnya balik lagi, tergantung ketemu musuhnya siapa. Sekali lagi, yang saya bilang itu cocok-cocokkan karena kondisi di India Open tahun ini, dengan India Open tahun lalu, berbeda. Dari besaran stadionnya juga berbeda, feel-nya beda, shuttlecock mungkin sama-sama Yonex,"" kata Jonatan saat ditemui di kawasan Kelapa Gading, Jakarta Utara, Kamis (13/8/2026). ""Namun, feel-nya karena stadionnya besar atau kecil, itu memengaruhi dari mana angin datang, dan segalanya. Jadi, mungkin ketika adaptasi kemarin berjalan baik, atau adaptasi pemain asing tidak berjalan baik, saya tidak tahu bagaimana mereka mengatasinya."" ""Ya, dalam dua tahun terakhir ini puji Tuhan setiap kali saya bermain di India, semuanya oke. Mudah-mudahan di Kejuaraan Dunia, bisa dapat hasil (bagus),"" tuturnya. Sehubungan itu, Jonatan menilai pengalamannya main di India sejauh ini selalu bagus. Walaupun sejumlah rekan-rekan sesama pebulutangkis sempat mengalami pengalaman kurang menyenangkan. ""Di India, selalu ada ceritanya sendiri, seperti di mana-mana, entah itu dari stadion, hotel, atau makanan.Jadi, kejuaraan dunia di India cukup menantang. Tapi terakhir di India Open secara keseluruhan oke, dengan pengalaman saya di India Open terakhir cukup baik,"" kata Juara Asian 2024 itu. ""Misalnya, soal makan, mungkin lebih spesifik lagi, saya memutuskan untuk makan, misalnya, di hotel, di mana ada restoran Jepang, saya makan di sana. Atau mungkin kami membawa makanan sendiri dari rumah, dari Jakarta. Jadi lebih meminimalisir makan di luar."" ""Selain itu, dari segi lapangan sendiri, karena India Open tahun ini adalah lapangan kejuaraan dunia. Secara keseluruhan, stadionnya bagus. Tempatnya juga oke. Tapi ya memang dari segi kebersihan, sedikit agak terlalu banyak debu, dan berbagai macam."" ""Dan untuk kejuaraan dunia kali ini, diadakan di tengah tahun. Jadi kondisi India juga lagi tidak dingin, karena awal tahun memang cukup dingin. Ini juga pertama kalinya. Jadi saya tidak tahu seperti apa kondisinya nanti, seperti apa, tapi mudah-mudahan dari pengalaman saya, kami bisa untuk mempersiapkan kejuaraan dunia,"" pungkasnya. (mcy/aff)",Sport
74,"Jonatan Christie menyebut meraih medali di Kejuaraan Dunia Bulutangkis 2026 menjadi motivasi utamanya saat ini. Jojo penasaran! Jojo, sapaan karibnya, akan tampil di Kejuaraan Dunia ketujuhnya. Sejak 2018, ia cuma meraih hasil terbaiknya yaitu perempatfinal 2019, 2022, dan 2025. Sisanya dia tersingkir di 64 besar. Berangkat dari pencapaian itu, Jonatan berharap bisa memutus kegagalannya tersebut dengan meraih medali pada tahun ini. ""Bagi saya pribadi, karena saya masih penasaran dan belum pernah memenangkan medali. Karena hampir beberapa kali, tetapi tidak berhasil. Jadi harapannya minimal mendapat medali,"" kata Jonatan saat ditemui di kawasan Kelapa Gading, Jakarta Utara, Kamis (13/8/2026). Namun begitu, Jonatan Christie menyadari keinginan yang besar bisa mempengaruhi fokusnya. Makanya, juara All England 2024 itu akan berupaya untuk mengontrol ambisinya tersebut. ""Karena jika harapan dan keinginan terlalu besar, justru fokusnya bukan pada langkah pertama, langkah demi langkah. Jadi memang harus lebih diredam harapannya,"" tuturnya. ""Bukan untuk mengubur harapan, tetapi untuk mengetahui di mana tujuannya. Tapi untuk saat ini, pertahankan saja harapan itu. Fokusnya adalah pada pertandingan pertama, pertandingan kedua. Jadi, satu per satu."" Tidak hanya soal fokus pribadi, Jojo juga akan menghadapi rintangan lainnya, baik teknik maupun nonteknis. Mulai dari karakter lawan, kondisi lapangan, angin, hingga shuttlecock. ""Jadi memang siapa yang beradaptasi lebih cepat, saya rasa itu yang bisa. Jadi fokusnya adalah untuk meningkatkan performa secepat mungkin,"" tegas pemain top 3 dunia itu. (mcy/aff)",Sport
75,"Tentara Nasional Indonesia (TNI) menggelar Open Tournament Tenis Lapangan Piala Panglima TNI 2026. Ajang ini sekaligus guna menjaring bibit atlet tenis potensial. Piala Panglima TNI 2026 bergulir pada 6 sampai dengan 14 September dengan total hadiah Rp 500.000.000. Turnamen ini sekaligus menjadi rangkaian menuju HUT TNI ke-81. ""Harapan kami banyak dari para petenis baik itu yang pemula, baik itu yang baru belajar, baik itu yang sudah atlet, baik itu yang sudah berprestasi mari kita sama-sama ikut berserta di dalam pertandingan ini,"" kata Panglima Komando Daerah TNI Angkatan Udara (Pangkodau) I Marsekal Muda TNI Erwin Sugiandi. Pertandingan ini terbuka untuk umum dan seluruh masyarakat, termasuk yang sudah menjadi atlet. Turnamen akan digelar di enam titik seputar wilayah Halim. ""Nanti, pada akhirnya, siapa yang menang atau berpotensi menjadi atlet tentunya akan kita laporkan ke Pengurus Pusat Pelti (Persatuan Tenis Seluruh Indonesia) sebagai salah satu input maupun masukan atau sebagai salah satu recruitment bahwa kita selain mencari prestasi juga dalam rangka mencari atlet,"" Erwin menjelaskan. ""Tentunya, kalau kita sudah mewadahi, sudah ada eventnya, mudah bagi atlet itu atau mudah dalam rangka mencari penjaringan atlet,"" sambungnya. Piala Panglima TNI 2026 ini akan mempertandingkan enam kategori, yakni tunggal putra, tunggal putri, ganda putra, ganda putri, ganda campuran, serta pertandingan antara perwira tinggi TNI dan Polri. Awak media juga diminta ikut terlibat dalam pertandingan. ""Selain pertandingan untuk prestasi juga ada pertandingan antarperwira tinggi TNI dan Polri. Jadi, tidak melupakan semangat para Pati walaupun usianya rata-rata sudah lebih dari 50 tahun untuk berprestasi,"" ujar Erwin. (ran/bay)",Sport
76,"Muhammad Shohibul Fikri memilih melihat sisi positif dari kondisi yang akan dihadapi di New Delhi, India. Ia dan Fajar Alfian akan tampil di Kejuaraan Dunia Bulutangkis 2026 yang digelar di sana. Kejuaraan Dunia 2026 dijadwalkan berlangsung pada 17-23 Agustus di Indira Gandhi Sports Complex, New Delhi. Venue tersebut sebelumnya juga menjadi lokasi India Open. India Open sempat diwarnai sejumlah persoalan nonteknis yang mendapat sorotan dari sejumlah atlet asing. Mulai dari isu kebersihan hingga kemunculan hewan di area pertandingan. Fikri menyadari kondisi serupa bisa saja kembali menjadi tantangan di Kejuaraan Dunia. Namun, ia menilai seluruh peserta akan menghadapi kondisi yang sama sehingga kunci utamanya adalah kemampuan beradaptasi. ""Ya, itu sih harus siap ya. Kita harus cepat adaptasi juga karena bukan tim Indonesia saja, pasti tim negara lain pun akan merasakan hal yang sama dari segi hotel dan main hall-nya juga pasti akan sama,"" kata Fikri seusai latihan di Pelatnas PBSI Cipayung, Rabu (12/8/2026). Alih-alih mengeluhkan kondisi di luar lapangan, Fikri memilih menjadikannya sebagai tantangan. Bahkan, ia berharap situasi tersebut justru membawa keberuntungan bagi Indonesia. ""Ya, ambil positifnya aja, jangan terganggu oleh seperti itu. Siapa tahu kan dengan kondisi yang bagaimanapun, di situ terdapat rezeki kita ya. Jadi siapa tahu kita malah hasilnya lebih bagus,"" tegasnya. Fajar/Fikri Kejar Performa Terbaik Fajar/Fikri telah menjalani rangkaian turnamen sebagai bagian dari persiapan menuju Kejuaraan Dunia. Setelah tampil di Japan Open dan China Open, keduanya terus mematangkan persiapan dalam dua pekan terakhir. Fikri mengatakan tidak ada persiapan khusus yang berbeda dari turnamen-turnamen sebelumnya. Fokusnya kini lebih diarahkan kepada kesiapan diri sebelum menghadapi persaingan di New Delhi. ""Persiapan khusus sih enggak ada ya, lebih ke sama aja kayak kemarin sebelum pertandingan-pertandingan sebelumnya. Cuma persiapan khususnya mungkin di fokus diri saya sendiri aja sih. Mungkin Aa Fajar pun melakukan hal yang sama,"" kata Fikri. Kejuaraan Dunia menjadi salah satu agenda penting bagi Fajar/Fikri. Dengan persiapan yang telah dilakukan dan kondisi lapangan yang akan dirasakan seluruh peserta, pasangan Indonesia tersebut memilih datang ke New Delhi dengan satu prinsip: beradaptasi, tidak terganggu, dan mengambil sisi positif dari setiap keadaan.",Sport
77,"Rumor dugaan pelanggaran integritas yang melibatkan sejumlah pebulutangkis Indonesia tak memengaruhi suasana di sektor ganda campuran Pelatnas PBSI Cipayung. Amri Syahnawi/Nita Violina Marwah memastikan tetap fokus mempersiapkan diri menghadapi Kejuaraan Dunia 2026. Amri menyebut situasi di Pelatnas PBSI berjalan seperti biasa. Ia memilih tidak terganggu oleh isu yang tengah beredar dan mengarahkan perhatian pada persiapan bersama Nita. ""Suasananya sih sebenarnya sama saja ya, maksudnya enggak ada yang gimana-gimana. Kita lebih fokus sama persiapan kita di Kejuaraan Dunia saja ya,"" kata Amri di Pelatnas PBSI, Rabu (12/8/2026). Amri juga tidak ingin berspekulasi mengenai isu tersebut. Menurutnya, masih banyak hal dalam permainannya bersama Nita yang perlu dibenahi menjelang Kejuaraan Dunia. ""Kalau misalkan isu-isu yang telah beredar ya saya tutup mata lah, sudah enggak mau... saya mau fokus sama perkembangan diri saya, perkembangan sama partner juga banyak yang harus PR-nya harus diberesin dari kita berdua juga. Jadi ya kita fokus sendiri saja,"" tambahnya. PBSI Sebut Ada Proses Peradilan Independen BWF Sebelumnya, PP PBSI melalui Sekretaris Jenderal Ricky Soebagdja menyatakan mengetahui adanya proses peradilan independen (judicial proceedings) yang sedang dijalankan Badminton World Federation (BWF) terkait dugaan pelanggaran integritas yang melibatkan sejumlah pemain Indonesia. Namun, hingga kini belum diketahui siapa saja atlet Indonesia yang terkait dengan proses tersebut. PP PBSI juga memilih tidak memberikan komentar lebih jauh mengenai substansi perkara ataupun mengaitkan proses yang masih berjalan itu dengan atlet tertentu. Di tengah proses tersebut, PBSI tetap mengingatkan para atlet mengenai pentingnya menjaga integritas sebagai pebulutangkis profesional. Para pemain juga mendapatkan aturan terbaru dari BWF untuk dipelajari. Amri membenarkan bahwa pengingat mengenai aturan integritas terus diberikan kepada para atlet. ""Iya selalu di-reminder ya, terus juga terakhir berapa minggu lalu gitu dikirim aturan baru ya dari BWF ke kita, buat dipelajari lagi karena banyak banget dan memang harus kita teliti lah, harus hati-hati,"" ujar Amri. Menurut Amri, aturan tersebut tidak hanya diberikan untuk dibaca, tetapi juga kembali dijelaskan oleh pelatih kepada para pemain. ""Iya itu dijelasin kok, dijelasin terus juga selalu di-reminder dari pelatih hari-hari juga, terus dikasih (aturan dalam bentuk) PDF gitu dan kita disuruh pelajari. Nanti ada arahan lagi dari pelatih diingatkan terus setiap hari, setiap datang sama pelatih."" Nita menambahkan, pengingat mengenai aturan tersebut disampaikan secara berjenjang melalui tim pelatih. ""Jadi mungkin kita reminder-nya dari pelatih, mungkin pengurus lewat pelatih, jadi pelatih ke atletnya gitu sih,"" Nita menegaskan. Dengan proses yang masih berjalan dan belum adanya informasi mengenai atlet yang terlibat, Amri/Nita memilih tidak larut dalam rumor. Fokus mereka kini tetap pada persiapan menuju Kejuaraan Dunia Bulutangkis 2026 di New Delhi, India, 17-23 Agustus. (mcy/krs)",Sport
78,"Ganda campuran Indonesia Amri Syahnawi/Nita Violina Marwah menyambut positif kembalinya Nova Widianto ke Pelatnas PBSI. Mereka menilai Nova memahami detail permainan yang dibutuhkan pasangan ganda campuran. PBSI kembali menggandeng Nova untuk menangani sektor ganda campuran di Pelatnas Cipayung. Perubahan tersebut dilakukan setelah PBSI melakukan evaluasi terhadap jajaran pelatih sektor tersebut pada akhir Juli. Namun, Nova belum mulai menangani Amri/Nita secara langsung. Untuk sementara, sektor ganda campuran masih didampingi pelatih pratama Muhammad Rijal dan Hendra Mulyono. Nita menyambut antusias kehadiran Nova. Menurut dia, pengalaman Nova menangani ganda campuran menjadi nilai penting karena sektor tersebut membutuhkan perhatian terhadap detail-detail permainan. ""Ya kalau dibilang happy pasti happy karena mungkin dia yang tahu polanya ganda campuran tuh harus seperti apa, detailnya seperti apa, kita harus gimana dia tahu,"" kata Nita di Pelatnas PBSI, Rabu (12/8/2026). Nita menilai pemain ganda campuran membutuhkan sosok pelatih yang bisa mengingatkan hal-hal kecil ketika pertandingan berlangsung. Detail tersebut dinilainya bisa berpengaruh terhadap permainan pasangan. ""Jadi ya sebenarnya pemain-pemain kita tuh itu yang dibutuhin, hal-hal kecilnya. Hal-hal kayak diingatkan ""Ini habis kayak gini ke sini, habis kayak gini harus kayak gini,"" itu sih yang perlu diingatkan."" Menurut Nita, detail-detail seperti itu menjadi salah satu hal yang sempat terlewat dalam pembinaan ganda campuran Indonesia dalam beberapa tahun terakhir. ""Dan ya mungkin yang bisa dilihat semuanya beberapa tahun ini tuh itu yang miss (detail-detail) banget gitu, itu yang jadi kendala di ganda campuran. Kayak enggak ada yang ingetin kita harus bagaimana, main itu harus bagaimana."" Karena itu, kehadiran Nova kembali diharapkan bisa membantu pemain lebih memahami pola permainan yang harus diterapkan di lapangan. ""Sekarang dengan Coach Nova balik dan kita dilatih sama Rijal untuk sementara gitu, ya itu diingatkan banget sih hal-hal detail kayak gitu tuh mereka ingatkan kita banget gitu sih,"" ujarnya. Amri/Nita Belum Bicara Langsung dengan Nova Meski Nova sudah kembali ke lingkungan Pelatnas, Amri/Nita ternyata belum sempat berbicara langsung dengan pelatih yang sebelumnya menangani ganda campuran Indonesia tersebut. Amri mengatakan dirinya baru sebatas bertegur sapa dengan Nova ketika bertemu di sejumlah turnamen. Keduanya sempat berada di lokasi yang sama saat mengikuti turnamen di Jepang dan China. ""Belum sih, ya saling tegur aja kalau ketemu di pertandingan belakangan ini gitu. Ya kalau pas di Jepang, China kan juga ketemu, cuma ya mau ngobrol juga mungkin Coach Novanya masih ada tanggung jawab di sana, jadi belum enak lah untuk ngobrol. Jadi paling ya sapa-sapa saja gitu ,"" kata Amri. Amri/Nita sendiri merupakan salah satu pasangan ganda campuran Indonesia yang tengah menjadi tumpuan. Pada Maret 2026, mereka mencapai peringkat 16 dunia, menurut data yang tercantum dalam profil BWF mereka. Pasangan ini juga masih terus memburu konsistensi di level elite. Pada Indonesia Open 2026, Amri/Nita terhenti di babak 16 besar setelah kalah dari pasangan China Guo Xinwa/Chen Fanghui. Dengan kembalinya Nova dan pendampingan sementara dari Rijal serta Hendra Mulyono, Amri/Nita berharap pembenahan detail permainan bisa membantu mereka berkembang dan tampil lebih konsisten di turnamen-turnamen berikutnya.",Sport
79,"Keberhasilan di Jepang dan China membuat mental Fajar Alfian/Muhammad Shohibul Fikri terangkat jelang Kejuaraan Dunia 2026. Berbekal itu, mereka berfokus untuk kembali jadi juara dunia. Diketahui, Fajar/Fikri menjadi juara back to back di Jepang Open dan China Open. Bahkan khusus di Negeri Tirai Bambu, mereka mempertahankan gelarnya pada tahun ini. ""Yang pasti bikin kami lebih percaya diri ya, termasuk saya dan Aa Fajar, bahwa kami bisa juara berturut-turut,"" kata Fikri saat ditemui seusai latihan di Pelatnas PBSI, Rabu (12/8/2026). Walau begitu, Fikri tak ingin jemawa dengan hasil tersebut. Ia sadar betul lawan akan menganalisa permainan mereka. Apalagi, di Kejuaraan Dunia yang memiliki tekanan yang berbeda dari turnamen-turnamen bulutangkis lainnya. ""Setiap pertandingan mungkin kan orang juga latihan lagi, mereka juga pasti evaluasi kekurangan mereka dan mengetahui kekurangan saya dan kelebihan saya. Pasti ada perbedaan nanti saat pertandingan berikutnya,"" ujarnya. ""Ya, peluang pasti ada, untuk siapa pun peluang itu pasti terbuka lebar. Cuma balik lagi ke masing-masing individu ya, karena World Championship itu ya pertandingan yang cukup sangat ingin diraih. Jadi kadang kalau kita terlalu menggebu-gebu juga itu tidak baik. Jadi ya kita harus lebih fokus saja, step by step saja sih."" Ia juga menegaskan tak akan meremehkan lawan-lawan, meski posisi mereka saat ini merupakan unggulan kedua di Kejuaraan Dunia yang berlangsung di New Delhi, 17-23 Agustus mendatang. ""Kami enggak boleh lengah mau lawan siapa pun. Jadi kami tidak hanya melihat pemain-pemain top saja, mungkin yang di bawah pemain-pemain top juga pasti mereka juga akan menjadi kuda hitam untuk meraih kemenangan. Dan itu sangat berbahaya sih,"" tegas Fikri. (mcy/aff)",Sport
80,"Klub bulu tangkis Indonesia PB Jaya Raya merayakan hari jadi ke-50. PB Jaya Raya bertekad untuk terus mencetak atlet berprestasi untuk Indonesia. Bertempat di GOR PB Jaya Raya, Ciputat, Tangerang Selatan, Senin (10/8/2026), acara ini dihadiri para petinggi PB Jaya Raya seperti Candra Ciputra, Ketua Umum Susy Susanti, serta legenda bulu tangkis Indonesia Rudy Hartono. Ada juga Presiden Direktur PT Pembangunan Jaya, Trisna Muliadi. Kini PB Jaya Raya dipimpin Susy yang baru ditunjuk sebagai Ketua Umum menggantikan Rudy Hartono, ia bertekad PB Jaya Raya tak sekadar merayakan perjalanan panjangnya. ""Sebagai ketua, saya melihat usia ke-50 tahun ini adalah membangun bulu tangkis Indonesia. Ke depan kami harus terus mencari dan membina talenta muda dengan program latihan yang baik dan lingkungan yang mendukung atlet dari teknik, mental, dan karakter,"" kata Susy kepada wartawan selepas acara. ""Prestasi adalah hasil dari proses disiplin, kerja keras, dan konsistensi. Untuk jadi juara, musuh terbesarnya adalah mengalahkan diri sendiri,"" ucap Susy. Sementara Trisna Muliadi menyampaikan penghargaan setinggi langit kepada mendiang Ir. Ciputra yang telah berjasa mendirikan PB Jaya Raya. Dia turut memberikan apresiasi kepada seluruh jajaran pengurus serta pelatih yang sampai saat ini terus merawat semangat dalam mencetak atlet berbakat. Dalam kesempatan ini, PB Jaya Raya juga memberikan penghargaan kepada para insan berprestasi. Dari atlet muda, hingga para pelatih pencetak atlet jempolan. ""Pada kesempatan ini, saya ingin menyampaikan penghargaan yang setinggi-tingginya kepada almarhum Bapak Ciputra yang meyakini bahwa prestasi adalah hasil, tapi pembentukan manusia adalah warisan yang sesungguhnya,"" ujar Trisna Muliadi. ""Terima kasih kepada seluruh pengurus, pelatih, atlet, serta seluruh keluarga besar PB Jaya Raya yang selama lima dekade telah menjaga dan meneruskan cita-cita tersebut,"" ucapnya. Legenda Rudy Hartono turut mengutarakan harapannya. Peraih gelar juara delapan kali All England sektor tunggal putra berharap klubnya bisa memanfaatkan perubahan kepemimpinan untuk menjadi lebih baik. ""Saya bersyukur dan berterima kasih kepada Tuhan Yang Maha Kuasa, dan kepada para pembina PB Jaya Raya, yayasan, dan semua atlet yang di bawah saya 50 tahun yang telah berhasil memberikan darma baktinya kepada Indonesia,"" tutur Rudy. ""Yang memimpin sekarang ini adalah Saudari Susi, dan ketua hariannya Saudari Rosiana Tendean. Harapan saya sesudah ini memang harus terjadi perubahan-perubahan. Makanya saya sendiri merasa sebetulnya sudah waktunya, sudah lama sebetulnya,"" ucapnya. Dalam kesempatan ini, PB Jaya Raya juga mengumumkan nama baru untuk GOR PB Jaya Raya di Ciputat, Tangerang Selatan. Tempat pembinaan atlet kini bernama GOR Ciputra PB Jaya Raya. (mcy/pur)",Sport
81,"16 atlet muda berhasil meraih Super Tiket pada Audisi Umum PB Djarum 2026 - Makassar. Mereka selanjutnya menjalani fase karantina. Pencarian talenta bulutangkis ini berlangsung di GOR Dafest pada tanggal 4 sampai 8 Agustus 2026. Audisi Umum PB Djarum 2026 ini diikuti tak kurang 233 peserta dari 73 kota/kabupaten dengan tiga kategori usia yaitu U-11, KU 11, dan KU 12 baik putra maupun putri. Setelah mengikuti berbagai rangkaian kegiatan, terpilih 16 orang untuk lanjut ke fase karantina pada 14 September - 9 Oktober 2026. Pada tahap ini akan ada dua kali eliminasi, yakni 28 September dan 10 Oktober sebelum resmi bergabung dengan klub PB Djarum. ""Kami tim pencari bakat cukup kagum dengan karakter permainan para atlet di Audisi Umum PB Djarum 2026 - Makassar. Banyak dari mereka sudah memiliki kemampuan dasar yang baik dan tidak sedikit pula sudah pernah ikut audisi. Namun kami harus memilih yang terbaik sesuai dengan kebutuhan PB Djarum. Kami ucapkan kepada peraih Super Tiket, dan bagi yang belum berhasil jangan berkecil hati,"" kta Ketua Tim Pencari Bakat Audisi Umum PB Djarum 2026, Sigit Budiarto, dalam keterangan persnya. Liliyana Natsir yang turut memantau Audisi Umum PB Djarum 2026 - Makassar sejak hari pertama mengungkapkan, atlet-atlet putri yang mengikuti seleksi memiliki potensi yang cukup menjanjikan. Legenda bulutangkis kelahiran Manado, Sulawesi Utara, tersebut menilai mayoritas peserta memiliki postur yang relatif tinggi serta kekuatan pukulan yang menjadi modal penting untuk berkembang di level yang lebih tinggi. ""Kalau melihat atlet-atlet putri di Makassar, saya melihat banyak yang memiliki postur tinggi dan power yang cukup bagus. Ini tentu menjadi modal awal yang baik, walaupun masih perlu mengasah teknik, konsistensi, dan kemampuan bermain supaya bisa berkembang lebih jauh,"" ujar peraih medali emas Olimpiade Rio de Janeiro 2016 bersama Tontowi Ahmad tersebut. Berikut daftar peraih Super Tiket dari jalur turnamen maupun pilihan tim pencari bakat beserta asal kota dan klub: Super Tiket Jalur Turnamen * U-11 Putri : Arachely Sabila Kinga - Gorontalo, Gorontalo (Billionaires Gorontalo) * KU 11 Putri : Andi Nahwah Khaliqah - Makassar, Sulawesi Selatan (PB Champion Makassar) * KU 12 Putri : Kresensia Lembayung Ubung Mering - Balikpapan, Kalimantan Timur (Champion Klaten) * U-11 Putra : Muh. Nur Rizki Ismail - Kendari, Sulawesi Tenggara (PB Indojaya Kendari) * KU 11 Putra : Russel Junior Sumual - Minahasa Utara, Sulawesi Utara (PB Talenta) * KU 12 Putra : Muhammad Abidzar Alghifari - Balikpapan, Kalimantan Timur (PB Terpadu) Super Tiket Pilihan Tim Pencari Bakat U-11 Putri 1. Balqis Maharani S - Makassar, Sulawesi Selatan (Karsa Mandiri Makassar) KU 11 Putri 1. Kartika Madelynne Tambahani - Minahasa, Sulawesi Utara (Manguni Badminton Club) KU 12 Putri 1. Nadine Serenity Maweru Runtu - Makassar, Sulawesi Selatan (PB Avanti) 2. Ainiyah Farah Dai - Gorontalo, Gorontalo (Pelatkot Gorontalo) 3. Nur Hidayah - Makassar, Sulawesi Selatan (PB Yanti Jaya Makassar) U-11 Putra 1. Mickael Desman Pekey - Jayapura, Papua (Jayawijaya Badminton Club) 2. JJ Miguel Ongels - Ambon, Maluku (PB Micky) KU 11 Putra 1. Kean Alfa Y Warankiran - Makassar, Sulawesi Selatan (PB Tiga Berlian Makassar) KU 12 Putra 1. Muh. Faiz Athallah - Makassar, Sulawesi Selatan (PB Ukhuwah Makassar) 2. Geralldy Mananggel - Minahasa Utara, Sulawesi Utara (PB Talenta) (ran/mrp)",Sport
82,"Indonesia akan menjalani rangkaian event besar dalam waktu dekat. Mulai dari Kejuaraan Dunia, China Masters, dan Asian Games 2026. Khusus di China, Indonesia sedianya mendaftarkan 13 wakil dari lima sektor yang dipertandingkan. Namun, jumlah itu berkurang setelah enam pasang ditarik keikutsertaannya. PBSI membatalkan keikutsertaan pemain-pemain dari sektor ganda putri dan ganda campuran. Dalam laman BWF nama-nama seperti Febriana Dwipuji Kusuma/Meilysa Trias Puspitasari, Rachel Allessya Rose/Febi Setianingrum, Amallia Cahaya Pratiwi/Siti Fadia Silva Ramadhanti, serta Isyana Syahira Meida/Rinjani Kwinnara Nastine tertulis sebagai atlet ganda putri yang mundur. Sementara dua lainnya berasal dari ganda campuran yaitu Amri Syahnawi/Nita Violina Marwah dan Marwan Faza/Aisyah Salsabila Putri Pranata. Dengan demikian, Indonesia hanya menyisakan tujuh wakil saja di turnamen BWF World Tour Super 750 China Masters yang akan bergulir Shenzen Arena, 1-6 September 2026. Berikut daftar namanya Tunggal Putra Jonatan Christie Alwi Farhan Tunggal Putri Putri Kusuma Wardani Ganda Putra Fajar Alfian/Muhammad Shohibul Fikri Sabar Karyama Gutama/Moh. Reza Pahlevi Isfahani Leo Rolly Carnando/Daniel Marthin Ali Faathir Rayhan/Devin Artha Wahyudi.",Sport
83,"Legenda bulutangkis Susy Susanti menilai Putri Kusuma Wardani punya potensi meraih medali di Kejuaraan Dunia Bulutangkis 2026. Namun, ia masih perlu meningkatkan kematangan mental dan konsistensi. Hal itu merujuk pada lawan-lawan top 4 dunia yang bakal dihadapi Putri di Kejuaraan Dunia, New Delhi, pada 17-23 Agustus mendatang. ""Pastinya Kejuaraan Dunia ialah salah satu yang (event) penting. Saya melihat Putri sedang naik juga posisinya sudah mulai stabil,""kata Susy saat ditemui di ASNA Academy, pada Jumat (7/8/2026). ""Dia sudah mulai masuk semifinal-semifinal tapi proses itu kan harus bisa ditingkatkan lagi, kematangan, dan konsistensi seperti fokus dan mental agar dia tetap bertahan di lapangan,""ujarnya. Susy menyoroti Putri KW yang masih sering kehilangan poin sendiri. Makanya, untuk tampil maksimal di Kejuaraan Dunia, kondisi tersebut harus lekas diperbaiki. Apalagi persaingan tunggal putri khususnya di top delapan merata. ""Jadi masih ada non teknis seperti kadang-kadang terganggu dengan beberapa hal, mati-mati sendiri, itu yang mesti dibenahi,"" ujarnya. Namun, peraih medali emas Olimpiade 1992 ini tetap optimistis Putri dapat menjadi tumpuan baru tunggal putri Indonesia. Apalagi dia punya semua modal, baik itu fisik dan teknik. ""Saya percaya dia punya potensi cukup bagus dari postur juga oke, fisiknya juga bagus, dan teknik audah lebih matang. Tinggal disiplin dan fokus paling penting dan sangat dibutuhkan,"" tegas Susy. ""Peluang tetap ada (raih medali) walau ada An Se-young, Akane Yamaguchi, dan Wang Zhi Yi. Memang di (persaingan tunggal putri) delapan besar merata, tapi ranking empat besar itu yang harus bisa Putri tembus,"" kata juara dunia 1993 di Birmingham ini. ""Ya kita harus optimistis medali. Lihat dari prestasi belakangan, dia masuk semifinal dan final, Putri memang target harus minimal di situ."" ""Selain itu harapannya Putri jangan lekas puas, ini baru masuk semifinal (Kejuaraan Dunia), coba naikin lagi. Mudah-mudahan bisa terus konsisten sampai Olimpiade,""Susy memungkasi. Pada edisi lalu, Putri KW sukses membawa pulang medali perunggu Kejuaraan Dunia. Sementara itu, Indonesia sudah lama nirgelar dari tunggal putri. Terakhir kali diraih Susy di Birmingham pada 33 tahun silam. (mcy/aff)",Sport
84,"Pelatih Kepala Ganda Putra PBSI Antonius Budi Ariantho mengomentari hasil Raymond Indra/Nikolaus Joaquin yang belakangan kurang maksimal. Apa katanya? Menurut Anton, mereka masih butuh banyak pelajaran dan evaluasi menyeluruh. Kiprah Raymond/Joaquin dalam enam bulan terakhir masih belum konsisten. Kendati telah menembus tiga kali runner up di Indonesia Masters, Thailand Masters, dan Indonesia Open pada tahun ini. Terbaru saat keduanya main di Japan Open dan China Open bulan lalu. Alih-alih bisa meraih hasil maksimal, juara Australia Open 2025 itu justru terhenti di babak 32 dan 16 besar. ""Ya, Raymond/Joaquin kan kalau boleh dibilang masih muda ya untuk pengalamannya. Tapi ya enggak apa-apa, dari pertandingan kemarin mereka belajar dari pengalaman-pengalaman, kesalahan-kesalahannya,"" kata Anton di Pelatnas PBSI Cipayung, Jakarta Timur. Ia menyebut sudah berdiskusi dengan Raymond/Joaquin untuk membenahi kekurangan mereka. Salah satu yang jadi sorotan adalah pola permainan yang dinilai terlalu monoton. ""Kami juga sudah komunikasi, akan diperbaiki dari kelemahan-kelemahan mereka. Lalu ke depan akan ada polanya yang harus dirubah lagi. Mereka kan mainnya kencang terus, nah harus ada perubahan,"" Anton mengungkapkan. Tak hanya soal teknis, Anton juga menilai faktor non teknis juga masuk dalam evaluasi pasangan peringkat 12 dunia ini. ""Iya, ya harus kami perbaiki lah,"" tegasnya. Raymond/Joaquin rencananya dijadwalkan bertanding di Kejuaraan Dunia di New Delhi, India, pada 17-23 Agustus mendatang. (mcy/aff)",Sport
85,"Pelatih Kepala Ganda Putra Antonius Budi Ariantho mengatakan saat ini target Leo Rolly Carnando/Daniel Marthin ialah tampil di turnamen Super 300 dan 500. Tahun depan barulah naik level! Anton menyampaikan itu setelah Leo/Daniel sukses menjadi juara di Taipei Open 2026. ""Ya, mereka sementara ini memang harus cari poin dulu , karena pasangan yang baru. Saya juga sudah komunikasi dengan Leo/Daniel bahwa sekarang ini mereka harus benar-bener dari bawah dulu,"" kata Anton saat ditemui di Pelatnas PBSI Cipayung, Jakarta Timur. ""Dari (turnamen BWF Super 300, dari 500), ya dari situ dulu sampai nanti tahun depan, mereka bisa masuk ke level 750, 1000 ya, bisa masuk ranking di situ,"" ujarnya. Sejak Leo/Daniel kembali dipasangkan pada Mei lalu dan menjadi juara di Thailand Open, persaingan ganda putra baik di dalam maupun luar negeri sempat diprediksi makin panas. Sayangnya setelah gelar pertama tersebut, empat turnamen berikutnya, Leo/Daniel lebih banyak terhenti di babak-babak awal dan membuat ranking mereka tak meningkat signifikan. Saat ini, mereka berada di peringkat 58 BWF setelah mendapat kenaikan 20 tingkat setelah juara Taipei Open. Sementara untuk bisa tampil di turnamen-turnamen 750 ke atas, wajib berada di 32 besar dunia. ""Ya selama enam bulan ke depan ini menjadi kesempatan ini mereka untuk mencari poin sebanyak mungkin, supaya kalau sudah habis waktunya, tahun depan sudah menggunakan ranking Leo/Daniel yang sebenarnya. Selama ini kan mereka masih pakai ranking nasional,"" ungkap Anton. Tak hanya soal target tampil di turnamen level atas, Anton juga berencana menyiapkan Leo/Daniel sebagai salah satu pasangan untuk bersaing di race Olimpiade 2028 bersama Fajar Alfian/Muhammad Shohibul Fikri dan Raymond Indra/Nikolaus Joaquin. Adapun perhitungan poin Olimpiade akan dimulai Mei 2027. (mcy/aff)",Sport
86,"Sebelumnya, Jafar/Felisha menjadi sorotan setelah dicoret dari skuad Indonesia untuk Kejuaraan Dunia 2026. Saat itu, PBSI menjelaskan keputusan tersebut diambil berdasarkan hasil evaluasi menyeluruh, mulai dari aspek teknis hingga kondisi medis. Meski demikian, Kepala Bidang Pembinaan dan Prestasi (Kabid Binpres) PBSI Eng Hian menegaskan peluang Jafar/Felisha membela Indonesia di Asian Games Aichi-Nagoya 2026 masih terbuka. ""(Jafar/Felisha) masih memungkinkan ya karena kami belum memutuskan untuk short list-nya,"" kata Eng Hian di Pelatnas PBSI Cipayung, Jakarta Timur. Belum Tetapkan Skuad Final Pria yang akrab disapa Didi itu menjelaskan, PBSI sengaja memasukkan banyak nama ke dalam long list agar memiliki fleksibilitas saat menentukan skuad akhir. Hal itu dilakukan untuk mengantisipasi berbagai kemungkinan, termasuk perubahan pasangan maupun cedera pemain. ""Untuk sektor ganda campuran di Asian Games, di long list-nya semua saya masukkan (tidak hanya empat pasang). Jadi supaya kebutuhan perubahan partner, nama, amit-amit ada cedera masih bisa ubah nama,"" tuturnya. Selain Jafar/Felisha, sejumlah pasangan lain juga masuk dalam daftar panjang, seperti Amri Syahnawi/Nita Violina Marwah, Marwan Faza/Aisyah Salsabila Putri Pranata, Bagas Maulana/Indah Cahya Sari Jamil, pasangan non-Pelatnas Rehan Naufal Kusharjanto/Gloria Emanuelle Widjaja, hingga pemain dari kelompok pratama. Asian Games 2026 akan berlangsung di Aichi-Nagoya, Jepang, pada 19 September hingga 4 Oktober. PBSI telah menetapkan kuota sebanyak 20 atlet, terdiri dari 10 putra dan 10 putri. Dalam ajang tersebut, PBSI membidik satu medali emas, dengan sektor beregu putra dan ganda putra menjadi andalan untuk mewujudkan target tersebut. | Baca juga: PBSI Cari Pasangan untuk Adnan Maulana | (mcy/krs)",Sport
87,"Indonesia menurunkan 11 wakil dari lima sektor di Kejuaraan Dunia Bulutangkis 2026. Siapa saja mereka? Kejuaraan Dunia Bulutangkis atau BWF World Championships akan bergulir di New Delhi, India, pada 17-23 Agustus 2026. Di ajang prestisius ini, Indonesia menurunkan pemain-pemain terbaiknya. Mulai dari nomor tunggal yaitu Jonatan Christie yang menempati seeded ketiga. Ia berdampingan dengan atlet muda Alwi Farhan. Sementara dari sektor putri Putri Kusuma Wardani, yang menempati unggulan keenam, akan saling bahu membahu dengan juniornya, Thalita R. Wiryawan. Dari nomor ganda putra, Indonesia mengandalkan Fajar Alfian/Muhammad Shohibul Fikri. Pasangan ini baru saja menunjukkan konsistensinya setelah menjuarai dua turnamen beruntun di BWF World Tour Super 750 Japan Open dan Super 1000 China Open, sekaligus mempertahankan gelar mereka tahun lalu. Indonesia juga menurunkan dua pasang lainnya yaitu Raymond Indra/Nikolaus Joaquin. Ini bakal menjadi debut mereka di ajang badminton paling prestisius di dunia ini. Berikut Daftar Nama serta Undian Wakil Indonesia di Kejuaraan Dunia 2026 Tunggal Putra Jonatan Christie (3) Vs Matthias Kicklitz (Jerman) Alwi Farhan (11) Yoo Tae Bin (Korea Selatan) Tunggal Putri Thalita R. Wiryawan Vs Ines Lucia Castillo (Peru) Putri Kusuma Wardani Vs De Guzman M.Joy (Filipina) Ganda Putra Fajar Alfian/Muhammad Shohibul Fikri (dapat bye) Raymond Indra/Nikolaus Joaquin (bye) Sabar Karyaman Gutama/Moh. Reza Pahlevi (bye) Ganda Putri Febriana Dwipuji Kusuma/Meilysa T. Puspitasari (bye) Rachel Allessya Rose/Febi Setianingrum (bye) Ganda Campuran Amri Syahnawi/Nita Violina Marwah Vs Emre Sonmez/Yasemen Bektas (Turki) Marwan Faza/Aisyah S. Putri Pranata Vs Mihajlo Tomic/Andjela Vitman (Serbia).",Sport
88,"Lanny/Ester merupakan pasangan anyar racikan pelatih ganda putri PBSI, Karel Mainaky. Rencana memasangkan keduanya sebenarnya sudah muncul sejak beberapa waktu lalu, sebelum akhirnya resmi direalisasikan. ""Awalnya memang sudah ada pembicaraan mau ditandem Ester. Tapi belum tahu juga masih 50:50, karena dia masih main di beregu dan mau coba main single terus. Akhirnya saya pulang dari Macau Open disuruh main sama Ester,"" cerita Lanny saat ditemui di Pelatnas PBSI Cipayung, Jakarta Timur. Keputusan memasangkan keduanya cukup mengejutkan karena Ester selama ini dikenal sebagai spesialis tunggal putri. Pebulutangkis yang juga adik Chico Aura Dwi Wardoyo itu sebelumnya sempat menandai comeback dengan membela Indonesia di Badminton Asia Mixed Team Championship dan Piala Uber 2026 setelah pulih dari cedera yang membuatnya lama menepi. Cedera Jadi Titik Balik Ester mengungkapkan keputusan pindah ke sektor ganda bukanlah sesuatu yang mendadak. Wacana tersebut sudah dibahas sejak proses pemulihan cederanya. ""Memang kemarin setelah cedera, ada pembicaraan untuk pindah main ke double. Tapi ini bukan keputusan tiba-tiba dan sudah dipikirkan sejak lama. Ya, akhirnya keputusannya saya pindah double,"" ujar Ester. ""Bisa dibilang begitu (berat main di sektor single) karena saya cedera dua kali dan tak gampang untuk cover seluruh lapangan (dengan kondisi habis cedera),"" tambahnya. Menurut Ester, keputusan tersebut sepenuhnya diambil atas pertimbangannya sendiri dan juga mendapat dukungan dari pelatih tunggal putri PBSI, Imam Tohari. Sempat Sering Bertabrakan Beradaptasi dari nomor tunggal ke ganda ternyata bukan perkara mudah. Ester mengaku sempat terkejut dengan tempo permainan ganda yang jauh lebih cepat dibanding sektor tunggal. ""Pastinya ada banyak. Dari programnya beda. Cara latihan dan mainnya beda itu yang buat saya terkejut. Kan double main ya cepat. Single satu-satu,"" kata Ester. ""Awal-awal sering menabrak (dengan Lanny). Tapi karena main ganda ya akhirnya harus banyak ngobrol. Bangun chemistry juga,"" ujar Ester. Kini, proses adaptasi terus berjalan. Lanny pun meminta mereka tidak terburu-buru memasang target tinggi mengingat Ester baru pertama kali tampil di sektor ganda. ""Step by step, karena Ester baru pertama juga main di pertandingan ganda,"" kata Lanny. Ester memiliki harapan sederhana untuk debutnya bersama pasangan baru. ""Satu-satu dulu saja tapi inginnya juara."" (mcy/krs)",Sport
89,"Alwi Farhan tidak ingin membedakan prioritas saat menghadapi tiga turnamen besar secara beruntun. Tunggal putra Indonesia itu menegaskan akan tampil habis-habisan di setiap ajang karena semuanya membawa nama Merah Putih. Dalam dua bulan ke depan, tim bulutangkis Indonesia akan menjalani rangkaian turnamen bergengsi, dimulai dari Kejuaraan Dunia 2026 di India (17-23 Agustus), dilanjutkan China Masters 2026 level BWF World Tour Super 750 (1-6 September), lalu Asian Games 2026 di Aichi-Nagoya, Jepang (19 September-4 Oktober). Meski jadwal sangat padat, Alwi mengaku tidak pernah berpikir untuk mengatur puncak performa hanya di satu turnamen tertentu. ""Saya enggak memikirkan soal peak performance harus di turnamen mana. Lebih tepatnya setiap saya tampil, karena saya membela negara, enggak mungkin, 'Nanti puncaknya di turnamen ini saja.' Kalau ternyata tidak pas bagaimana?"" kata Alwi saat ditemui di Pelatnas PBSI Cipayung, Jakarta Timur. Juara Indonesia Masters 2026 itu mengaku tidak khawatir dengan padatnya jadwal, meski hanya ada jeda sekitar satu pekan di antara turnamen-turnamen tersebut. Menurut Alwi, yang terpenting adalah fokus pada pertandingan terdekat dan memberikan kemampuan terbaik di setiap kesempatan. ""Jadi setiap turnamen yang ada di depan, ya kita hadapi dan kita all out saja. Enggak perlu takut, enggak perlu untuk melihat jauh ke depan. Saya selalu berusaha be present hadir di momen sekarang dan fokus pada apa yang ada di depan saya,"" ujarnya. ""Pastinya saya berjuang untuk menghadapi Kejuaraan Dunia dulu. Setelah itu masih ada China Masters sebelum Asian Games. Jadi saya akan fokus step by step setiap turnamennya. Ya pasti all out yang di depan dulu,"" tambahnya. Persiapan Menuju Kejuaraan Dunia Alwi juga memastikan persiapannya menuju Kejuaraan Dunia berjalan sesuai rencana. Ia sudah kembali berlatih sejak pekan lalu dan merasa kondisinya semakin siap. ""Perjalanannya alhamdulillah sangat amat baik. Saya sudah memulai latihan sejak minggu lalu, dan sejauh ini persiapannya sangat baik dan saya merasa sangat siap untuk bisa mencapai target di Kejuaraan Dunia nanti,"" kata Alwi. Dengan tekad tampil maksimal di setiap turnamen, Alwi berharap dapat memberikan kontribusi terbaik bagi Indonesia, baik di Kejuaraan Dunia, China Masters, maupun Asian Games 2026. (mcy/krs)",Sport
90,"Alwi Farhan siap menghadapi tantangan besar Kejuaraan Dunia Bulutangkis yang digelar di India pada pertengahan Agustus ini.Alwi nggak mau pikirin venue. Tantangan besar yang dimaksud berkaitan dengan kesiapan tuan rumah dalam menyelenggarakan event besar level Grade 1 BWF. India sempat menjadi sorotan tajam saat menggelar India Open pada awal Januari 2026. Itu terjadi setelah serangkaian persoalan non teknis yang muncul di lapangan. Mulai dari isu kebersihan hingga hewan yang masuk ke arena Indira Gandhi Stadium, New Delhi. Nah, kebetulan venue yang digunakan untuk Kejuaraan Dunia pada 17-23 Agustus nanti, memakai tempat yang sama. Alwi Farhan tak menampik ada kekhawatiran terkait hal-hal non teknis tersebut. Namun ia memilih menyikapi hal itu secara positif. Terlebih, BWF disebutnya sudah melakukan peninjauan langsung sebelum Kejuaraan Dunia bergulir. ""Ya memang itu kondisi dan situasinya mau ngomong apa. Saya tak tahu kondisinya bakal gimana. Tapi saya saat dapat info, BWF dari dua minggu sebelum perhelatan dimulai mereka sudah standby di sana untuk memastikan bahwa tidak ada lagi yang dikomplain-komplain seperti kemarin,"" ujar Alwi. ""Kalau dibilang khawatir ya saya khawatir, tapi saya tak mau rugi karena semuanya merasakan. Yang ada begitu mau gimana lagi, harus kita nikmati saja lah,"" tegasnya. Terlepas dari itu, bagi Alwi, Kejuaraan Dunia tetap punya hawa yang berbeda dibanding turnamen lain. Tekanannya tinggi karena statusnya sebagai salah satu turnamen paling bergengsi di kalender BWF. ""Hawa Kejuaraan Dunia beda banget. Memang enggak ada yang senyum-senyum. Semua susah tidur, sudah enggak sabar mau main, orang sudah takut duluan sebelum main,"" katanya. ""Ya itu tantangannya kayak turnamen besar dan bergengsi. Memang yang juara yang bisa mengatasi itu semua. Kita lihat siapa yang bisa juara dan mengatasi rasa ragu-ragu dan takut,"" ujar dia. Alwi lantas berharap di Kejuaraan Dunia tahun ini bisa memberikan hasil terbaik. Pada edisi lalu, juara Indonesia Masters 2026 ini terhenti di babak 16 besar. ""Saya berharap Kejuaraan Dunia vibes-nya seperti Kejuaraan Dunia, penyelenggaraannya bagus, dan kita tim Indonesia bisa kasih yang terbaik,"" Alwi memungkasi. (mcy/aff)",Sport
91,"Audisi Umum PB Djarum 2026 berlangsung di Makassar, Sulawesi Selatan. Terakhir kali Kota Daeng disambangi terjadi satu dekade yang lalu. Pencarian talenta bulutangkis ini berlangsung di GOR Dafest pada tanggal 4 sampai 8 Agustus 2026. Audisi Umum PB Djarum 2026 ini diikuti tak kurang 233 peserta dari 73 kota/kabupaten dengan tiga kategori usia yaitu U-11, KU 11, dan KU 12 baik putra maupun putri. Proses seleksi diawali dengan tahap screening yang menggunakan sistem gugur. Pada fase ini, setiap pertandingan dimainkan dalam satu game hingga 21 poin tanpa deuce, dengan perpindahan lapangan saat salah satu pemain mencapai poin ke-11. Peserta yang berhasil melewati tahap screening kemudian akan melaju ke babak turnamen menggunakan format best of three games dengan 21 poin. ""Audisi Umum PB Djarum kembali ke Makassar karena kami menilai di Pulau Sulawesi merupakan salah satu lumbung atlet bulutangkis potensial. Kami berharap tahun ini bisa menemukan talenta super untuk bergabung dengan PB Djarum. Kami juga mengapresiasi ratusan atlet yang tidak hanya datang dari Sulawesi, tapi berbagai provinsi bahkan dari Papua,"" kata Ketua Tim Pencari Bakat Audisi Umum PB Djarum 2026, Sigit Budiarto. Selain dari Pulau Sulawesi, atlet Audisi Umum PB Djarum 2026 - Makassar juga berasal dari provinsi lain yakni Banten, D.I Yogyakarta, Jawa Barat, Sumatra Utara, Kalimantan Selatan, Kalimantan Timur, Maluku, Nusa Tenggara Timur, Papua, hingga Papua Barat. ""Kehadiran audisi ini menjadi motivasi besar bagi para atlet muda maupun klub-klub pembinaan di Sulawesi Selatan untuk terus meningkatkan kualitas pembinaan. Harapan kami, Audisi Umum PB Djarum tidak hanya digelar tahun ini, tetapi juga dapat terus hadir pada tahun-tahun mendatang,"" kata Ketua Umum Pengprov PBSI Sulawesi Selatan, Prof. Warsinggih. ""Dengan begitu, semakin banyak talenta potensial dari Sulawesi Selatan yang memiliki kesempatan mengembangkan kemampuan, berkompetisi di level nasional, dan meraih prestasi bersama PB Djarum,"" Warsinggih menambahkan. Perhelatan Audisi Umum PB Djarum 2026 - Makassar dihadiri oleh legenda bulutangkis Indonesia serta jajaran pelatih PB Djarum yang berperan sebagai tim pencari bakat. Mereka adalah Liliyana Natsir, Tontowi Ahmad, Richard Mainaky, Sigit Budiarto, Lius Pongoh, Leonard Holvy De Pauw, Ari Yuli Wahyu Hartanto, dan Andreas Adityawarman. (ran/bay)",Sport
92,"Fajar Alfian/Muhammad Shohibul Fikri memang sudah didaftarkan ke China Masters 2026. PBSI menegaskan fokus utama pasangan ganda putra andalannya itu tetap Kejuaraan Dunia dan Asian Games 2026. Pelatih Kepala Ganda Putra PBSI, Antonius Budi Ariantho, mengatakan jadwal tiga turnamen besar yang berdekatan membuat tim pelatih harus cermat mengatur kondisi para pemain. ""Ya ini kan mepet (secara jadwal). Jadi nanti kami akan bicarakan lagi (tetap diturunkan atau tidak). Yang jelas mereka didaftarkan,"" kata Anton di Pelatnas PBSI Cipayung, Jakarta Timur. ""Tapi kalau saya pribadi pasti akan lebih penting ke Kejuaraan Dunia dan Asian Games,"" ujarnya. Kejuaraan Dunia 2026 dijadwalkan berlangsung di India pada 17-23 Agustus. Setelah itu, para pebulutangkis akan tampil di China Masters 2026 (1-6 September), sebelum melanjutkan perjuangan di Asian Games Aichi-Nagoya 2026 yang berlangsung pada 19 September hingga 4 Oktober. Jaga Kondisi Tetap Prima Anton mengatakan, prioritas utama saat ini adalah memastikan kondisi fisik Fajar/Fikri tetap prima di tengah padatnya kalender pertandingan. Ia tak ingin anak asuhnya mengalami cedera atau gangguan kebugaran menjelang dua turnamen paling bergengsi tersebut. ""Dua minggu ini kami persiapkan yang baik ya untuk mereka. Istilahnya jaga kondisinya jangan sampai cedera, sakit. Kan mepet banget ini,"" jelas Anton. ""Secara pribadi pasti atletnya juga ingin juara, pasti. Saya pun sebagai pelatih ya inginnya begitu. Ya berusaha lah, main sebaik mungkin dulu,"" tegas Anton. Fajar/Fikri datang dengan kepercayaan diri tinggi setelah mencatatkan prestasi impresif pada Juli 2026. Mereka sukses menjuarai Japan Open dan China Open secara beruntun, menjadikan pasangan anyar tersebut sebagai salah satu andalan Indonesia menghadapi Kejuaraan Dunia dan Asian Games. Dengan jadwal yang sangat padat, keputusan terkait keikutsertaan Fajar/Fikri di China Masters akan dibahas lebih lanjut oleh tim pelatih, sambil terus memantau kondisi fisik keduanya. (mcy/krs)",Sport
93,"PBSI telah menetapkan tiga agenda utama bagi para atlet elite bulutangkis Indonesia, yakni Kejuaraan Dunia di India (17-23 Agustus), China Masters 2026 level BWF World Tour Super 750 (1-6 September), dan Asian Games 2026 di Aichi-Nagoya, Jepang (19 September-4 Oktober). Bagi Putri, menjaga kondisi fisik saja tidak cukup. Ia menilai kesiapan mental dan pikiran akan menjadi faktor penentu agar mampu tampil maksimal di setiap turnamen. ""Jadwalnya memang cukup beruntun. Jadi yang harus benar-benar dijaga itu mental, pikiran, dan kondisi fisik. Saya juga harus lebih memperhatikan kondisi diri sendiri,"" kata Putri saat ditemui di Pelatnas PBSI Cipayung, Jakarta Timur. Kejuaraan Dunia Jadi Prioritas Meski akan tampil di tiga ajang bergengsi, Putri memilih fokus pada turnamen terdekat lebih dulu, yakni Kejuaraan Dunia. Peraih medali perunggu Kejuaraan Dunia 2025 itu berharap bisa kembali mencatat hasil positif, bahkan memperbaiki pencapaiannya pada edisi tahun ini. ""Saya pribadi fokus ke turnamen yang ada di depan mata dulu, yaitu Kejuaraan Dunia. Karena menurut saya Kejuaraan Dunia sangat penting. Tahun lalu saya juga tampil cukup baik di sana,"" kata Putri. Setelah Kejuaraan Dunia dan China Masters, Putri akan tampil pada Asian Games 2026. Ia mengaku belum merasakan tekanan khusus dari PBSI menjelang multievent terbesar di Asia tersebut. Namun, membawa nama Indonesia membuat beban pertandingan tentu berbeda dibanding turnamen reguler. ""Lawan-lawannya juga kurang lebih sama seperti yang sering ditemui di turnamen internasional. Mungkin yang membedakan hanya bebannya lebih besar karena membawa nama Indonesia,"" jelasnya. Putri juga berharap dapat memberikan kontribusi maksimal, baik di nomor beregu maupun individu. ""Waktu itu saya masih bermain di nomor beregu, jadi mungkin saya lebih fokus ke pertandingan tim saja saat itu. Harapannya saya bisa selalu menyumbangkan poin untuk tim. Lalu untuk nomor individu, saya juga ingin mempersembahkan medali untuk Indonesia,"" ujarnya. Ketika ditanya peluang terbesar Indonesia ada di nomor beregu atau individu, Putri memilih menjawab singkat. ""Semoga dua-duanya,"" tegas Putri. Dengan jadwal yang padat dan target besar di depan mata, Putri kini fokus menjaga performa agar bisa mencapai puncak permainan pada setiap turnamen yang diikutinya. (mcy/krs)",Sport
94,"Putri baru saja menyelesaikan rangkaian turnamen BWF World Tour di Japan Open 2026 (Super 750) dan China Open 2026 (Super 1000). Dari dua ajang tersebut, atlet peringkat keenam dunia itu mengaku mendapat banyak pelajaran untuk menghadapi Kejuaraan Dunia. Salah satu momen paling berkesan adalah ketika ia akhirnya mampu mengalahkan Wang Zhi Yi, pebulutangkis China yang kini menempati peringkat ketiga dunia. Kemenangan itu menjadi yang pertama bagi Putri setelah delapan kali pertemuan. ""Sejauh ini alhamdulillah sudah mulai latihan lagi, karena baru pulang juga minggu kemarin. Jadi untuk persiapannya kurang lebih sama seperti menjelang Japan Open. Kekurangan-kekurangan dari dua minggu pertandingan kemarin sekarang sedang saya benahi dan ditambah lagi dalam latihan,"" kata Putri saat ditemui di Pelatnas PBSI Cipayung, Jakarta Timur. Mental Jadi Kunci Putri mengatakan, evaluasi terbesar yang dilakukan setelah dua turnamen itu bukan hanya soal teknik, melainkan juga mental dan cara mengelola pikiran di lapangan. Menurutnya, faktor itu yang membuat penampilannya di Japan Open berjalan lebih baik termasuk saat menembus semifinal dan mengalahkan Wang Zhi Yi. Kemenangan tersebut menjadi dorongan besar bagi Putri menjelang Kejuaraan Dunia. ""Saya juga bisa mengalahkan Wang Zhi Yi karena mental dan pikiran saya benar-benar terjaga saat itu,"" tambahnya. ""Kemenangan itu membuat saya lebih percaya diri sih karena bisa mengalahkan Wang Zhi Yi. Itu membuat saya bangga dengan diri sendiri. Dan paling utama tetap soal mental dan pikiran,"" tutur Putri. ""Di setiap pertandingan nanti saya akan terus menekankan hal itu karena sangat berpengaruh, apalagi ketika menghadapi pemain-pemain top 5 atau top 10 dunia."" Diingatkan Pelatih Putri mengungkapkan pelatih tunggal putri PBSI, Imam Tohari, terus mengingatkannya agar mampu menjaga emosi dan suasana hati selama pertandingan. Menurut Putri, masukan tersebut sangat membantu, terutama saat menghadapi laga berat. ""Biasanya Pak Imam selalu mengingatkan soal bagaimana mengelola suasana dan mental saat berada di lapangan. Itu sangat berpengaruh,"" ujarnya. ""Bahkan saat pertandingan kedua melawan Wang Zhi Yi, saya sempat diingatkan cukup keras oleh Pak Imam soal bagaimana menjaga mental dan suasana di lapangan. Itu ternyata sangat membantu,"" tegas Putri. Dengan bekal pengalaman dari Japan Open dan China Open, Putri berharap mampu tampil lebih konsisten di Kejuaraan Dunia 2026 dan kembali bersaing dengan para pemain elite dunia. (mcy/krs)",Sport
95,"Putri Kusuma Wardani memasang target tinggi di Kejuaraan Dunia Bulutangkis 2026. Setelah meraih medali perunggu pada edisi sebelumnya, tunggal putri Indonesia itu kini membidik gelar juara. Kejuaraan Dunia 2026 akan berlangsung di India pada 17-23 Agustus. Putri ingin memperbaiki pencapaiannya setelah tahun lalu langkahnya terhenti di semifinal. ""Targetnya semoga bisa memperbaiki warna medali. Syukur-syukur bisa juara atau minimal menjadi runner-up,"" kata Putri saat ditemui di Pelatnas PBSI Cipayung, Jakarta Timur. Pada Kejuaraan Dunia tahun lalu, Putri harus puas membawa pulang medali perunggu setelah kalah dari Akane Yamaguchi di semifinal dengan skor 17-21, 21-14, 6-21. Hingga kini, Akane masih menjadi lawan yang belum mampu ditaklukkan Putri. Dari delapan pertemuan, pebulutangkis Indonesia peringkat keenam dunia itu belum pernah sekalipun menang atas pemain Jepang yang kini menempati peringkat kedua dunia tersebut. Termasuk pada pertemuan terakhir mereka di Japan Open 2026. Saat itu Putri sempat merebut gim pertama dengan skor 21-9, tetapi akhirnya kalah 21-9, 16-21, 14-21. Belajar dari Kekalahan Meski kembali kalah, Putri merasa jarak kemampuannya dengan Akane semakin dekat. Menurutnya, pengalaman dan kemampuan Akane dalam mengubah strategi di tengah pertandingan menjadi pembeda. ""Menghadapi Akane Yamaguchi sebenarnya saya merasa punya peluang untuk menang juga. Tapi dia memang lebih berpengalaman. Karena di gim kedua saya sempat unggul dan memberikan perlawanan."" ""Mungkin kemudian Akane mengubah pola permainannya, dan di situ saya masih sedikit goyah dalam mengantisipasinya,"" ujarnya. Kekalahan tersebut menjadi bahan evaluasi penting menjelang Kejuaraan Dunia. Putri menilai aspek mental masih menjadi pekerjaan rumah yang harus dibenahi. ""Makanya sekarang di latihan saya harus memperkuat mental dan pikiran saya. Dari segi latihan juga saya merasa harus benar-benar fokus."" Putri mengaku tantangan terbesar saat menghadapi turnamen level atas bukan hanya fisik, tetapi juga kemampuan menjaga konsentrasi sepanjang pertandingan. ""Yang saya rasakan di Japan Open kemarin, di setiap pertandingan mental dan pikiran saya benar-benar bekerja sangat keras. Setelah pertandingan selesai, yang terasa capek bukan badannya, tapi justru pikirannya,"" kata Putri. Dengan modal mencapai semifinal tahun lalu dan performa yang terus meningkat musim ini, Putri berharap mampu melangkah lebih jauh dan mempersembahkan medali emas bagi Indonesia di Kejuaraan Dunia 2026. (mcy/krs)",Sport
96,"PP PBSI resmi menunjuk Nova Widianto sebagai Kepala Pelatih Ganda Campuran Pelatnas Cipayung. Ini menjadi kali kedua Nova dipercaya memimpin sektor tersebut setelah sebelumnya sempat mengemban tugas serupa pada 2021. Kepala Bidang Pembinaan dan Prestasi (Kabid Binpres) Pelatnas PBSI, Eng Hian, meyakini pengalaman panjang Nova sebagai atlet maupun pelatih akan menjadi modal penting untuk mengembalikan daya saing ganda campuran Indonesia di level dunia. ""Nova merupakan sosok yang memiliki pengalaman dan pemahaman yang sangat baik di sektor ganda, baik sebagai atlet maupun pelatih,"" kata Eng Hian dalam keterangan tertulis PBSI, Rabu (5/8/2026). Nova bukan nama asing di dunia bulutangkis Indonesia. Saat masih aktif bermain, ia menjadi salah satu pebulutangkis ganda campuran terbaik yang dimiliki Merah Putih. Bersama Liliyana Natsir, Nova mempersembahkan gelar juara dunia pada 2005 dan 2007, serta meraih medali perak Olimpiade Beijing 2008. Setelah gantung raket, Nova melanjutkan karier sebagai pelatih dan sukses melahirkan sejumlah pasangan berprestasi. Salah satu pencapaian terbaiknya datang saat menangani Malaysia. Pada 2024, Nova mencetak sejarah dengan membawa pasangan Chen Tang Jie/Toh Ee Wei menjadi juara dunia. Gelar itu merupakan yang pertama bagi sektor ganda campuran Malaysia di Kejuaraan Dunia. Pernah Tangani Ganda Campuran PBSI Sebelum kembali dipercaya sebagai pelatih kepala, Nova sudah cukup lama menjadi bagian dari sektor ganda campuran PBSI. Ia pernah menjabat asisten pelatih yang mendampingi Richard Mainaky sejak 2013. Ketika Richard mundur pada 2021, Nova kemudian dipercaya mengisi posisi pelatih kepala. Kini, PBSI berharap kembalinya Nova dapat mempercepat proses regenerasi sekaligus meningkatkan prestasi sektor ganda campuran Indonesia di level internasional. ""Kami berharap kehadirannya dapat membawa energi baru, meningkatkan kualitas pembinaan, memperkuat daya saing pasangan-pasangan ganda campuran Indonesia, serta mengantarkan mereka meraih prestasi terbaik di berbagai turnamen internasional,"" ujar Eng Hian. Dengan rekam jejak sebagai juara dunia saat masih menjadi atlet dan pengalaman melatih di Indonesia maupun Malaysia, Nova diharapkan mampu membawa ganda campuran Indonesia kembali menjadi salah satu kekuatan utama bulutangkis dunia. (mcy/krs)",Sport
97,"PP PBSI masih mencari pasangan untuk Adnan Maulana. Itu setelah rekan tandemnya yang lama, Indah Cahya Sari Jamil, dipasangkan dengan pemain lain. ""Tentu nanti akan dicarikan pasangannya,"" kata Kepala bidang Pembinaan Prestasi PP PBSI Eng Hian saat ditemui di Pelatnas Cipayung, Selasa (4/8/2026). Nama Adnan memang jadi pembicaraan panas setelah PBSI melakukan perombakan terhadap komposisi ganda campuran. Indah, pasangan Adnan sebelumnya, diduetkan dengan Bagas Maulana, yang sebelumnya berkiprah di ganda putra. Bagas/Indah akan debut di Pontianak International Challenge 2026. Sementara Adnan belum diketahui rekan barunya. Sejauh ini PBSI cuma bisa memastikan Adnan bukan didegradasi dan masih berlatih di Pelatnas PBSI Cipayung. ""Kalau didegradasi, kan, harusnya sudah diumumkan. Masih ada (di Pelatnas) kok. Masih latihan tadi,"" ujar pelatih yang karib disapa Didi ini. PBSI memang tengah gencar melakukan evaluasi dan penyegaran pasangan di semua sektor menjelang rangkaian turnamen penting. Termasuk Kejuaraan Dunia Agustus ini dan Asian Games 2026. Adnan/Indah serta Jafar Hidayatullah/Felisha Pasaribu bahkan ditarik keikutsertaannya dari Kejuaraan Dunia 2026. Turnamen itu akan bergulir di India pada 17-23 Agustus mendatang. Ganda campuran Indonesia diwakili oleh Amri Syahnawi/Nita Violina Marwah dan Marwan Faza/Aisyah Salsabila Putri Pranata. ""Tentu ada evaluasi-evaluasi dari hasil turnamen sebelumnya. Itu salah satu alasan paling besar. Kami mengevaluasi apa yang menjadi kebutuhan perbaikan untuk atlet-atlet ini."" | Baca juga: PBSI Degradasi 2 Atlet Ganda Putra | ""Bukan hanya di masalah teknis, tapi kami juga melihat dari record banyak lah, medis segala macam. Ternyata memang butuh waktu untuk istirahat, macam untuk recovery, rehat dulu segala macam. Seperti itu,"" kata Eng Hian menyoal penarikan Jafar/Felisha dari Kejuaraan Dunia. (mcy/raw)",Sport
98,"Keputusan PBSI memindahkan Bagas Maulana dari sektor ganda putra ke ganda campuran bukan tanpa alasan. Pelatih ganda putra Antonius Budi Ariantho menilai karakter permainan Bagas sangat sesuai dengan kebutuhan nomor mixed doubles. Bagas akan memulai babak baru dalam kariernya dengan berpasangan bersama Indah Cahya Sari Jamil. Debut pasangan ini dijadwalkan berlangsung di Pontianak International Challenge 2026. Menurut Antonius Budi Ariantho atau yang akrab disapa Anton, kekuatan utama Bagas selama ini memang berada di area belakang lapangan. Hal itu dinilai menjadi modal penting untuk bersaing di sektor ganda campuran. ""Kalau dari Bagas itu kan istilahnya secara teknik memang pemain belakang ya, serangan, ya. Sedangkan mix cenderung cowoknya di belakang terus, ya kan? Lebih dominan 70 persenan di belakang. Jadi, sebetulnya cocok (peran ini) sama Bagas, dengan posturnya, dengan power-nya, ya enggak ada salahnya dicoba,"" ujar Anton di Pelatnas PBSI, Selasa (4/8/2026). Selama berkiprah di ganda putra, Bagas memang hampir selalu berperan sebagai pemain belakang. Saat berpasangan dengan Leo Rolly Carnando, Muhammad Putra Erwiansyah, maupun Muhammad Shohibul Fikri, juara All England 2022 itu menjadi tumpuan serangan. Karena itu, Anton optimistis Bagas tidak akan mengalami kesulitan beradaptasi di sektor barunya. ""Secara teknik, dia posisinya selalu kan sama Leo di belakang, sama Putra pun begitu. Pernah sama si Fikri, posisinya di belakang. Sedangkan mix double kan cenderung... sama, cowoknya kan di belakang terus. Ya mudah-mudahan bisa prestasi,"" tambahnya. Anton juga mengungkapkan perpindahan sektor tersebut bukan semata-mata keputusan pelatih. Bagas lebih dulu menyampaikan keinginannya untuk mencoba bermain di ganda campuran. ""Ya (kami) ngobrol juga sih (dengan Bagas), tapi dia memang, memang mau coba di sektor mix. Mau coba. (Bagas) Enggak ada masalah,"" katanya. | Baca juga: PBSI Degradasi 2 Atlet Ganda Putra | Meski melihat potensi yang dimiliki Bagas, Anton belum ingin memasang target tinggi. Menurutnya, PBSI akan memberi kesempatan kepada Bagas untuk beradaptasi sebelum melakukan evaluasi. ""Ya lihat nanti saja coba, enggak bisa memprediksi sekarang saya, ya kan. Tapi ya kasih kesempatan lah,"" ujarnya. Bagas dijadwalkan menjalani debut di sektor ganda campuran bersama Indah Cahya Sari Jamil pada Pontianak International Challenge 2026. Turnamen tersebut akan menjadi awal pembuktian apakah eksperimen PBSI mampu melahirkan pasangan baru yang kompetitif. (mcy/krs)",Sport
99,"Nama-nama pebulutangkis Indonesia yang akan diturunkan di Asian Games 2026 belum final. PP PBSI masih akan melihat hasil dari Kejuaraan Dunia pada 17-23 Agustus mendatang. Bulutangkis Indonesia dihadapkan pada tiga event yang sama pentingnya pada dua bulan ini. Mulai dari Kejuaraan Dunia, merupakan Grade 1-individual turnamen, kemudian BWF World Tour Super 750 China Masters (1-6 September), dan puncaknya multievent Asian Games pada 19 September hingga 4 Oktober mendatang. Khusus di Asian Games, PBSI telah menyodorkan daftar pemain yang masuk long list di multiajang tingkat Asia empat tahunan tersebut. Namun, belum ditetapkan siapa yang masuk short list atau daftar final yang diberangkatkan. Kepala bidang Pembinaan Prestasi PBSI Eng Hian mengatakan atlet yang akan diturunkan sudah pasti terbaik. Terlebih, PBSI ditargetkan meraih medali emas di Asian Games. ""Tentu yang dikirimkan adalah yang terbaik. Tapi nama yang kami masukkan masih di long list,"" kata Eng Hian di Pelatnas PBSI, Selasa (4/8/2026). Adapun short list akan ditetapkan setelah Kejuaraan Dunia berakhir. ""Iya tentunya. Nanti kami akan rilis,"" tuturnya. Pelatih yang karib disapa Didi ini juga menegaskan tak akan membedakan pemain. PBSI akan menggandeng pemain-pemain di luar Pelatnas, seperti Jonatan Christie dan Sabar Karyaman Gutama/Moh. Reza Pahlevi Isfahani. ""Tapi untuk (siapa-siapa yang masuk) shortlist bukan keputusan pribadi saya. Ada Waketum 1, Ketum, dan pastinya diskusi melibatkan pelatih untuk kebutuhan tim dan pencapaian target yang dibutuhkan,"" tambahnya. Menyoal target, Eng Hian menegaskan tim bulutangkis Indonesia berharap medali emas dari nomor beregu putra dan ganda putra. ""Sesuai hasil dari diskusi tim review Kemenpora, kami menargetkan satu medali emas. Seperti yang disampaikan Pak CdM (Todotua Pasaribu) peluangnya dari sektor beregu putra, dan dilihat perkembangan semua sektor itu ganda putra kan hasil turnamen terakhir (bagus), jadi untuk probility medali ada di dua sektor ini,"" ujar Eng Hian. ""Walau tidak menutup kemungkinan ada dari sektor lain. Contohnya tunggal putra, Jonatan Christie masih ada di top ketiga, tentunya kalau Jonaran bergabung di tim Asian Games."" ""Kami harapkan kesiapannya juga lebih baik, dan tentunya bisa mencapai target yang diharapkan. Baik dari Kemenpora, PBSI, maupun target pribadi, tentunya siapapun yang diturunkan bisa termotivasi,"" katanya. (mcy/aff)",Sport
100,"Chef de Mission Indonesia Todotua Pasaribu berharap bulutangkis bisa mendapatkan medali emas di Asian Games 2026. Secara khusus nomor ganda putra. Todotua menyampaikan itu usai meninjau Pelatnas PBSI, Selasa (4/8/2026). Selain melihat secara langsung latihan Fajar Alfian dkk di lapangan, Todotua juga memeriksa fasilitas-fasilitas yang ada di Cipayung. ""Untuk saat ini semuanya baik. Tadi saya juga sudah bertemu dan berbincang dengan para atlet serta pelatih. Saya juga diajak berkeliling melihat fasilitas-fasilitas yang ada di sini,"" kata Todotua. ""Di sini ada asrama, gym, hingga fasilitas fisioterapi. Menurut saya, kalau berbicara mengenai cabang olahraga bulutangkis, dibandingkan beberapa cabang olahraga lain yang sudah saya kunjungi, bulutangkis merupakan salah satu cabang yang paling lengkap. Dari sisi pembinaan, Pelatnas, fasilitas, dan berbagai aspek pendukung lainnya,"" tutur Wakil Menteri Investasi dan Hilirisasi Indonesia ini. Untuk Asian Games Aichi-Nagoya, PBSI akan menyiapkan 20 atlet terbaiknya, terdiri dari 10 atlet putra dan 10 atlet putri, ditambah para ofisial. Dari angka itu, CdM mengharapkan bulutangkis bisa mempersembahkan medali emas di multiajang olahraga tingkat Asia tersebut. ""Tentu kami berharap bulutangkis menjadi salah satu penyumbang medali (emas). Dari hasil diskusi tadi, harapan terbesar memang ada pada nomor beregu putra,"" ujar CdM berusia 46 tahun tersebut. ""Di cabang bulu tangkis nanti ada tujuh nomor yang dipertandingkan. Dari semua nomor tersebut, peluang terbesar yang kami lihat saat ini memang berasal dari beregu putra,"" lanjutnya. Di Asian Games 2023, tim bulutangkis Indonesia gagal meraih satu pun medali. Baik di nomor beregu putra dan putri, maupun perorangan semuanya terhenti di babak perempatfinal. Padahal bulutangkis menjadi cabor yang paling diandalkan untuk menyumbangkan medali emas. (mcy/aff)",Sport
101,"Indeks Harga Saham Gabungan (IHSG) ditutup menguat pada perdagangan hari ini. Pada penutupan pasar, IHSG tercatat di level 6.600-an. Berdasarkan data RTI, Kamis (3/9/2026) IHSG ditutup pada level 6.667 atau naik 72,11 poin (1,09%). Sementara pada pembukaan IHSG berada di zona hijau ke level 6.632. IHSG hari ini tertinggi pada level 6.681. Kemudian untuk level terendahnya berada di 6.614. Nilai transaksi indeks pada perdagangan hari ini mencapai Rp 18,55 triliun dengan melibatkan 40,695 miliar lembar saham yang diperdagangkan sebanyak 2.493.136 kali. Sebanyak 402 saham hari ini menguat, 213 saham melemah dan 180 saham stagnan. Selain secara harian, IHSG secara mingguan juga naik 2,24%. Kemudian secara bulanan telah menguat 5,51%. Namun, secara 6 bulanan masih minus 18%. Lalu secara year to date melemah 22,89% (acd/acd)",Finance
102,"Market Overview Indeks Harga Saham Gabungan (IHSG) mengakhiri perdagangan Rabu (2/9/2026) dengan pergerakan terbatas. IHSG turun tipis 0,06% ke level 6.595,78. Sejumlah saham mencatat pergerakan cukup menonjol. DCII naik 4,08%, BBCA menguat 1,14%, sedangkan BELI melonjak 24,54%. Sebaliknya, BYAN turun 2,49%, AMMN melemah 2,06%, dan ASII terkoreksi 1,63%. Aktivitas investor asing masih menunjukkan penjualan bersih. Di pasar reguler, asing mencatatkan net sell Rp235,16 miliar. Jika dihitung di seluruh pasar, nilai net sell mencapai Rp326,64 miliar. Dari 11 sektor yang tercatat di Bursa Efek Indonesia (BEI), enam sektor berakhir melemah. Basic Materials menjadi sektor dengan penurunan terbesar, yakni 1,34%. Sementara itu, Technology mencatat kenaikan 3,74%. Pergerakan bursa saham AS pada perdagangan sebelumnya juga berada di zona positif. Dow Jones naik 0,56% ke 53.061, S&P 500 menguat 0,46% ke 7.666, dan Nasdaq bertambah 0,45% ke 26.217. Pelaku pasar masih mencermati perubahan jadwal penerapan penghapusan batas minimum harga saham Rp50 menjadi Rp1. Kebijakan yang semula direncanakan berlaku 7 September tersebut ditunda ke pekan ketiga atau keempat September. Di pasar offshore, ETF EIDO naik 0,54%, sedangkan indeks MSCI Indonesia bertambah 0,25%. Berita Emiten PT Samindo Resources Tbk (MYOH) MYOH membukukan produksi batu bara sebesar 3,33 juta ton hingga Juli 2026. Jumlah tersebut meningkat dari 2,90 juta ton pada periode yang sama tahun sebelumnya dan sudah melewati target produksi sebesar 3,16 juta ton. Dari sisi kegiatan operasional, volume coal hauling mencapai 14,09 juta ton, sedikit di atas target 13,99 juta ton. Adapun overburden removal tercatat 21,01 juta BCM, melampaui target 19,13 juta BCM. Capaian tersebut didukung kondisi cuaca di area tambang yang mendukung kegiatan operasional, efisiensi jarak angkut, serta tambahan volume dari klien utama MYOH, PT Kideco Jaya Agung. Peningkatan aktivitas penambangan tersebut juga berlangsung di tengah kenaikan harga batu bara global. Secara teknikal, pergerakan saham MYOH masih berada dalam rentang Rp1.110-Rp1.185. PT Apexindo Pratama Duta Tbk (APEX) APEX menyiapkan aksi penambahan modal tanpa hak memesan efek terlebih dahulu (PMTHMETD) atau private placement. Perseroan berencana menerbitkan 218,09 juta saham baru biasa Seri B. Jumlah saham yang akan diterbitkan tersebut setara dengan 5,79% dari seluruh modal ditempatkan dan disetor penuh APEX. Harga pelaksanaan ditetapkan Rp325 per saham sehingga nilai rencana transaksi mencapai sekitar US$4,11 juta atau Rp70,88 miliar. Aksi tersebut tidak ditujukan untuk memperoleh dana tunai. APEX akan menggunakan saham baru sebagai bagian dari penyelesaian kewajiban kepada kreditor. Sebanyak 62,31 juta saham akan diberikan untuk menyelesaikan utang kepada HSBC Bank PLC senilai US$1,17 juta. Kemudian, 155,78 juta saham akan digunakan untuk membayar kewajiban kepada The Hongkong and Shanghai Banking Corporation Limited sebesar US$2,93 juta. Setelah transaksi dilakukan, kewajiban APEX kepada Kreditor Sindikasi Luar Negeri ditargetkan turun menjadi US$8,67 juta dari sebelumnya US$36,25 juta yang jatuh tempo pada 2026. Namun, aksi tersebut akan berdampak pada dilusi kepemilikan pemegang saham lama sebesar 5,79%. Rencana PMTHMETD tersebut masih membutuhkan persetujuan Rapat Umum Pemegang Saham Luar Biasa (RUPSLB) yang dijadwalkan pada 7 Oktober 2026. Adapun proses konversi utang disepakati dilakukan paling lambat 31 Oktober 2026. PT VKTR Teknologi Mobilitas Tbk (VKTR) VKTR tengah menjajaki pendanaan hingga Rp2 triliun dari Danantara Investment Management (DIM). Penjajakan tersebut ditandai dengan penandatanganan indicative non-binding term sheet pada 28 Agustus 2026. Dana yang dibahas akan diarahkan untuk mendukung pengembangan bisnis mobility-as-a-service (MaaS), termasuk pengadaan bus dan truk listrik. Dalam rencana tersebut, PT Bakrie & Brothers Tbk (BNBR) akan menjadi penjamin. Skema pendanaan juga memuat hak konversi bagi DIM. Jika hak tersebut nantinya digunakan, Danantara berpotensi memiliki saham VKTR. Meski demikian, kesepakatan tersebut masih berada dalam tahap awal dan belum menjadi komitmen pendanaan final. Untuk pergerakan saham, VKTR masih bergerak dalam rentang Rp890-1.005. | Baca juga: IHSG Ditutup Melemah ke Level 6.595 | Rekomendasi Saham Hari Ini - JARR - Buy 3310-3330 | TP 3400-3450 | SL 3130 - GULA - Buy 790-800 | TP 810-820 | SL 745 - ARTO - Buy 1015-1025 | TP 1050-1075 | SL 960 - GZCO - Buy 200-204 | TP 210-216 | SL 190 - SIMP - Buy 645-655 | TP 665-680 | SL 610 Disclaimer: Ingat, bahwa segala analisis dan rekomendasi saham dalam artikel ini bersifat informatif sekaligus bukan merupakan ajakan untuk membeli atau menjual saham tertentu. Lihat juga Video Dinar Candy Buka Bisnis Kapal Tongkang-Batu Bara Mandiri",Finance
103,"Indeks Harga Saham Gabungan (IHSG) pagi ini dibuka di zona hijau. IHSG kembali ke level 6.600 saat perdagangan dibuka. Dilansir dari data perdagangan RTI, Kamis (3/9/2026), IHSG dibuka di level 6.632 pada pukul 09.00 WIB. Kemudian terus menguat hingga 0,37% secara harian hingga level 6.620 pada pukul 09.05 WIB. IHSG diperdagangkan paling tinggi pada level 6.638,60. Kemudian paling rendah terparkir di level 6.614,71. Sehari sebelumnya IHSH ditutup di zona merah pada level 6.595,77. | Baca juga: IHSG Ditutup Melemah ke Level 6.595 | Mayoritas saham menguat. Sebanyak 308 saham naik, 169 saham melemah, dan 212 saham stagnan. Volume perdagangan tembus 2,5 miliar saham dengan perputaran uang mencapai Rp 1 triliun. Frekuensi perdagangan mencapai 162.076 kali. Lihat juga Video: Dominasi Sentimen Domestik Berada di Angka 60% Saham IHSG",Finance
104,"Otoritas Jasa Keuangan (OJK) mengusulkan perubahan rancangan kerja dan anggaran (RKA) 2027 seiring pembentukan Bursa Mineral dan Komoditas Strategis (BMKS). Dengan perubahan tersebut, anggaran OJK untuk 2027 menjadi Rp 10,58 triliun. Sebelumnya, RKA OJK yang telah ditetapkan dan disetujui Komisi XI adalah sebesar Rp 10,24 triliun. Namun besaran anggaran tersebut belum mencakup kebutuhan BMKS sebagaimana yang dimandatkan Undang-Undang (UU) Pengembangan dan Penguatan Sektor Keuangan (P2SK). ""Sehubungan dengan penetapan Kepala Eksekutif Pengawas BMKS dalam rapat paripurna DPR RI tanggal 27 Agustus, kami telah mengajukan penyesuaian RKA 2027. Penyesuaian juga mencakup pengendalian bidang audit internal, manajemen risiko dan pengendalian kualitas, kebijakan strategis, serta tambahan infrastruktur IT dan kelogistikan,"" ungkap Ketua Dewan Komisioner Otoritas Jasa Keuangan (OJK), Friderica Widyasari Dewi dalam Rapat Kerja (Raker) bersama Komisi XI di Kompleks Parlemen, Senayan, Jakarta, Kamis (3/9/2026). Dalam kesempatan yang sama, Wakil Ketua Dewan Komisioner OJK Hernawan Bekti Sasongko, menjelaskan BMKS nantinya akan menerima porsi anggaran sekitar Rp 340,20 miliar. Rinciannya, bidang pengawasan sebesar Rp 197,51 miliar dan penyediaan infrastruktur serta penguatan fungsi lain sebesar Rp 142,69 miliar. ""Anggaran pengeluaran OJK pada tahun 2027, sebagaimana tadi disampaikan oleh Bu Ketua, yang sebelumnya disetujui sebesar Rp 10,24 triliun, disesuaikan menjadi Rp 10,58 triliun atau meningkat sebesar Rp 340,20 miliar,"" terangnya. Hernawan menjelaskan, kebutuhan BMKS meliputi biaya operasional untuk pengaturan, pengawasan, perizinan, dan pengembangan. Selain itu, anggaran juga mencakup kebutuhan SDM serta penguatan infrastruktur teknologi informasi dan pengembangan aplikasi untuk mendukung pengawasan BMKS secara digital. Sementara itu, penyediaan infrastruktur dan penguatan fungsi akan difokuskan pada penambahan infrastruktur logistik dan teknologi informasi, serta penguatan fungsi literasi dan inklusi keuangan. ""Dengan sumber anggaran tetap Rp 13,89 triliun, dan pengeluaran setelah penyesuaian Rp 10,58 triliun, saldo awal tahun berikutnya diproyeksikan sebesar Rp 3,307 triliun atau saldo berkurang Rp 340,20 miliar dibandingkan postur yang disetujui 17 Juni 2026,"" jelasnya. Hernawan menambahkan, komposisi pengeluaran OJK terdiri atas operasional Rp 1,18 triliun, administratif Rp 8,33 triliun, dan untuk pengadaan aset Rp 1,06 triliun. Pada pengadaan aset, anggaran infrastruktur kelogistikan kantor pusat dan daerah menjadi Rp 574,24 miliar. Adapun rinciannya, penyediaan gedung kantor pusat Rp 234,52 miliar, infrastruktur gedung kantor OJK di daerah Rp 339,71 miliar, infrastruktur TI Rp 326,77 miliar, dan pengadaan aset lainnya Rp 168,17 miliar. Selanjutnya OJK akan menyiapkan aturan dan mekanisme pengawasan BMKS. OJK juga akan mengkaji dan membandingkan ketentuan yang ada, sekaligus memproses perizinan bagi bursa, anggota bursa, dan lembaga penunjang yang diperlukan untuk membangun ekosistem value chain ICOMEX. Sementara itu, untuk pengawasan, OJK akan membangun sistem pelaporan dan mengawasi tata kelola serta operasional BMKS secara menyeluruh dan terintegrasi. ""Pada aspek pengawasan, OJK akan membangun sistem informasi pelaporan serta mengawasi tata kelola dan operasional BMKS secara integrasi dan end-to-end,"" pungkasnya. (ahi/ara)",Finance
105,"Sebanyak 13 Bank Perekonomian Rakyat (BPR) dan BPR Syariah (BPRS) telah ditutup hingga September 2026 oleh Otoritas Jasa Keuangan. Ketua Dewan Komisioner Lembaga Penjamin Simpanan (LPS) Anggito Abimanyu memastikan dana nasabah bank yang ditutup dan memenuhi ketentuan penjaminan akan dikembalikan oleh LPS. Proses pengembalian dana tersebut dilakukan paling lambat lima hari setelah bank ditutup dan tim likuidasi dibentuk. ""Dana nasabah yang di dalam penjaminan akan kita kembalikan dalam waktu 5 hari saja. Jadi seluruh dana nasabah yang dalam skema penjaminan, baik itu bunga maupun jumlahnya Rp 2 miliar, itu akan dikembalikan,"" ujar Anggito saat ditemui dalam acara Sarasehan 100 Ekonom di Jakarta, Kamis (3/9/2026). Meski begitu, Anggito menjelaskan bahwa dalam proses pengembalian dana tersebut masih ada kendala terhadap data BPR. Di mana belum seluruh BPR memiliki data yang mutakhir atau current. ""Makanya kami akan membuat yang namanya adalah itu dalam undang-undang, di membuatkan core system, supaya datanya real time. Jadi pada waktu resolusi, tidak ada lagi perbedaan antara data sebelumnya dengan data yang mutakhir. Minimal pergerakannya itu kami mengetahui melalui core system yang akan kita buat,"" katanya. Sementara untuk dana yang di atas Rp 2 miliar, Anggito menjelaskan bahwa pengembaliannya menunggu proses likuidasi dan bergantung pada tingkat pemulihan aset bank. ""Tapi di atas itu kan ada, itu pengembaliannya tergantung kepada recovery-nya. Kan dia punya aset, dia punya pinjaman. Kalau itu kita jual laku ya kita kembalikan, bayar, bayar, bayar,"" katanya. Adapun ketika ditanya soal kemungkinan adanya BPR atau BPRS lain yang ditutup, Anggito mengatakan hal tersebut masih bergantung pada proses konsolidasi yang dilakukan OJK. Ia menjelaskan konsolidasi BPR dapat dilakukan dengan berbagai cara, tidak selalu melalui penutupan. Sebagian bank dapat digabung melalui merger atau diakuisisi. Namun, ada pula bank yang masuk proses resolusi atau likuidasi. ""Nah kami yang bagian yang likuidasi. Jumlahnya berapa tergantung pada OJK. Sekarang sedang dilakukan program dalam 1 tahun, 2 tahun ke depan,"" katanya. Sebelumnya, Otoritas Jasa Keuangan (OJK) telah mencabut izin usaha 12 Bank Perekonomian Rakyat (BPR) dan satu Bank Perekonomian Rakyat Syariah (BPRS) sepanjang Januari hingga September 2026. Dengan begitu, ke-13 bank tersebut resmi tutup alias gulung tikar. Pencabutan izin itu dilakukan melalui keputusan anggota komisioner OJK, salah satunya terkait kondisi bank tidak sehat lantaran kekurangan modal. Terbaru, OJK resmi mencabut izin usaha PT Bank Perekonomian Rakyat Syariah (BPRS) Gaido Indonesia yang beralamat di Jalan Raya Bandung Nomor 75, Sadewata, Kecamatan Karangtengah, Kabupaten Cianjur, Provinsi Jawa Barat sejak 1 September 2026. ""Pencabutan izin usaha PT Bank Perekonomian Rakyat Syariah Gaido Indonesia merupakan bagian tindakan pengawasan yang dilakukan OJK untuk terus memperkuat industri perbankan serta menjaga kepercayaan masyarakat,"" tulis pengumuman dalam keterangan tertulis dikutip, Rabu (2/9/2026). Pada penutupan ini, OJK telah menetapkan BPRS Gaido Indonesia sebagai bank dalam status pengawasan BPRS Dalam Penyehatan (BDP) sejak 15 Agustus 2025. Di mana berdasarkan Rasio Kewajiban Pemenuhan Modal Minimum (KPMM) PT Bank Perekonomian Rakyat Syariah Gaido Indonesia di bawah ketentuan yakni negatif 7,56% dan peringkat kesehatan selama dua periode berturut-turut adalah Peringkat Komposit 5 (PK-5), yaitu pada periode Desember 2024 dan Juni 2025. Selanjutnya, pada tanggal 13 Agustus 2026, OJK menetapkan PT Bank Perekonomian Rakyat Syariah Gaido Indonesia sebagai Bank dengan status pengawasan BPR Syariah Dalam Resolusi (BDR). OJK pun telah memberikan waktu yang cukup kepada Pengurus dan Pemegang Saham PT Bank Perekonomian Rakyat Syariah Gaido Indonesia untuk melakukan upaya penyehatan khususnya dalam mengatasi permasalahan permodalan dan likuiditas sebagaimana diatur dalam Peraturan Otoritas Jasa Keuangan (POJK) Nomor 28 Tahun 2023 tanggal 29 Desember 2023 tentang Penetapan Status dan Tindak Lanjut Pengawasan Bank Perekonomian Rakyat dan Bank Perekonomian Rakyat Syariah. Meski demikian, Pengurus dan Pemegang Saham PT Bank Perekonomian Rakyat Syariah Gaido Indonesia tidak dapat melakukan penyehatan sesuai persyaratan. Berdasarkan Keputusan Anggota Dewan Komisioner Bidang Program Penjamin Simpanan dan Resolusi Bank Lembaga Penjamin Simpanan Nomor 118/ADK3/2026 tanggal 20 Agustus 2026 tentang Cara Penanganan Bank Dalam Resolusi PT BPR Syariah Gaido Indonesia, Lembaga Penjamin Simpanan (LPS) memutuskan cara penanganan Bank Dalam Resolusi PT Bank Perekonomian Rakyat Syariah Gaido Indonesia dengan melakukan likuidasi bank dan meminta OJK untuk mencabut izin usaha PT Bank Perekonomian Rakyat Syariah Gaido Indonesia. Menindaklanjuti permintaan LPS tersebut, maka berdasarkan Pasal 19 POJK di atas, OJK melakukan pencabutan izin usaha PT Bank Perekonomian Rakyat Syariah Gaido Indonesia. Dengan pencabutan izin usaha ini, LPS akan menjalankan fungsi penjaminan dan melakukan proses likuidasi sesuai Undang-undang Republik Indonesia Nomor 24 Tahun 2004 tentang Lembaga Penjamin Simpanan dan Undang-Undang Republik Indonesia Nomor 4 Tahun 2026 tentang Perubahan atas Undang-Undang Nomor 4 Tahun 2023 tentang Pengembangan dan Penguatan Sektor Keuangan. OJK pun meminta nasabah BPRS Gaido Indonesia diharapkan tetap tenang dan tidak terpengaruh oleh informasi yang tidak dapat dipertanggungjawabkan. Dana masyarakat pada perbankan, termasuk BPR Syariah, dijamin oleh LPS sesuai dengan ketentuan yang berlaku. Daftar 13 Bank Tutup Periode Januari-September 2026 1. PT BPR Suliki Gunung Mas, Sumatra Barat 2. PT BPR Prima Master Bank, Surabaya, Jawa Timur 3. Perumda BPR Bank Cirebon, Jawa Barat 4. PT BPR Kamadana, Bangli, Bali 5. PT BPR Koperindo Jaya, Jakarta Pusat 6. PT BPR Pembangunan Nagari, Agam, Sumatra Barat 7. PT BPR Sungai Rumbai, Dharmasraya, Sumatera Barat 8. PT BPR Ceper Permata Artha, Klaten, Jawa Tengah 9. PT BPR Dwicahaya Nusaperkasa, Batu, Jawa Timur 10. PT BPR Mataram Mitra Manunggal, Yogyakarta 11. PT BPR Syariah Hasanah Mandiri, Depok, Jawa Barat 12. PT BPR Citra Bersada Abadi, Bintara, Bekasi Barat, Kota Bekasi. 13. PT Bank Perekonomian Rakyat Syariah (BPRS) Gaido Indonesia, Cianjur, Jawa Barat. Lihat juga Video: Bank Jambi Laporkan Dugaan Pidana ITE Usai Uang Nasabah Raib",Finance
106,"PT Swayasa Prakasa Tbk (SWAP) dikabarkan menunda rencana penawaran umum perdana saham (Initial Public Offering/IPO). Penundaan aksi korporasi perusahaan milik Universitas Gadjah Mada (UGM) ini terjadi karena belum memperoleh pernyataan efektif dari Otoritas Jasa Keuangan (OJK). Berdasarkan prospektus perseroan, Swayasa Prakasa diketahui diperkirakan melakukan IPO di Bursa Efek Indonesia (BEI) pada 10 September 2025. Rencana penundaan IPO ini juga belum diketahui hingga kapan. ""Dalam merangkap persetujuan untuk pernyataan efektif, tentu harus menunggu hal itu dari OJK dan kalau itu belum diterima, maka nanti akan ada kemungkinan pemunduran jadwal dimaksud,"" ungkap Kepala Eksekutif Pengawas Pasar Modal, Keuangan Derivatif, dan Bursa Karbon OJK Hasan Fawzi di Kompleks Parlemen, Senayan, Jakarta, Kamis (3/9/2026). | Baca juga: Perusahaan Milik UGM Tunda IPO | Di sisi lain, Hasan mengatakan pernyataan efektif pencatatan saham SWAP juga telah berakhir sebelumnya pada 31 Agustus 2026. Sehingga ke depan, perseroan perlu melakukan penyesuaian dan pengajuan kembali rencana IPO ke OJK. ""Nanti tentu kepada yang bersangkutan ada siklus revisi penyesuaian yang diperlukan dan kemudian nanti pengajuan kembali untuk proses lebih lanjut dalam rangka mendapatkan pernyataan efektif dan persetujuan pencatatan nanti di Bursa,"" terangnya. Sebelumnya, SWAP juga telah mengirimkan surat penundaan rencana IPO ke pada BEI. Surat tersebut diterima BEI pada Selasa (1/9) karena perseroan belum mendapat pernyataan efektif dari OJK. ""Berdasarkan surat yang diterima, rencana penundaan dilakukan karena sampai dengan tanggal 1 September 2026, PT Swayasa Prakarsa Tbk belum memperoleh Pernyataan Efektif dari Otoritas Jasa Keuangan untuk melaksanakan penawaran umum,"" ungkap Saidu dalam keterangannya, Rabu (2/9/2026). | Baca juga: Rekomendasi Saham Hari Ini saat IHSG Menguat | Sebagai informasi, SWAP merupakan perusahaan manufaktur produk kesehatan berbasis riset milik UGM. SWAP berencana menawarkan maksimal 323 juta saham baru atau setara 30,30% modal yang ditempatkan dan disetor penuh setelah penawaran umum. Berdasarkan prospektus, SWAP menetapkan harga penawaran di rentang Rp 130-Rp 140 per saham. Pada aksi korporasi ini, Swayasa Prakasa menunjuk PT Sukadana Prima Sekuritas sebagai penjamin pelaksana emisi efek. ""Jumlah seluruh nilai penawaran umum sebanyak-banyaknya adalah Rp 45.220.000.000,"" tulis Manajemen SWAP, dikutip Minggu (23/8/2026). Lihat juga Video: Pramono Dorong PAM Jaya Segera IPO, Kepemilikan Publik 30%",Finance
107,"Otoritas Jasa Keuangan (OJK) buka-bukaan soal porsi saham Bursa Efek Indonesia (BEI) yang bisa digenggam oleh lembaga negara melalui mekanisme demutualisasi. Aturan tersebut nantinya tertuang dalam Peraturan OJK (POJK) yang dijadwalkan terbit September ini. Berdasarkan rancangan POJK yang tengah disusun, terdapat batas maksimum kepemilikan satu pihak atas saham BEI yakni sebesar 5%. Ketentuan ini berlaku secara umum, baik pemegang saham dari Anggota Bursa (AB) maupun lembaga negara. ""Dalam konsep POJK sekarang kami bunyikan ketentuan di 5%. Untuk semuanya. Jadi pihak yang akan menjadi pemegang saham Bursa Efek, setiap pihak tersebut, sepanjang memiliki porsi kepemilikan dibandingkan jumlah saham yang dikeluarkan oleh Bursa sebanyak maksimum 5%, itu dipersilahkan,"" ungkap Kepala Eksekutif Pengawas Pasar Modal, Keuangan Derivatif, dan Bursa Karbon OJK Hasan Fawzi di Kompleks Parlemen, Senayan, Jakarta, Kamis (3/9/2026). | Baca juga: Aturan Demutualisasi Bursa Terbit Bulan Ini | Namun pemegang saham strategis, termasuk lembaga, dimungkinkan untuk melampaui batas 5% tersebut. Akan tetapi proses tersebut harus melalui proses penelitian dan persetujuan POJK. ""Tentu yang menjadi pemegang saham strategis, termasuk 3 pihak tadi, jika sampai hal itu terpenuhi dan nanti melalui proses penelitian dan persetujuan di POJK dimungkinkan, maka untuk pihak-pihak tertentu tersebut masih dimungkinkan untuk memiliki porsi saham di Bursa Efek melampaui angka batasan di 5% dimaksud. Tapi sekali lagi nanti akan ada proses lanjutan berupa pengajuan dan juga nanti penelaahan,"" tegasnya. Hasan menjelaskan, OJK telah melakukan berbagai pembahasan dan mengharmonisasikan rancangan aturan tersebut dengan Kementerian Hukum. Secara internal, ia juga memastikan rancangan POJK tersebut sudah masuk tahap finalisasi. Selanjutnya OJK akan menggelar Focus Group Discussion (FGD) dengan DPR untuk penajaman dan perumusan final rancangan POJK tersebut. Setelahnya, OJK tinggal menunggu hasil harmonisasi dari Kementerian Hukum untuk diterbitkan dan berlaku efektif bulan ini. ""Prosesnya alhamdulillah lancar, sesuai dengan rencana kita harapkan Sedang dalam finalisasi, kita harapkan segera kita finalkan di bulan ini, di Q-3, di September ini,"" pungkasnya. | Baca juga: Alasan BEI Tunda Harga Minimum Saham Rp 1 | Sebagai informasi, demutualisasi merupakan mandat dari Undang-Undang (UU) tentang Pengembangan dan Penguatan Sektor Keuangan (P2SK). Dalam aturan tersebut, terdapat tiga lembaga negara yang dibolehkan menjadi pemegang saham BEI yakni Kementerian Keuangan, Bank Indonesia, dan Badan Pengelola Investasi (BPI) Daya Anagata Nusantara (Danantara). Berdasarkan catatan detikcom, BPI Danantara telah mengajukan minat untuk menjadi pemegang saham BEI melalui proses demutualisasi. Namun rencana pembelian saham BEI masih dalam tahap pembahasan dengan OJK dan BEI. Pembelian saham BEI diketahui berkaitan dengan demutualisasi yang saat ini masih dalam proses penyusunan POJK. Aturan ini diproyeksikan rampung bulan September. ""Ya, demut kita masih proses, baik dengan OJK dan juga dengan Direksi Bursa, ya insyaallah beberapa bulan ke depan bisa rampung,"" ungkap Chief Investment Officer (CIO) BPI Danantara, Pandu Sjahrir, kepada wartawan di Gedung BEI, Jakarta, Senin (10/8/2026). Lihat juga Video: Maraton 3 Hari DPR-Pemerintah Genjot Bursa dan Rupiah",Finance
108,"Otoritas Jasa Keuangan (OJK) memastikan peraturan terkait demutualisasi Bursa Efek Indonesia (BEI) akan terbit bulan ini. Ketentuan demutualisasi tersebut nantinya tertuang dalam Peraturan OJK (POJK) yang saat ini masuk dalam tahap finalisasi. ""Prosesnya alhamdulillah lancar, sesuai dengan rencana kita harapkan Sedang dalam finalisasi, kita harapkan segera kita finalkan di bulan ini, di Q-3, di September ini,"" ungkap Kepala Eksekutif Pengawas Pasar Modal, Keuangan Derivatif, dan Bursa Karbon OJK Hasan Fawzi di Kompleks Parlemen, Senayan, Jakarta, Kamis (3/9/2026). Hasan menjelaskan, OJK telah melakukan berbagai pembahasan dan mengharmonisasikan rancangan aturan tersebut dengan Kementerian Hukum. Secara internal, ia juga memastikan rancangan POJK tersebut sudah masuk tahap finalisasi. | Baca juga: Alasan BEI Tunda Harga Minimum Saham Rp 1 | Selanjutnya OJK akan menggelar Focus Group Discussion (FGD) dengan DPR untuk penajaman dan perumusan final rancangan POJK tersebut. Setelahnya, OJK tinggal menunggu hasil harmonisasi dari Kementerian Hukum untuk diterbitkan dan berlaku efektif. ""Tentu kita menunggu hasil harmonisasi dari Kementerian Hukum, kalau sudah ada maka nanti tinggal penomoran dan dilakukan penetapan oleh OJK untuk diterbitkan dan berlaku efektif,"" jelasnya. Hasan mengatakan, Bursa Efek Indonesia (BEI) nantinya harus segera menindaklanjuti POJK tersebut dengan melakukan penyesuaian dan perubahan di anggaran dasar (AD) terkait struktur kelembagaan dan kepemilikan saham. Perubahan tersebut juga perlu disetujui oleh seluruh pemegang saham BEI saat ini, sebelum mengundang calon pemegang saham baru. ""Bursa Efek akan harus juga melakukan penyesuaian peraturan-peraturan Bursa Efek yang terdampak dengan perubahan sifat Bursa yang menjadi demutualisasi ini. Nah nanti tentu segera setelah itu dilakukan mekanisme pengambilan keputusan oleh pemegang saham bursa, untuk selanjutnya mengundang pihak lain selain anggota bursa, untuk menjadi bagian dari pemegang saham baru Bursa Efek,"" pungkasnya. Lihat juga Video: Maraton 3 Hari DPR-Pemerintah Genjot Bursa dan Rupiah",Finance
109,"Gubernur Bank Indonesia (BI) Destry Damayanti melaporkan bahwa posisi cadangan devisa (cadev) Indonesia pada akhir Agustus 2026 sebesar US$ 146 miliar. Angka ini naik tipis dibandingkan dengan posisi akhir Juli 2026 sebesar US$ 145,3 miliar. Destry mengatakan posisi cadev tersebut turut ditopang oleh masuknya aliran dana asing ke instrumen portofolio, terutama Surat Berharga Negara (SBN) dan Sekuritas Rupiah Bank Indonesia (SRBI). Hal ini terjadi seiring adanya penyesuaian harga atau repricing pada kedua instrumen tersebut. ""Cadev kita posisi akhir Agustus kemarin US$ 146 miliar. Ya kita beruntung masih ada. Kalau kita lihat dana portfolio dengan adanya repricing. Jadi adjustment harga yang dilakukan termasuk SBN, yield-nya melakukan penyesuaian, SRBI juga melakukan penyesuaian, sehingga kita melihat ada inflow masuk cukup besar khususnya masih di dua instrumen ini SBN dan SRBI,"" ujar Destry di acara Sarasehan 100 Ekonom di Jakarta, Kamis (3/9/2026). Destry menyebut total aliran dana asing yang masuk ke dua instrumen itu sekitar US$ 10-11 miliar secara year to date (ytd). Meski begitu, ia menyampaikan saat ini masih ada pekerjaan rumah dalam mendorong dana asing masuk ke pasar modal Indonesia. Di satu sisi, ia tetap optimistis dengan pasar modal Indonesia. Destry mengatakan pasar saham Indonesia saat ini banyak ditopang oleh investor domestik, termasuk ritel. Di sisi lain, ia menyampaikan pihaknya juga terus memperkuat transaksi menggunakan mata uang lokal atau Local Currency Transaction (LCT). Destry mengatakan tren transaksi LCT terus meningkat, terutama dalam hubungan ekonomi Indonesia dengan China dan Jepang. ""Nah yang juga kita keluarkan belakangan ini adalah kita ingin menarik asing dan kita memberikan mereka insentif dalam bentuk pengurangan untuk hedging costnya dan kalau kita lihat sekarang asing ini banyak masuk ke Indonesia. Kemudian ada yang dia jual dolarnya, kemudian dapat Rupiah, dia belilah instrument tapi masih portfolio. Karena biasa kalau dalam suatu ekonomi pada saat dia untuk menarik inflow pertama pasti masuknya ke portfolio. Once mereka udah makin yakin dia mulai masuk ke sektor riilnya,"" terang Destry. ""Nah sekarang itu yang kami lakukan hedging cost kita turunkan tanpa kita mengurangi BI rate kita ubah, tanpa juga kita menaikkan SRBI, tapi kita memberikan hedging cost,"" sambungnya. Lihat juga Video: PT Freeport Hingga ANTAM Raih Anugerah Program Bisnis Terpuji",Finance
110,"Menteri Ketenagakerjaan (Menaker) Ida Fauziyah menegaskan pencairan Jaminan Hari Tua (JHT) dikembalikan ke Permenaker Nomor 19 Tahun 2015. Artinya JHT bisa cair tanpa menunggu usia 56 tahun. Kementerian Ketenagakerjaan (Kemnaker) saat ini sedang memproses revisi Permenaker Nomor 2 Tahun 2022. Pada prinsipnya, ketentuan tentang klaim JHT sesuai dengan aturan lama, bahkan dipermudah. Kemnaker saat ini aktif menyerap aspirasi bersama Serikat Pekerja/Serikat Buruh. Hal itu dilakukan sebagai upaya untuk mempercepat proses revisi. Pihaknya secara intensif berkoordinasi dan berkomunikasi dengan Kementerian/Lembaga terkait. ""Kami sedang melakukan revisi Permenaker No.2 tahun 2022, insyaallah segera selesai. Kami terus melakukan serap aspirasi bersama Serikat Pekerja/Serikat Buruh, serta secara intens berkomunikasi dengan Kementerian/Lembaga"" tegas Ida. Perlu diketahui bahwa Permenaker 2/2022 belumlah berlaku efektif. Jadi, Permenaker 19/2015 sebenarnya masih berlaku saat ini. Dengan demikian pekerja yang ingin melakukan klaim JHT dapat menggunakan acuan Permenaker yang lama, termasuk bagi yang terkena-PHK atau mengundurkan diri. ""Perlu saya sampaikan kembali bahwa Permenaker lama (No. 19/2015) saat ini masih berlaku dan masih menjadi dasar bagi teman-teman pekerja/buruh untuk melakukan klaim JHT. Tidak terkecuali bagi yang ter-PHK maupun mengundurkan diri tetap dapat klaim JHT sebelum usia pensiun"" terang Ida. Ida menjelaskan saat ini juga sudah mulai berlaku Program Jaminan Kehilangan Pekerjaan (JKP) bagi mereka yang ter-PHK. Program ini memiliki 3 manfaat yang dapat diperoleh oleh pesera JKP yakni manfaat uang tunai, akses terhadap informasi pekerjaan melalui situs pasker.id, serta pelatihan untuk skilling, upskilling maupun re-skilling. ""Dengan demikian saat ini berlaku 2 (dua) program jaminan sosial ketenagakerjaan untuk memproteksi pekerja/buruh yang kehilangan pekerjaan, yaitu berupa JHT dan JKP. Beberapa pekerja ter-PHK sudah ada yang mengklaim dan mendapatkan uang tunai dari program JKP"" tambahnya. Simak Video: Lika-liku Aturan JHT: Sejahterakan Pekerja Atau Kepentingan Negara?",Finance
111,"Hidup berjalan tak selamanya sesuai dengan ekspektasi. Seusai lulus dari bangku SMA, Satria Gunawan memulai karirnya sebagai pilot. Tak disangka, kondisi ekonomi keluarga memutar balikkan hidupnya sampai ia harus menjadi petani teh. Sebagai mantan pilot helikopter, Gunawan membutuhkan waktu bertahun-tahun lamanya untuk mulai mencintai teh. Bunyi pepatah, ""Tak kenal, maka tak sayang,"" berlaku dalam hidupnya. Lambat, tetapi pasti, Gunawan jatuh cinta dengan teh dan budaya yang membangun teh. Setelah memahami tumbuhan teh dan cara pengolahannya, ia memulai bisnis teh artisan pada tahun 2015. Sejak saat itu, bisnisnya terus berkembang hingga pada 2017 ia membangun kedai di Gandarai Selatan berjenama House of Teh. Melalui jejaring dan komunitas, ia membangun bisnis teh artisan dan menjadi salah satu pemasok teh artisan ternama di berbagai pulau besar di Indonesia. Seperti apa perjalanan karirnya dari pilot menjadi pebisnis teh? Bagaimana cara ia bisa mempertahankan bisnisnya di tengah gempuran minuman modern? Simak jawaban lengkapnya di d'Mentor on Location bersama Satria Gunawan! Tonton secara eksklusif di detikcom! (kil/kil)",Finance
112,"Memiliki hewan peliharaan merupakan gaya hidup yang membutuhkan banyak biaya. Pengeluaran yang harus disiapkan mulai dari makanan, mainan, hingga perawatan bulu dan kesehatan. Peluang tersebut dimanfaatkan oleh Trisetyani Suci, co-founder Anabul Pet Center, Depok. Bersama tiga rekannya, Suci membangun bisnis perawatan khusus kucing atas dasar kecintaan mereka terhadap anabul atau anak bulu, sapaan akrab bagi kucing. Anabul Pet Center memiliki beberapa layanan yang ditawarkan sesuai dengan kebutuhan kucing, seperti pet shop, dokter hewan, grooming, hingga pet hotel. Semua layanan tersebut tersedia dalam satu ruko di Kecamatan Pancoran Mas, Depok. Siapa sangka bisnis layanan 'hotel' untuk kucing ini menelurkan omzet nyaris Rp 100 juta setiap bulannya. Bahkan omzetnya bisa naik dua hingga tiga kali lipat sebulan selama masa liburan berlangsung. Intip perjalanan bisnisnya hingga bagaimana ini bisa jadi inspirasi untuk diduplikasi oleh detikers, cuma di d'Mentor on Location!",Finance
113,"Informasi bohong saat ini masih marak beredar dan dipercaya sebagian masyarakat, termasuk hoaks terkait isu moneter. Di dunia perbankan, ajakan menarik uang secara besar-besaran dengan berbagai motif juga kerap digencarkan pihak tak bertanggung jawab. Belakangan seruan menarik dana di bank kembali ramai di media sosial. Seruan itu muncul lantaran beredar kabar dana nasabah yang tiba-tiba menghilang. Ajakan menarik dana alias rush money di perbankan ini juga sempat merebak saat pandemi corona atau Covid-19. Informasi ini berbahaya lantaran penarikan dana secara masif di bank atau rush money dapat merusak perekonomian Indonesia. Kenapa isu seperti ini kerap beredar di masyarakat? Bagaimana masyarakat dapat memahami ini? Seperti apa sebenarnya garansi bank mengamankan dana nasabah? Dengar dan tonton diskusinya bersama Ekonom Segara Institute, Piter Abdullah dalam d'Mentor live Kamis (2/5/24) ini jam 13.00 WIB, hanya di detikcom! (eds/eds)",Finance
114,"Hewan peliharaan sangat mudah ditemukan di sekitar kita. Bahkan tak jarang sudah seperti bagian dari sebuah keluarga. Meski hewan peliharaan yang kerap dijumpai identik dengan anjing dan kucing, ternyata jenis reptil seperti kura kura darat juga cukup populer bagi masyarakat Indonesia. Sedikit berbeda dengan anjing dan kucing yang digemari lantaran menggemaskan dan bisa menjadi teman, sulcata ternyata membawa pendekatan ekonomi alias pundi-pundi keuntungan yang bernilai besar. Seperti apa potensinya? Potensi Cuan Ternak Sulcata Pada tahun 2022, Rakuten Insight Center, perusahaan survei asal Amerika melakukan studi mengenai kepemilikan hewan peliharaan di Indonesia. Survei yang dilakukan terhadap 10.442 responden ini menunjukkan bahwa 67% dari penduduk Indonesia memiliki hewan peliharaan. Lalu, ada 10% yang menjawab pernah memiliki peliharaan dan sisanya tidak punya. Bila diibaratkan, enam dari sepuluh rumah di Indonesia dihuni oleh hewan peliharaan. Kucing, menjadi hewan yang paling populer dengan persentase kepemilikan 47%. Ketika Indonesia dilanda pandemi Covid-19 pada 2020 lalu, industri hewan peliharaan tetap menampilkan pertumbuhan positif. Padahal, hampir semua sektor bisnis mengalami kemunduran di era pandemi. Pembatasan kegiatan di era pandemi memaksa orang-orang memiliki hobi baru, salah satunya merawat hewan peliharaan. Orang-orang yang memiliki hewan peliharaan otomatis akan mengeluarkan uang untuk produk makanan, perawatan, dan kesehatan hewan. Hal ini yang menjadi alasan dari majunya sektor hewan peliharaan di masa Covid-19. Berdasarkan survei Rakuten terhadap 7.015 warga Indonesia yang memiliki hewan peliharaan, sebanyak 38% responden mengeluarkan uang sebanyak Rp 100.000-300.000 tiap bulannya untuk keperluan hewan peliharaan. Pengeluaran itu dialokasikan untuk pembelian produk makanan, kebersihan kandang, dan perawatan hewan. Hal ini tentu dapat menjadi peluang bagi pegiat bisnis hewan peliharaan di Indonesia. Peluang ini memberi ruang kepada usaha-usaha lokal seputar hewan peliharaan untuk tumbuh dan membantu menggerakkan perekonomian Indonesia. Mengingat selama 30 tahun terakhir, sektor hewan peliharaan menjadi sektor yang terus berkembang secara stabil. Hal ini turut dimanfaatkan oleh Achmad Iqbal Furdausi, pemilik dari Bumi Reptile, bisnis hewan peliharaan asal Bogor yang kerap meraup omzet puluhan juta rupiah per bulannya. Sesuai dengan namanya, Bumi Reptile adalah bisnis yang berfokus pada hewan peliharaan berjenis reptil, yakni kura-kura. Ternyata, kura-kura cukup populer di kalangan pecinta hewan karena memiliki umur yang panjang dan memiliki daya tarik estetika tersendiri. Namun, Bumi Reptile tak menjual kura-kura biasa yang sering dijumpai di akuarium. Bumi Reptile memasarkan kura-kura darat atau sulcata. Sulcata ini dibanderol mulai dari harga Rp 800.000. Iqbal sendiri memulai bisnis ini dari kecintaannya pada kura-kura. Dia memutuskan untuk memulai bisnis sulcata, setelah membagi telur kura-kura kesayangannya kepada teman-temannya dan mendapatkan respons untuk menjual telur-telur itu saja. Dengan modal Rp 25 juta, Iqbal memulai bisnis sulcata. Sulcata sendiri diminati karena dapat dijadikan hiasan taman, rumah, dan perawatannya yang lebih mudah dan tak serepot hewan domestik lainnya. Ternyata, merawat dan memberi makan hewan tak hanya membuat hewannya gemuk, tapi dapat membuat dompet kita ikut gemuk juga. ""Di saat aku resign kerja, aku tuh pengin coba hobi-hobi binatang yang nggak bau dan aman untuk ditaruh di rumah. Akhirnya, aku yakinin diriku. Rp 25 juta, 5 jutanya aku pakai buat bikin kandang, 20 jutanya beli modal beli kura-kura. Saat itu, harganya tuh sekitar Rp 700 ribu, jadi dapat kurang lebih 20 ekor,"" jelas Iqbal dalam program d'Mentor, Kamis (7/3/24). Prestasi Bumi Reptile Bisnis sulcata memiliki permintaan yang tinggi, terutama dari area Jabodetabek. Meski begitu, Sulcata Bumi Reptile juga kerap mendapatkan permintaan dari wilayah Papua, Maluku, Aceh, Ternate, dan juga Tidore. Permintaan atas sulcata pun ikut naik secara signifikan setelah Iqbal memutuskan untuk mengiklankan sulcata ke para selebriti. Sulcata ini jadi makin populer, sampai-sampai pernah beberapa kali membintangi iklan, film, video klip, bahkan beberapa kali di sewa untuk pemotretan pre-wedding. ""Awal-awal, justru aku kasih-kasih aja. Jadi, aku mapping dulu, artis yang aku suka siapa, apakah dia suka hewan, animal lovers. Kalau dia animal lovers, biasanya aku DM."" jelas Iqbal. Bumi Reptile menyediakan beragam jenis kura-kura darat, di antaranya adalah sulcata, aldabra, dan leopard pardalis. Hal yang membedakan mereka adalah corak dan warnanya. Harga yang dibanderol untuk satu ekor sulcata dengan ukuran 12 cm adalah Rp 1,8 jutaan dan sulcata dengan ukuran 50 cm seharga Rp 25 juta. Untuk aldabra ukuran 9 cm dibanderol mulai dari harga Rp 25 juta. Terakhir, untuk leopard pardalis kecil (bayi) dibanderol mulai dari Rp 1 juta. Dalam sebulan, Bumi Reptile dapat menjual 200 hingga 300 ekor. ""Omzetnya per bulan nih. Per bulan kalau dari jual kura-kura, bisa di Rp 40-50 jutaan. Untuk pemeliharaannya sendiri gampang, pagi kita jemur, abis itu kita rendam dan kasih lampu buat yang masih kecil. Kalau udah besar, kita (taruh) di outdoor aja,"" Jelasnya. Tips dan trik Bumi Reptile sendiri memiliki strategi untuk bertahan di dunia bisnis hewan peliharaan, yakni dengan menggunakan strategi bisnis 'hulu ke hilir'. Jadi, selain menjual kura-kura hidup, Bumi Reptile juga menyediakan beragam keperluan hewan. Mulai dari pakan, vitamin, hingga keperluan kandang dan mandi hewan. Barang-barang itu kebanyakan hasil produksi sendiri. Dengan begini, pelanggan yang sebelumnya membeli sulcata akan berpotensi untuk membeli barang secara berulang di Bumi Reptile dan menjadi langganan toko. Iqbal juga menjelaskan kalau dia membuka diskusi bagi pembelinya, kalau-kalau membutuhkan saran atas perilaku atau kesehatan hewan. Tak hanya itu, Bumi Reptile juga aktif memasarkan barang dagangannya di media sosial. Media sosial digunakan oleh Iqbal sebagai media promosi sulcata dan juga menjadi tempatnya berinteraksi bersama para pengikutnya. Bila tertarik untuk memulai bisnis di sektor hewan peliharaan, Iqbal berpesan untuk memulainya karena sayang pada sang hewan. ""Tips dan triknya yang pertama, kalian harus suka dulu. Jangan mikirin cuannya aja. Setelah sayang, pelajari penyakitnya dan cara ngerawatnya. Tiga, cari marketnya dan yang keempat, kalau yakin, jalanin,"" Pesan Iqbal. Perlu diingat pula bahwa bisnis di sektor hewan peliharaan ini harus dijalankan dengan penuh kehati-hatian. Khususnya dalam memperjualbelikan hewan yang hidup. Jangan sampai kesehatan hewan jadi terabaikan. Pastikan agar hewan-hewan tersebut selalu mendapatkan pengawasan dan hidup dengan baik sehingga bisnis ini dapat tumbuh dengan sehat dan berkepanjangan. (eds/eds)",Finance
115,"Memberikan bingkisan atau hantaran berupa makanan kepada orang-orang terkasih menjadi tradisi yang semakin kental di masyarakat, utamanya saat Hari Raya. Hantaran yang kini populer dikenal dengan sebutan hampers tersebut juga menciptakan peluang-peluang ekonomi baru. Celah ini dimanfaatkan oleh David Liementha dalam membangun bisnisnya, Melts.id. Sejak pandemi, Melts.id eksis sebagai pilihan pelanggannya dalam mencari hampers, khususnya bagi mereka yang tertarik dengan makanan sehat. Lain halnya dengan Rully Mustaqimah, yang justru memanfaatkan momentum Hari Raya sebagai peluang mengeruk sumber pendapatan baru. Lewat jenama Tanzif.id, Rully mengemas hampers sabun organiknya secara musiman dan berhasil meraup cuan berlipat ganda. Seberapa cuan bisnis musiman hampers? Bagaimana cara mengintip peluang dalam tren musiman seperti berkirim hampers? Simak liputan kami tentang gurihnya bisnis hampers di d'Mentor on Location bersama David Liementha dan Rully Mustaqimah. Tonton sekarang di detikcom!",Finance
116,"Bisnis lilin tak hanya berkutat di penerangan. Lilin kini memiliki berbagai fungsi, mulai dari estetika, dekorasi hingga aromaterapi. Peluang itu lah yang dimanfaatkan oleh Yulianah dan suami dalam membangun bisnisnya, Jakarta Candle. Berdiri sejak 2011, Jakarta Candle berhasil melalui berbagai tantangan, seperti pandemi Covid-19, penipuan, hingga menghadapi berbagai macam polah pelanggan. Hasilnya, hingga kini usaha lilin aromaterapi tersebut berhasil mencatatkan omzet hingga 700 juta dalam setahun. Kerja sama pasangan suami istri dalam membangun bisnis menjadi cerita menarik tersendiri. Sang suami dengan kegigihannya dalam bereksperimen merancang produk berkombinasi dengan Yulianah yang gemar bicara dan handal di marketing. Pasar dekorasi dan wedding menjadi pilihan pasar yang diarungi Jakarta Candle. Lilin-lilin cantik Jakarta Candle menghiasi berbagai macam acara dan pernikahan. Di sisi lain, lilin aromaterapinya terkenal sebagai souvenir pilihan para wedding organizer. Lantas, bagaimana perjalanan bisnis Jakarta Candle? Seberapa cuan peluang bisnis ini? Simak liputannya di d'Mentor on Location episode 'Semerbak Bisnis Aromaterapi'. (eds/eds)",Finance
117,"Industri kerajinan batik masih terus berkembang hingga saat ini. Meski telah berlangsung dalam sejarah yang panjang, peminat batik tak lekang oleh waktu. Peluang ini pula yang ditangkap dengan cermat oleh Ergy Adhitama (33). Ergy memulai Bonolo dengan modal Rp 10 juta saja. Siapa sangka, dalam waktu sewindu, bisnis tersebut kini telah berhasil mempekerjakan tak kurang dari 30 orang dan menghasilkan omzet ratusan juta rupiah. Selama orang-orang masih pergi ke kantor, selama itu pula dia yakin bisnis batiknya akan bertahan",Finance
118,"Industri kerajinan batik masih terus berkembang hingga saat ini. Meski telah berlangsung dalam sejarah yang panjang, peminat batik tak lekang oleh waktu. Peluang ini pula yang ditangkap dengan cermat oleh Ergy Adhitama (33). Ergy memulai Bonolo dengan modal Rp 10 juta saja. Siapa sangka, dalam waktu sewindu, bisnis tersebut kini telah berhasil mempekerjakan tak kurang dari 30 orang dan menghasilkan omzet ratusan juta rupiah. Selama orang-orang masih pergi ke kantor, selama itu pula dia yakin bisnis batiknya akan bertahan. Seberapa menjanjikan peluang usaha ini bisa diduplikasi? Bagaimana cara membesarkan bisnis batik di tengah riuhnya industri fesyen modern di Tanah Air? Dengarkan jawaban lengkapnya di d'Mentor on location, bersama Ergy Adhitama yang berhasil membesarkan bisnis batik kekinian dengan nama Bonolo. Tonton eksklusif di detikcom! (eds/eds)",Finance
119,"Pengembangbiakkan maggot cenderung dianggap harus memiliki lahan yang luas. Hal tersebut dibantah habis oleh Fathimah Himmatina melalui Magobox.id. Fathimah dan suami berhasil membangun sistem budidaya tanpa tempat luas dan tanpa bau. Bermula dari gaya hidup ramah lingkungan, Fathimah mencoba budidaya maggot di halaman rumah. Berbagai tantangan ia hadapi, mulai dari kaburnya maggot, kandang yang bau, hingga cuapan para tetangga. Tiga tahun Magobox.id beroperasi, Fathimah dan suami berhasil meraup omzet puluhan juta per bulannya. Kini, hidup lebih ramah lingkungan dan menjalankan bisnis bermandikan cuan berhasil dijalankan. Seperti apa perjalanan bisnis Fathimah dalam membangun Magobox.id? Simak wawancara kami di d'Mentor on Location episode ""Usaha Larva Lalat Penghasil Pundi-pundi Cuan Puluhan Juta""! (kil/kil)",Finance
120,"PT Aneka Tambang (Persero) Tbk (ANTM) atau ANTAM mencatatkan kinerja positif sepanjang semester I-2026. Hal tersebut tercermin dari capaian laba periode berjalan sebesar Rp 6,91 triliun, tumbuh 34% dibandingkan periode yang sama tahun sebelumnya. Di sisi lain, ANTM juga mencatat pertumbuhan Earnings Before Interest, Taxes, Depreciation, and Amortization (EBITDA) sepanjang semester I-2026 sebesar Rp 9,62 triliun, meningkat 35% dibandingkan EBITDA periode tahun sebelumnya sebesar Rp 7,11 triliun. ""Pencapaian tersebut menjadi landasan bagi ANTAM untuk terus meningkatkan kinerja melalui penguatan beyond operational excellence, sehingga Perusahaan dapat semakin unggul, adaptif, dan mampu menciptakan pertumbuhan yang berkelanjutan,"" ungkap Direktur Utama ANTM, Untung Budiharto, dalam keterangan tertulis, Kamis (3/9/2026). | Baca juga: Harga Emas Antam Naik Jadi Segini | Sepanjang semester I-2026, ANTM membukukan laba kotor sebesar Rp 10,85 triliun, naik 32% dibandingkan periode tahun sebelumnya sebesar Rp 8,24 triliun. Sejalan dengan itu, laba usaha perseroan juga tumbuh 38% menjadi Rp 8,44 triliun dari Rp 6,14 triliun di tahun sebelumnya. Kinerja profitabilitas ANTM ditopang oleh kenaikan penghasilan lain-lain sebesar 41% menjadi Rp 559,37 miliar, dari Rp 395,42 miliar di tahun sebelumnya. Hal ini terjadi karena kenaikan laba selisih kurs dan bagian keuntungan entitas asosiasi. Kemudian laba bersih per saham dasar sepanjang semester I-2026 tercatat sebesar Rp 265,85 per saham. Naik hingga 36% dari laba bersih per saham dasar dari periode tahun sebelumnya sebesar Rp195,43 per saham dasar. Sementara untuk tosl aset, ANTM mencatat kenaikan sebesar 27% menjadi Rp 61,27 triliun, dari tahun sebelumnya sebesar Rp 48,38 triliun. Ekuitas perseroan naik 14% menjadi Rp 38,53 triliun dengan posisi likuiditas dengan kas dan setara kas sebesar Rp 9,23 triliun pada hingga semester I-2026. Operasional Antam Dari sisi operasional, ANTM mencatatkan penjualan bersih hingga semester I-2026 sebesar Rp 62,71 triliun, tumbuh 6% dibandingkan periode yang sama tahun sebelumnya sebesar Rp 59,02 triliun. Penjualan domestik berkontribusi sebesar Rp 60,15 triliun atau setara 96% dari total penjualan bersih ANTM sepanjang semester I tahun ini. ""Capaian kinerja operasional ANTAM pada 1H26 merefleksikan optimalisasi portofolio komoditas dan konsistensi Perusahaan dalam menjaga keunggulan operasional untuk menciptakan nilai berkelanjutan bagi para pemangku kepentingan,"" jelas Untung. Produk emas menjadi kontributor terbesar penjualan perseroan dengan proporsi 80% terhadap total penjualan. Penjualan emas tumbuh 1% menjadi Rp 50,39 triliun di banding periode yang sama tahun sebelumnya. Melalui penguatan strategi pemasaran domestik, volume penjualan emas tercatat sebesar 18.080 kg (581.286 troy oz.). Sementara produksi emas dari tambang ANTM sebesar 433 kg (13.921 troy oz). Kemudian di segmen nikel (feronikel dan bijih nikel) berkontribusi sebesar 17% atau sebesar Rp 10,41 triliun terhadap total penjualan ANTM di periode semester I-2026. Angka tersebut naik 32% dibanding periode sebelumnya sebesar Rp 7,87 triliun. ANTM juga memproduksi 7,78 juta wet metric ton (wmt) yang ditopang optimalisasi kegiatan penambangan, dengan penjualan bijih nikel mencapai sebesar 6,77 juta wmt. ANTM juga mencatat telah memproduksi 7.788 ton nikel dalam feronikel (TNi) sepanjang semester I-2026. Secara kumulatif, penjualan feronikel tumbuh 32% menjadi 7.605 TNi dibandingkan 5.763 TNi. Kemudian untuk segmen bauksit dan alumina, tercatat berkontribusi sebesar 3% terhadap total penjualan dengan nilai Rp 1,88 triliun, naik 28% dibandingkan Rp 1,46 triliun pada periode tahun sebelumnya. Produksi bauksit tercatat sebesar 1,28 juta wmt, sejalan dengan optimalisasi kapasitas, produktivitas tambang, dan permintaan domestik. Sepanjang semester I-2026, penjualan bauksit tumbuh 24% menjadi 1,26 juta wmt. Kemudian untuk produksi alumina (chemical grade alumina) tercatat sebesar 100.257 ton alumina, meningkat 12%. Dari sisi penjualan, tercatat sebesar 100.437 ton alumina, meningkat 10% dibandingkan periode tahun sebelumnya. Lihat juga Video: PT Freeport Hingga ANTAM Raih Anugerah Program Bisnis Terpuji",Finance
121,"Gubernur Bank Indonesia (BI) Destry Damayanti menilai perekonomian Indonesia saat ini dalam posisi yang lumayan baik, meski pertumbuhan ekonomi masih berada di bawah Vietnam. ""Jadi kalau kita bandingkan negara lain, Indonesia itu sebenarnya posisinya tidak jelek. Ya, dari sisi pertumbuhan ekonomi ya kita mungkin kalah sama Vietnam tadi disampaikan. Tapi kan karakter kita beda dengan Vietnam ya, kompleksitas juga masih beda,"" ujarnya dalam acara Sarasehan 100 Ekonom di Jakarta, Kamis (3/9/2026). Tercatat ekonomi Indonesia pada semester I-2026 tumbuh mencapai 5,45% dengan inflasi yang masih tetap terjaga. Hal ini berbeda dengan Vietnam yang ekonominya tinggi, namun inflasinya juga tinggi. ""Kemudian dari sisi inflasi kita juga manageable. Vietnam dia boleh ekonomi tinggi tapi inflasi dia di atas, 4,5%, 5% seperti itu. Kemudian juga defisit fiskal prudent. Jadi pemerintah disiplin dalam menjalankan defisit fiskal. Yang di mana di tahun 2025 2,8% dan diperkirakan diperkirakan tahun ini juga sekitar 2,85%, ya. Kemudian kita lihat rasio utang, itu juga yang kanan, itu juga kita relatif manageable ya,"" terangnya. Dalam kesempatan itu, Destry menyampaikan bahwa pertumbuhan ekonomi Indonesia sebenarnya masih berada di bawah level optimal. Untuk itu, diperlukan kerja bersama dari pemerintah, BI, pelaku usaha, ekonom, dan pemangku kepentingan lainnya untuk mendorong pertumbuhan. Terlebih, kata Destry, permasalahan yang ada saat ini semakin kompleks. ""Nah oleh karena itu, mari kita bergandengan tangan, kita bergerak bersama-sama dengan kekuatan masing-masing, kita saling melengkapi menuju satu tujuan yang sama, kita mau mengarah ke mana, ekonomi kita mau ke mana. Jadi buat saya sinergi merah putih itu ada sesuatu yang harus kita lakukan ke depannya,"" katanya. Lihat juga Video #Tanyadetikfinance Ekonomi RI Tumbuh 5,29%, Apa Dampaknya ke Masyarakat?",Finance
122,"Setiap hari, masyarakat bekerja, berusaha, dan menciptakan peluang dengan caranya masing-masing. Salah satunya para pekerja lapangan yang turut menjadi bagian penting dalam menggerakkan roda perekonomian Indonesia. Di tengah aktivitas mereka, dukungan dan perhatian sederhana dapat menjadi bentuk apresiasi yang bermakna. Hal ini pula yang dilakukan Bank Mandiri menjelang perayaan HUT ke-28. Memaknai 28 tahun perjalanan, Bank Mandiri menghadirkan program Livin' Mandiri Berbagi dengan menyediakan masing-masing 280 paket makanan dan minuman di 12 titik wilayah Indonesia. Paket tersebut dapat diperoleh masyarakat, khususnya pekerja lapangan, melalui transaksi senilai Rp28 menggunakan fitur QR Bayar pada aplikasi Livin' by Mandiri. Program ini dilaksanakan secara rutin setiap tanggal 2 hingga menjelang HUT ke-28 Bank Mandiri pada 2 Oktober 2026. SEVP Corporate Relations Bank Mandiri Wisnu Trihanggodo mengatakan program tersebut menjadi salah satu cara Bank Mandiri memaknai perjalanan 28 tahun dengan menghadirkan manfaat yang dapat dirasakan langsung oleh masyarakat. ""Momen menuju 28 tahun Bank Mandiri kami jadikan sebagai kesempatan untuk terus berbagi dan tumbuh bersama masyarakat. Karena itu, melalui Livin' Mandiri Berbagi, kami ingin mengapresiasi para pekerja lapangan yang setiap hari berkontribusi dalam mendukung aktivitas keseharian masyarakat,"" ujar Wisnu dalam keterangan resminya, Kamis (3/9/2026). Livin' Mandiri Berbagi telah dilaksanakan secara konsisten di berbagai wilayah Indonesia sebagai bagian dari rangkaian program yang mengajak masyarakat untuk saling berbagi dan menguatkan. ""Setiap perjalanan memiliki makna ketika dapat dibagikan dan dirasakan bersama. Kami berharap Livin' Mandiri Berbagi dapat menjadi ruang sederhana bagi masyarakat untuk saling memberikan apresiasi, sekaligus membawa semangat kebersamaan menuju hari jadi Bank Mandiri pada 2 Oktober mendatang,"" pungkas Wisnu. (ega/prf)",Finance
123,"Nilai tukar dolar Amerika Serikat (AS) melemah terhadap Rupiah pagi ini. Mata uang Paman Sam kini berada di level Rp 17.600. Dikutip dari data Bloomberg, Kamis (3/9/2026), niilai tukar dolar AS berada pada level Rp 17.698 atau melemah 037%. Selanjutnya, pergerakan dolar AS terhadap sejumlah mata uang lainnya bervariasi namun cenderung stagnan. Nilai tukar dolar AS terhadap dolar Kanada, CHF Swiss France, dan dolar Hong Kong berada pada posisi stagnan. Sementara untuk dolar AS melemah 0,36% terhadap yen Jepang. Di sisi lain, nilai tukar dolar AS terhadap won Korea menguat 0,78%. Lihat juga Video BI soal Dolar AS Tembus Rp 17.700: Beda dengan 1998 (hrp/fdl)",Finance
124,"Puluhan ton emas milik Bank Sentral Belanda (De Nederlandsche Bank/DNB) telah dipindahkan ke London, Inggris. Sebelumnya, DNB menyimpan emasnya di kawasan Amerika Utara. Meningkatnya ketidakstabilan geopolitik menjadi alasan utama DNB memindahkan emas. DNB menyatakan 86 ton emas telah dipindahkan dari AS dan Kanada melalui operasi rumit yang memakan waktu beberapa bulan. Emas tersebut kini disimpan di Bank of England, tempat logam mulia itu dapat diperdagangkan dengan lebih mudah dalam situasi krisis. ""Langkah tersebut diperlukan untuk memperkuat ketahanan dan kesiapan kami,"" ujar Presiden DNB Olaf Sleijpen, dikutip dari BBC, Kamis (3/9/2026). Keputusan ini diambil di tengah sengketa perdagangan yang sedang berlangsung antara AS dan Kanada, ketika kedua negara saling memberlakukan tarif baru setelah perundingan perdagangan gagal mencapai kesepakatan. DNB menyebutkan proses pemindahan emas berlangsung antara bulan Maret dan Agustus. Melibatkan pengangkutan 27 ton emas batangan dari New York dan Ottawa, ke Zeist Belanda terlebih dahulu. Emas dengan jumlah dan kualitas serupa kemudian dipindahkan ke London tanpa perlu dilebur ulang. Rincian mengenai bagaimana emas dalam jumlah besar tersebut diangkut melintasi Samudra Atlantik tidak diungkapkan secara rinci. Sisa dari proses pemindahan tersebut dilakukan dengan cara menjual emas di New York dan membelinya kembali di London. DNB tidak merinci apa yang dimaksud dengan ketidakstabilan geopolitik tersebut, namun ekonomi AS masih berada dalam posisi tidak pasti akibat konflik yang sedang berlangsung dengan Iran, yang telah berdampak pada perdagangan global. DNB menyatakan emas yang disimpan di Bank of England dianggap sebagai emas yang paling mudah diperdagangkan di dunia, sehingga lebih siap tersedia dalam situasi krisis dibandingkan jika emas tersebut masih berada di AS atau Kanada. Sebelum pengumuman hari Rabu, DNB menyimpan 31,3% cadangan emasnya di New York dan 19,7% di Ottawa. Angka tersebut kini telah turun menjadi 18,5% di kedua negara tersebut. Total cadangan emas Belanda tercatat sebesar 612,4 ton pada akhir tahun 2025 dengan nilai sebesar €72,2 miliar atau sekitar Rp 1.480 triliun menurut keterangan DNB (kurs Rp 20.500). Porsi emas bank tersebut di London meningkat dari 18,1% menjadi 32,1% setelah langkah tersebut, sementara bank itu masih menyimpan 30,8% cadangannya di Belanda. (hal/ara)",Finance
125,"Bursa Efek Indonesia (BEI) menunda penerapan penghapusan batas minimum harga saham dari Rp 50 menjadi Rp 1. Kebijakan yang semula berlaku mulai 7 September 2026 itu ditunda karena masih ada delapan Anggota Bursa (AB) yang belum siap. Direktur Utama BEI Jeffrey Hendrik mengatakan masih ada delapan AB yang belum siap menerapkan kebijakan tersebut. Sementara itu, berdasarkan hasil uji coba, sebanyak 83 AB menyatakan telah siap mengimplementasikan aturan baru tersebut. ""Jadi untuk persiapan penghapusan harga minimum Rp 50 itu sudah dua kali kita mengadakan mock trading. Dari dua kali mock trading itu hasil sementara adalah 83 anggota bursa sudah siap, tetapi 8 anggota bursa itu belum siap,"" ujar Jeffrey kepada wartawan di Gedung BEI, dikutip Rabu (2/9/2026). Jeffrey mengatakan, BEI terus berkomunikasi intens dengan AB yang belum siap menerapkan kebijakan baru ini. BEI juga menargetkan implementasi penuh penghapusan batas minimum harga saham berlaku pada minggu ketiga atau keempat September. ""Dengan pendampingan yang akan kita berikan, kemudian target untuk live kita menjadikan di minggu ketiga atau minggu keempat bulan September. Karena kita akan menunggu kesiapan dari seluruh anggota bursa,"" jelas Jeffrey. Jeffrey menambahkan, banyak saham yang harganya Rp 50 sulit diperdagangkan karena minim transaksi. Dengan kebijakan baru ini, BEI berharap perdagangan saham-saham tersebut menjadi lebih ramai sehingga likuiditasnya meningkat dan investor lebih mudah melakukan transaksi. ""Sebagian besar dari saham yang saat ini ada di harga Rp 50 adalah saham-saham yang tidak likuid. Jadi tentu tujuannya adalah untuk memberikan likuiditas kepada investor yang selama ini tidak bisa mendapatkan likuiditas dari saham-saham tersebut, itu tujuan utamanya. Dan yang kedua adalah price discovery, pembentukan harganya adalah di harga yang lebih wajar,"" terang Jeffrey. (ahi/hns)",Finance
126,"Otoritas Jasa Keuangan (OJK) telah mencabut izin usaha 12 Bank Perekonomian Rakyat (BPR) dan satu Bank Perekonomian Rakyat Syariah (BPRS) sepanjang Januari hingga September 2026. Dengan begitu, ke-13 bank tersebut resmi tutup alias gulung tikar. Pencabutan izin itu dilakukan melalui keputusan anggota komisioner OJK, salah satunya terkait kondisi bank tidak sehat lantaran kekurangan modal. Terbaru, OJK resmi mencabut izin usaha PT Bank Perekonomian Rakyat Syariah (BPRS) Gaido Indonesia yang beralamat di Jalan Raya Bandung Nomor 75, Sadewata, Kecamatan Karangtengah, Kabupaten Cianjur, Provinsi Jawa Barat sejak 1 September 2026. ""Pencabutan izin usaha PT Bank Perekonomian Rakyat Syariah Gaido Indonesia merupakan bagian tindakan pengawasan yang dilakukan OJK untuk terus memperkuat industri perbankan serta menjaga kepercayaan masyarakat,"" tulis pengumuman dalam keterangan tertulis dikutip, Rabu (2/9/2026). | Baca juga: OJK Cabut Izin Usaha BPRS Gaido Indonesia | Pada penutupan ini, OJK telah menetapkan BPRS Gaido Indonesia sebagai bank dalam status pengawasan BPRS Dalam Penyehatan (BDP) sejak 15 Agustus 2025. Di mana berdasarkan Rasio Kewajiban Pemenuhan Modal Minimum (KPMM) PT Bank Perekonomian Rakyat Syariah Gaido Indonesia di bawah ketentuan yakni negatif 7,56% dan peringkat kesehatan selama dua periode berturut-turut adalah Peringkat Komposit 5 (PK-5), yaitu pada periode Desember 2024 dan Juni 2025. Selanjutnya, pada tanggal 13 Agustus 2026, OJK menetapkan PT Bank Perekonomian Rakyat Syariah Gaido Indonesia sebagai Bank dengan status pengawasan BPR Syariah Dalam Resolusi (BDR). OJK pun telah memberikan waktu yang cukup kepada Pengurus dan Pemegang Saham PT Bank Perekonomian Rakyat Syariah Gaido Indonesia untuk melakukan upaya penyehatan khususnya dalam mengatasi permasalahan permodalan dan likuiditas sebagaimana diatur dalam Peraturan Otoritas Jasa Keuangan (POJK) Nomor 28 Tahun 2023 tanggal 29 Desember 2023 tentang Penetapan Status dan Tindak Lanjut Pengawasan Bank Perekonomian Rakyat dan Bank Perekonomian Rakyat Syariah. Meski demikian, Pengurus dan Pemegang Saham PT Bank Perekonomian Rakyat Syariah Gaido Indonesia tidak dapat melakukan penyehatan sesuai persyaratan. Berdasarkan Keputusan Anggota Dewan Komisioner Bidang Program Penjamin Simpanan dan Resolusi Bank Lembaga Penjamin Simpanan Nomor 118/ADK3/2026 tanggal 20 Agustus 2026 tentang Cara Penanganan Bank Dalam Resolusi PT BPR Syariah Gaido Indonesia, Lembaga Penjamin Simpanan (LPS) memutuskan cara penanganan Bank Dalam Resolusi PT Bank Perekonomian Rakyat Syariah Gaido Indonesia dengan melakukan likuidasi bank dan meminta OJK untuk mencabut izin usaha PT Bank Perekonomian Rakyat Syariah Gaido Indonesia. Menindaklanjuti permintaan LPS tersebut, maka berdasarkan Pasal 19 POJK di atas, OJK melakukan pencabutan izin usaha PT Bank Perekonomian Rakyat Syariah Gaido Indonesia. Dengan pencabutan izin usaha ini, LPS akan menjalankan fungsi penjaminan dan melakukan proses likuidasi sesuai Undang-undang Republik Indonesia Nomor 24 Tahun 2004 tentang Lembaga Penjamin Simpanan dan Undang-Undang Republik Indonesia Nomor 4 Tahun 2026 tentang Perubahan atas Undang-Undang Nomor 4 Tahun 2023 tentang Pengembangan dan Penguatan Sektor Keuangan. OJK pun meminta nasabah BPRS Gaido Indonesia diharapkan tetap tenang dan tidak terpengaruh oleh informasi yang tidak dapat dipertanggungjawabkan. Dana masyarakat pada perbankan, termasuk BPR Syariah, dijamin oleh LPS sesuai dengan ketentuan yang berlaku. Daftar 13 Bank Tutup Periode Januari-September 2026 1. PT BPR Suliki Gunung Mas, Sumatra Barat 2. PT BPR Prima Master Bank, Surabaya, Jawa Timur 3. Perumda BPR Bank Cirebon, Jawa Barat 4. PT BPR Kamadana, Bangli, Bali 5. PT BPR Koperindo Jaya, Jakarta Pusat 6. PT BPR Pembangunan Nagari, Agam, Sumatra Barat 7. PT BPR Sungai Rumbai, Dharmasraya, Sumatera Barat 8. PT BPR Ceper Permata Artha, Klaten, Jawa Tengah 9. PT BPR Dwicahaya Nusaperkasa, Batu, Jawa Timur 10. PT BPR Mataram Mitra Manunggal, Yogyakarta 11. PT BPR Syariah Hasanah Mandiri, Depok, Jawa Barat 12. PT BPR Citra Bersada Abadi, Bintara, Bekasi Barat, Kota Bekasi. 13. PT Bank Perekonomian Rakyat Syariah (BPRS) Gaido Indonesia, Cianjur, Jawa Barat",Finance
127,"Gubernur Bank Indonesia (BI) Destry Damayanti menyampaikan bahwa saat ini kondisi sistem keuangan global masih menghadapi ketidakpastian yang tinggi. Hal ini seiring dengan situasi higher for longer, di mana suku bunga tinggi diperkirakan bertahan lebih lam Dengan kondisi itu, Destry mengatakan akan mempengaruhi perekonomian Indonesia. Oleh karena itu, posisi awal BI akan tetap difokuskan pada upaya menjaga stabilitas nilai tukar rupiah. ""Jadi kan memang kita menghadapi situasi higher for longer. Jadi artinya ketidakpastian global itu masih sangat tinggi dan itu tentu sedikit banyak akan mempengaruhi di kita, sehingga yang menjadi stance kita di awal ini memang tetap kita akan fokus kepada stabilitas,"" ujar Destry di Gedung MA, Jakarta Pusat, Rabu (2/9/2026). Di satu sisi, Destry menegaskan bahwa BI memiliki sejumlah instrumen kebijakan yang dapat digunakan untuk merespons kondisi ekonomi tersebut. Setidaknya ada tiga kebijakan utama BI, yakni kebijakan moneter, makroprudensial, dan sistem pembayaran. ""Belum kebijakan lainnya yang terkait dengan UMKM, ekonomi keuangan syariah, dan tentunya pedalaman pasar keuangan. Nah tentunya di kebijakan itu kita akan bermain mana yang akan lebih pro stability, mana yang akan lebih pro growth,"" katanya. Destry mencontohkan kebijakan makroprudensial yang selama ini diarahkan untuk mendorong pertumbuhan ekonomi. Salah satunya dengan memberikan insentif kepada perbankan yang menyalurkan kredit ke sektor-sektor prioritas. ""Nah jadi kombinasi atau kami sebutnya bauran kebijakan itu akan tetap menjadi tools bagi kita lah ya, dalam merumuskan suatu kebijakan,"" katanya. (hrp/fdl)",Finance
128,"Destry Damayanti resmi dilantik sebagai Gubernur Bank Indonesia (BI) periode 2026-2031. Mengemban amanah baru, Destry berterima kasih kepada Presiden Prabowo Subianto serta DPR RI. Destry menekankan komitmennya untuk menjalankan amanah secara optimal dengan berpedoman pada prinsip 3 I plus S, yakni impactful, inklusif, integratif melalui sinergi Merah Putih demi mewujudkan Indonesia maju. Menghadapi dinamika global yang masih diwarnai ketidakpastian dan kondisi higher for longer, Destry menegaskan prioritas utama kebijakan BI, yakni menjaga stabilitas ekonomi guna memperluas ruang pertumbuhan ekonomi nasional, termasuk upaya dalam menjaga inflasi. ""Kita akan mengupayakan stabilitas, dan tentunya untuk mencapai stabilitas kita bisa bekerja sama, jadi tidak dengan Bank Indonesia sendiri, kita bisa mengajak tentunya bersama dengan sinergi Merah Putih itu,"" ujar Destry dalam konferensi pers di Mahkamah Agung, Jakarta Pusat, Rabu (2/9/2026). Pembagian Tugas Terkait pembagian tugas di Bank Indonesia (BI), Destry menjelaskan sistem pembidangan di BI memiliki karakteristik yang berbeda dibandingkan lembaga lain, seperti OJK atau LPS yang mengenal posisi kepala eksekutif dengan bidang yang sangat khusus. Destry menjelaskan di BI ada enam Anggota Dewan Gubernur (ADG) yang masing-masing menjadi pengampu pada bidang satuan kerja tertentu. Namun, hal tersebut tidak berarti seluruh keputusan berada di tangan ADG pengampu saja. Keputusan tertinggi di BI tetap berada di dalam forum Rapat Dewan Gubernur (RDG). ""Jadi, siapapun pembidangan ini kita biasanya akan bahas lagi, karena kita itu biasanya suka putar. Jadi, bisa saja sekarang dia pegang bidang, misalnya kayak sekarang saya pegang ekonomi syariah, nanti ke depan mungkin bisa Pak Solikin pegang ekonomi syariah atau juga pegang bidang-bidang lain yang selama ini saya pegang, bisa juga nantikan Ibu Aida juga pegang itu, apakah UMKM ataupun kebijakan lainnya. Jadi, pembidangan itu sebenarnya sesuatu hal yang fluid, jadi dia bisa kita putar,"" beber Destry. Sebelumnya, Destry mengatakan langkah pertama usai dilantik menjadi Gubernur BI, yakni mengumpulkan Anggota Dewan Gubernur (ADG) BI untuk membagi fokus pembidangan tugas. ""Kita kan harus duduk bersama dulu, semua ADG lengkap kita. Kita pembagian bidang dulu nih, karena kalau di Bank Indonesia kan masing-masing ADG punya bidang-bidang yang akan dibawahi,"" kata Destry usai rapat Paripurna DPR RI di Kompleks Parlemen Senayan, Jakarta Pusat, Selasa (1/9/2026). Destry menjelaskan penetapan struktur pembidangan ini penting agar pelaksanaan tugas dan fungsi pengawasan di BI dapat langsung berjalan efektif. Meski tentu dalam pelaksanaannya pembagian fokus pembidangan tugas ini dapat berganti sesuai kebutuhan dan kondisi yang ada. ""Itu sifatnya nggak statis. Karena nanti kita bisa akan tukar, berapa tahun sekali mungkin kita tukar. Jadi misalnya pembidangan tuh kayak 'oh siapa yang pegang kebijakan ekonomi moneter, siapa yang makroprudensial, siapa yang pendalaman pasar keuangan', dan seterusnya,"" jelasnya. (rea/ara)",Finance
129,"Kebutuhan wisatawan mulai bergeser. Perjalanan tidak lagi hanya soal memilih destinasi, tetapi juga memperhatikan kenyamanan dan kebugaran selama bepergian. Perubahan tersebut terlihat dalam gelaran Garuda Indonesia Travel Fair (GATF) 2026 di Trans Studio Mall Bali, Denpasar, pada 28-30 Agustus 2026. Tahun ini, GATF untuk pertama kalinya digelar terintegrasi dengan Garuda Indonesia Umrah Travel Fair (GUTF) dalam satu rangkaian. Perhelatan tersebut mempertemukan sektor perjalanan, pariwisata, dan gaya hidup. Salah satu tren yang mulai diperhatikan adalah travel wellness. Konsep ini menempatkan kenyamanan dan kebugaran tubuh sebagai bagian dari pengalaman perjalanan, baik untuk liburan, perjalanan bisnis, maupun aktivitas sehari-hari. Salah satu pelaku usaha yang melihat peluang tersebut adalah Kutus Kutus. Dalam gelaran GATF di Bali, brand tersebut memperkenalkan konsep travel wellness sekaligus menawarkan berbagai program kepada pengunjung. Owner Kutus Kutus, Fazli Hasniel Sugiharto atau Arniel, mengatakan perjalanan tidak hanya berkaitan dengan tujuan, tetapi juga kondisi tubuh selama perjalanan. ""Perjalanan bukan hanya tentang mencapai tujuan, tetapi juga tentang menikmati setiap prosesnya dengan tubuh yang tetap nyaman dan seimbang. Itulah mengapa kami melihat wellness sebagai bagian dari pengalaman perjalanan modern,"" ujar Fazli, dalam keterangannya, Minggu (30/8/2026). Menurutnya, mobilitas tinggi, perubahan cuaca, serta padatnya aktivitas selama perjalanan dapat membuat pengalaman bepergian menjadi melelahkan. Kondisi tersebut membuat rutinitas wellness mulai ditempatkan sebagai bagian dari persiapan maupun aktivitas setelah bepergian. Tren tersebut dinilai relevan dengan perkembangan pariwisata di Bali yang menggabungkan aktivitas wisata dengan gaya hidup, relaksasi, dan kedekatan dengan alam. Arniel berharap kehadiran konsep wellness di berbagai ruang publik dapat memperluas pemahaman masyarakat mengenai gaya hidup tersebut. ""Kami berharap kehadiran Kutus Kutus di berbagai ruang publik, termasuk Garuda Indonesia Travel Fair, dapat memperluas pemahaman bahwa wellness bukan sekadar rutinitas sesaat, melainkan bagian dari gaya hidup yang menemani masyarakat dalam setiap aktivitasnya."" Perkembangan ini menunjukkan industri perjalanan mulai memperluas penawaran di luar pengalaman destinasi. Kenyamanan dan kebugaran selama perjalanan menjadi salah satu aspek yang mulai diperhitungkan wisatawan. Dengan meningkatnya mobilitas masyarakat untuk perjalanan domestik maupun internasional, travel wellness berpotensi menjadi salah satu ceruk usaha dalam ekosistem pariwisata dan gaya hidup. (fdl/fdl)",Finance
130,"Pelaku Usaha Mikro dan Kecil (UMK) kembali mendapat kesempatan mengikuti program pembinaan yang mencakup penguatan usaha hingga persiapan masuk pasar ekspor. Pendaftaran Pertamina UMK Academy 2026 dibuka secara daring pada 21-31 Agustus 2026 melalui laman umkacademy.id/onboarding. Program tersebut ditujukan untuk membantu pelaku UMK meningkatkan kemampuan pengelolaan usaha, mengembangkan produk, memanfaatkan teknologi, hingga memperluas akses pasar. Vice President Corporate Communication PT Pertamina (Persero), Muhammad Baron, mengatakan peserta tidak hanya mendapatkan materi pembelajaran, tetapi juga pendampingan untuk menerapkannya dalam pengembangan usaha. ""Melalui Pertamina UMK Academy, Pertamina tidak hanya memberikan pengetahuan, tetapi juga mendampingi pelaku UMK untuk menerapkan pembelajaran secara langsung dalam pengembangan usahanya. Peserta didorong memperkuat tata kelola, meningkatkan kualitas produk, memanfaatkan teknologi, berkolaborasi, serta memperluas akses pasar,"" ujar Baron. Pertamina UMK Academy telah berjalan sejak 2020. Program ini memiliki dua tahap pembinaan, yakni regional dan nasional. Pada tahap regional, peserta mendapat materi dasar pengembangan usaha sesuai sektor masing-masing. Peserta yang lolos kemudian mengikuti pembinaan nasional berdasarkan tingkat kesiapan usahanya. Pembinaan nasional dibagi menjadi empat kelas. Go Modern berfokus pada pengelolaan usaha, Go Digital pada pemanfaatan teknologi digital, Go Online pada optimalisasi kanal daring dan perluasan pasar, sedangkan Go Global diarahkan untuk mempersiapkan UMK memasuki pasar business-to-business (B2B), baik domestik maupun ekspor. Pada 2026, terdapat pula materi Go Green dan Go Aggregator. Go Green membahas penerapan praktik usaha yang lebih ramah lingkungan, sementara Go Aggregator membekali peserta untuk membangun kolaborasi dan memperluas akses pasar bersama pelaku UMK lainnya. ""Setiap pelaku UMK memiliki kebutuhan dan tingkat kesiapan yang berbeda. Karena itu, materi serta pendampingan disesuaikan dengan posisi dan perkembangan usaha masing-masing agar proses pembinaan memberikan hasil yang lebih nyata dan terukur,"" tambah Baron. Pada pelaksanaan 2025, lebih dari 2.000 pelaku UMK mendaftar. Sebanyak 1.430 peserta mengikuti pembinaan tahap regional dan 760 peserta melanjutkan ke tahap nasional. Dari jumlah tersebut, 581 peserta dinyatakan lulus dan naik kelas. Salah satu peserta adalah Melani Septina Mutya Surya, pemilik usaha kerajinan sepatu NOBF asal Mojokerto. Ia meraih juara pertama kelas Go Global UMK Academy 2025. Menurut Melani, pembinaan yang diterimanya membantu meningkatkan kualitas produk sekaligus mengembangkan usahanya. ""Berbagai pembekalan bisnis, pendampingan intensif, serta dukungan alat produksi membantu kami mengoptimalkan pengembangan produk sekaligus semakin memahami peluang dan kondisi pasar untuk pengembangan usaha,"" ujar Melani. Pertamina membuka kesempatan bagi pelaku UMK dari berbagai sektor dan wilayah untuk mengikuti program 2026. ""Pertamina mengajak pelaku UMK dari berbagai sektor dan wilayah untuk memanfaatkan kesempatan ini. Kami berharap semakin banyak usaha lokal yang tumbuh tangguh, mandiri, kreatif, dan berdaya saing serta memberikan dampak ekonomi bagi masyarakat di sekitarnya,"" tutup Baron. (fdl/fdl)",Finance
131,"Pelaku usaha mikro, kecil, dan menengah (UMKM) di kawasan Tiyasan, Sleman, mendapat ruang untuk mengembangkan usaha sekaligus memperluas aktivitas ekonomi masyarakat. Hal tersebut menjadi bagian dari Suadesa Festival 2026 yang digelar pada 22-23 Agustus 2026 di kawasan Tiyasan, Sleman, Daerah Istimewa Yogyakarta. Kegiatan tersebut mempertemukan aktivitas usaha, kuliner, hiburan, edukasi, serta pemanfaatan energi gas bumi. Sekretaris Daerah Kabupaten Sleman Abu Bakar mengatakan kawasan Tiyasan dalam beberapa tahun terakhir mengalami perkembangan aktivitas ekonomi dan sosial masyarakat. ""Sepuluh tahun lalu Tiyasan belum begitu familiar di Yogyakarta, khususnya di Sleman. Dulu hanya menjadi jalan pintas dari Ngaglik menuju Terminal Condongcatur. Sekarang kita bisa meramaikan kawasan ini, anak-anak bisa berkumpul, dan ada perputaran rezeki (ekonomi) bagi pelaku usaha maupun masyarakat,"" ujar Abu Bakar dalam pembukaan Suadesa Festival, Sabtu (22/8/2026) malam. Menurutnya, aktivitas di kawasan tersebut dapat membuka peluang ekonomi bagi pelaku usaha dan masyarakat sekitar. ""Dengan keterlibatan BUMN seperti PGN dalam pelaksanaan aktivitas lokal, ada perputaran rezeki di situ. Baik bagi pelaku usaha, masyarakat, maupun warga Tiyasan,"" tambahnya. Direktur Tanggung Jawab Sosial dan Lingkungan (TJSL) BP BUMN Edi Eko Cahyono mengatakan pengembangan UMKM perlu didukung dengan ekosistem yang dapat membantu usaha tetap berjalan setelah kegiatan berakhir. ""Kami memberikan wadah kepada UMKM dengan ekosistem yang dibutuhkan supaya UMKM kita semakin maju. Meskipun nanti kegiatan selesai, manfaatnya kami harapkan bisa terus berlanjut,"" kata Edi. Sementara itu, Direktur Infrastruktur & Teknologi PGN Hery Murahmanta mengatakan aktivitas ekonomi masyarakat di kawasan tersebut juga didukung dengan pemanfaatan energi yang lebih bersih, salah satunya Compressed Natural Gas (CNG). ""Secara ekonomi, bapak-ibu disiapkan tempat untuk berjualan agar bisa mandiri. Kemudian secara sosial disiapkan oleh Pemkab Sleman dalam kegiatan yang luar biasa. Kita juga menyiapkan tempat untuk memasak dengan energi yang bersih,"" tutur Hery dihadapan para pelaku UMKM dan masyarakat yang hadir di Suadesa Festival. Menurut Hery, aktivitas perdagangan, hiburan, dan penggunaan energi dapat berjalan dalam satu kawasan sehingga menciptakan kegiatan ekonomi bagi masyarakat. ""Kita bisa jualan, ada pembeli, ada hiburannya, ada energinya. Sehingga konsumen bisa nyambung semua. Ini kita harapkan menjadi langkah pertama,"" tuturnya. Selain penggunaan CNG, PGN juga mengembangkan infrastruktur gas bumi di Kabupaten Sleman. Saat ini sekitar 4.500 sambungan rumah tangga telah terhubung dengan jaringan gas (jargas) di wilayah tersebut. Hery mengatakan infrastruktur gas bumi tersebut dapat mendukung kebutuhan energi masyarakat dan kegiatan usaha di daerah. ""PGN Group berusaha menyiapkan infrastruktur untuk energi yang ada, dan energinya bisa berkesinambungan. Bapak-Ibu nanti bisa menggunakan CNG maupun gas yang selama ini sudah digunakan oleh saudara-saudara kita di Kabupaten Sleman,"" pungkas Hery. (fdl/fdl)",Finance
132,"PT Swayasa Prakasa Tbk (SWAP) dikabarkan menunda rencana penawaran umum perdana saham atau Initial Public Offering (IPO). Sebelumnya, perseroan diperkirakan melakukan pencatatan saham di Bursa Efek Indonesia (BEI) pada 10 September 2025. Direktur Penilaian Perusahaan BEI, Saidu Solihin, mengaku telah menerima surat penundaan IPO SWAP pada Selasa (1/9) kemarin. Penundaan dilakukan karena perseroan belum mendapat pernyataan efektif dari Otoritas Jasa Keuangan (OJK). ""Berdasarkan surat yang diterima, rencana penundaan dilakukan karena sampai dengan tanggal 1 September 2026, PT Swayasa Prakarsa Tbk belum memperoleh Pernyataan Efektif dari Otoritas Jasa Keuangan untuk melaksanakan penawaran umum,"" ungkap Saidu dalam keterangannya, Rabu (2/9/2026). Pada proses pemenuhan administrasi, Saidu mengatakan SWAP masih menggunakan laporan keuangan per 28 Februari 2026. Dengan demikian, masa berlaku laporan keuangan tersebut hanya sampai 31 Agustus 2026. Sebagai informasi, SWAP merupakan perusahaan manufaktur produk kesehatan berbasis riset milik Universitas Gadjah Mada (UGM). SWAP berencana menawarkan maksimal 323 juta saham baru atau setara 30,30% modal yang ditempatkan dan disetor penuh setelah penawaran umum. Berdasarkan prospektus, SWAP menetapkan harga penawaran di rentang Rp 130-Rp 140 per saham. Pada aksi korporasi ini, Swayasa Prakasa menunjuk PT Sukadana Prima Sekuritas sebagai penjamin pelaksana emisi efek. ""Jumlah seluruh nilai penawaran umum sebanyak-banyaknya adalah Rp 45.220.000.000,"" tulis Manajemen SWAP, dikutip Minggu (23/8/2026). (ahi/hns)",Finance
133,"Indeks Harga Saham Gabungan (IHSG) ditutup di zona merah pada perdagangan hari ini. IHSG ditutup pada level 6.500-an. Dikutip dari RTI Business, Rabu (2/9/2026), IHSG ditutup di level 6.595,7 atau melemah 0,06%. IHSG hari ini dibuka pada 6.625,3 mencapai titik tertinggi di level 6.629,5 dan terendah di 6.561,0. Volume transaksi sebanyak 63.699 miliar saham dengan nilai sebesar Rp 16.756 triliun. Adapun frekuensi saham yang diperdagangkan hari ini mencapai 2.451.768 kali. Pada penutupan perdagangan hari ini, tercatat 282 saham menguat, 321 saham melemah, dan 186 saham yang stagnan. Secara harian IHSG melemah, namun secara mingguan IHSG menguat sebesar 2,97% dan secara bulanan menguat sebesar 5.79%. Lalu secara tiga bulanan melemah 7.59% dan secara enam bulanan melemah sebesar 17,88%. Tonton juga video ""Mau Tingkatkan Likuiditas, BEI Wacanakan Hapus Batas Rp 50 Saham"" (hrp/fdl)",Finance
134,"Mahkamah Agung (MA) melantik Destry Damayanti sebagai Gubernur Bank Indonesia (BI), Aida S. Budiman sebagai Deputi Gubernur Senior BI, dan Solikin M. Juhro sebagai Deputi Gubernur BI. Ketiganya mengucapkan sumpah jabatan di hadapan Ketua MA, Sunarto sore ini di MA, Jakarta Pusat, Rabu (2/9/2026). ""Langsung atau tidak langsung, dengan nama dan dalih apapun tidak memberikan atau menjanjikan untuk memberikan sesuatu kepada siapapun juga. Saya bersumpah, bahwa saya dalam melakukan atau tidak melakukan sesuatu, dalam jabatan ini tidak akan menerima langsung atau tidak langsung, dari siapapun juga sesuatu janji atau pemberian dalam bentuk apapun. Saya bersumpah, bahwa,"" sambung ketiganya secara bersamaan. ""Dengan sebaik-baiknya dan penuh rasa tanggung jawab. Saya berjanji, bahwa saya akan setia terhadap negara konstitusi dan haluan negara,"" tutup ketiganya. Sebelumnya, DPR telah menyepakati Destry Damayanti sebagai Gubernur BI periode 2026-2031 dalam Sidang Rapat Paripurna. Ia dilantik menggantikan Perry Warjiyo yang mundur dari jabatannya pada 25 Juli yang lalu. ""Pimpinan Dewan mengucapkan selamat kepada calon Gubernur, Deputi Gubernur Senior, dan Deputi Gubernur Bank Indonesia. Semoga dapat menjalankan amanah ini dapat dijalankan dengan penuh integritas, bertanggung jawab dan tetap amanah,"" kata Ketua DPR RI Puan Maharani dalam Rapat Paripurna DPR RI ke-4 Masa Persidangan I Tahun Sidang 2026-2027, Selasa (1/9/2026). Rapat tersebut juga ikut menyetujui Aida S. Budiman sebagai Deputi Gubernur Senior BI dan Solikin M. Juhro sebagai Deputi Gubernur BI, keduanya untuk periode 2026-2031. Ketiga pejabat BI ini telah melakukan uji kelayakan dengan Komisi XI DPR. ""Selanjutnya Komisi XI telah melaksanakan uji kelayakan dan kepatutan 'fit and proper test' terhadap saudari Destry Damayanti sebagai calon Gubernur Bank Indonesia dan saudari Aida S. Budiman sebagai calon Deputi Gubernur Senior BI pada hari Rabu, 26 Agustus, serta Saudara Solikin M. Juhro serta Anwar Basori sebagai calon Deputi Gubernur BI pada Kamis, 27 Agustus,"" ujar Ketua Komisi XI DPR RI Mukhamad Misbakhun. Tonton juga video ""Tok! DPR Tetapkan Destry Damayanti Jadi Gubernur BI 2026-2031"" (rea/ara)",Finance
135,"JULO mencatat penguatan kinerja bisnis dengan margin laba kotor meningkat dari 27% di semester II-2025 menjadi 44% di semester I-2026. Capaian ini diperoleh di tengah langkah perusahaan memperluas jangkauan akses kredit digital bagi masyarakat. Hingga akhir Juni 2026, JULO telah melayani lebih dari 3,3 juta pengguna di 38 provinsi dengan total pendanaan sebesar Rp 29 triliun. Selain pertumbuhan jumlah pengguna dan penyaluran kredit secara keseluruhan, kualitas portofolio kredit tetap menjadi perhatian. Pada Juli 2026, JULO mencatat tingkat keberhasilan bayar (TKB90) sebesar 99,25%, mencerminkan penerapan proses manajemen risiko dan edukasi literasi keuangan yang berjalan seiring dengan ekspansi bisnis. ""Sejalan dengan visi JULO, kami ingin terus memberdayakan pengguna melalui akses pembiayaan yang dapat membantu mereka meningkatkan kualitas hidup, sekaligus berkontribusi dalam mendukung inklusi keuangan di Indonesia,"" ungkap Presiden Direktur JULO, Harri Suhendra dalam keterangan tertulis, Rabu (2/9/2026). Penguatan kinerja JULO tersebut berlangsung di tengah pertumbuhan positif industri pinjaman daring (pindar) secara keseluruhan. Berdasarkan data Otoritas Jasa Keuangan (OJK), industri pindar mencatat laba Rp 1,15 triliun hingga Juni 2026, tumbuh 10,14% secara tahunan. Pada akhir Juni 2026, outstanding pembiayaan industri mencapai Rp105,14 triliun, tumbuh 25,88% secara tahunan.Firlie Ganinduto, Sekretaris Jenderal Asosiasi Fintech Indonesia (AFTECH) menyebut pertumbuhan JULO membuktikan bahwa kinerja bisnis dan perluasan manfaat keuangan digital dapat tumbuh beriringan, saling memperkuat, dan menciptakan dampak yang lebih luas bagi masyarakat. ""Temuan Annual Member Survey (AMS) AFTECH 2025-2026 menunjukkan bahwa 50% perusahaan fintech telah merancang produk yang ditujukan bagi kelompok underbanked dan underserved. Kami optimistis industri fintech akan terus melangkah lebih jauh, bukan hanya membuka akses terhadap layanan keuangan tetapi juga menumbuhkan kemandirian dan meningkatkan kesejahteraan finansial masyarakat,"" beber Firlie. Hal ini sejalan dengan pandangan Dr. Hanif Nur Widhiyanti, S.H., M.Hum., Ahli Hukum Persaingan Usaha, yang menekankan pentingnya efisiensi dalam menciptakan persaingan yang mendorong kualitas produk dan harga yang kompetitif. ""Semangat utama hukum persaingan usaha adalah efisiensi. Persaingan mendorong pelaku usaha menghasilkan produk yang berkualitas dengan harga yang kompetitif. Pelaku usaha juga dituntut untuk terus melakukan inovasi dan tidak berada dalam kondisi yang terlalu nyaman,"" ujarnya. Sementara itu, Dr. Adrian Rompis, S.H., M.H., BBA, Ahli Hukum Administrasi Negara dan Dosen Universitas Padjadjaran, menekankan pentingnya regulasi bagi pelaku usaha jasa keuangan. Menurutnya, kepatuhan terhadap arahan dan pedoman perilaku yang ditetapkan regulator menjadi bagian dari kerangka hukum yang wajib dipatuhi pelaku usaha untuk menerapkan praktik usaha yang bertanggung jawab. JULO menyediakan limit kredit hingga Rp 50 juta dengan pilihan tenor hingga 12 bulan. Melalui penetapan limit dan pricing yang independen dengan mempertimbangkan profil risiko, JULO menawarkan bunga mulai dari 0,1% per hari, sesuai dengan regulasi yang berlaku. Lihat juga Video: Apresiasi Investasi dan Pembiayaan Hijau - AEH 2025",Finance
136,"Otoritas Jasa Keuangan (OJK) resmi mencabut izin usaha PT Bank Perekonomian Rakyat Syariah (BPRS) Gaido Indonesia yang beralamat di Jalan Raya Bandung Nomor 75, Sadewata, Kecamatan Karangtengah, Kabupaten Cianjur, Provinsi Jawa Barat. Pencabutan izin dilakukan setelah bank tersebut dinilai tidak mampu melakukan penyehatan, terutama untuk mengatasi persoalan permodalan dan likuiditas. Adapun pencabutan ini sesuai dengan dengan Keputusan Anggota Dewan Komisioner OJK Nomor KEP-64/D.03/2026 tanggal 1 September 2026. ""Pencabutan izin usaha PT Bank Perekonomian Rakyat Syariah Gaido Indonesia merupakan bagian tindakan pengawasan yang dilakukan OJK untuk terus memperkuat industri perbankan serta menjaga kepercayaan masyarakat,"" tulis pengumuman dalam keterangan tertulis dikutip, Rabu (2/9/2026). Sebelumnya, OJK telah menetapkan BPRS Gaido Indonesia sebagai bank dalam status pengawasan BPRS Dalam Penyehatan (BDP) sejak 15 Agustus 2025. Di mana berdasarkan Rasio Kewajiban Pemenuhan Modal Minimum (KPMM) PT Bank Perekonomian Rakyat Syariah Gaido Indonesia di bawah ketentuan yakni negatif 7,56% dan peringkat kesehatan selama dua periode berturut-turut adalah Peringkat Komposit 5 (PK-5), yaitu pada periode Desember 2024 dan Juni 2025. Selanjutnya, pada tanggal 13 Agustus 2026, OJK menetapkan PT Bank Perekonomian Rakyat Syariah Gaido Indonesia sebagai Bank dengan status pengawasan BPR Syariah Dalam Resolusi (BDR). OJK pun telah memberikan waktu yang cukup kepada Pengurus dan Pemegang Saham PT Bank Perekonomian Rakyat Syariah Gaido Indonesia untuk melakukan upaya penyehatan khususnya dalam mengatasi permasalahan permodalan dan likuiditas sebagaimana diatur dalam Peraturan Otoritas Jasa Keuangan (POJK) Nomor 28 Tahun 2023 tanggal 29 Desember 2023 tentang Penetapan Status dan Tindak Lanjut Pengawasan Bank Perekonomian Rakyat dan Bank Perekonomian Rakyat Syariah. Namun demikian, Pengurus dan Pemegang Saham PT Bank Perekonomian Rakyat Syariah Gaido Indonesia tidak dapat melakukan penyehatan sesuai persyaratan. Berdasarkan Keputusan Anggota Dewan Komisioner Bidang Program Penjamin Simpanan dan Resolusi Bank Lembaga Penjamin Simpanan Nomor 118/ADK3/2026 tanggal 20 Agustus 2026 tentang Cara Penanganan Bank Dalam Resolusi PT BPR Syariah Gaido Indonesia, Lembaga Penjamin Simpanan (LPS) memutuskan cara penanganan Bank Dalam Resolusi PT Bank Perekonomian Rakyat Syariah Gaido Indonesia dengan melakukan likuidasi bank dan meminta OJK untuk mencabut izin usaha PT Bank Perekonomian Rakyat Syariah Gaido Indonesia. Menindaklanjuti permintaan LPS tersebut, maka berdasarkan Pasal 19 POJK di atas, OJK melakukan pencabutan izin usaha PT Bank Perekonomian Rakyat Syariah Gaido Indonesia. Dengan pencabutan izin usaha ini, LPS akan menjalankan fungsi penjaminan dan melakukan proses likuidasi sesuai Undang-undang Republik Indonesia Nomor 24 Tahun 2004 tentang Lembaga Penjamin Simpanan dan Undang-Undang Republik Indonesia Nomor 4 Tahun 2026 tentang Perubahan atas Undang-Undang Nomor 4 Tahun 2023 tentang Pengembangan dan Penguatan Sektor Keuangan. OJK pun meminta nasabah BPRS Gaido Indonesia diharapkan tetap tenang dan tidak terpengaruh oleh informasi yang tidak dapat dipertanggungjawabkan. Dana masyarakat pada perbankan, termasuk BPR Syariah, dijamin oleh LPS sesuai dengan ketentuan yang berlaku. Lihat juga Video: OJK Cabut Izin Usaha Paytren",Finance
137,"Bursa Efek Indonesia (BEI) menunda penerapan penghapusan batas minimum harga saham Rp 50 menjadi Rp 1 yang sebelumnya dijadwalkan mulai 7 September 2026. Penundaan dilakukan karena masih ada Anggota Bursa (AB) yang belum siap menerapkan kebijakan baru tersebut. Direktur Utama BEI Jeffrey Hendrik mengatakan masih ada delapan AB yang belum siap menerapkan kebijakan tersebut. Sementara itu, berdasarkan hasil uji coba, sebanyak 83 AB menyatakan telah siap mengimplementasikan aturan baru tersebut. ""Jadi untuk persiapan penghapusan harga minimum Rp 50 itu sudah dua kali kita mengadakan mock trading. Dari dua kali mock trading itu hasil sementara adalah 83 anggota bursa sudah siap, tetapi 8 anggota bursa itu belum siap,"" ungkap Jeffrey kepada wartawan di Gedung BEI, dikutip Rabu (2/9/2026). Jeffrey mengatakan, BEI terus berkomunikasi intens dengan AB yang belum siap menerapkan kebijakan baru ini. BEI juga menargetkan implementasi penuh penghapusan batas minimum harga saham berlaku pada minggu ketiga atau keempat bulan September. ""Dengan pendampingan yang akan kita berikan, kemudian target untuk live kita menjadikan di minggu ketiga atau minggu keempat bulan September. Karena kita akan menunggu kesiapan dari seluruh anggota bursa,"" jelasnya. Jeffrey menambahkan, banyak saham yang harganya Rp 50 sulit diperdagangkan karena minim transaksi. Dengan kebijakan baru ini, BEI berharap perdagangan saham-saham tersebut menjadi lebih ramai sehingga likuiditasnya meningkat dan investor lebih mudah melakukan transaksi. ""Sebagian besar dari saham yang saat ini ada di harga Rp 50 adalah saham-saham yang tidak likuid. Jadi tentu tujuannya adalah untuk memberikan likuiditas kepada investor yang selama ini tidak bisa mendapatkan likuiditas dari saham-saham tersebut, itu tujuan utamanya. Dan yang kedua adalah price discovery, pembentukan harganya adalah di harga yang lebih wajar,"" pungkasnya. Lihat juga Video: Dasco Kumpulkan Bos Bank BUMN Imbas Harga Saham Anjlok",Finance
138,"PT Danantara Investment Management (DIM) menjajaki investasi Rp 2 triliun di perusahaan milik Bakrie Group, PT Bakrie & Brothers Tbk (BNBR). Penjajakan awal itu tertuang dalam penandatanganan suatu indicative non-binding term sheet antara DIM dan BNBR. Dikutip dari Keterbukaan Informasi PT VKTR Teknologi Mobilitas Tbk (VKTR), term sheet merupakan proses penjajakan dan pembahasan awal DIM dan BNBR terkait potensi kerja sama berupa pendanaan untuk pengembangan serta ekspansi kegiatan usaha mobility-as-a-service (MaaS) yang dijalankan VKTR. ""Berdasarkan indikasi awal yang tercantum dalam Term Sheet, potensi penyediaan pendanaan dilakukan dalam jumlah pokok indikatif sebanyak-banyaknya Rp 2.000.000.000.000,00. Rencana Pendanaan akan memiliki hak opsi konversi, sebagaimana ditentukan di kemudian hari dalam dokumentasi definitif,"" tulis Manajemen VKTR, dikutip dari Keterbukaan Informasi, Rabu (2/9/2026). Dana investasi tersebut rencananya dialokasikan untuk pembiayaan pengadaan bus listrik dan/atau truk listrik. Selain itu, alokasi dana juga untuk tujuan lainnya yang akan ditentukan dan disepakati oleh DIM dan BNBR dalam dokumen definitif. VKTR menegaskan, term sheet ini masih bersifat non-binding yang hanya mencerminkan pembahasan awal. Kesepakatan investasi nantinya tetap akan tunduk pada penandatanganan dokumen definitif. ""Oleh karena itu, dalam hal dokumen definitif telah ditandatangani dan menimbulkan hak dan kewajiban yang mengikat bagi para pihak, Perseroan akan mengikuti dan mematuhi ketentuan transaksi afiliasi dan/atau benturan kepentingan sebagaimana dimaksud dalam Peraturan OJK No. 42/POJK.04/2020 tentang Transaksi Afiliasi dan Transaksi Be 3/4 Kepentingan dan transaksi material berdasarkan Peraturan OJK No. 17/POJK.04/2020 tentang Transaksi Material dan Perubahan Kegiatan Usaha sebagaimana relevan,"" tutup Manajemen VKTR. Sebagai informasi, VKTR merupakan perusahaan afiliasi BNBR. VKTR bergerak di bidang usaha kendaraan listrik berbasis baterai, termasuk perdagangan kendaraan dan komponennya, jasa perawatan, perakitan, serta industri suku cadang melalui perusahaan anak. Lihat juga Video: Perkapalan dan Data Center Jadi Emiten Primadona Saat Ini",Finance
139,"Nilai tukar dolar Amerika Serikat (AS) terpantau menguat terhadap rupiah. Pagi ini mata uang Paman Sam bergerak naik dan berada di level Rp 17.700-an. Dikutip dari data Bloomberg, Rabu (2/9/2026), nilai tukar dolar AS berada pada level 17.769 atau naik sebesar 25 poin (0,14%). Sementara itu pergerakan dolar AS terhadap sejumlah mata uang lainnya cenderung menguat. Dolar AS terpantau menguat terhadap yen Jepang, euro, dolar Singapura, dan yuan China. Kemudian, dolar AS berhasil menguat terhadap dolar Australia, serta pound sterling. Secara rinci mata uang Paman Sam menguat 0,11% terhadap yen Jepang, naik 0,05% terhadap dolar Singapura, menguat 0,14% terhadap euro, dan menguat 0,02% terhadap yuan China. Selanjutnya, dolar AS menguat 0,01% terhadap dolar Australia dan naik sebesar 0,08% terhadap pound sterling. Lihat juga Video: Upaya Pemerintah Kurangi Ketergantungan Terhadap Dolar AS",Finance
140,"Indeks Harga Saham Gabungan (IHSG) pada perdagangan hari ini dibuka menguat. IHSG bergerak menguat di level 6.600-an. Berdasarkan data RTI, Rabu (1/9/2026), IHSG menguat ke level 6.612 atau naik 12,5 poin (0,19%) pada pukul 09.10. IHSG dibuka di zona hijau di level 6.625. IHSG bergerak pada rentang terendah 6.606 hingga tertinggi 6.629. Nilai transaksi indeks pada perdagangan pagi ini mencapai Rp 2,306 triliun dengan melibatkan 6,316 miliar lembar saham yang diperdagangkan sebanyak 310.574 kali. Dari jumlah transaksi itu, sebanyak 263 saham menguat, 249 saham melemah dan 198 saham stagnan. Selain secara harian, IHSG menguat 6,10% secara bulanan. Begitu pula, IHSG naik 3,26% secara mingguan. IHSG juga tercatat menguat 7,90% secara tiga bulanan. Namun, IHSG melemah 17,64% secara enam bulanan. Simak juga Video: #Tanyadetikfinance: Apa Benar Pidato Prabowo Bikin IHSG Naik Turun?",Finance
141,"Market Overview Di pasar saham, IHSG ditutup naik 1,14% ke level 6.599,94 pada perdagangan Selasa (1/9). Kenaikan indeks didorong sejumlah saham perbankan besar. BBRI naik 4,00%, BBCA menguat 1,93%, dan BMRI bertambah 2,13%. Ketiga saham tersebut menjadi kontributor utama IHSG dengan bobot masing-masing 18,97, 11,03, dan 7,35. Di sisi lain, DCII turun 3,95%, EMAS terkoreksi 8,33%, dan BRMS melemah 2,67%. Investor asing mencatatkan net buy Rp1,76 triliun di pasar reguler. Jika memperhitungkan seluruh pasar, nilai net buy asing mencapai Rp2,03 triliun. Dari 11 sektor saham, 9 sektor berakhir menguat. Sektor Industrials mencatat kenaikan 3,71%, sedangkan Basic Materials turun 0,56%. Penguatan IHSG terjadi saat pasar saham Amerika Serikat justru bergerak turun. Dow Jones melemah 0,79% ke 52.766, S&P 500 turun 0,71% ke 7.631, dan Nasdaq terkoreksi 1,03% ke 26.099. Sementara itu, ETF EIDO naik 1,57% dan indeks MSCI Indonesia menguat 2,08%. Berita Emiten - PT Chandra Asri Pacific Tbk (TPIA) TPIA membuka akses terminal miliknya di Cilegon, Banten, untuk pengguna eksternal. Di sisi lain, Cakra Buana Resources Energi (CBRE) menyiapkan rights issue hingga Rp1,27 triliun. Kabar dari sejumlah emiten ini terjadi saat IHSG menguat pada perdagangan Selasa (1/9). Melalui PT Chandra Pelabuhan Nusantara (CPN), TPIA telah memperoleh Perizinan Berusaha Pengoperasian Terminal Umum dari Direktorat Jenderal Perhubungan Laut. Dengan izin tersebut, fasilitas terminal dapat melayani pengguna eksternal. Terminal yang berada di Cilegon tersebut memiliki tiga dermaga. Dermaga A mempunyai kapasitas hingga 80.000 DWT, sedangkan Dermaga B dan C masing-masing memiliki kapasitas 6.000 DWT dan 10.000 DWT. Fasilitas itu dapat digunakan untuk kegiatan bongkar muat berbagai produk kimia dan petroleum cair. Produk yang dapat ditangani antara lain naphtha, LPG, propylene, ethylene, py-gas, raffinate-1, butadiene, dan PFO. Terminal TPIA juga terhubung dengan fasilitas tank farm berkapasitas 501.606 m³. Fasilitas tersebut terdiri dari 56 tangki, dengan 25 tangki atmosferik untuk produk kimia cair dan 31 tangki bertekanan untuk produk gas cair. - Metropolitan Kentjana Tbk (MKPI) MKPI menargetkan pendapatan dan laba tumbuh di atas 10% pada 2026. Emiten pengelola Pondok Indah Mall itu mencatatkan kinerja positif sepanjang semester I-2026. Pendapatan MKPI mencapai Rp1,36 triliun pada 1H26, meningkat dibandingkan Rp1,20 triliun pada periode yang sama tahun sebelumnya. Laba bersih juga naik menjadi Rp594,38 miliar dari Rp480,12 miliar pada 1H25. Pendapatan sewa masih menjadi sumber utama dengan nilai Rp1,04 triliun. Dari jumlah tersebut, segmen mal memberikan kontribusi Rp687,46 miliar atau sekitar 75% dari total pendapatan sewa. MKPI memperkirakan pertumbuhan bisnis berikutnya mendapat dukungan dari Pondok Indah Mall 5 (PIM 5), yang mulai beroperasi pada April 2026. Meski demikian, tingkat okupansi tenant di PIM 5 masih belum mencapai kondisi yang ditargetkan. Selain itu, MKPI mengalokasikan belanja modal sekitar Rp300 miliar. Dana tersebut antara lain digunakan untuk pembangunan jembatan penghubung PIM 3-PIM 5, gedung parkir PIM 1, serta renovasi bekas Transmart Lebak Bulus menjadi bagian dari Pondok Indah Mall. - Cakra Buana Resources Energi Tbk (CBRE) CBRE akan melakukan penambahan modal melalui PMHMETD atau rights issue. Perseroan menetapkan rasio 100:260 dengan jumlah saham baru yang diterbitkan maksimal 11,80 miliar saham. Saham baru tersebut memiliki nilai nominal Rp25 per saham dan setara dengan 72,22% dari modal ditempatkan dan disetor penuh setelah PMHMETD I. CBRE menetapkan harga pelaksanaan rights issue sebesar Rp108 per saham. Dengan jumlah saham yang ditawarkan, perseroan berpotensi mendapatkan dana hingga Rp1,27 triliun. Sebesar Rp858,60 miliar dari dana tersebut akan digunakan untuk mengonversi utang menjadi modal disetor. Utang tersebut berasal dari kewajiban kepada PT Garuda Nusantara Mineral, PT Saga Investama Sedaya, Yafin Tandiono Tan, dan Hilong Shipping Holding Limited. Sisa dana hasil rights issue setelah dikurangi biaya-biaya terkait akan digunakan sebagai modal kerja perseroan. Bagi pemegang saham lama yang tidak mengambil haknya, aksi korporasi ini dapat menyebabkan dilusi kepemilikan maksimal 72,22%. Perdagangan dan pelaksanaan HMETD dijadwalkan berlangsung pada 6-12 November 2026. Rekomendasi Saham Hari Ini - BGTG - Buy 121-123 | TP 125-128 | SL 114 - BUMI - Buy 200-206 | TP 210-214 | SL 193 - MEDC - Buy 1440-1455 | TP 1470-1500 | SL 1370 - UNTR - Buy 25450-25550 | TP 26000-26550 | SL 24100 - BUVA - Buy 775-790 | TP 800-810 | SL 730 Disclaimer: Ingat, bahwa segala analisis dan rekomendasi saham dalam artikel ini bersifat informatif sekaligus bukan merupakan ajakan untuk membeli atau menjual saham tertentu. (ang/ang)",Finance
142,"Destry Damayanti telah resmi ditetapkan sebagai Gubernur Bank Indonesia (BI) baru menggantikan Perry Warjiyo dalam rapat Paripurna DPR RI pada Selasa (1/9). Hari ini, Destry direncanakan resmi dilantik dan mengucapkan sumpah jabatan di hadapan Mahkamah Agung (AS). Ia mengatakan usai resmi menduduki pucuk pimpinan di Bank Indonesia, langkah pertama yang akan dilakukannya adalah mengumpulkan Anggota Dewan Gubernur (ADG) BI saat ini untuk membagi fokus pembidangan tugas. ""Kita kan harus duduk bersama dulu, semua ADG lengkap kita. Kita pembagian bidang dulu nih, karena kalau di Bank Indonesia kan masing-masing ADG punya bidang-bidang yang akan dibawahi,"" kata Destry usai rapat Paripurna DPR RI di Kompleks Parlemen Senayan, Jakarta Pusat, Selasa kemarin. Destry menjelaskan penetapan struktur pembidangan ini penting agar pelaksanaan tugas dan fungsi pengawasan di BI dapat langsung berjalan efektif. Meski tentu dalam pelaksanaannya pembagian fokus pembidangan tugas ini dapat berganti sesuai kebutuhan dan kondisi yang ada. ""Itu sifatnya nggak statis. Karena nanti kita bisa akan tukar, berapa tahun sekali mungkin kita tukar. Jadi misalnya pembidangan tuh kayak 'oh siapa yang pegang kebijakan ekonomi moneter, siapa yang makroprudensial, siapa yang pendalaman pasar keuangan', dan seterusnya,"" jelasnya. ""Nah itu yang pasti kita akan lakukan pertama supaya aktivitas kerja dan tanggung jawab juga langsung jalan dan lebih clear. Itu sih, yang pertama itu,"" tegas Destry lagi. Di luar itu, Destry memastikan fokus utama Bank Indonesia di bawah kepemimpinannya nanti adalah tetap menjaga stabilitas moneter. Hal ini menjadi penting di tengah kondisi global yang serba tidak pasti. ""Kalau kita lihat, global ketidakpastian masih tinggi. Jadi artinya stabilitas itu tetap menjadi prioritas kita. Karena kalau ekonomi kita stabil, kita juga bisa terus menjaga nilai tukar stabil, inflasi stabil,"" ujar Destry. Bersama dengan itu, pihaknya akan terus mendorong sinergitas dengan pemerintah baik pusat maupun daerah melalui komunikasi dan koordinasi lintas sektor dengan berbagai Kementerian/Lembaga. ""Saya kan temanya 'Sinergi Merah Putih' ya untuk kesejahteraan rakyat. Jadi memang kita akan mengoptimalkan sinergi yang bisa kita lakukan, tapi tentunya tanpa juga mengabaikan mandat dan kewenangan dari masing-masing lembaga yang melakukan sinergi itu,"" katanya. Dalam hal ini, penguatan sinergi dengan pemerintah juga dimaksudkan untuk membantu BI dalam melaksanakan tugas menjaga stabilitas nilai rupiah, terutama dalam aspek kestabilan nilai mata uang terhadap barang dan jasa yang diukur dalam tingkat inflasi nasional. Destry mengatakan akan melakukan berbagai langkah 'tambahan' untuk menjaga inflasi tetap terkendali. Semisal berkomunikasi dan berkoordinasi dengan Kementerian/Lembaga hingga pemerintah daerah terkait masalah inflasi yang kerap kali didorong dari sisi pasokan (supply-side) produk dan jasa yang beredar di tengah masyarakat. ""Kaitannya dengan misalnya kita ada mengarah sekarang ini kayak volatile food inflation. Inflasi kan salah satu juga target di kami untuk menjaga, dijaga stabilitasnya. Tapi kita tahu ada sumber inflasi yang sifatnya lebih supply-side. Nah tentunya kalau supply-side ini kan Bank Indonesia nggak bisa sendiri, jadi Bank Indonesia mengajak tentu lembaga terkait termasuk pemerintah pusat dan pemerintah daerah,"" paparnya. (igo/fdl)",Finance
143,"Otoritas Jasa Keuangan (OJK) menjatuhkan sanksi administratif atas kepatuhan pelaporan di pasar modal. Sanksi diberikan berdasarkan hasil pemantauan atas kepatuhan pelaporan emiten, perusahaan publik, dan pihak terkait lainnya. Dilansir dari keterangan tertulis OJK, Selasa (1/9/2026), ada 1.184 sanksi administratif yang ditetapkan dengan total sanksi administratif berupa denda sebesar Rp 253,07 miliar dan 304 peringatan tertulis. Sanksi administratif tersebut diberikan atas keterlambatan penyampaian laporan. Misalnya, keterlambatan penyampaian laporan berkala hingga keterlambatan penyampaian laporan terkait tata kelola. Secara rinci, keterlambatan penyampaian laporan berkala sebanyak 876 sanksi administratif dengan total sanksi administratif berupa denda sebesar Rp 243,33 miliar dan 126 peringatan tertulis. Lalu, keterlambatan penyampaian laporan insidentil sebanyak 91 sanksi administratif dengan total sanksi administratif berupa denda sebesar Rp 7,87 miliar. Kemudian, keterlambatan penyampaian laporan terkait tata kelola sebanyak 209 sanksi administratif dengan total sanksi administratif berupa denda sebesar Rp 1,83 miliar dan 178 peringatan tertulis. Terakhir, ada keterlambatan laporan profesi penunjang Pasar Modal sebanyak 8 sanksi administratif berupa denda sebesar Rp 32.300.000. 23 Emiten Langgar Kepatuhan Laporan Sepanjang 2026 sampai dengan 31 Agustus, OJK telah menetapkan 1.277 sanksi administratif, larangan, dan/atau Perintah Tertulis kepada Emiten, Perusahaan Publik, Profesi Penunjang Pasar Modal, dan/atau Pihak terkait lainnya atas pelanggaran peraturan pasar modal dan pelanggaran atas kepatuhan pelaporan. ""Pengenaan sanksi administratif, larangan, dan/atau Perintah Tertulis tersebut merupakan langkah tegas OJK dalam menegakkan kepatuhan terhadap ketentuan di bidang Pasar Modal,"" tulis OJK dalam keterangannya, Selasa (1/9/2026). OJK akan terus mengambil tindakan tegas sesuai dengan kewenangan yang dimiliki untuk mendorong kepatuhan pelaku industri, serta memberikan efek jera terhadap pihak yang melakukan pelanggaran sehingga Pasar Modal Indonesia dapat berjalan secara teratur, wajar, dan efisien serta berintegritas. Berdasarkan hasil pengawasan dan pemeriksaan yang terus dilakukan di bidang Pasar Modal, OJK telah menetapkan 93 surat sanksi administratif, larangan, dan/atau Perintah Tertulis atas pelanggaran peraturan pasar modal, dengan rincian sebagai berikut: 1. Sanksi Administratif berupa denda dengan total sebesar Rp 73,99 miliar 2. 8 Peringatan Tertulis 3. Lima Perintah Tertulis 4. 10 Larangan 5. Enam Pembekuan Izin ""Tindakan tersebut diberikan kepada Emiten, Direksi Emiten, Komisaris Emiten, Perusahaan Efek selaku Penjamin Pelaksana Emisi Efek, Direksi Perusahaan Efek, Akuntan Publik, Kantor Akuntan Publik, Pemegang Saham Emiten, Pemegang Saham Pengendali Emiten, dan atau pihak lainnya yang menyebabkan pelanggaran,"" beber OJK. Pelanggaran yang menjadi dasar pengenaan sanksi administratif, larangan, dan/atau Perintah Tertulis tersebut, antara lain terkait dengan aliran dana hasil Penawaran Umum, proses penjatahan pasti Penawaran Umum perdana saham, penyajian laporan keuangan, audit laporan keuangan oleh Akuntan Publik, dan kewajiban pengalihan saham hasil pembelian kembali. Selain itu pelanggaran terjadi terkait Transaksi Afiliasi, Transaksi Benturan Kepentingan, Transaksi Material, penyelenggaraan Rapat Umum Pemegang Saham Tahunan, proses penunjukan Akuntan Publik dan atau Kantor Akuntan Publik, kewajiban keterbukaan informasi, dan Tata Kelola Emiten. Adapun sanksi administratif diberikan kepada berbagai pihak dengan terbanyak menyasar jajaran direksi emiten yang mencapai 50 pihak. Selain itu, sanksi juga dijatuhkan kepada 23 emiten, 13 Akuntan Publik dan/atau Kantor Akuntan Publik, serta delapan Komisaris Emiten. Pihak lainnya yang turut dikenakan sanksi mencakup masing-masing enam Perusahaan Efek dan direksi Perusahaan Efek. Sementara itu, pemegang saham dan/atau pengendali tercatat sebanyak empat pihak, disusul tiga pihak lainnya. Berikut rincian sanksi andministratif yang diberikan kepada 23 emiten: (1) PT Bakrie Telecom Tbk (2) PT Trada Alam Minera Tbk (3) PT Repower Asia Indonesia Tbk (4) PT Multi Makmur Lemindo Tbk (5) PT Indo Pureco Pratama Tbk (6) PT Sawit Sumbermas Sarana Tbk (7) PT Ever Shine Tex Tbk (8) PT Sejahtera Bintang Abadi Textile Tbk (9) PT Trinitan Metals and Minerals Tbk (10) PT Darmi Bersaudara Tbk (11) PT Bliss Properti Indonesia Tbk (12) PT Indo Boga Sukses Tbk (13) PT Nippon Indosari Corpindo Tbk (14) PT J Resources Asia Pasifik Tbk (15) PT Sinergi Megah Internusa Tbk (16) PT Platinum Wahab Nusantara Tbk (17) PT Panca Mitra Multiperdana Tbk (18) PT Fimperkasa Utama Tbk (29) PT Bakrie & Brothers Tbk (20) PT Saraswati Griya Lestari Tbk (21) PT Ifishdeco Tbk (22) PT Prime Agri Resources Tbk d.h. PT Sampoerna Agro Tbk (23) PT Cakra Buana Resources Energi Tbk",Finance
144,"Presiden Prabowo Subianto menggelar rapat terbatas di Hambalang, Bogor Selasa (1/9/2026). Rapat ini membahas peningkatan kualitas hunian dan lingkungan tempat tinggal masyarakat hingga akses pembiayaan. ""Rapat membahas upaya menghadirkan rumah yang lebih layak dan terjangkau, termasuk kebijakan untuk meringankan akses pembiayaan perumahan agar semakin banyak masyarakat dapat memiliki rumah,"" dikutip dari Instagram Sekretariat Kabinet @sekretariat.kabinet, Selasa (1/9/2026). Sejalan dengan itu, melalui Gerakan Indonesia ASRI mendorong pembenahan lingkungan permukiman secara menyeluruh. Lewat program ASRI, pemerintah berupaya mewujudkan rumah layak tidak hanya secara bangunan, tapi juga harus berada di lingkungan yang bersih, sehat, aman, nyaman, resik, dan indah. Selain itu, sejak 2025 hingga kini, program bedah rumah telah menjangkau 400 ribu rumah, yang dilanjutkan dengan berbagai upaya untuk meningkatkan kualitas lingkungan melalui penyediaan dan perbaikan air bersih dan MCK, pengelolaan sampah, serta peningkatan kebersihan dan keindahan lingkungan. ""Inilah semangat Indonesia ASRI: menghadirkan hunian yang semakin layak dan lingkungan yang semakin indah, dengan tetap menghargai karakter, budaya, dan kearifan lokal di setiap daerah,"" tulis keterangan dari akun Instagram Sekretariat Kabinet. Rapat dihadiri antara lain, Menteri Keuangan Purbaya Yudhi Sadewa, Menteri Koordinator bidang Perekonomian Airlangga Hartarto, Menteri Koordinator bidang Infrastruktur dan Pembangunan Kewilayahan Agus Harimurti Yudhoyono. Kemudian, CEO BPI Danantara Rosan Roeslani, Menteri Dalam Negeri Tito Karnavian, Menteri Koordinator bidang Pangan Zulkifli Hasan, Menteri Sekretaris Negara Prasetyo Hadi, hingga Sekretaris Kabinet Teddy Indra Wijaya. (hns/hns)",Finance
145,"Indeks Harga Saham Gabungan (IHSG) hari ini ditutup di zona hijau. IHSG naik cukup tinggi dan mendekati level 6.600. Dikutip dari RTI, Selasa (1/9/2026), IHSG pada penutupan naik sebesar 74,46 poin ke level 6.599,94atau menguat 1,14%. IHSG dibuka di level 6.538,12dengan level tertinggi 6.608,18 dan terendah 6.535,79. Volume transaksi tercatat 52,12 miliar saham, turnover Rp 20,39 triliun dengan frekuensi transaksi 2.653.930 kali. Sebanyak 407 saham menguat, 215 saham melemah, dan 169 saham stagnan. Pada bursa Asia lainnya, Hang Seng Index melemah 1,24%, Nikkei turun 0,19%, sementara Shanghai Composite Index melemah 0,18%. Tonton juga video ""Demo Membuat Investor Ragu Untuk Masuk ke Pasar Saham"" (ily/ara)",Finance
146,"Otoritas Jasa Keuangan (OJK) memastikan status pasar modal Indonesia masih bertahan di Emerging Market. Status tersebut dipertahankan oleh tiga lembaga penyedia indeks global, yakni MSCI, FTSE Russell, dan S&P Dow Jones Indices (DJI). Ketua Dewan Komisioner OJK, Friderica Widyasari Dewi, mengatakan keputusan tersebut menandai bahwa tiga penyedia indeks global mengakui perbaikan yang dilakukan pihaknya bersama Self-Regulatory Organization (SRO). OJK berkomitmen mempercepat implementasi inisiatif strategis untuk mereformasi pasar modal. ""Pada review terakhirnya, MSCI, FTSE, dan S&P Dow Jones Indices masih mempertahankan klasifikasi Indonesia sebagai Emerging Market. Keputusan tersebut memberikan optimisme bahwa lembaga global index provider telah memberikan pengakuan terhadap berbagai upaya perbaikan yang telah kita lakukan bersama,"" ungkapnya dalam Raket bersama Komisi XI di Kompleks Parlemen, Senayan, Jakarta, Selasa (1/9/2026). Perempuan yang akrab disapa Kiki itu menjelaskan, Indeks Harga Saham Gabungan (IHSG) mulai mencerminkan pemulihan. Sejak turun level terendahnya, IHSG tercatat telah menguat sekitar 20%. ""IHSG telah menunjukkan tren pemulihan dan semakin konvergen dengan indeks global, termasuk MSCI dan FTSE Indonesia, dengan penguatan sekitar 20% dari titik terendah di awal tahun 2026,"" jelasnya. Kiki menambahkan, kinerja fundamental emiten juga tercatat membaik dengan rata-rata pertumbuhan dua angka dan perbaikan profitabilitas pada sepanjang kuartal II-2026. Ia juga berkomitmen untuk mendorong pasar modal semakin kompetitif sebagai sumber pembiayaan dan instrumen investasi. ""Kami akan terus melanjutkan reformasi pasar modal agar semakin kompetitif sebagai sumber pembiayaan dan semakin menarik sebagai instrumen investasi dengan tetap memperkuat transparansi, penegakan hukum, pelindungan investor, dan juga integritas pasar,"" pungkasnya. Tonton juga video ""Purbaya soal Pendalaman Pasar Modal RI Belum Optimal"" (acd/acd)",Finance
147,"Otoritas Jasa Keuangan (OJK) tengah menyusun aturan peralihan Bursa Mineral dan Komoditas Strategis (BMKS) dari Badan Pengawas Perdagangan Berjangka Komoditi (Bappebti). Aturan tentang peralihan kewenangan pengawasan ini ditargetkan terbit pada 17 September mendatang. Ketua Dewan Komisioner OJK, Friderica Widyasari Dewi, mengatakan peralihan pengawasan akan dituangkan dalam Peraturan OJK (POJK). Melalui POJK ini, pengawasan BMKS sepenuhnya akan di bawah OJK. ""POJK-nya lagi kita susun, nanti per 17 September akan keluar bareng tuh POJK untuk peralihan, sama POJK pengaturan BMKS-nya,"" ungkapnya kepada wartawan di Kompleks Parlemen, Senayan, Jakarta, Selasa (1/9/2026). Perempuan yang akrab disapa Kiki itu menjelaskan, OJK juga masih menunggu Peraturan Presiden (Perpres) untuk pengaturan BMKS. Perpres tersebut memuat sejumlah komoditas yang akan diperdagangkan melalui BMKS. ""Persisnya nanti setelah pengaturannya keluar dan kita nunggu Perpres-nya. Jadi nanti mineralnya apa, komoditas strategisnya apa, nanti kita akan sampaikan sesuai dengan Perpres-nya tuh apa basic-nya. Jadi setelah dari situ kita bisa melakukan pengaturan yang lebih,"" pungkasnya. Sebagai informasi, Presiden Prabowo Subianto, menargetkan Bursa Mineral dan Komoditas Strategis mulai beroperasi pada 1 Januari 2027. Langkah ini sebagai upaya lanjutan dari kebijakan ekspor satu pintu nasional. Prabowo menyoroti posisi Indonesia selama puluhan tahun menjadi produsen terbesar dunia untuk berbagai komoditas penting, seperti kelapa sawit, nikel, timah, batu bara, kopi, hingga karet, namun harganya justru ditentukan di luar negeri. la menilai praktik tersebut tidak masuk akal secara ekonomi, pihak yang tidak memiliki komoditas justru memegang kendali harga pasar. Meski demikian, Prabowo memastikan pemerintah tetap memahami mekanisme pasar yang berlaku. Prabowo menegaskan, melalui Bursa Mineral dan Komoditas Strategis yang berada di bawah pengawasan OJK, Indonesia akan segera memiliki harga acuan sendiri atau Indonesia Reference Price untuk komoditas-komoditas ekspor utamanya. ""Rencana kita dengan dukungan DPR kita rencanakan pada 1 Januari 2027, kita akan memiliki Bursa Mineral dan Komoditas Strategis,"" ujar Prabowo dalam Penyampaian Pengantar/Keterangan Pemerintah atas RUU Tentang APBN TA 2027 beserta Nota Keuangan dan Dokumen Pendukungnya di Kompleks Parlemen, Senayan, Jakarta, Jumat (14/8/2026). Bos Baru OJK Awasi BMKS Kemudian pada 27 Agustus 2026, Dewan Perwakilan Rakyat (DPR) resmi menetapkan Sarjito sebagai Kepala Eksekutif Pengawas Bursa Mineral dan Komoditas Strategis (BMKS) Otoritas Jasa Keuangan (OJK) untuk periode 2026-2031 melalui Rapat Paripurna DPR RI. Sarjito menjalani uji kelayakan dan kepatutan sebagai Kepala BMKS OJK bersama Komisi XI DPR. Berdasarkan hasil uji kelayakan tersebut, Komisi XI menyetujui penetapan Sarjito untuk kemudian disahkan dalam Rapat Paripurna. Dalam uji kelayakan tersebut, Sarjito mengakui ada sejumlah tantangan yang dihadapi, termasuk praktik under invoicing, transfer pricing, hingga penentuan harga. Ia menilai bagian terpenting dalam BMKS adalah pasar yang terpercaya (trusted market). Ia menjelaskan, mekanisme arbitrase atau price arbitrage merupakan hal yang juga terjadi di pasar keuangan maupun komoditas global, seperti London Metal Exchange (LME). Praktik ini terjadi ketika seorang trader memanfaatkan selisih harga untuk membeli produk di pasar yang lebih murah dan menjualnya kembali di pasar yang menawarkan harga lebih tinggi. ""Apa yang terpenting? Yaitu trusted market. Karena market yang bagus pasti akan dipakai untuk arbitrage. Price arbitrage, bukan supervisory dan regulatory arbitrage,"" ujar ia di Gedung DPR RI, Senin (24/8/2026). Tonton juga video ""OJK Siap Beri Pendampingan ke Pemda soal Penerbitan Obligasi Daerah"" (acd/acd)",Finance
148,"Salah satu tugas utama Bank Indonesia (BI) adalah menjaga stabilitas nilai rupiah. Stabilitas nilai Rupiah ini mengandung dua aspek, yaitu kestabilan nilai mata uang terhadap barang dan jasa, serta kestabilan terhadap mata uang negara lain. Dalam hal ini tolok ukur keberhasilan BI dalam menjaga stabilitas rupiah pada aspek pertama akan tercermin pada perkembangan laju inflasi, sementara aspek kedua tercermin pada perkembangan nilai tukar rupiah terhadap mata uang negara lain. Kebijakan moneter Bank Indonesia ditujukan untuk mengelola tekanan harga yang berasal dari sisi permintaan agregat (demand management) relatif terhadap kondisi sisi penawaran. Dalam konteks ini biasanya BI akan melakukan penyesuaian suku bunga acuan (BI-Rate). Meski begitu, Gubernur Bank Indonesia (BI) yang secara resmi baru ditetapkan dalam sidang Paripurna DPR RI, Destry Damayanti, mengatakan akan melakukan berbagai langkah 'tambahan' untuk menjaga inflasi tetap terkendali. Ia menjelaskan masalah inflasi kerap kali didorong dari sisi pasokan (supply-side) produk dan jasa yang beredar di tengah masyarakat. Semisal terkait ketersediaan produk pangan yang langka kerap kali menyebabkan kenaikan harga yang cukup tinggi atau tidak stabil (volatile food inflation) Masalahnya, hal ini tidak bisa diselesaikan oleh BI yang bergerak di sektor moneter sendiri. Untuk itu dibutuhkan kerja sama dengan kementerian dan lembaga terkait melalui penguatan sinergi. Sejalan dengan tema kepemimpinan Destry yakni 'Sinergi Merah Putih'. ""Kaitannya dengan misalnya kita ada mengarah sekarang ini kayak volatile food inflation. Inflasi kan salah satu juga target di kami untuk menjaga, dijaga stabilitasnya,"" kata Destry usai rapat Paripurna DPR RI di Kompleks Parlemen Senayan, Jakarta Pusat, Selasa (1/9/2026). ""Tapi kita tahu ada sumber inflasi yang sifatnya lebih supply-side. Nah tentunya kalau supply-side ini kan Bank Indonesia nggak bisa sendiri, jadi Bank Indonesia mengajak tentu lembaga terkait termasuk pemerintah pusat dan pemerintah daerah,"" paparnya lagi. Dalam konteks ini, menurutnya BI akan memaksimalkan jaringan kantor daerah untuk langsung turun tangan menangani kendala pasokan pangan di lapangan. ""Contohnya supply untuk pangan misalnya, nah kan Bank Indonesia nggak mungkin sendiri melakukan itu, maka dengan pemerintah daerah, kemudian juga dengan kementerian-kementerian, Kementerian Pertanian ataupun kementerian terkait lainnya, itu kita bekerja sama bagaimana ke daerah-daerah,"" ujar Destry. ""Kami punya 46 kantor cabang, kantor Bank Indonesia daerah, bekerja sama dengan Pemda dan juga lembaga lain terkait untuk bisa mengatasi kelangkaan, misalnya ada masalah cabai, ada masalah bawang merah. Itu bentuk konkret kalau kita bicara sektor riil terkait dengan pangan,"" bebernya lagi. Bersamaan dengan itu, menurutnya BI juga akan terus mendorong penggunaan mata uang lokal dalam transaksi perdagangan hingga penanaman investasi (Local Currency Transaction/LCT). Dalam hal ini Destry menyebut BI telah membentuk working group khusus bersama sejumlah kementerian teknis untuk memperkuat program ini. ""Kemudian juga kerja samanya terkait misalnya kita mendorong Local Currency Transaction ya untuk usaha kita. Nah ini kita punya semacam working group di mana di situ kementeriannya ada dari Perdagangan ada, dari BKPM ada, dari Industri di mana kayak ada pertemuan yang rutin karena itu terkait dengan investasi dan juga perdagangan,"" tutur Destry. Lihat juga Video: Tok! DPR Tetapkan Destry Damayanti Jadi Gubernur BI 2026-2031",Finance
149,"Satuan Tugas Pemberantasan Aktivitas Keuangan Ilegal (Satgas PASTI) menerima 25.875 pengaduan terkait aktivitas keuangan ilegal sepanjang 1 Januari hingga 31 Juli 2026. Pengaduan tersebut terdiri atas 22.529 kasus pinjaman online ilegal, 3.170 investasi ilegal, dan 176 gadai ilegal. Kemudian melalui kanal Indonesia Anti Scam Centre (IASC), tercatat ratusan ribu aduan sepanjang periode 22 November 2024 hingga 31 Juli 2026. IASC mencatat 637.055 laporan dari masyarakat, terdiri dari 1.179.881 rekening telah dilaporkan dan diverifikasi, 607.210 rekening di antaranya telah dilakukan pemblokiran sebagai upaya menghentikan aliran dana hasil kejahatan. Melalui koordinasi lintas instansi, IASC berhasil memblokir dana terkait penipuan transaksi keuangan senilai sekitar Rp 724,1 miliar. Dari jumlah tersebut, sebanyak Rp 204,3 miliar telah dikembalikan kepada korban dari rekening yang digunakan pelaku penipuan. 5 Modus Penipuan Terungkap Berdasarkan hasil analisis pengaduan, Satgas PASTI mengidentifikasi lima modus yang kerap dilakukan pelaku untuk melancarkan aksi penipuannya. Modus ini kerap dilakukan dengan memanfaatkan teknologi digital hingga penyalahgunaan data pribadi. Modus pertama, pelaku penipuan melakukan ancaman dan intimidasi yang disertai dengan penyalahgunaan data pribadi. Biasanya, pelaku melakukan tekanan melalui telepon, pesan singkat, aplikasi percakapan, hingga media sosial dengan ancaman menyebarluaskan data pribadi atau menghubungi keluarga, rekan kerja, maupun tempat kerja korban. | Baca juga: Waspada Penipuan AI: Modus Kloning Suara | ""Tidak jarang pelaku menggunakan kata-kata kasar dan teror berulang agar korban segera melakukan pembayaran atas pinjaman yang tidak pernah dilakukan,"" tulis Satgas PASTI dalam keterangan persnya, Selasa (1/9/2026). Modus kedua, pencairan dana tanpa persetujuan. Dalam laporannya, Satgas PASTI masih menemukan modus berupa masuknya dana ke rekening masyarakat tanpa adanya pengajuan atau persetujuan yang jelas dari penerima. Setelah dana diterima, pelaku biasanya meminta korban mengembalikan dana ke rekening tertentu dengan berbagai alasan. Masyarakat diminta untuk tidak menggunakan dana tersebut dan tidak langsung mengembalikannya ke rekening yang diberikan melalui telepon, SMS, atau WhatsApp. ""Masyarakat juga diminta segera melakukan konfirmasi dan laporkan kepada bank melalui kanal resmi untuk memastikan asal-usul transaksi dan memperoleh penanganan yang sesuai,"" jelasnya. Modus ketiga, penipuan yang mengatasnamakan lembaga resmi. Tak jarang pelaku memanfaatkan nama, logo, maupun atribut lembaga resmi untuk memperoleh kepercayaan masyarakat sebelum meminta data pribadi, OTP, PIN, kata sandi, kode verifikasi, maupun sejumlah dana. Dalam kondisi ini, masyarakat diminta memastikan seluruh informasi diperoleh melalui kanal resmi serta tidak pernah memberikan OTP, PIN, kata sandi, kode verifikasi, maupun akses perangkat kepada pihak yang menghubungi secara sepihak. Apabila menerima informasi yang meragukan, masyarakat agar segera melakukan konfirmasi melalui saluran resmi lembaga terkait. Modus keempat, investasi ilegal, tugas berkomisi, dan penipuan transaksi daring. Pelaku biasanya menawarkan keuntungan tinggi dalam waktu singkat, pekerjaan daring berkomisi, maupun berbagai penawaran investasi dengan meminta korban melakukan setoran dana secara bertahap, misalnya untuk pencairan keuntungan, biaya administrasi, pajak, maupun peningkatan keanggotaan. ""Masyarakat perlu mewaspadai setiap penawaran yang menjanjikan keuntungan tinggi tanpa risiko yang jelas, tidak mudah percaya terhadap testimoni yang beredar di media sosial maupun grup percakapan, serta menghentikan transaksi apabila pelaku terus meminta pembayaran tambahan,"" terangnya. Modus kelima, jasa pelunasan pinjaman, pemutihan utang, penghapusan data pinjaman, dan perbaikan riwayat kredit. Pelaku penipuan biasanya menawarkan penyelesaian masalah pinjaman secara cepat dengan meminta sejumlah biaya di muka serta menjanjikan penghapusan utang, penghapusan data pinjaman, maupun perbaikan riwayat kredit. ""Masyarakat perlu memahami bahwa tidak ada pihak yang dapat menghapus kewajiban utang maupun memperbaiki riwayat kredit secara instan dengan meminta imbalan tertentu. Penawaran semacam ini justru berpotensi menimbulkan kerugian baru serta penyalahgunaan data pribadi,"" pungkasnya. Lihat juga Video: Tetap Waspada Ya Meski Kode QR Sekarang Makin Mudah Diakses!",Finance
150,"Resmi ditetapkan sebagai Gubernur Bank Indonesia (BI) dalam sidang Paripurna DPR RI, Destry Damayanti, mengatakan langkah pertama yang akan dilakukannya adalah mengumpulkan Anggota Dewan Gubernur (ADG) BI saat ini untuk membagi fokus pembidangan tugas. Langkah pertama ini akan dilakukan setelah dirinya resmi dilantik dan mengucapkan sumpah jabatan sebagai Gubernur BI baru di Mahkamah Agung (MA). Rencananya pelantikan dan prosesi pengambilan sumpah jabatan ini akan dilakukan besok, Rabu (2/9), sekitar pukul 15.30 WIB. ""Kita kan harus duduk bersama dulu, semua ADG lengkap kita. Kita pembagian bidang dulu nih, karena kalau di Bank Indonesia kan masing-masing ADG punya bidang-bidang yang akan dibawahi,"" kata Destry usai rapat Paripurna DPR RI di Kompleks Parlemen Senayan, Jakarta Pusat, Selasa (1/9/2026). Destry menjelaskan penetapan struktur pembidangan ini penting agar pelaksanaan tugas dan fungsi pengawasan di BI dapat langsung berjalan efektif. Meski tentu dalam pelaksanaannya pembagian fokus pembidangan tugas ini dapat berganti sesuai kebutuhan dan kondisi yang ada. ""Itu sifatnya nggak statis. Karena nanti kita bisa akan tukar, berapa tahun sekali mungkin kita tukar. Jadi misalnya pembidangan tuh kayak 'oh siapa yang pegang kebijakan ekonomi moneter, siapa yang makroprudensial, siapa yang pendalaman pasar keuangan', dan seterusnya,"" jelasnya. ""Nah itu yang pasti kita akan lakukan pertama supaya aktivitas kerja dan tanggung jawab juga langsung jalan dan lebih clear. Itu sih, yang pertama itu,"" tegas Destry lagi. Di luar itu, Destry memastikan fokus utama Bank Indonesia di bawah kepemimpinannya nanti adalah tetap menjaga stabilitas moneter. Hal ini menjadi penting di tengah kondisi global yang serba tidak pasti. ""Kalau kita lihat, global ketidakpastian masih tinggi. Jadi artinya stabilitas itu tetap menjadi prioritas kita. Karena kalau ekonomi kita stabil, kita juga bisa terus menjaga nilai tukar stabil, inflasi stabil,"" ujar Destry. Bersama dengan itu, pihaknya akan terus mendorong sinergitas dengan pemerintah baik pusat maupun daerah melalui komunikasi dan koordinasi lintas sektor dengan berbagai Kementerian/Lembaga. ""Saya kan temanya 'Sinergi Merah Putih' ya untuk kesejahteraan rakyat. Jadi memang kita akan mengoptimalkan sinergi yang bisa kita lakukan, tapi tentunya tanpa juga mengabaikan mandat dan kewenangan dari masing-masing lembaga yang melakukan sinergi itu,"" pungkasnya. Lihat juga Video: Tok! DPR Tetapkan Destry Damayanti Jadi Gubernur BI 2026-2031",Finance
151,"Eks Gubernur Bank Indonesia (BI), Perry Warjiyo mengucapkan selamat kepada Destry Damayanti yang terpilih sebagai Gubernur BI. Ucapan selamat juga disampaikan kepada Aida S. Budiman dan Solikin M. Juhro yang menduduki jabatan Dewan Gubernur di BI. ""Selamat atas terpilihnya Destry Damayanti sebagai Gubernur Bank Indonesia, Aida S. Budiman sebagai Deputi Gubernur Senior, dan Solikin M. Juhro sebagai Deputi Gubernur, untuk periode 2026-2031,"" kata Perry dalam keterangan tertulis, Selasa (1/9/2026). Perry berharap ketiganya mampu memperkuat mandat BI menjaga stabilitas dan mendukung pertumbuhan ekonomi berkelanjutan. Terlebih, masih ada gejolak global yang menjadi tantangan. ""Saya berharap Dewan Gubernur yang baru mampu memperkuat mandat Bank Indonesia dalam menjaga stabilitas dan turut mendukung pertumbuhan ekonomi yang berkelanjutan, di tengah gejolak global yang masih berlanjut,"" tambah Perry. Perry juga menyampaikan terima kasih atas kepercayaan yang sebelumnya diberikan kepadanya sebagai Gubernur BI. Ia lalu menyampaikan harapannya bahwa BI bisa menjalankan mandat untuk memajukan perekonomian nasional. ""Selanjutnya, saya menyampaikan terima kasih yang sebesar-besarnya atas kepercayaan yang diberikan kepada saya selama ini dalam menjalankan tugas-tugas Bank Indonesia sesuai Undang-Undang dan ketentuan yang berlaku.Semoga Tuhan YME senantiasa melimpahkan rahmat dan perlindungan bagi Bank Indonesia dalam menjalankan mandatnya bagi kemajuan perekonomian nasional,"" ucap Perry. Diberitakan sebelumnya, Dewan Perwakilan Rakyat Republik Indonesia (DPR RI) resmi menetapkan Destry Damayanti sebagai Gubernur BI periode 2026-2031. Ia dilantik menggantikan Perry Warjiyo yang mundur dari jabatannya pada 25 Juli yang lalu. ""Pimpinan Dewan mengucapkan selamat kepada calon Gubernur, Deputi Gubernur Senior, dan Deputi Gubernur Bank Indonesia. Semoga dapat menjalankan amanah ini dapat dijalankan dengan penuh integritas, bertanggung jawab dan tetap amanah,"" kata Ketua DPR RI Puan Maharani dalam Rapat Paripurna DPR RI ke-4 Masa Persidangan I Tahun Sidang 2026-2027, Selasa (1/9/2026). Penetapan Destry sebagai pengganti Perry ini telah dilakukan sesuai dengan amanat Undang-undang Undang-Undang Nomor 23 Tahun 1999 tentang Bank Indonesia sebagaimana telah beberapa kali telah diubah dan terakhir dengan Undang-Undang Nomor 4 Tahun 2026. Lihat juga Video: Tok! DPR Tetapkan Destry Damayanti Jadi Gubernur BI 2026-2031",Finance
152,"Usai ditetapkan sebagai Gubernur Bank Indonesia (BI) dalam rapat Paripurna DPR RI, Destry Damayanti, menegaskan prioritas kebijakan BI di bawah kepemimpinannya akan berfokus dalam menjaga stabilitas moneter. Hal ini menjadi penting di tengah kondisi global yang serba tidak pasti. Destry menyampaikan ketidakpastian kondisi global kerap kali memengaruhi kondisi perekonomian nasional. Karenanya dari pihak moneter, menjaga nilai tukar dan inflasi menjadi kunci utama untuk menjaga iklim ekonomi domestik tetap kondusif. ""Kalau kita lihat, global ketidakpastian masih tinggi. Jadi artinya stabilitas itu tetap menjadi prioritas kita. Karena kalau ekonomi kita stabil, kita juga bisa terus menjaga nilai tukar stabil, inflasi stabil,"" ujar Destry usai rapat Paripurna DPR RI di Kompleks Parlemen Senayan, Jakarta Pusat, Selasa (1/9/2026). Ia menambahkan selama masa kepemimpinannya nanti arah kebijakan Bank Indonesia tidak akan berubah banyak dari periode sebelumnya, terutama selama kondisi eksternal masih membayangi. ""Kalau yang sudah baik dan sesuai dengan keadaan perkembangan zaman itu pasti akan kita lanjutkan. Karena kan kebijakan itu kan memang sangat tergantung dengan kondisi yang terjadi,"" ungkap Destry. ""Jadi stance tetap sama ya, bahwa stabilitas tetap dalam kondisi seperti sekarang ketidakpastian global masih tinggi, maka stabilitas tetap menjadi kunci bagi kami,"" tambahnya. Selain menjadikan stabilitas moneter sebagai fokus utama dan melanjutkan tren positif dari periode sebelumnya, Destry mengatakan Bank Indonesia di bawah kepemimpinannya akan mendorong lebih jauh sinergitas dengan pemerintah untuk mendorong pertumbuhan ekonomi yang berkualitas. Sebagai contoh, BI tengah memperkuat jalur komunikasi dan koordinasi dengan Kementerian Keuangan (Kemenkeu), khususnya terkait penyediaan likuiditas. Menurut Destry, kebijakan moneter yang dikeluarkan BI harus dapat bergerak seirama dengan langkah ekspansi fiskal yang dilakukan oleh pemerintah. ""Sekarang sebenarnya kan sudah jalan ya, jadi termasuk kayak sekarang kalau kita bicara likuiditas. Nah ini tentunya kan bagaimana Bank Indonesia dengan Kementerian Keuangan itu kan harus bisa bersama-sama untuk mem-provide likuiditas,"" kata Destry. Harmonisasi kedua lembaga ini dinilai penting agar kebijakan yang diambil tidak saling berbenturan, melainkan saling mendukung kesejahteraan masyarakat. ""Karena pemerintah dengan fiscal policy-nya, dengan fiskal ekspansinya yang mereka lakukan, nah tentunya dari Bank Indonesia kita juga mensupport itu gitu. Jadi, itu paling tidak komunikasi yang perlu harus dilakukan bagaimana fiskal-moneter kita ini bisa seirama bergeraknya,"" jelas Destry. ""Saya kan temanya 'Sinergi Merah Putih' ya untuk kesejahteraan rakyat. Jadi memang kita akan mengoptimalkan sinergi yang bisa kita lakukan, tapi tentunya tanpa juga mengabaikan mandat dan kewenangan dari masing-masing lembaga yang melakukan sinergi itu,"" pungkasnya. Lihat Video: Tok! DPR Tetapkan Destry Damayanti Jadi Gubernur BI 2026-2031",Finance
153,"Dewan Perwakilan Rakyat Republik Indonesia (DPR RI) resmi menetapkan Destry Damayanti sebagai Gubernur Bank Indonesia periode 2026-2031. Ia dilantik menggantikan Perry Warjiyo yang mundur dari jabatannya pada 25 Juli yang lalu. ""Pimpinan Dewan mengucapkan selamat kepada calon Gubernur, Deputi Gubernur Senior, dan Deputi Gubernur Bank Indonesia. Semoga dapat menjalankan amanah ini dapat dijalankan dengan penuh integritas, bertanggung jawab dan tetap amanah,"" kata Ketua DPR RI Puan Maharani dalam Rapat Paripurna DPR RI ke-4 Masa Persidangan I Tahun Sidang 2026-2027, Selasa (1/9/2026). Penetapan Destry sebagai pengganti Perry ini telah dilakukan sesuai dengan amanat Undang-undang Undang-Undang Nomor 23 Tahun 1999 tentang Bank Indonesia sebagaimana telah beberapa kali telah diubah dan terakhir dengan Undang-Undang Nomor 4 Tahun 2026. Sebagai informasi, Destry Damayanti merupakan calon tunggal Gubernur BI yang diusulkan oleh Presiden Prabowo Subianto. Sebelum ditetapkan sebagai Gubernur BI definitif yang baru, ia yang pada awalnya menjabat sebagai Deputi Gubernur Senior sempat diangkat sebagai Pejabat Gubernur Sementara (Pgs) BI sesaat setelah Perry mundur. Lebih lanjut, saat dirinya ditetapkan menjadi calon Gubernur BI berikutnya melalui Surat Presiden (Surpres) kepada DPR, Destry juga telah mengikuti rangkaian uji kelayakan alias fit and proper test bersama Komisi XI di Kompleks Parlemen, Senayan, Jakarta, Rabu (26/8/2026). Dalam kesempatan itu Destry juga sempat menyampaikan pokok-pokok visi dan misi terkait arah kebijakan moneter serta stabilitas sistem keuangan nasional di bawah kepemimpinannya kelak. Setelah uji kelayakan inilah Komisi XI DPR resmi menetapkan Destry Damayanti sebagai Gubernur Bank Indonesia periode 2026-2031. Ketua Komisi XI DPR Misbakhun mengatakan ketetapan tersebut diambil berdasarkan musyawarah mufakat melalui keputusan rapat internal komisi. ""Ibu Destry Damayanti ditetapkan sebagai Gubernur Bank Indonesia periode 2026-2031,"" ungkap Misbakhun kepada wartawan di Kompleks Parlemen, Senayan, Jakarta, Kamis (27/8/2026). Selain Gubernur BI, Komisi XI juga menetapkan Aida S. Budiman sebagai Deputi Gubernur Senior dan Solikin M. Juhro sebagai Deputi Gubernur. Keduanya akan menjabat untuk periode yang sama dengan Destry. Lihat Video: Tok! DPR Tetapkan Destry Damayanti Jadi Gubernur BI 2026-2031",Finance
154,"Mata uang dolar Amerika Serikat (AS) melemah tipis di hadapan rupiah pada perdagangan pagi ini, Selasa (1/9/2025). Mata uang Paman Sam itu dibuka pada posisi Rp 17.700-an. Berdasarkan data Bloomberg, dolar AS melemah tipis 0,04% ke level Rp 17.715 pagi ini. Pada perdagangan sebelumnya, Senin (31/8), dolar AS ditutup pada level Rp 17.722. Namun sepanjang tahun 2026, dolar AS tercatat menguat 6,21%. Hari ini, dolar AS diperkirakan bergerak pada rentang Rp 17.714 hingga Rp 17.720. Dolar AS tercatat menguat pada sejumlah mata uang negara besar. Terhadap JPY, dolar AS menguat 0,05%. Kemudian terhadap AUD mata uang Paman Sam juga menguat 0,06%. Sementara terhadap mata uang CAD, dolar AS juga menguat 0,07%. Selanjutnya dolar AS juga menguat terhadap mata uang CHF sebesar 0,14%. Sedangkan terhadap mata uang EUR, mata uang dolar AS melemah 0,09%. Pelemahan juga terjadi terhadap mata uang GBP, di mana dolar AS melemah 0,04%. Lihat juga Video: Rupiah Ambyar! Dolar AS Sempat Tembus Rp 18.000",Finance
155,"Indeks Harga Saham Gabungan (IHSG) pada perdagangan hari ini dibuka menguat. IHSG bergerak menguat di level 6.500-an. Berdasarkan data RTI, Selasa (1/9/2026), IHSG menguat ke level 6.548 atau naik 22,6 poin (0,35%) pada pukul 09.13. IHSG dibuka di zona hijau di level 6.538. IHSG bergerak pada rentang terendah 6.535 hingga tertinggi 6.569. Nilai transaksi indeks pada perdagangan pagi ini mencapai Rp 2,39 triliun dengan melibatkan 6,016 miliar lembar saham yang diperdagangkan sebanyak 327.827 kali. Dari jumlah transaksi itu, sebanyak 338 saham menguat, 181 saham melemah dan 206 saham stagnan. Selain secara harian, IHSG menguat 5,01% secara bulanan. Begitu pula, IHSG naik 0,72% secara mingguan. IHSG juga tercatat menguat 5,51% secara tiga bulanan. Namun, IHSG melemah 17,48% secara enam bulanan. Simak juga Video: #Tanyadetikfinance: Apa Benar Pidato Prabowo Bikin IHSG Naik Turun?",Finance
156,"Market Overview Di pasar saham, IHSG mengakhiri perdagangan Senin (31/8) dengan naik 0,11% ke level 6.525,48. Sejumlah saham menjadi penopang pergerakan indeks. BBRI naik 1,88%, ADRO menguat 6,37%, sedangkan EMAS bertambah 3,23%. Sebaliknya, BYAN turun 3,43%, AMMN melemah 1,81%, dan SRAJ terkoreksi 4,86%. Aktivitas investor asing masih mencatatkan penjualan bersih. Di pasar reguler, net sell mencapai Rp710,56 miliar, sedangkan di seluruh pasar tercatat Rp434,25 miliar. Dari 11 sektor saham, delapan sektor berakhir di zona hijau. Sektor Industrials mencatat kenaikan 1,46%, sementara sektor Healthcare menjadi sektor dengan penurunan sebesar 1,66%. Pergerakan pasar global turut menjadi perhatian. Dow Jones turun 0,70% ke 53.185, S&P 500 melemah 0,33% ke 7.686, dan Nasdaq turun 0,12% ke 26.370. Tekanan jual asing setelah rebalancing MSCI Agustus 2026 juga terlihat pada CPIN, yang mencatat net sell Rp681,76 miliar di pasar reguler. Indeks MSCI Indonesia turun 3,74%, sementara ETF EIDO masih mencatat kenaikan 0,55%. Berita Emiten - PT Astra International Tbk (ASII) ASII menyiapkan aksi Penawaran Tender Sukarela untuk menambah kepemilikan di PT Astra Otoparts Tbk (AUTO). Di sisi lain, PT Phapros Tbk (PEHA) membukukan kenaikan laba pada semester I 2026. ASII mengumumkan Penawaran Tender Sukarela atas saham AUTO pada 31 Agustus 2026. Melalui aksi tersebut, ASII berencana membeli maksimal 238,44 juta saham AUTO atau sekitar 4,94% dari modal ditempatkan dan disetor perseroan. Harga yang ditawarkan ditetapkan sebesar Rp3.600 per saham. Dengan jumlah saham maksimal yang akan dibeli, nilai transaksi dapat mencapai Rp858,39 miliar. ASII menyatakan pendanaan aksi tersebut berasal dari kas internal perseroan. Saat ini, ASII memiliki sekitar 3,86 miliar saham AUTO atau setara dengan 80% dari modal ditempatkan dan disetor. Jika seluruh saham dalam penawaran tender terserap, kepemilikan ASII dapat bertambah menjadi maksimal 4,09 miliar saham atau sekitar 84,94%. Dengan demikian, porsi kepemilikan publik di AUTO akan menjadi sekitar 15,05%. Penawaran Tender Sukarela tersebut dilaksanakan berdasarkan POJK 54/POJK.04/2015 mengenai Penawaran Tender Sukarela. - PT Phapros Tbk (PEHA) PEHA mencatat laba bersih Rp14,97 miliar pada semester I 2026. Angka ini meningkat dibandingkan laba Rp2,45 miliar pada periode yang sama tahun sebelumnya. Kenaikan laba tersebut sejalan dengan pertumbuhan penjualan dan efisiensi biaya. Penjualan bersih PEHA tercatat Rp482,85 miliar, tumbuh 5,37% secara tahunan dari Rp458,22 miliar pada semester I 2025. Perseroan juga berhasil menekan rasio beban pokok penjualan (HPP) dari 52% menjadi 49%. Dampaknya, margin laba kotor meningkat dari 48,0% menjadi 50,4%. Untuk pengembangan produk, PEHA sedang menyiapkan serbuk obat antiinflamasi nonsteroid (NSAID) yang ditujukan untuk terapi dental. Produk tersebut ditargetkan masuk pasar pada kuartal IV 2026. Phapros juga terus mengembangkan pasar ekspor. Sejak 2014, perseroan telah melakukan pengiriman produk ke Kamboja, Filipina, Myanmar, Nigeria, Peru, dan Papua Nugini. Pada kuartal III dan IV 2026, PEHA membidik pengiriman ke Filipina, Timor-Leste, dan Kamboja. Target penjualan ekspor yang dipatok mencapai Rp5 miliar. - PT Jantra Grupo Indonesia Tbk (KAQI) KAQI menambah jaringan bisnisnya dengan membuka cabang kedua di Surabaya Barat pada 29 Agustus 2026. Cabang baru tersebut hadir setelah cabang Surabaya Timur mencapai kapasitas maksimal. Untuk ekspansi ini, KAQI mengalokasikan belanja modal sebesar Rp5,8 miliar dengan skema sewa lahan selama 12 tahun. Perseroan menargetkan payback period cabang baru sekitar 28 bulan. Secara keseluruhan, dua cabang KAQI di Surabaya diproyeksikan memberikan kontribusi hingga 10,50% terhadap pendapatan konsolidasi pada akhir 2026. Selain ekspansi jaringan, peluang pertumbuhan KAQI juga datang dari kebutuhan layanan kendaraan listrik (EV) yang meningkat. Perseroan turut menjajaki bisnis B2B dengan salah satu bank pembangunan daerah di Jawa Timur untuk pengelolaan armada operasional. Rekomendasi Saham Hari Ini - ESSA - Buy 640-650 | TP 660-675 | SL 605 - IATA - Buy 123-126 | TP 128-131 | SL 116 - ELSA - Buy 710-720 | TP 730-740 | SL 675 - JSMR - Buy 2930-2960 | TP 3000-3030 | SL 2800 - COCO - Buy 104-106 | TP 108-110 | SL 98 Disclaimer: Ingat, bahwa segala analisis dan rekomendasi saham dalam artikel ini bersifat informatif sekaligus bukan merupakan ajakan untuk membeli atau menjual saham tertentu. (ang/ang)",Finance
157,"Otoritas Jasa Keuangan (OJK) mencabut izin usaha 12 bank perekonomian rakyat (BPR) sepanjang delapan bulan pertama (Januari-Agustus) 2026. Dengan begitu, ke-12 bank tersebut resmi tutup alias gulung tikar. Pencabutan izin itu dilakukan melalui keputusan anggota komisioner OJK. Salah satunya terkait kondisi bank tidak sehat lantaran kekurangan modal. Terbaru, OJK mencabut izin usaha PT BPR Citra Bersada Abadi yang beralamat di Komplek Pertokoan Pasar Pagi Bintara Blok D/20-21, Bintara, Bekasi Barat, Kota Bekasi, Provinsi Jawa Barat, terhitung sejak tanggal 19 Agustus 2026. ""Pencabutan izin usaha PT BPR Citra Bersada Abadi merupakan bagian tindakan pengawasan yang dilakukan OJK untuk terus menjaga dan memperkuat industri perbankan serta menjaga kepercayaan masyarakat,"" ujar Kepala OJK Jakarta, Bogor, Depok, dan Bekasi, Edwin Nurhadi dalam keterangan tertulis, Kamis (20/8/2026). Erwin menjelaskan Pada 6 Agustus 2025, OJK telah menetapkan PT BPR Citra Bersada Abadi sebagai Bank dengan status pengawasan BPR Dalam Penyehatan (BDP) berdasarkan pertimbangan Rasio Kewajiban Pemenuhan Modal Minimum (KPMM) di bawah ketentuan (negatif 2,98%) dan Cash Ratio rata-rata selama tiga bulan terakhir sebesar 3,59% atau kurang dari 5%. Dalam kasus pencabutan izin bank terakhir ini, Erwin menjelaskan Pada 6 Agustus 2025, OJK telah menetapkan PT BPR Citra Bersada Abadi sebagai Bank dengan status pengawasan BPR Dalam Penyehatan (BDP) berdasarkan pertimbangan Rasio Kewajiban Pemenuhan Modal Minimum (KPMM) di bawah ketentuan (negatif 2,98%) dan Cash Ratio rata-rata selama tiga bulan terakhir sebesar 3,59% atau kurang dari 5%. Selanjutnya, pada 5 Agustus 2026, OJK menetapkan PT BPR Citra Bersada Abadi sebagai bank dengan status pengawasan BPR Dalam Resolusi (BDR) berdasarkan pertimbangan bahwa OJK telah memberikan waktu yang cukup kepada Pengurus dan Pemegang Saham untuk melakukan upaya penyehatan termasuk mengatasi permasalahan permodalan sebagaimana diatur dalam POJK Nomor 28 Tahun 2023 tentang Penetapan Status dan Tindak Lanjut Pengawasan BPR dan BPRS. Namun demikian Pengurus dan Pemegang Saham PT BPR Citra Bersada Abadi tidak dapat melakukan penyehatan sesuai persyaratan. Berdasarkan Keputusan Anggota Dewan Komisioner Bidang Program Penjaminan Simpanan dan Resolusi Bank Nomor 117/ADK3/2026 tanggal 13 Agustus 2026 tentang Cara Penanganan Bank Dalam Resolusi PT Bank Perekonomian Rakyat Citra Bersada Abadi, Lembaga Penjamin Simpanan (LPS) memutuskan cara penanganan Bank Dalam Resolusi PT BPR Citra Bersada Abadi dengan melakukan likuidasi bank dan meminta kepada OJK untuk mencabut izin usaha BPR tersebut. Sehubungan dengan pencabutan izin usaha PT BPR Citra Bersada Abadi tersebut, OJK menjelaskan seluruh kantor PT BPR Citra Bersada Abadi ditutup untuk umum dan PT BPR Citra Bersada Abadi menghentikan segala kegiatan usahanya. Daftar 12 Bank Tutup Periode Januari-Agustus 2026 1. PT BPR Suliki Gunung Mas, Sumatra Barat 2. PT BPR Prima Master Bank, Surabaya, Jawa Timur 3. Perumda BPR Bank Cirebon, Jawa Barat 4. PT BPR Kamadana, Bangli, Bali 5. PT BPR Koperindo Jaya, Jakarta Pusat 6. PT BPR Pembangunan Nagari, Agam, Sumatra Barat 7. PT BPR Sungai Rumbai, Dharmasraya, Sumatera Barat 8. PT BPR Ceper Permata Artha, Klaten, Jawa Tengah 9. PT BPR Dwicahaya Nusaperkasa, Batu, Jawa Timur 10. PT BPR Mataram Mitra Manunggal, Yogyakarta 11. PT BPR Syariah Hasanah Mandiri, Depok, Jawa Barat 12. PT BPR Citra Bersada Abadi, Bintara, Bekasi Barat, Kota Bekasi.",Finance
158,"Bursa Efek Indonesia (BEI) berencana menghapus batas minimum harga saham Rp 50 menjadi Rp 1. Dengan regulasi tersebut, modal investasi di pasar modal Indonesia diperkirakan hanya Rp 1.000/lot saham. Co-Founder sekaligus CEO Ajaib Group, Anderson Sumarli menjelaskan saat ini harga termurah untuk satu lot sebesar Rp 50.000 untuk saham dengan harga minimum Rp 50 per saham. Kemudian dengan rencana perubahan regulasi yang memungkinkan harga menjadi Rp 1 per saham, satu lot saham bisa sekitar Rp 1.000. ""Jadi kalau satu lot saham sekarang paling murah Rp 50 ribu. Tapi Bursa Efek Indonesia sekarang ada kajian untuk menurunkan minimal dari Rp 50 jadi Rp 1. Jadi sebentar lagi akan minimalnya bisa Rp 1.000 rupiah untuk beli saham. Itu luar biasa,"" jelas Anderson dalam konferensi pers di kantor PT Ajaib Teknologi Indonesia, Jakarta, Senin (31/8/2026). Dalam kesempatan yang sama, Anderson mengatakan, perubahan tersebut dinilai dapat meningkatkan transparansi pasar modal Indonesia, khususnya dalam proses pembentukan harga atau price discovery, sekaligus memberikan perlindungan yang lebih baik bagi investor ritel. ""Saya melihat sangat positif ya, karena semua perubahan-perubahan ini intinya adalah untuk membuat pasar modal kita lebih transparan. Yaitu mungkin dari segi price finding-nya, ataupun dari segi untuk menjaga keamanan dari segi ritel yang ikutan masuk ke dalam pasar modal kita,"" kata Anderson. Anderson menilai Indonesia masih memiliki peluang besar untuk memperkuat posisi pasar modal di tingkat global. Menurutnya, peluang tersebut dapat dimaksimalkan apabila kebijakan yang diterapkan mampu menopang pertumbuhan industri dalam beberapa tahun mendatang. Dia juga melihat masih banyak ruang untuk mengembangkan produk pasar modal, termasuk exchange traded fund (ETF) dan instrumen derivatif. Ajaib juga telah mengikuti uji coba perubahan batas minimal bersama Anggota Bursa (AB) pada 22 dan 29 Agustus 2026. ""Kita tuh yang pasti dikasih PR (pekerjaan rumah) terbanyak biasanya kalau ada inovasi-inovasi baru. Kita pasti yang paling rajin. Kita bilang oke baik kita akan ambil, kita akan coba gitu, karena kami selalu ingin perkembangan dari pasar modal Indonesia,"" tandas Anderson. | Baca juga: Rencana Bursa Ubah Batas ARA & ARB | Rencana Hapus Minimum Saham Gocap Sebagai informasi, BEI berencana menghapus batas minimum harga saham dari Rp 50 menjadi Rp 1 yang saat ini masuk tahap uji coba. Langkah ini dilakukan untuk memastikan kesiapan AB atau perusahaan sekuritas dalam menjalankan transaksi di pasar modal. Direktur Utama BEI, Jeffrey Hendrik, mengatakan uji coba sejauh ini berjalan cukup baik. Namun, masih ada sejumlah AB yang belum mengikuti tahap pengujian tersebut. ""Secara umum cukup berhasil. Ada sekitar 8 Anggota Bursa yang belum berpartisipasi. Itu akan kami follow up dalam uji coba berikutnya,"" ungkap Jeffrey kepada wartawan di Gedung BEI, Jakarta, Jumat (28/8/2026). Sejalan dengan uji coba tersebut, BEI juga terus melakukan Focus Group Discussion (FGD) untuk membahas hal tersebut. Selanjutnya, Bursa akan meminta laporan hasil uji coba dan FGD dari pada AB terkait. Namun Jeffrey tak menyebut pasti kapan kebijakan ini diterapkan. Dia menambahkan, implementasi penuh kebijakan ini bergantung pada kesiapan seluruh AB. (ahi/hal)",Finance
159,"Indeks Harga Saham Gabungan (IHSG) berbalik menguat pada penutupan perdagangan hari ini. Indeks saham ditutup pada level 6.500-an hingga akhir sesi sore ini. Berdasarkan data RTI Business, Senin (31/8/2026), IHSG berbalik menguat 0,11% ke level 6.525,47 pada penutupan perdagangan hari ini. IHSG sempat terjun ke level terendahnya pada posisi 6.528,09 pada perdagangan sesi I. Tercatat volume perdagangan sebesar 49,94 miliar dengan nilai transaksi sebesar Rp 24,74 triliun. Adapun total frekuensi saham yang diperdagangkan sepanjang sesi I hari ini sebanyak 2.390.719 kali. Indeks LQ45 juga tercatat menguat 0,31% ke level 643.825 hingga penutupan perdagangan sore ini. Tercatat sebanyak 392 saham menguat, 233 saham melemah, dan 166 saham stagnan. Sepanjang perdagangan lima hari terakhir, IHSG bergerak stagnan. Kemudian IHSG menguat 5,48% sepanjang perdagangan sebulan terakhir dan menguat 5,90% sejak tiga bulan terakhir. (ahi/hal)",Finance
160,"Otoritas Jasa Keuangan (OJK) menetapkan 1.277 sanksi administratif kepada pelaku yang terbukti melakukan pelanggaran terhadap aturan pasar modal dan kepatuhan pelaporan hingga 31 Agustus 2026. Sanksi tersebut mencakup larangan, perintah tertulis kepada emiten, perusahaan publik, profesi penunjang pasar modal, dan pihak terkait lainnya. Berdasarkan hasil pengawasan dan pemeriksaan, OJK telah menetapkan 93 surat sanksi administratif, larangan, perintah tertulis atas pelanggaran peraturan pasar modal. Untuk sanksi administratif OJK menjatuhkan denda total sebesar Rp 73,98 miliar, kemudian delapan peringatan tertulis, lima perintah tertulis, 10 larangan, dan enam pembekuan izin. Sanksi ini ditetapkan kepala emiten, direksi emiten, komisaris emiten, perusahaan efek selaku penjamin pelaksana emisi efek, direksi perusahaan efek, akuntan publik, kantor akuntan publik, pemegang saham emiten, pemegang saham pengendali, hingga pihak lainnya yang menyebabkan pelanggaran. Sanksi dijatuhkan karena pihak tersebut terkait aliran dana hasil penawaran umum, proses penjatahan pasti penawaran umum perdana saham, penyajian laporan keuangan, audit laporan keuangan oleh akuntan publik, dan kewajiban pengalihan saham hasil pembelian kembali. ""Pengenaan sanksi administratif, larangan, dan/atau Perintah Tertulis tersebut merupakan langkah tegas OJK dalam menegakkan kepatuhan terhadap ketentuan di bidang Pasar Modal,"" tulis OJK dalam siaran persnya, Senin (31/8/2026). Adapun rincian jumlah pihak yang dikenakan sanksi, di antaranya 23 emiten enam perusahaan efek, 13 akuntan publik atau kantor akuntan publik, 50 direksi emiten, delapan komisaris emiten, empat pemegang saham atau pengendali, enam direksi perusahaan efek, dan tiga pihak lainnya. Adapun 23 emiten yang diberikan sanksi administratif hingga 31 Agustus 2026 adalah PT Bakrie Telecom Tbk, PT Nippon Indosari Corpindo Tbk, PT Trada Alam Minera Tbk, PT Repower Asia Indonesia Tbk, PT Multi Makmur Lemindo Tbk, PT Indo Pureco Pratama Tbk, PT Sawit Sumbermas Sarana Tbk, PT Ever Shine Tax Tbk, PT Sejahtera Bintang Abadi Textile Tbk, dan PT Trinitan Metals and Minerals Tbk. Kemudian PT Darmi Bersaudara Tbk, PT Bliss Properti Indonesia Tbk, PT Indo Boga Sukses Tbk, PT J Resources Asia Pasifik Tbk, PT Sinergi Megah Internusa Tbk, PT Platinum Wahab Nusantara Tbk, PT Panca Mitra Multiperdana Tbk, PT Fimperkasa Utama Tbk, PT Bakrie & Brothers Tbk, PT Saraswati Griya Lestari Tbk, PT Ifishdeco Tbk, PT Prime Agri Resources Tbk d.h. PT Sampoerna Agro Tbk, dan PT Cakra Buana Resources Energi Tbk. Sanksi Administratif Kepatuhan Pelaporan Selanjutnya berdasarkan hasil pemantauan atas kepatuhan pelaporan emiten, perusahaan publik, dan pihak terkait lainnya, OJK telah menetapkan sebanyak 1.184 sanksi administratif dengan total sanksi administratif berupa denda sebesar Rp 253,06 miliar dan 304 peringatan tertulis. Sanksi administratif ini diberikan atas keterlambatan penyampaian laporan. Adapun rinciannya, keterlambatan penyampaian laporan berkala sebanyak 876 sanksi administratif berupa denda total sebesar Rp 243,33 miliar. Kemudian keterlambatan penyampaian laporan insidentil sebanyak 91 sanksi administratif denda sebesar Rp 7,87 miliar. Selanjutnya keterlambatan penyampaian laporan terkait tata kelola sebanyak 209 sanksi administratif berupa denda sebesar Rp 1,89 miliar dan 178 peringatan tertulis. Terakhir, keterlambatan laporan profesi penunjang pasar modal sebanyak delapan sanksi administratif berupa denda sebesar Rp 32,3 juta. Simak juga Video 'Purbaya soal Pendalaman Pasar Modal RI Belum Optimal': (ahi/hal)",Finance
161,"PT Bank Rakyat Indonesia (Persero) Tbk atau BRI membukukan kinerja positif hingga akhir Triwulan II 2026. Hingga akhir Triwulan II 2026, laba bersih BRI Group mencapai Rp 31,2 triliun, tumbuh 17,5% year on year (yoy) dibandingkan periode yang sama tahun sebelumnya. Kinerja tersebut juga tetap ditopang oleh karakteristik utama bisnis BRI yang berfokus pada segmen Usaha Mikro, Kecil, dan Menengah (UMKM). Hingga akhir Juni 2026, sebesar 75,1% dari total portofolio kredit dan pembiayaan BRI Group disalurkan kepada segmen UMKM, menegaskan konsistensi perseroan dalam menjalankan perannya sebagai penggerak ekonomi kerakyatan. Hal tersebut diungkapkan oleh Direktur Utama BRI Hery Gunardi yang didampingi oleh Wakil Direktur Utama BRI Viviana Dyah Ayu R.K, Direktur Network & Retail Funding BRI Aquarius Rudianto, Direktur Finance & Strategy BRI Achmad Royadi dan Direktur Manajemen Risiko BRI Ety Yuniarti dalam pemaparan kinerja yang digelar di Kantor Pusat BRI, Jakarta, hari ini. Hery menjelaskan capaian positif BRI hingga triwulan II 2026 tersebut diraih di tengah kondisi perekonomian Indonesia yang tetap resilien. Pertumbuhan ekonomi Indonesia pada Triwulan II 2026 berada di kisaran 5,30%, sementara inflasi tercatat sebesar 3,34%. Di sisi lain, aktivitas bisnis UMKM juga menunjukkan penguatan, tercermin dari Indeks Bisnis UMKM yang meningkat dari 102,5 pada akhir 2025 menjadi 104,7 pada Triwulan I 2026. Posisi indeks di atas 100 menunjukkan bahwa pelaku UMKM secara umum masih berada dalam fase ekspansi dan optimistis terhadap aktivitas usahanya. ""Kondisi tersebut memberikan optimisme bagi BRI karena UMKM merupakan core business sekaligus bagian penting dari fundamental perekonomian nasional. Di tengah transformasi yang terus kami jalankan, satu hal yang tidak berubah adalah komitmen BRI untuk terus tumbuh bersama UMKM dan ekonomi kerakyatan Indonesia,"" ujar Hery dalam keterangan tertulis, Kamis (31/8/2026). Dari sisi industri, perbankan nasional juga tetap menunjukkan fundamental yang solid. Kredit industri perbankan hingga Triwulan II 2026 tumbuh 12,7% secara tahunan (year-on-year/yoy), sementara Dana Pihak Ketiga (DPK) tumbuh 10,2% yoy dan dana murah atau CASA meningkat 11,0% yoy. ""Kualitas aset juga menunjukkan perbaikan dengan Loan at Risk (LaR) industri turun menjadi 8,5%, sedangkan Loan to Deposit Ratio (LDR) berada di level 88,3% dan Return on Asset (ROA) terjaga pada level 2,5%,"" tuturnya. Transformasi Mulai Berdampak pada Kinerja Dalam menjaga momentum pertumbuhan, BRI terus menjalankan transformasi melalui BRIVolution Reignite. Transformasi tersebut diarahkan pada dua agenda besar yang dijalankan secara simultan yakni memperkuat funding franchise serta melakukan revamp terhadap bisnis inti yang sudah ada sekaligus membangun new core sebagai sumber pertumbuhan baru. Dari sisi pendanaan, BRI berfokus pada upaya memperbesar basis dana murah melalui pendekatan berbasis ekosistem. BRI juga terus memaksimalkan kapabilitas digital channel mulai dari akuisisi merchant, penguatan transaksi BRImo, QRIS hingga BRILink Agen, sekaligus memperkokoh dominasi pada klaster bisnis, integrasi value chain, serta penetrasi One BRI Solution. Pada saat yang sama, BRI terus memperkuat bisnis mikro sebagai kekuatan utama perseroan melalui penyempurnaan proses bisnis, penguatan kapabilitas tenaga pemasar atau mantri, serta implementasi manajemen risiko yang semakin granular. Langkah tersebut dilakukan untuk memastikan pertumbuhan bisnis mikro berjalan beriringan dengan perbaikan kualitas aset. Selain memperkuat bisnis inti, perseroan juga mengembangkan sumber pertumbuhan baru melalui akuisisi value chain dan ekosistem, penyempurnaan product value proposition dan targeting untuk memperoleh nasabah berkualitas, serta perluasan layanan bullion bank. ""Transformasi yang kami jalankan bukan semata untuk mengejar pertumbuhan yang tinggi. Fokus kami adalah memastikan BRI memiliki mesin pertumbuhan yang semakin terdiversifikasi, sehat, berkualitas, dan berkelanjutan. Berbagai agenda tersebut telah kami eksekusi dan mulai memberikan dampak positif terhadap fundamental maupun kinerja keuangan BRI,"" ujar Hery. Implementasi berbagai agenda transformasi tersebut tercermin pada kinerja BRI hingga akhir Triwulan II 2026. Secara konsolidasian, aset BRI mencapai Rp 2.352 triliun atau tumbuh 11,7% yoy. Pertumbuhan tersebut terutama ditopang oleh kredit dan pembiayaan yang meningkat 16,2% yoy menjadi Rp 1.646 triliun. Ekspansi tersebut didukung DPK yang mencapai Rp 1.581 triliun atau tumbuh 6,7% yoy. Sejalan dengan pertumbuhan bisnis, net interest income BRI meningkat 9,9% yoy dari Rp 73,3 triliun menjadi Rp 80,5 triliun. Pre-Provision Operating Profit (PPOP) juga meningkat 12,8% yoy menjadi Rp 65,7 triliun. ""Capaian tersebut menunjukkan bahwa transformasi mulai kami konversikan menjadi kinerja. Bagi kami, yang terpenting bukan hanya seberapa cepat BRI bertumbuh, tetapi bagaimana pertumbuhan tersebut dihasilkan dari fundamental yang semakin sehat dan pada saat bersamaan memberikan manfaat yang semakin luas bagi perekonomian,"" ungkap Hery. Pertumbuhan Diiringi Fundamental yang Semakin Sehat Peningkatan profitabilitas BRI juga berjalan beriringan dengan penguatan kualitas fundamental. Cost of Fund (CoF) secara bank only turun dari 3,0% pada Triwulan II 2025 menjadi 2,4% pada Triwulan II 2026. Dari sisi efisiensi, Cost to Income Ratio (CIR) membaik dari 41,9% menjadi 39,2%. Kualitas aset juga semakin sehat dengan rasio Non-Performing Loan (NPL) turun dari 3,0% menjadi 2,9%, sedangkan Cost of Credit (CoC) membaik dari 3,4% menjadi 3,1%. Penguatan fundamental tersebut turut menopang kemampuan perseroan dalam menghasilkan imbal hasil yang solid. ROA BRI tetap terjaga pada kisaran 2,7%, sementara Return on Equity (ROE) meningkat signifikan dari 16,6% pada Triwulan II 2025 menjadi 18,8% pada Triwulan II 2026. ""Berbagai indikator tersebut menunjukkan bahwa pertumbuhan yang kami capai semakin berkualitas. Funding semakin efisien, efisiensi operasional membaik, kualitas aset semakin sehat, dan kemampuan BRI dalam menghasilkan return juga semakin kuat,"" lanjut Hery. Rp1.235,4 Triliun Kredit Mengalir ke Segmen UMKM Di tengah ekspansi bisnis yang semakin terdiversifikasi, BRI tetap mempertahankan UMKM sebagai core business perseroan. Hingga akhir Triwulan II 2026, kredit kepada segmen UMKM mencapai Rp 1.235,4 triliun atau tumbuh 8,6% yoy. Dengan demikian, sekitar 75,1% dari keseluruhan portofolio kredit dan pembiayaan BRI Group disalurkan kepada segmen UMKM. Menurut Hery, besarnya porsi tersebut menunjukkan bahwa diversifikasi sumber pertumbuhan BRI tidak mengubah DNA perseroan sebagai bank yang tumbuh bersama ekonomi kerakyatan. Penguatan segmen consumer, small-medium-commercial, corporate, serta pengembangan new core dilakukan untuk menciptakan struktur bisnis yang semakin terdiversifikasi, sementara UMKM tetap menjadi fondasi utama bisnis BRI. ""BRI tetap konsisten menjadikan UMKM sebagai core business. Kami percaya pertumbuhan BRI harus berjalan beriringan dengan pertumbuhan pelaku usaha dan aktivitas ekonomi masyarakat. Karena itu, ekspansi bisnis yang kami lakukan akan tetap berpijak pada upaya memperluas akses pembiayaan dan memperkuat kapasitas UMKM Indonesia,"" kata Hery. Pembiayaan Diperkuat Pemberdayaan, Dorong UMKM Naik Kelas Komitmen terhadap ekonomi kerakyatan tidak hanya diwujudkan melalui pembiayaan. BRI membangun pendekatan pemberdayaan UMKM secara end-to-end, mulai dari tingkat desa, komunitas usaha, hingga pelaku usaha secara individual. Hingga Juni 2026, program Desa BRILiaN telah menjangkau lebih dari 5.700 desa binaan. Pada tingkat komunitas usaha, program Klasterku Hidupku telah menjangkau lebih dari 44 ribu klaster usaha. BRI juga memperluas pemberdayaan melalui platform digital LinkUMKM yang telah menjangkau sekitar 17,3 juta pelaku UMKM. Sementara itu, pendampingan melalui Rumah BUMN telah melibatkan sekitar 596 ribu pelaku UMKM hingga Juni 2026. Ekosistem pemberdayaan tersebut melengkapi peran BRI dalam memperluas pembiayaan, termasuk melalui KUR. Sepanjang Januari hingga Juni 2026, BRI telah menyalurkan KUR sebesar Rp 103,8 triliun kepada lebih dari 2 juta debitur. Secara kumulatif sejak 2015 hingga Juni 2026, penyaluran KUR BRI telah mencapai Rp 1.539 triliun kepada 48,4juta nasabah. Hery menegaskan bahwa pendekatan tersebut mencerminkan peran BRI yang tidak hanya sebagai financial intermediary, tetapi juga sebagai enabler pertumbuhan ekonomi kerakyatan. ""Bagi BRI, pembiayaan dan pemberdayaan merupakan satu kesatuan. Kami ingin menciptakan siklus pertumbuhan yang berkelanjutan: UMKM memperoleh akses keuangan, mendapatkan pemberdayaan dan pendampingan, meningkatkan kapasitas usahanya, kemudian naik kelas dan semakin terintegrasi ke dalam ekosistem ekonomi yang lebih besar,"" ujar Hery. ""Pada akhirnya, keberhasilan BRI tidak hanya kami ukur dari pertumbuhan aset, kredit, maupun laba. Yang juga penting adalah seberapa besar pertumbuhan tersebut mampu menciptakan nilai, membuka kesempatan bagi pelaku usaha untuk berkembang, dan menggerakkan ekonomi masyarakat. Dengan fundamental yang semakin kuat dan transformasi yang terus berjalan, BRI akan konsisten tumbuh bersama ekonomi kerakyatan Indonesia,"" tutup Hery. (anl/ega)",Finance
162,"Otoritas Jasa Keuangan (OJK) mencabut izin usaha 12 bank perekonomian rakyat (BPR) sepanjang Januari-Maret 2026. Dengan izin usahanya dicabut, 12 bank tersebut resmi tutup. Pencabutan izin itu dilakukan melalui keputusan anggota komisioner OJK. Salah satunya terkait kondisi bank tidak sehat lantaran kekurangan modal. Terbaru, OJK mencabut izin usaha PT BPR Citra Bersada Abadi yang beralamat di Komplek Pertokoan Pasar Pagi Bintara Blok D/20-21, Bintara, Bekasi Barat, Kota Bekasi, Provinsi Jawa Barat, terhitung sejak tanggal 19 Agustus 2026. ""Pencabutan izin usaha PT BPR Citra Bersada Abadi merupakan bagian tindakan pengawasan yang dilakukan OJK untuk terus menjaga dan memperkuat industri perbankan serta menjaga kepercayaan masyarakat,"" ujar Kepala OJK Jakarta, Bogor, Depok, dan Bekasi, Edwin Nurhadi dalam keterangan tertulis, Kamis (20/8/2026). Erwin menjelaskan Pada 6 Agustus 2025, OJK telah menetapkan PT BPR Citra Bersada Abadi sebagai Bank dengan status pengawasan BPR Dalam Penyehatan (BDP) berdasarkan pertimbangan Rasio Kewajiban Pemenuhan Modal Minimum (KPMM) di bawah ketentuan (negatif 2,98%) dan Cash Ratio rata-rata selama tiga bulan terakhir sebesar 3,59% atau kurang dari 5%. Dalam kasus pencabutan izin bank terakhir ini, Erwin menjelaskan Pada 6 Agustus 2025, OJK telah menetapkan PT BPR Citra Bersada Abadi sebagai Bank dengan status pengawasan BPR Dalam Penyehatan (BDP) berdasarkan pertimbangan Rasio Kewajiban Pemenuhan Modal Minimum (KPMM) di bawah ketentuan (negatif 2,98%) dan Cash Ratio rata-rata selama tiga bulan terakhir sebesar 3,59% atau kurang dari 5%. Selanjutnya, pada 5 Agustus 2026, OJK menetapkan PT BPR Citra Bersada Abadi sebagai bank dengan status pengawasan BPR Dalam Resolusi (BDR) berdasarkan pertimbangan bahwa OJK telah memberikan waktu yang cukup kepada Pengurus dan Pemegang Saham untuk melakukan upaya penyehatan termasuk mengatasi permasalahan permodalan sebagaimana diatur dalam POJK Nomor 28 Tahun 2023 tentang Penetapan Status dan Tindak Lanjut Pengawasan BPR dan BPRS. Namun demikian Pengurus dan Pemegang Saham PT BPR Citra Bersada Abadi tidak dapat melakukan penyehatan sesuai persyaratan. Berdasarkan Keputusan Anggota Dewan Komisioner Bidang Program Penjaminan Simpanan dan Resolusi Bank Nomor 117/ADK3/2026 tanggal 13 Agustus 2026 tentang Cara Penanganan Bank Dalam Resolusi PT Bank Perekonomian Rakyat Citra Bersada Abadi, Lembaga Penjamin Simpanan (LPS) memutuskan cara penanganan Bank Dalam Resolusi PT BPR Citra Bersada Abadi dengan melakukan likuidasi bank dan meminta kepada OJK untuk mencabut izin usaha BPR tersebut. Sehubungan dengan pencabutan izin usaha PT BPR Citra Bersada Abadi tersebut, OJK menjelaskan seluruh kantor PT BPR Citra Bersada Abadi ditutup untuk umum dan PT BPR Citra Bersada Abadi menghentikan segala kegiatan usahanya. Daftar 12 Bank Tutup Periode Januari-Agustus 2026 1. PT BPR Suliki Gunung Mas, Sumatra Barat 2. PT BPR Prima Master Bank, Surabaya, Jawa Timur 3. Perumda BPR Bank Cirebon, Jawa Barat 4. PT BPR Kamadana, Bangli, Bali 5. PT BPR Koperindo Jaya, Jakarta Pusat 6. PT BPR Pembangunan Nagari, Agam, Sumatra Barat 7. PT BPR Sungai Rumbai, Dharmasraya, Sumatera Barat 8. PT BPR Ceper Permata Artha, Klaten, Jawa Tengah 9. PT BPR Dwicahaya Nusaperkasa, Batu, Jawa Timur 10. PT BPR Mataram Mitra Manunggal, Yogyakarta 11. PT BPR Syariah Hasanah Mandiri, Depok, Jawa Barat 12. PT BPR Citra Bersada Abadi, Bintara, Bekasi Barat, Kota Bekasi. (igo/fdl)",Finance
163,"Badan Pengelola Investasi (BPI) Danantara buka suara mengenai kabar merger PT Tower Bersama Infrastructure Tbk (TBIG) dan PT Dayamitra Telekomunikasi Tbk (MTEL) atau Mitratel. Mitratel merupakan anak usaha dari PT. Telkom Indonesia (Persero) Tbk. Chief Operating Officer (COO) Danantara sekaligus Kepala Badan Pengaturan BUMN Dony Oskaria mengatakan akan mengecek lebih lanjut mengenai kabar tersebut. ""Nanti saya cek bagaimana karena itu kan aksi korporasi kan? Bukan aksi pemegang saham, jadi kita mesti cek ke mereka, apakah itu bagian daripada korporasi strateginya mereka, ya. Nah, nanti akan kita cek,"" ujar Donny di Gedung DPR RI, Jakarta Pusat, Senin (31/8/2026). | Baca juga: Mitratel Cetak Laba Rp 1,11 T | Dony menilai perusahaan pelat merah terbuka untuk merger dengan perusahaan swasta apabila menjadi bagian strategi bisnisnya. ""Memungkinkan aja. Nggak ada masalah selama kalau itu bagian dari roadmap. Saya nggak tahu, nanti saya mesti cek. Pada dasarnya kan setiap perusahaan itu punya rencana kerja masing-masing kan,"" jelas Donny. ""Nah, nanti coba ditanyakan ke Telkom ya, nanti bagaimana prosesnya karena mereka punya hierarkinya, tapi sampai saat ini kan masih di level mereka gitu,"" imbuhnya. Mengutip CNBC Indonesia, beredar kabar pasar bahwa Mitratel telah meminta penasihat untuk mengajukan rencana terkait kemungkinan merger dengan Tower Bersama. Pembicaraan serupa pernah terjadi pada 2015 ketika Tower Bersama berencana mengakuisisi saham Mitratel. Namun, transaksi tersebut akhirnya batal setelah tidak memperoleh persetujuan lebih lanjut. PT Dayamitra Telekomunikasi Tbk (MTEL) atau Mitratel pun menanggapi kabar tersebut. SVP Group Sustainability & Corporate Communication Telkom Ahmad Reza menyatakan secara berkala mengevaluasi berbagai opsi strategis untuk pengembangan bisnis dan penciptaan nilai jangka panjang. ""Sebagai bagian dari TelkomGroup, Mitratel secara berkala melakukan evaluasi terhadap berbagai opsi strategis dalam rangka mendukung pengembangan bisnis dan penciptaan nilai jangka panjang,"" ujar Ahmad Reza dalam keterangan, dikutip CNBC Indonesia. (rea/ara)",Finance
164,"Direktorat Jenderal Perhubungan Udara (Ditjen Hubud) Kementerian Perhubungan menerima laporan terkait insiden pecah ban pesawat Garuda Indonesia GA604 dengan registrasi PK-GFS, tipe Boeing 737-800, rute Bandar Udara Internasional Soekarno-Hatta (CGK)-Bandar Udara Internasional Sultan Hasanuddin (UPG) pada Kamis (3/9). Dirjen Hubud, Lukman F. Laisa, menjelaskan dalam laporan yang diterima insiden bermula pada pukul 05.52 WIB saat Tower JATSC Bandar Udara Internasional Soekarno-Hatta atau Soetta memberikan informasi kepada Pilot in Command (PIC) bahwa setelah airborne diketahui roda utama (main wheel) nomor 3 mengalami pecah ban. Kemudian pada pukul 06.04 WIB, PIC berkoordinasi melalui komunikasi Ground to Air (GTA) dan memutuskan untuk melanjutkan penerbangan menuju Bandar Udara Internasional Sultan Hasanuddin. Selanjutnya, koordinasi dilakukan ke Bandar Udara Internasional Sultan Hasanuddin guna antisipasi potensi runway blocked pada saat maupun setelah pesawat melakukan pendaratan, serta menyiapkan langkah penanganan pada saat pendaratan. Pesawat GA604 kemudian mendarat dengan selamat di landas pacu 03 Bandar Udara Internasional Sultan Hasanuddin pada pukul 09.13 WITA. Setelah pendaratan, runway ditutup sementara melalui NOTAM Nomor A3284/26 untuk memastikan keselamatan operasional dan dilakukan penanganan terhadap pesawat. Lebih lanjut, Ditjen Hubud melalui Kantor Otoritas Bandar Udara Wilayah V Makassar berkoordinasi dengan Tim Teknik Garuda Indonesia dan GMF AeroAsia. Berdasarkan hasil pemeriksaan awal, ditemukan adanya pecah ban pada main wheel nomor 3. Pesawat kemudian dilakukan towing dari runway menuju parking stand untuk selanjutnya menjalani pemeriksaan lebih lanjut dan proses perbaikan, termasuk penggantian main wheel. Sebanyak 141 penumpang dan 8 awak pesawat telah ditangani dengan mengutamakan keselamatan dan keamanan sesuai ketentuan yang berlaku. ""Direktorat Jenderal Perhubungan Udara mengapresiasi respons cepat dan koordinasi intensif yang dilakukan oleh seluruh pihak terkait, baik awak pesawat, pengelola bandar udara, AirNav Indonesia, Garuda Indonesia, maupun tim teknis, sehingga pesawat dapat mendarat dengan selamat dan penanganan pascakejadian dapat dilakukan sesuai prosedur,"" ujar Lukman dalam keterangan resminya, Kamis (3/9/2026). Lebih lanjut, Lukman mengatakan sebagai bagian dari penanganan, telah dilakukan pemeriksaan dan pembersihan landas pacu di Bandar Udara Internasional Soekarno-Hatta dan Bandar Udara Internasional Sultan Hasanuddin untuk memastikan tidak terdapat Foreign Object Debris (FOD) yang berpotensi mengganggu keselamatan penerbangan. ""Direktorat Jenderal Perhubungan Udara memastikan keselamatan dan keamanan penerbangan merupakan prioritas utama dan akan terus melakukan koordinasi serta pemantauan terhadap proses pemeriksaan dan penanganan pesawat sesuai dengan ketentuan yang berlaku,"" pungkasnya. Lihat juga Video Pesawat Garuda Pecah Ban Saat Take Off di Jakarta, Mendarat Selamat di Makassar",Finance
165,"Kementerian Koperasi (Kemenkop) memberikan penjelasan mengenai anggaran Rp 103 miliar yang menjadi sorotan. Sekretaris Kementerian Koperasi (Sesmenkop) Ahmad Zabadi menyampaikan angka tersebut merupakan baru usulan tambahan anggaran untuk 2027. Zabadi mengatakan usulan tambahan anggaran tersebut dibahas dalam rapat kerja bersama Komisi VI DPR kemarin. Ia menjelaskan diperuntukkan bukan hanya untuk podcast, tapi juga untuk pengembangan teknologi ""Kami perlu untuk menyampaikan bahwa Rp 103 miliar menjadi bagian usulan tambahan anggaran yang disampaikan Kementerian Koperasi pada rapat kemarin itu bukan untuk podcast saja. Podcast hanya menjadi salah satu bagian komunikasi dan informasi publik yang menjadi tugas bagian Kementerian Koperasi,"" ujarnya dalam konferensi pers di kantornya, Jakarta Pusat, Kamis (3/9/2026). Zabadi menerangkan dalam Raker tersebut, Kemenkop telah ditetapkan memiliki pagu anggaran dasar tahun 2027 sebesar Rp 742 miliar. Namun, untuk mengoptimalkan penugasan strategis ke depan, Kemenkop mengajukan usulan tambahan anggaran secara keseluruhan mencapai sekitar Rp 4,53 triliun. Dari total usulan tambahan inilah terselip alokasi Rp 103 miliar yang kemudian sempat salah dipersepsikan seolah-olah hanya dialokasikan untuk kebutuhan podcast. Zabadi merinci anggaran Rp 103 miliar tersebut nantinya akan ditempatkan di bawah pengelolaan Biro Hubungan Masyarakat, Teknologi Informasi, dan Tata Usaha. ""Pastinya bukan hanya untuk podcast tapi juga mendukung tugas-tugas kehumasan. Kemudian pengembangan dari pengembangan teknologi informasi yang terus kita jalankan dari Kementerian Koperasi serta dukungan tata usaha termasuk disini adalah infrastruktur yang menunjang dr pelaksanaan tugas kehumasan, tugas-tugas pengembangan dan pemanfaatan teknologi dan informasi,"" beber ia. Zabadi menyambut baik perhatian masyarakat dan menegaskan Kemenkop memegang prinsip Anggaran Pendapatan dan Belanja Negara (APBN) adalah uang rakyat yang harus dikelola dengan penuh tanggung jawab. Setiap rencana program yang dijalankan pihaknya selalu melalui pembahasan intensif bersama kementerian terkait, termasuk Bappenas dan Kementerian Keuangan. Hal ini dilakukan untuk memastikan bahwa seluruh indikator pencapaian dan tata kelola pemerintahan yang baik benar-benar terpenuhi sesuai dengan peraturan perundang-undangan yang berlaku. ""Rp 103 miliar yang kami usulkan itu belum masuk pagu Kementerian Koperasi, sifatnya baru usulan tambahan dan tidak hanya digunakan untuk podcast saja,"" jelas ia. Lihat juga Video: Prabowo Sindir Pakar di Podcast Bicara Ngarang soal Isi Pikirannya",Finance
166,"Menteri Keuangan Purbaya Yudhi Sadewa memberikan sinyal bakal memangkas anggaran program Makan Bergizi Gratis (MBG). Program prioritas Presiden Prabowo Subianto itu tercatat sudah mengalami pemangkasan anggaran beberapa kali. Purbaya menjelaskan, anggaran MBG tahun ini awalnya ditetapkan Rp 330 triliun. Kemudian dilakukan efisiensi anggaran lagi menjadi sekitar Rp 260 triliun, kemudian kembali turun ke kisaran Rp 240 triliun. Namun, Purbaya menilai efisiensi masih dapat dilakukan lebih jauh. Setelah berdiskusi dengan Kepala Badan Gizi Nasional (BGN) yang baru, Sudaryono, Purbaya menyebut anggaran MBG berpeluang ditekan hingga di bawah Rp 200 triliun. ""MBG kan anggaran tahun ini awalnya Rp 330 triliun, terus dilakukan efisiensi menjadi Rp 260-an (triliun), terus menjadi Rp 240-an (triliun). Tapi saya bicara dengan ketua MBG yang baru, kepala badan MBG yang baru, sepertinya bisa dibuat lebih efisien lagi di bawah Rp 200-an (triliun),"" ujar Purbaya dalam acara Sarasehan 100 Ekonom Indonesia 2026 di Hotel Kempinski, Jakarta Pusat, Kamis (3/9/2026). Purbaya menambahkan, tahun depan pemerintah menganggarkan sekitar Rp 240 triliun untuk program tersebut. Meski begitu, Purbaya yakin anggaran tersebut juga masih dapat ditekan melalui efisiensi dan pemanfaatan teknologi. ""Tahun depan juga dianggarkan Rp 240, tapi saya yakin bisa ditekan ke bawah dengan efisiensi dan pemakaian teknologi,"" sebut Purbaya. Ia juga menyebut Kementerian Keuangan turut melakukan pengawasan untuk memastikan pelaksanaan program MBG berjalan secara efisien. Pegawai Kemenkeu di daerah akan mengawasi masing-masing Satuan Pelayanan Pemenuhan Gizi (SPPG) atau dapur MBG secara bergilir. ""Jadi pegawai-pegawai kami di daerah mengawasi masing-masing SPPG secara bergilir. Jadi saya harapkan nanti kita bisa perbaiki terus kinerjanya ke depan untuk MBG,"" tutup Purbaya. Lihat juga Video: Anggaran MBG Turun Jadi Rp 268 T, Istana: Bukan Pemangkasan",Finance
167,"Menteri Keuangan Purbaya Yudhi Sadewa mengungkap kondisi kelas menengah di Indonesia yang saat ini tengah tertekan. Salah satu persoalan yang disorot adalah penurunan pendapatan dari kelompok tersebut. Purbaya mengatakan, pemerintah selama ini telah menggelontorkan anggaran besar untuk membantu masyarakat yang membutuhkan. Namun, kondisi berbeda dialami kelas menengah yang belum mendapatkan dukungan cukup. ""Kita keluarkan anggaran cukup besar supaya mereka bisa terus bertahan di ekonomi ini. Untuk subsidi BBM aja kita keluarkan Rp 500 triliun lebih, subsidi non-BBM tuh hampir sama Rp 540 triliun untuk pendidikan dan lain-lain. Jadi subsidi dari pemerintah cukup besar. Pemerintah tidak pernah melupakan masyarakat yang membutuhkan,"" kata Purbaya dalam Sarasehan 100 Ekonom Indonesia 2026 di Hotel Kempinski, Jakarta Pusat, Kamis (3/9/2026). Menurut Purbaya, subsidi tersebut tidak didapatkan masyarakat kelas menengah sehingga pendapatan mereka turun. Oleh karena itu salah satu cara untuk mengangkat kembali kondisi kelas menengah adalah mendorong pertumbuhan ekonomi lebih tinggi. Purbaya menyinggung kinerja pertumbuhan ekonomi Indonesia yang selama ini rata-rata masih di kisaran 5%. Kondisi ini belum cukup kuat untuk mendorong industrialisasi dan menciptakan lapangan kerja formal dalam jumlah besar. ""Cuma kan sekarang kelas menengah nggak dapet, gitu kan. Kelas menengah pendapatannya turun. Ya itulah makanya kita ciptakan pertumbuhan ekonomi yang lebih cepat. Kan selama ini pertumbuhan ekonomi kita di bawah 5% rata-rata ya. Kalau di bawah 5% itu terjadilah deindustrialisasi dan lain-lain kan. Akibatnya penciptaan lapangan kerja formal berkurang,"" bebernya. Purbaya mendukung target pertumbuhan ekonomi 8% yang dicanangkan Presiden Prabowo Subianto. Dia memperkirakan pertumbuhan ekonomi perlu didorong hingga di atas 6%-6,5% agar penciptaan lapangan kerja formal semakin kuat. ""Makanya ketika Pak Presiden Prabowo bilang 8%, wah saya setuju dah 8%. Tentunya kita capai secara bertahap. Tujuannya apa? Kita tuh bisa menciptakan lapangan kerja formal yang berkesinambungan kalau tumbuhnya di atas 6%, di atas 6,5% lah, kira-kira gitu,"" sebutnya. Dengan semakin banyaknya lapangan kerja yang tercipta, Purbaya yakin pendapatan masyarakat kelas menengah semakin meningkat. Hasilnya akan tercipta masyarakat kelas menengah baru dengan pendapatan yang lebih baik. ""Jadi sekarang kita akan coba hidupkan dengan macam-macam program termasuk hilirisasi. Jadi ke depan mungkin setahun, dua tahun kita akan harapkan masyarakat menengah kita semakin tumbuh lagi,"" tutup Purbaya.",Finance
168,"Menteri Keuangan Purbaya Yudhi Sadewa buka suara soal pembiayaan program Koperasi Desa (Kopdes) Merah Putih memakai pinjaman dari bank BUMN. Purbaya memastikan pemerintah tidak akan telat membayar utang pinjaman tersebut. Pasalnya, menurut Purbaya, pemerintah telah berkomitmen membayar Rp 40 triliun tiap tahun. ""Kita setiap bayar Rp 40 triliun cicilan juga dengan kesiapan perbankan. Jadi, enggak ada keterlambatan pembayaran cicilan pemerintah. Kita harus menjaga kondisi sistem perbankan kita,"" ujar Purbaya di Mahkamah Agung, Jakarta, Rabu (2/9/2026). Purbaya juga memastikan pemerintah tidak membiarkan terjadi kredit macet di bank terkait pembangunan Kopdes Merah Putih. Mantan Ketua Lembaga Penjamin Simpanan (LPS) ini pun menjamin akan menyiapkan cara khusus demi menjamin kelancaran pembayaran ke bank BUMN. Namun, Purbaya enggan menjelaskan cara khusus tersebut. ""Nanti kita akan carikan cara khusus untuk memastikan semuanya bisa berjalan dengan lancar. Kita lihat nanti ada nggak cara untuk memastikan kewajiban pemerintah yang harus dibayarkan, bisa kita bayarkan,"" terang Purbaya. Di sisi lain, Purbaya menambahkan, pemerintah juga memiliki dana tunai lebih dari Rp 500 triliun. ""Pokoknya ada Rp 510 triliun lebih cash-nya sekarang. Kalau dibilang uang saya Rp 8,1 triliun, ya nggak. Sudah disiapkan kok Rp 40 triliun,"" jelas Purbaya. (hns/hns)",Finance
169,"Badan Pusat Statistik (BPS) buka suara soal perbedaan angka garis kemiskinan Indonesia yang dirilis Bank Dunia. Dalam rilis terakhir Bank Dunia menyebut sebanyak 64,2% penduduk Indonesia berada di bawah garis kemiskinan. Angka tersebut berasal dari Macro Poverty Outlook edisi April 2026 dan merupakan proyeksi tahun 2026 dengan menggunakan garis kemiskinan sebesar US$ 8,30 per kapita per hari berdasarkan Purchasing Power Parity (PPP) 2021. Sedangkan BPS mencatat persentase penduduk miskin Indonesia pada Maret 2026 sebesar 8,07% atau sekitar 22,93 juta orang. Deputi Bidang Statistik Sosial BPS M Nashrul Wajdi menyampaikan angka yang disampaikan Bank Dunia tidak dihitung berdasarkan garis kemiskinan nasional Indonesia. Ia menegaskan kedua angka tersebut tidak dapat dibandingkan secara langsung, karena disusun dengan standar kemiskinan yang berbeda dan ditujukan untuk kebutuhan yang berbeda pula. ""Angka 64,2% merupakan perkiraan penduduk Indonesia yang pengeluarannya berada di bawah US$ 8,30 per kapita per hari menurut Bank Dunia. Garis kemiskinan tersebut dihitung berdasarkan standar yang ditetapkan World Bank, bukan garis kemiskinan nasional yang digunakan di Indonesia. Nilainya ditetapkan berdasarkan standar kemiskinan yang umum digunakan di negara-negara dalam kelompok pendapatan menengah atas, dan digunakan terutama untuk membandingkan kondisi antarnegara,"" ujar Nashrul dikutip dari Antara, Rabu (2/9/2026). Ia menjelaskan Bank Dunia menggunakan sejumlah garis kemiskinan internasional untuk membandingkan kondisi kesejahteraan antarnegara. Dalam pembaruan terbaru, Bank Dunia menggunakan garis US$ 3 per kapita per hari untuk mengukur kemiskinan ekstrem, US$ 4,20 untuk negara berpendapatan menengah bawah, dan US$ 8,30 untuk negara berpendapatan menengah atas (upper-middle income countries/UMIC). Selain itu, angka US$ 8,30tersebut tidak dihitung menggunakan kurs rupiah terhadap dolar AS yang berlaku di pasar, melainkan menggunakan PPP yang memperhitungkan perbedaan daya beli antarnegara. BPS menyebut angka kemiskinan 64,2% yang menggunakan standar 8,30 dolar AS PPP 2021 disusun berdasarkan median garis kemiskinan negara-negara berpendapatan menengah atas, bukan berdasarkan kebutuhan dasar masyarakat Indonesia secara spesifik. Dengan menerapkan standar global tersebut, jumlah penduduk miskin Indonesia akan terlihat lebih tinggi. Bahkan, kata dia lagi, Bank Dunia dalam keterangan di website resminya pada 13 Juni 2025 menyatakan garis kemiskinan nasional dan statistik kemiskinan yang diterbitkan BPS lebih tepat digunakan untuk pengambilan keputusan dan kebijakan dalam negeri Indonesia. Lebih lanjut, pihaknya mengukur kemiskinan Indonesia dengan pendekatan kebutuhan dasar atau Cost of Basic Needs (CBN). Pengukuran tersebut didasarkan pada pengeluaran minimum untuk memenuhi kebutuhan dasar makanan dan non-makanan. Komponen makanan mengacu pada standar konsumsi minimal 2.100 kilokalori per orang per hari berdasarkan pola konsumsi rumah tangga Indonesia, sedangkan komponen non-makanan mencakup kebutuhan tempat tinggal, pendidikan, kesehatan, pakaian, dan transportasi. Penghitungan garis kemiskinan BPS menggunakan hasil pendataan Survei Sosial Ekonomi Nasional (Susenas) yang mencatat pengeluaran serta pola konsumsi masyarakat. Susenas dilakukan dua kali dalam setahun, sehingga garis kemiskinan BPS dapat mencerminkan kebutuhan riil masyarakat Indonesia. Pada Maret 2026, BPS mencatat persentase penduduk miskin Indonesia sebesar 8,07 persen atau 22,93 juta orang. Angka tersebut dihitung berdasarkan garis kemiskinan nasional yang mempertimbangkan perbedaan kebutuhan masyarakat di setiap provinsi dan kabupaten/kota, termasuk tingkat harga, pola konsumsi, serta rata-rata jumlah anggota rumah tangga miskin. Secara rata-rata nasional, garis kemiskinan rumah tangga tercatat Rp 3.091.866 per bulan. (hrp/hns)",Finance
170,"Kepala Badan Pusat Statistik (BPS) Amalia Adininggar Widyasanti buka suara soal pengemudi becak motor yang masuk dalam kategori desil 9. Desil sendiri adalah pengelompokan tingkat kesejahteraan keluarga berdasarkan Data Tunggal Sosial dan Ekonomi Nasional (DTSEN) yang dikelola oleh BPS, semakin tinggi desil maka tingkat kesejahteraannya makin baik. Amalia mengatakan, hal tersebut terjadi karena data yang himpunan belum dimutahirkan. Setelah data diperbaharui, dia menyebut pihak terkait telah masuk ke desil 3 sesuai tingkat kesejahteraan keluarga. Amalia menegaskan masyarakat harus berpartisipasi agar pemutakhiran data bisa sesuai dengan tingkat kesejahteraan keluarga. Langkah ini penting mengingat sifat data yang sangat dinamis. ""Jadi kuncinya adalah pemutakhiran menjadi kunci supaya datanya sesuai dengan fakta yang terbaru,"" pungkas Amalia. Berdasarkan catatan detikcom, seorang pengemudi becak motor, Timbul, warga Lendah, Kulon Progo, kaget tercatat sebagai desil 9. Dia mau mengurus keringanan untuk kuliah anaknya di Universitas Negeri Yogyakarta (UNY), namun desilnya tidak sesuai. Dilansir detikJogja, kategori desil ini Timbul ketahui saat mendatangi Kantor Kalurahan Lendah dua pekan lalu untuk mengurus surat ketarangan tidak mampu (SKTM) sebagai syarat mengajukan keringanan dan beasiswa. Timbul menyebut anak sulungnya, Lucky, diterima di UNY lewat jalur mandiri. Dia harus membayar uang masuk Rp 15 juta. Oleh karenanya dia berniat mengajukan keringanan atau beasiswa lewat Program Indonesia Pintar (PIP). ""Mau pakai PIP sama mengajukan beasiswa, saya cari SKTM datang ke balai desa, tapi ternyata dicek sama Pak Lurah ternyata desilnya 9,"" ungkap Timbul saat ditemui di kediamannya, Senin lalu. (ahi/hal)",Finance
171,"Presiden Prabowo Subianto mengatakan raksasa aluminium Rusia, UC Rusal bakal membuka pabrik pengolahan di Indonesia. Menurutnya, kehadiran Rusal akan membantu Indonesia melakukan hilirisasi pertambangan. Aluminium merupakan salah satu turunan dari bijih bauksit yang banyak ditambang di Indonesia. Rusal akan membantu Indonesia melakukan pengolahan pada komoditas tersebut. ""Kami juga melangkah jauh di sektor pengolahan, misalnya di bidang pertambangan, kami bekerja sama dengan Rusal, yang menurut saya merupakan perusahaan aluminium terbesar di dunia. Rusal akan masuk secara besar-besaran ke Indonesia. Rusal akan mengembangkan pabrik pengolahan bersama dengan kelompok usaha Indonesia,"" beber Prabowo saat ikut berdialog di acara Eastern Economic Forum, Vladivostok, Rusia, Kamis (3/9/2026). | Baca juga: Prabowo Tawarkan 138 Blok Migas ke Rusia | Selain proyek pengolahan aluminium, Prabowo bilang ada satu proyek lagi yang diteken dengan perusahaan Rusia. Dia bilang dalam kunjungannya ke Vladivostok, nota kesepahaman baru saja ditandatangani oleh perusahaan pupuk Indonesia dengan perusahaan besar Rusia. Keduanya akan mengembangkan proyek produksi pupuk berbahan baku gas di wilayah Timur Jauh Rusia. Sayangnya, Prabowo enggan merinci seperti apa proyek yang dimaksud dan dua perusahaan yang bekerja sama apa saja. ""Hari ini, sebuah nota kesepahaman (MoU) juga telah ditandatangani antara perusahaan pupuk kami dan salah satu kelompok usaha terbesar di Rusia untuk investasi bersama dalam proyek produksi pupuk berbahan baku gas di wilayah Timur Jauh Rusia ini,"" ujar Prabowo. (hal/ara)",Finance
172,"Presiden Prabowo Subianto mengatakan pemerintah Indonesia telah menawarkan pihak Rusia untuk bekerja sama soal produksi energi. Khususnya untuk mengembangkan proyek kilang dan terminal penyimpanan gas alam atau natural gas. Dia mengatakan Indonesia memiliki pasokan LNG yang melimpah. Indonesia butuh Rusia untuk mengembangkan teknologi bersama agar produksi energi gas alam tersebut dapat dilakukan lebih efisien. ""Saat ini kami memiliki pasokan LNG yang melimpah, jadi dalam beberapa aspek, bisa dikatakan kami tidak secara langsung membutuhkan gas Rusia, namun kami sangat terbuka terhadap teknologi Rusia dan pengembangan bersama,"" beber Prabowo saat ikut berdialog di acara Eastern Economic Forum, Vladivostok, Rusia, Kamis (3/9/2026). Orang nomor satu di Indonesia itu juga mengatakan pemerintah baru saja menyampaikan informasi soal pembukaan proyek eksplorasi 138 blok migas. Pemerintah akan menawarkan ratusan blok tersebut untuk dikembangkan serta diproduksi bersama dengan perusahaan Rusia. ""Kami baru saja menyampaikan informasi kepada pihak Rusia bahwa Indonesia kini telah membuka 138 blok eksplorasi energi, dan kami mengundang kelompok usaha serta perusahaan Rusia untuk membawa teknologi mereka ke blok-blok tersebut. Diskusi pun berjalan dengan sangat baik,"" jelas Prabowo. Dalam pidatonya di acara yang sama, Prabowo memang mengajak para pengusaha Rusia untuk ikut andil dalam pengembangan ekonomi di Indonesia. Di sektor energi dia menyambut kerja sama Rusia yang dapat meningkatkan produktivitas eksplorasi, produksi, dan pengolahan minyak dan gas. ""Kami mencari pengetahuan dan investasi dalam energi terbarukan, jaringan listrik pintar, serta tenaga nuklir untuk tujuan damai, termasuk teknologi modular dan teknologi berskala penuh, dengan standar keselamatan tertinggi dan perlindungan internasional,"" ujar Prabowo saat berpidato. (hal/ara)",Finance
173,"Kepala Badan Gizi Nasional (BGN) Sudaryono menyampaikan bahwa pagu anggaran BGN tahun 2027 sebesar Rp 240,20 triliun. Dari total anggaran tersebut terbagi menjadi dua program. Pertama, Pemenuhan Gizi Nasional sebesar Rp 232,88 triliun. Dari total ini, sebesar Rp 232,50 triliun dialokasikan untuk program Makan Bergizi Gratis (MBG). Kedua, yakni Program Dukungan Manajemen sebesar Rp 7,33 triliun atau 3,05% dari total keseluruhan anggaran BGN di tahun 2027. Sebagian besar alokasinya untuk gaji dan tunjangan, yakni sebesar Rp 7 triliun. Kemudian, operasional dan pemeliharaan kantor sebesar Rp 81,7 miliar dan dukungan manajemen nonoperasional sebesar Rp 160,2 miliar. ""Pagu anggaran BGN tahun 2027 ini yaitu sebesar Rp 240,20 triliun tersebut terbagi ke dalam dua program. Program Pemenuhan Gizi Nasional, Rp 232,88 triliun atau 96,95%. Kedua, Program Dukungan Manajemen sebesar Rp 7,33 triliun atau 3,05% dari total keseluruhan anggaran BGN di tahun 2027,"" katanya dalam RDP dengan Komisi IX DPR, Kamis (3/9/2026). Sudaryono menyampaikan dengan pagu anggaran sebesar Rp 240 triliun ini, BGN menargetkan penerima manfaat MBG pada 2027 mencapai 72.464.886 orang atau sekitar 72,46 juta orang. ""Dengan anggaran Rp 240,20 triliun tadi, baik itu yang kemudian dikonversi menjadi menu makanan dan kemudian dukungan manajemen, itu target penerima manfaatnya adalah 72.464.886 orang,"" katanya. Di mana target tersebut terdiri dari 60.599.777 peserta didik, mulai dari PAUD, RA, TK, SD, MI, SMP, MTs, SMA, MA, SMK sederajat, SLB hingga santri. Anggarannya sebesar Rp 198,96 triliun. Kemudian, sebanyak 11.865.109 orang yang terdiri dari ibu hamil, ibu menyusui, dan balita menjadi sasaran penerima manfaat MBG. Untuk kelompok tersebut dialokasikan anggaran sebesar Rp 33,54 triliun. ""BGN ingin menyampaikan bahwa target sebesar 72,46 juta ini berada di atas basis RPJM 2027 yang ditetapkan target penerimaan manfaatnya sebesar 64,94 juta orang,"" terangnya. (hrp/fdl)",Finance
174,"Menteri Keuangan Purbaya Yudhi Sadewa memastikan pemerintah telah menyiapkan anggaran yang cukup untuk membayar cicilan dan bunga pembiayaan Koperasi Desa/Kelurahan Merah Putih (KDMP) ke bank. Menurut Purbaya, pemerintah sudah menyiapkan anggaran awal Rp 40 triliun untuk memenuhi kewajiban pertama KDMP. Anggaran tersebut sudah disiapkan pemerintah sejak awal tahun. ""Jadi untuk Koperasi Merah Putih pasti mempertanyakan bisa bayar nggak pemerintah. Kita sudah sediakan uang Rp 40 triliun, sudah siap dari awal tahun itu untuk membayar cicilan dan bunganya,"" kata Purbaya dalam Sarasehan 100 Ekonom Indonesia 2026 di Hotel Kempinski, Jakarta Pusat, Kamis (3/9/2026). Sebagai informasi, total pembiayaan kredit KDMP diperkirakan mencapai Rp 240 triliun. Dana tersebut digunakan untuk menyalurkan kredit ke lebih dari 80 ribu koperasi, dengan masing-masing koperasi menerima pembiayaan Rp 3 miliar. Pembayaran angsuran perdana jatuh tempo pada akhir September 2026. Purbaya menjamin uangnya tersedia sehingga tidak akan membuat bank tergoncang. ""Jadi September ini kan 27-28 itu akan jatuh tempo, saya pastikan uangnya siap untuk dibayar sehingga sistem perbankan kita tidak goncang. Aman, menterinya kan Purbaya,"" tegas Purbaya. Dana yang disiapkan berasal dari Anggaran Pendapatan dan Belanja Negara (APBN). Menurut eks Ketua Dewan Komisioner Lembaga Penjamin Simpanan (LPS) itu, dana yang dimaksud bersumber dari pos dana desa. ""Dari pos dana desa,"" sebut Purbaya. Meski demikian, Purbaya mengakui proses audit terhadap seluruh KDMP belum rampung. Menurutnya, pemerintah tidak akan menunggu seluruh proses audit selesai untuk melakukan pembayaran terhadap kewajiban yang sudah jatuh tempo. Purbaya mengatakan koperasi yang prosesnya sudah selesai akan diprioritaskan untuk dibayarkan. Sementara koperasi yang proses auditnya belum rampung akan dilihat berdasarkan perkembangan prosesnya. ""Yang sudah selesai kita bayar dulu, nanti yang belum-belum itu kita lihat sampai mana prosesnya. Nanti kita bayar dengan kondisi tertentu, dengan janji atau komitmen tertentu nanti. Masih akan dibicarakan,"" tutup Purbaya. (acd/acd)",Finance
175,"Presiden Prabowo Subianto mengajak pengusaha Rusia untuk bekerja sama dan ikut andil dalam pengembangan perekonomian Indonesia. Prabowo menyatakan kerja sama di masa depan antara Indonesia dan Rusia mesti jauh lebih besar dibanding hanya sekadar perdagangan barang. Prabowo mengajak pengusaha Rusia untuk ikut membangun industri di dalam negeri dan menciptakan nilai tambah bersama. Ajakan ini diungkapkan olehnya dalam pidatonya di Eastern Economic Forum, Vladivostok Rusia. Orang nomor satu di Indonesia itu bahkan berbicara satu panggung dengan Presiden Rusian Vladimir Putin. ""Saya sampaikan langsung kepada dunia usaha Rusia, datang lah ke Indonesia, bekerja bersama kami, berproduksilah bersama kami. Mari kita membangun industri bersama, mari kita menciptakan nilai bersama,"" ujar Prabowo dalam pidato siaran resmi Sekretariat Presiden,Kamis(3/9/2026). Di bidang energi, Prabowo menyambut kerja sama Rusia yang dapat meningkatkan produktivitas eksplorasi, produksi, dan pengolahan minyak dan gas. Dalam ketahanan pangan, Indonesia ingin melihat peluang untuk bekerja sama soal pemanfaatan teknologi pertanian, benih unggul, pembibitan ternak, mekanisasi pertanian, pengolahan pangan, serta produksi pupuk bersama. Dalam industrialisasi, Indonesia dan Rusia harus bersama-sama menciptakan nilai tambah. Prabowo menyambut kemitraan dalam pengolahan hilir dan dalam menghasilkan barang-barang yang digunakan masyarakat kita setiap hari seperti makanan, produk rumah tangga, pakaian, furnitur, obat-obatan, dan elektronik konsumen. ""Kami mencari pengetahuan dan investasi dalam energi terbarukan, jaringan listrik pintar, serta tenaga nuklir untuk tujuan damai, termasuk teknologi modular dan teknologi berskala penuh, dengan standar keselamatan tertinggi dan perlindungan internasional,"" beber Prabowo. Indonesia, kata Prabowo, juga menyambut kerja sama dengan Rusia di bidang antariksa, pendidikan tinggi, dan transportasi. Dari Indonesia, Prabowo juga mengajak sektor bisnis Rusia bisa menjangkau pasar ASEAN yang lebih luas. Lebih jauh Prabowo juga bicara soal pembentukan dan peran BPI Danantara kepada para pengusaha. Dia mengatakan lembaga dana kekayaan atau sovereign wealth fund (SWF) negara itu memiliki aset kelolaan besar hingga US$ 1 triliun. Dengan aset sebesar itu, Danantara bisa bertindak menjadi jembatan tempat pasar modal dan tujuan strategis Rusia dan Indonesia bertemu. Prabowo juga mengajak SWF Rusia ikut serta bekerja sama dengan Danantara mengembangkan proyek menjanjikan di Indonesia. ""Danantara dan sovereign wealth fund Rusia, Russian Direct Investment Fund (RDIF), dapat bergerak mengidentifikasi peluang menjadi pembiayaan proyek-proyek yang layak didanai,"" beber Prabowo. (hal/ara)",Finance
176,"Presiden Prabowo Subianto mengatakan saat ini dunia masuk dalam keadaan yang sulit. Fragmentasi politik dunia membuat sistem ekonomi global terpecah belah. Dia bilang dewasa ini perdagangan ekspor impor saat ini seringkali menjadi senjata. Bahkan sistem keuangan saja bisa terpecah belah berdasarkan lokasi geografis. ""Kita bertemu pada masa yang sulit. Saat ini perdagangan berkali-kali digunakan sebagai senjata. Rantai pasok dibentuk kembali berdasarkan kecurigaan. Keuangan terpecah berdasarkan geografi,"" beber Prabowo dalam pidatonya di Eastern Economic Forum, Vladivostok, Rusia, Kamis (3/9/2026). Menurutnya kini semua pihak tak bisa hanya bergantung pada suatu sistem global yang besar, misalnya saja dalam sistem keuangan global untuk bisa mencapai ketahanan, dunia membutuhkan lebih dari satu sistem yang berfungsi. ""Kita tidak boleh bergantung pada satu arsitektur keuangan karena jika satu sistem terganggu, sistem lain harus tetap mampu memfasilitasi aliran dana yang menjaga perdagangan tetap berjalan Tanpa saluran pembayaran dan penyelesaian transaksi yang dapat diandalkan, perdagangan itu sendiri dapat lumpuh,"" beber Prabowo. Dia bilang dirinya bukan menyerukan untuk menggantikan satu sistem dengan sistem lainnya, melainkan memastikan bahwa sistem keuangan global lainnya dapat beroperasi berdampingan dengan pengaturan yang sudah ada. ""Hal ini dilakukan untuk menjaga kesinambungan, stabilitas, dan kepercayaan dalam perdagangan internasional,"" pungkas Prabowo. (hal/ara)",Finance
177,"Presiden Prabowo Subianto menagih agar negara-negara Eurasia yang tergabung dalam Eurasian Economic Union (EAEU) segera melakukan ratifikasi atau adopsi aturan perjanjian dagang bebas (Free Trade Agreement/FTA) yang diteken akhir tahun 2025 lalu. FTA menurutnya sudah ditandatangani di St. Petersburg pada 21 Desember 2025 oleh Indonesia, Armenia, Belarusia, Kazakhstan, Kirgizstan, dan Rusia. Agar perjanjian dagang itu bisa berjalan maka setiap negara perlu melakukan ratifikasi. Indonesia telah menyelesaikan persetujuan parlemen untuk ratifikasi perjanjian FTA ini. Pada Juli lalu, dirinya juga sudah meneken Peraturan Presiden soal ratifikasi perjanjian dagang yang potensi ekonominya besar itu. ""Indonesia ingin perjanjian ini segera berlaku dan digunakan segera setelah pertukaran notifikasi memungkinkan. Saya dengan hormat meminta setiap negara anggota EAEU untuk menyelesaikan prosedur internal masing-masing agar kita dapat memanfaatkan perjanjian ini sesegera mungkin,"" ungkap Prabowo dalam pidatonya di Eastern Economic Forum di Vladivostok, Rusia, Kamis (3/9/2026). Lewat perjanjian dagang tersebut, Prabowo bilang Indonesia dan semua negara yang ikut meneken perjanjian berkomitmen untuk menghapus atau mengurangi bea masuk untuk 11.882 pos tarif, atau lebih dari 90% dari seluruh barang yang diperdagangkan di kawasan. ""Perjanjian ini merupakan arsitektur perdagangan South-South. Perjanjian ini membuka lima pasar bagi produsen Indonesia dan memberikan produsen Eurasia akses kepada lebih dari 290 juta konsumen Indonesia,"" sebut Prabowo. Bahkan, Prabowo bilang dirinya mengajak delegasi pebisnis Indonesia untuk, menetapkan pembeli, memastikan logistik, dan menyelesaikan pengaturan pembayaran dengan para mitranya di Eurasia. ""Saya menginginkan ketika jadwal tarif mulai berlaku, barang, rute, dan kontrak sudah tersedia. Forum ini harus menjadi pasar bagi perjanjian tersebut,"" ujar Prabowo. (hal/ara)",Finance
178,"Kehidupan sering kali tak selalu berjalan sesuai rencana. Ada kalanya Anda membutuhkan dana datang tunai dalam jumlah yang cukup besar secara tiba-tiba. Baik itu untuk membayar biaya pengobatan keluarga, perbaikan rumah, hingga tambahan modal usaha. Idealnya, kebutuhan mendadak bisa diatasi jika memiliki dana darurat. Namun, kenyataannya tidak selalu demikian. Saat kebutuhan muncul, tabungan bisa saja belum cukup, sementara meminjam dari kerabat belum tentu mudah dan terkadang membuat sungkan. Dalam kondisi panik, orang sering mengambil keputusan finansial secara terburu-buru. Misalnya, meminjam dari sumber yang tidak jelas atau menjual barang berharga dengan harga jauh di bawah pasaran. Padahal, jika memiliki kendaraan roda dua, ada alternatif yang bisa dipertimbangkan saat membutuhkan dana mendesak, tanpa harus mengorbankan aktivitas sehari-hari. Salah satunya dengan memanfaatkan pinjaman dengan jaminan BPKB motor. Berikut beberapa keuntungan pinjaman dengan jaminan BPKB motor bisa menjadi pertimbangan saat membutuhkan dana untuk kebutuhan mendadak: 1. Proses Pencairan Dana Cepat Kebutuhan mendadak tentu tidak bisa menunggu berminggu-minggu, apalagi jika hal tersebut menyangkut kesehatan atau keselamatan. Salah satu keuntungan utama dari menjaminkan BPKB motor adalah kecepatan prosesnya. Berbeda dengan pengajuan kredit tanpa agunan di bank konvensional yang kerap membutuhkan proses verifikasi sangat panjang, layanan ini dirancang untuk kecepatan. Jika seluruh dokumen persyaratan Anda sudah lengkap, dana segar bisa langsung cair ke rekening Anda hanya dalam hitungan hari. Ini memberikan Anda ruang napas seketika untuk segera menuntaskan masalah darurat di depan mata. 2. Tidak Menggangu Mobilitas Banyak yang masih salah kaprah dan mengira bahwa istilah ""gadai"" berarti Anda harus menyerahkan unit kendaraan kepada pihak pemberi pinjaman. Kenyataannya sama sekali tidak demikian. Saat Anda mengajukan pinjaman dengan cara ini, yang Anda titipkan sebagai jaminan hanyalah dokumen Bukti Pemilikan Kendaraan Bermotor (BPKB) saja. Artinya, fisik motor tetap berada di tangan Anda seutuhnya. Anda tetap bisa menggunakan motor kesayangan Anda untuk pergi ke kantor, mengantar anak sekolah, atau sekadar berbelanja ke pasar. Dengan demikian, rutinitas harian tidak akan lumpuh, dan Anda tetap bisa produktif mencari pendapatan untuk melunasi cicilan. 3. Plafon Pinjaman Fleksibel Sesuai Kebutuhan Keuntungan lainnya adalah jumlah dana yang bisa Anda dapatkan sangat terukur dan proporsional. Plafon pinjaman biasanya disesuaikan dengan nilai taksir atau harga pasar dari motor yang Anda jaminkan, serta tahun keluarannya. Pasalnua, pinjaman ini didukung oleh jaminan aset (agunan), lembaga pembiayaan cenderung lebih berani memberikan limit pinjaman yang cukup tinggi dibandingkan pinjaman tunai biasa. Anda juga diberikan keleluasaan untuk memilih tenor atau jangka waktu cicilan yang paling pas dengan arus kas bulanan Anda, sehingga tidak akan memberatkan di kemudian hari. 4. Persyaratan Mudah dan Anti Ribet Menghadapi kebutuhan mendadak sudah cukup membuat pikiran Anda terkuras. Anda tentu tidak ingin menambah beban stres dengan persyaratan dokumen yang menggunung. Mengajukan pinjaman jaminan BPKB umumnya sangat ramah dan tidak merepotkan. Syarat dasarnya biasanya hanya berkisar pada dokumen identitas (KTP, Kartu Keluarga), slip gaji atau bukti penghasilan, STNK, dan BPKB asli kendaraan Anda. Solusi Tepat di Saat Mendesak Menghadapi kebutuhan darurat memang menuntut Anda untuk tetap berkepala dingin dan mencari jalan keluar yang taktis. Menggunakan dokumen kendaraan sebagai jaminan terbukti menjadi salah satu instrumen finansial yang paling aman, cepat, dan bisa diandalkan. Anda mendapatkan dana cair dengan segera tanpa harus kehilangan kendaraan yang menunjang mobilitas Anda setiap hari. Namun, syarat terpentingnya adalah Anda harus memilih institusi keuangan yang legal dan transparan. Jika saat ini Anda sedang berada dalam situasi mendesak, butuh dana cepat, dan bingung mencari tempat yang aman, tidak perlu khawatir. Anda bisa memanfaatkan pinjaman dengan jaminan BPKB motor di Indodana Finance. (akd/ega)",Finance
179,"Menteri Keuangan (Menkeu) Purbaya Yudhi Sadewa memastikan BPI Danantara tidak tergabung menjadi anggota baru Komite Stabilitas Sistem Keuangan (KSSK). Badan yang kini mengatur seluruh BUMN itu hanya diundang untuk ikut terlibat dalam rapat rutin KSSK saja. ""Bukan anggota baru, itu diundang saja untuk ikut rapat. Diundang untuk dimasukkan tambahan,"" kata Purbaya dalam acara Sarasehan 100 Ekonom Indonesia 2026 di Hotel Kempinski, Jakarta Pusat, Kamis (3/9/2026). Menurutnya kehadiran Danantara dalam setiap rapat KSSK ini untuk memberikan tambahan informasi dan masukan dari sektor riil. Sebab salam ini anggota KSSK hanya terdiri dari regulator yakni Kementerian Keuangan (Kemenkeu) yang dipimpinnya, Bank Indonesia, Otoritas Jasa Keuangan (OJK), dan Lembaga Penjamin Simpanan (LPS). ""Kadang-kadang saya di regulator, (Gubernur Bank Indonesia) Bu Destry regulator, kadang-kadang ada beberapa angle di sektor riil yang kita nggak dapat,"" ujar Purbaya. ""Jadi ketika dia ngomong, ya kita perhatikan. Itu dipakai untuk memperkuat kebijakan di KSSK jadi semakin kuat. Tapi bukan berarti dia ikut ambil keputusan, dia nggak punya voting right,"" tegasnya lagi. Namun saat ditanya apakah ke depan sektor swasta juga akan dilibatkan dalam rapat KSSK untuk memberikan gambaran di sektor riil, Purbaya mengatakan kehadiran Danantara saja sudah lebih dari cukup. Menurutnya keterlibatan sektor swasta yang terlalu banyak dalam rapat KSSK malah akan memperkeruh keadaan. Meski begitu, ia tidak menutup kemungkinan jika ke depan KSSK akan ikut mengundang perwakilan sektor swasta untuk ikut dalam rapat mereka jika memang dibutuhkan. ""Kalau banyak swasta masuk, nanti jadi kusut. Biar saja cukup, biar saya bisa dapat sinyal di riil sector seperti apa. Tapi nanti suatu saat akan dipanggil sekali-sekali, mungkin Kadin atau siapa yang mewakili sektor swasta untuk datang rapat itu,"" tandas Purbaya. (igo/fdl)",Finance
180,"Presiden Prabowo Subianto mengajak Rusia untuk meningkatkan volume perdagangan dengan Indonesia. Dia mengajak Rusia untuk membesut free trade agreement (FTA) atau perjanjian dagang bebas. Mulanya, Prabowo mengungkapkan Indonesia dan Rusia memiliki kekuatan yang dapat menyempurnakan satu sama lain. Rusia, disebut Prabowo memiliki gandum, pupuk, energi, ilmu pengetahuan, dan rekayasa teknologi yang maju. Sementara itu, Indonesia memiliki kelapa sawit, perikanan, kopi, karet, tekstil, furnitur, barang konsumsi, tenaga kerja muda, serta pintu gerbang menuju 680 juta penduduk di Kawasan Asia Tenggara. ""Kekuatan satu pihak dapat menjawab kebutuhan pihak lainnya. Inilah fondasi perdagangan yang adil dan berkelanjutan,"" kata Prabowo saat berpidato pada Eastern Economic Forum di Vladivostok, Kamis (3/9/2026). Dia berbicara satu panggung dengan Presiden Rusia Vladimir Putin. Hasil dari perdagangan yang saling melengkapi antara Indonesia dan Rusia, menurutnya juga cukup menjanjikan. Pada 2025 saja volume perdagangan dua negara tercatat meningkat 21%, mendekati US$ 5 miliar nominalnya. ""Tahun lalu, pada 2025, perdagangan bilateral kita mendekati US$ 5 miliar, meningkat 21,7% dibandingkan tahun sebelumnya, yakni 2024, dan meningkat 33,7% dibandingkan 2023,"" lanjut Prabowo. Pencapaian ini menurutnya merupakan permulaan, bukan justru hasil akhir. Dari situ lah dia mengajak pihak Rusia untuk melanjutkan hubungan perdagangan ke level berikutnya, yaitu membesut perjanjian dagang bebas atau FTA. ""Di forum ini, saya mengusulkan agar Indonesia dan Rusia menetapkan tantangan yang jelas bagi diri kita sendiri yaitu dengan melipatgandakan perdagangan kita dalam periode peninjauan pertama Perjanjian Perdagangan Bebas Indonesia-Eurasian Economic Union (FTA),"" ujar Prabowo. (hal/ara)",Finance
181,"Presiden Prabowo Subianto mengungkapkan pemerintahannya akan mengedepankan pembangunan untuk kepentingan rakyat Indonesia. Menurutnya pembangunan harus menjadi kebaikan terbesar bagi sebanyak-banyaknya orang. Menurutnya, kekayaan besar suatu kawasan harus dapat diterjemahkan menjadi kehidupan yang lebih baik bagi masyarakat yang tinggal di tempat itu. Hal ini diungkapkan olehnya dalam pidato dalam acara Eastern Economic Forum 2026, di Vladivostok, Rusia. Dia berbicara satu panggung dengan Presiden Vladimir Putin. ""Pemerintah harus melindungi mereka yang lemah, mengelola sumber daya nasional dengan baik, memberantas korupsi, serta berinvestasi untuk kebutuhan jangka panjang rakyat dan bangsa. Itulah arti pembangunan untuk kepentingan rakyat, kebaikan terbesar bagi sebanyak-banyaknya orang,"" ungkap Prabowo dalam pidatonya yang disiarkan virtual, Kamis (3/9/2026). Dia menekankan pembangunan tidak boleh hanya memberikan manfaat kepada segelintir orang. Lebih jauh, secara praktis pembangunan harus bisa diukur secara langsung dari kualitas meja makan setiap masyarakat. ""Pembangunan harus diukur dari meja makan keluarga-keluarga biasa apakah anak-anak mendapatkan makanan bergizi,"" ujar Prabowo. Pembangunan juga dapat diukur apabila petani dapat memperoleh pupuk dan menjual hasil panennya dengan harga yang wajar. Lalu, juga setiap keluarga dapat tinggal di rumah yang layak dan generasi muda dapat memperoleh pekerjaan yang produktif. Lebih lanjut, pembangunan juga dapat diukur dari apakah listrik dapat menjangkau setiap rumah di setiap desa. Sebagai pemimpin Indonesia, Prabowo pun bilang dirinya banyak menjalankan program untuk mendukung pembangunan ideal yang dipaparkannya. Mulai dari Makan Bergizi Gratis (MBG) hingga swasembada pangan dan energi. 'Inilah alasan Indonesia menyediakan makanan bergizi gratis bagi seluruh anak-anak kita dan para ibu mereka yang sedang hamil. Inilah alasan kami mengejar swasembada pangan dan ketahanan energi. Inilah alasan kami mempercepat hilirisasi industri agar sumber daya alam kita dapat menciptakan industri, keterampilan, dan lapangan kerja yang baik di dalam negeri,"" papar Prabowo. Dia juga mengatakan pemerintahannya menginginkan pertumbuhan ekonomi yang lebih cepat. Pertumbuhan ekonomi yang dapat mengangkat jutaan orang keluar dari kemiskinan menuju kehidupan yang bermartabat. (hal/ara)",Finance
182,"Memiliki produk berkualitas belum cukup untuk menembus pasar internasional. Calon eksportir juga perlu memahami alur ekspor-impor, dokumen, logistik, hingga cara menemukan buyer agar bisnis bisa berkembang ke pasar global. Buat pelaku UMKM yang masih awam, memahami dasar ekspor bisa menjadi langkah awal yang penting. Karena itu, detikcourse menghadirkan kelas 2 Jam Kuasai Dasar Ekspor-Impor untuk Ekspansi ke Pasar Global pada Rabu, 9 September 2026, pukul 19.00-21.00 WIB secara online melalui Zoom. Peserta akan mempelajari cara melihat peluang pasar global, memilih produk yang berpotensi diekspor, melakukan riset negara tujuan, hingga mencari buyer internasional. Materi juga mencakup dasar dokumen, logistik, dan metode pembayaran dalam proses ekspor. Kelas ini cocok untuk pelaku UMKM, pemilik bisnis, entrepreneur, produsen lokal, calon eksportir, hingga mahasiswa yang ingin memahami bisnis ekspor-impor dari dasar. Peserta juga mendapatkan e-sertifikat detikcourse, video recording kelas, serta insight dari expert di bidang ekspor-impor. Ingin membawa produk lokal ke pasar global? Daftar kelasnya sekarang melalui detikevent dan siapkan langkah ekspor dari dasar! (hns/hns)",Finance
183,"Kementerian Koperasi (Kemenkop) menyampaikan penempatan 30.000 manajer Koperasi Desa/Kelurahan (KDKMP) masih menunggu penerbitan Surat Keputusan (SK) dari Badan Pengaturan (BP) BUMN. Saat ini, proses penempatan manajer KDKMP sedang dipersiapkan oleh BP BUMN. Sekretaris Kementerian Koperasi (Sesmenkop) Ahmad Zabadi mengatakan pendidikan bagi calon manajer KDKMP telah rampung dilakukan. Lalu, penempatannya akan disiapkan oleh BP BUMN. ""Penempatan ini sedang disiapkan oleh BP BUMN untuk nanti penempatan para manajer nanti di lokasi-lokasi yang sudah siap operasionalnya,"" ujar Zabadi di kantornya, Jakarta, Kamis (3/9/2026). Zabadi menjelaskan ribuan manajer KDKMP ini akan berstatus sebagai pegawai BUMN. Saat ditanya mengenai jadwal penempatan yang sempat mengalami pergeseran dari target awal, Zabadi menyebut penempatan tidak harus menunggu seluruh pembangunan 30.000 titik KDKMP selesai secara bersamaan. Penempatan akan dilakukan secara serentak dalam waktu dekat pada titik-titik yang infrastrukturnya sudah siap sepenuhnya untuk beroperasi. ""Ini kan proses pembangunannya sudah berjalan lebih dari 36.000 kan sehingga nanti penempatan dari ini adalah pada titik-titik yang secara ini fisiknya memang sudah siap untuk operasional,"" tambah ia. Selain menunggu proses SK dari BP BUMN, operasionalisasi Koperasi Merah Putih ini juga menantikan penerbitan Peraturan Presiden (Perpres). Zabadi memastikan proses harmonisasi regulasi tersebut saat ini telah rampung dan tinggal menunggu waktu dekat untuk diterbitkan secara resmi. ""Perpres berjalan, penempatan insyaallah juga sedang dalam proses karena SK-nya sedang diproses oleh BP BUMN,"" jelasnya. Sebelumnya, Menteri Koperasi (Menkop) Ferry Juliantono mengatakan seluruh manajer ditargetkan selesai pelatihan bela negara pada awal Agustus. Kemudian, mereka mengikuti pelatihan yang ditempatkan di Kopdeskel Merah Putih. ""Jadi Insya Allah nanti awal-awal Agustus itu sudah selesai mereka mengikuti pelatihan dan langsung kita tempatkan di seluruh Koperasi Desa Kelurahan Merah Putih yang juga bersamaan dengan pembangunan fisik gudang gerai dan alat kelengkapan yang sudah selesai dibangun,"" ujar Ferry dalam konferensi pers di Kementerian Koperasi, Jakarta, Kamis (2/7). (acd/acd)",Finance
184,"Masih andalkan buku catatan fisik buat pembukuan usaha? Wajar kalau sering keteteran, apalagi kalau transaksi mulai ramai dan susah dipantau. NF Academy hadir lewat kelas online ""Digitalisasi UMKM dengan Google Sheets"" yang fokus bantu pelaku usaha bikin pembukuan lebih rapi tanpa ribet. Selama pelatihan, peserta diajak praktik langsung mulai dari input data, penggunaan rumus dasar, sampai membuat buku kas, stok, dan pembukuan sederhana pakai Google Sheets. Semua dijelaskan step by step, jadi cocok buat pemula yang belum pernah pegang spreadsheet sama sekali dan sering bingung mulai dari mana. Kelas ini terbuka untuk pelaku UMKM, mahasiswa, karyawan, hingga masyarakat umum yang ingin belajar mengelola data usaha secara digital. Materinya aplikatif, karena peserta langsung praktik menyusun laporan keuangan yang bisa diakses kapan saja dan di mana saja secara real-time, bahkan bisa dicek dari HP saat sedang di luar rumah. Yang perlu disiapkan cuma laptop atau PC dengan koneksi internet, browser Chrome atau Edge, dan akun Google aktif. Smartphone juga disarankan buat praktik sinkronisasi data antar perangkat. Kelas berlangsung 15-16 September 2026 secara online, diselenggarakan oleh NF Academy lewat detikevent. Bagi pelaku usaha yang selama ini masih bergantung pada pencatatan manual di kertas atau aplikasi kasir yang laporannya susah diekspor, kelas ini bisa jadi titik awal buat mulai rapi mengelola keuangan usaha secara digital. Setelah ikut kelas ini, kamu diharapkan bisa langsung praktik bikin pembukuan sendiri tanpa perlu jasa admin tambahan. Yuk, amankan kursi kamu sekarang di detikevent sebelum kelas penuh. (hns/hns)",Finance
185,"Insiden ban pecah pada pesawat Garuda Indonesia penerbangan GA-604 rute Jakarta-Makassar-Kendari menyebabkan penundaan penerbangan (delay) lanjutan yang cukup panjang bagi para penumpang. Manajemen PT Garuda Indonesia (Persero) menjelaskan pesawat Boeing 737-800NG yang berangkat dari Jakarta pukul 05.30 WIB tersebut sebelumnya mendarat secara aman di Makassar pada pukul 09.27 WITA usai mengalami kendala teknis pada roda pendaratan. ""Penerbangan GA-604 rute Jakarta-Makassar-Kendari pada Kamis (3/9) telah mendarat dengan aman dan normal di Bandara Internasional Sultan Hasanuddin, Makassar, yang merupakan titik transit terjadwal penerbangan tersebut. Seluruh penumpang dan awak pesawat berada dalam kondisi selamat,"" ungkap manajemen Garuda Indonesia dalam keterangan resminya, Kamis (3/9/2026). Namun akibat insiden ini, penerbangan lanjutan dari Makassar menuju Kendari tidak dapat langsung dilanjutkan dengan armada yang sama. Sebab Garuda baru menyiapkan pesawat pengganti yang dijadwalkan mengudara dari Makassar menuju Bandara Haluoleo, Kendari, pada pukul 19.45 WITA. Hal ini membuat para penumpang harus menunggu hingga lebih dari 10 jam. Untuk itu manajemen maskapai memastikan telah menyalurkan kompensasi (service recovery) kepada seluruh penumpang yang terdampak. ""Garuda Indonesia juga telah memberikan service recovery kepada seluruh penumpang terdampak sesuai ketentuan yang berlaku,"" terang Persero. Pihak maskapai turut menyampaikan permohonan maaf atas ketidaknyamanan yang dialami para penumpang selama proses penanganan teknis dan pergantian armada berlangsung. Pihaknya menegaskan bahwa langkah pengandangan sementara pesawat dilakukan demi mengutamakan keselamatan penerbangan. (igo/fdl)",Finance
186,"Setiap orang tentu memiliki daftar rencana besar dalam hidupnya, mulai dari memikirkan tempat tinggal yang nyaman, memiliki kendaraan baru untuk mobilitas sehari-hari, hingga merencanakan liburan melepas penat bersama keluarga tercinta. Mengatur berbagai kebutuhan masa depan ini sering kali menuntut persiapan yang matang serta riset mendalam agar mendapatkan pilihan terbaik yang sesuai dengan anggaran keuangan. Namun, proses mencari informasi dan penawaran terbaik untuk setiap kebutuhan tersebut biasanya memakan waktu yang tidak sedikit jika harus dilakukan secara terpisah dari satu tempat ke tempat lainnya. Beruntung, kini warga Medan dan sekitarnya bisa memanfaatkan momentum BRI Consumer Expo 2026 Medan untuk menemukan berbagai solusi tersebut secara praktis dalam satu kunjungan. BRI Consumer Expo 2026 Hadir di Medan Bagi Anda yang sedang mencari kemudahan dalam mewujudkan ragam rencana hidup, BRI Consumer Expo 2026 Medan hadir sebagai one-stop event yang wajib dikunjungi. Berlangsung selama tiga hari pada 4-6 September 2026 di Mall Centre Point Medan, pameran ini merangkum berbagai kebutuhan gaya hidup dan finansial dalam satu tempat. Pengunjung dapat menjelajahi area Property Expo, Automotive Expo, Travel Fair, hingga menikmati beragam hiburan menarik seperti talkshow, music performances, dan aktivitas seru lainnya | BRI Consumer Expo 2026 Medan, Ada Bunga KPR mulai 1,75% dan KKB 1,81% Foto: BRI | Cari Rumah Impian dengan Penawaran BRI KPR Memiliki hunian idaman kini semakin mudah diwujudkan melalui penawaran menarik di Property Expo. Melalui fasilitas pembiayaan perumahan dari bank, Anda bisa mengeksplorasi berbagai pilihan proyek properti dari developer ternama. Ajang yang diselenggarakan dalam BRI Consumer Expo 2026 Medan ini menawarkan kemudahan kepemilikan rumah lewat BRI KPR Medan yang menghadirkan bunga spesial mulai 1,75% eff p.a Fixed 1 Tahun, Diskon asuransi jiwa kredit hingga 30%, berkesempatan mendapatkan hadiah langsung voucher puluhan juta rupiah. Dengan penawaran kompetitif ini, impian memiliki hunian yang nyaman di lokasi strategis tentu berada dalam jangkauan. Temukan Kendaraan Pilihan melalui BRI KKB Selain hunian, kebutuhan mobilitas dan transportasi juga menjadi salah satu fokus utama dalam merencanakan masa depan. Di area Automotive Expo, pengunjung dapat melihat langsung berbagai pilihan kendaraan impian dari merek-merek terkemuka. Melalui Kredit Kendaraan Bermotor (BRI KKB), tersedia kemudahan pembiayaan pembelian mobil dengan dukungan bunga mulai 1,81% flat p.a Tenor 1 tahun serta keringanan uang muka atau DP mulai 10%. Kesempatan ini tentu sangat pas bagi profesional maupun keluarga muda yang ingin segera mengganti atau menambah kendaraan pribadi. Rencanakan Liburan Lewat BRI Travel Fair Bagi Anda yang mendambakan waktu istirahat atau perjalanan seru bersama orang terdekat, sektor pariwisata juga turut memeriahkan rangkaian pameran ini. Melalui kehadiran Travel Fair Medan 2026, pengunjung dapat merencanakan liburan impian dengan lebih hemat. Berbagai penawaran menarik, seperti cashback hingga Rp12 juta serta kemudahan pembayaran cicilan 0% hingga 36 bulan menggunakan fasilitas pembayaran digital, siap melengkapi persiapan perjalanan Anda. Bukan Cuma Expo, Ada Promo Kuliner hingga Aktivitas Seru Agar kunjungan terasa semakin menyenangkan, acara ini dirancang tidak hanya berfokus pada produk finansial semata. Suasana pameran diselingi dengan berbagai tenant kuliner pilihan yang menawarkan promo menarik berupa cashback hingga 20% bagi pengunjung. Selain itu, atmosfer akhir pekan di pusat perbelanjaan ini juga dimeriahkan oleh rangkaian kegiatan interaktif yang cocok dinikmati bersama keluarga. Lengkapi Berbagai Kebutuhan dengan Solusi BRI Lainnya Tidak ketinggalan, berbagai kebutuhan pelengkap seperti renovasi tempat tinggal, penataan interior, hingga pengelolaan keuangan harian juga bisa dieksplorasi secara mendalam. Pengunjung dapat berkonsultasi langsung mengenai ragam produk pendukung untuk memastikan setiap rencana jangka pendek maupun panjang mendapatkan sokongan finansial yang tepat. Berbagai kebutuhan penting kini tidak lagi harus dicari secara terpisah. Jadikan BRI Consumer Expo 2026 Medan sebagai momentum terbaik untuk mengeksplorasi pilihan hunian, kendaraan, perjalanan, hingga berbagai kemudahan transaksi dalam satu lokasi strategis. Melalui ragam penawaran yang masif, BRI Consumer Expo 2026 Medan terbukti menjadi solusi ideal bagi masyarakat yang ingin merencanakan masa depan dengan lebih praktis. Yuk, kunjungi acara ini pada 4-6 September 2026 di Mall Centre Point Medan dan temukan berbagai penawaran menarik untuk membantu mewujudkan rencanamu. #BRIKPR #BRIKKB #BRITravelFair #ExpoMedan #MelayaniSepenuhHati Lihat juga Video: Dirut BRI Paparkan Evolusi Industri Perbankan",Finance
187,"Menteri Keuangan (Menkeu) Purbaya Yudhi Sadewa menyampaikan sikap pemerintah pusat atas wacana penerbitan obligasi (bonds) oleh sejumlah daerah, termasuk yang paling gencar saat ini adalah Provinsi Jakarta. Menurutnya daerah seperti Jakarta pada dasarnya sudah memiliki kondisi keuangan yang sangat memadai. Sehingga rencana penerbitan surat utang atau obligasi daerah ini belum mendesak untuk dilakukan. ""Saya belum tahu daerah mana yang akan mengeluarkan, mungkin yang paling depan Jakarta katanya mau mengeluarkan. Tapi Jakarta nggak perlu juga keluarkan bonds, uangnya kebanyakan,"" kata Purbaya dalam acara Sarasehan 100 Ekonom Indonesia 2026 di Hotel Kempinski, Jakarta Pusat, Kamis (3/9/2026). Di sisi lain, pemerintah pusat juga masih sangat berhati-hati dalam memberikan izin penerbitan obligasi daerah. Hal ini untuk menjaga stabilitas ekonomi nasional dan mencegah risiko gagal bayar. ""Kalau tidak hati-hati, kita bisa seperti Brazil atau Argentina, waktu itu Brazil kalau nggak salah. Ketika daerahnya nggak bisa bayar, akhirnya yang bayar pusat juga dan akhirnya goncang semua perekonomiannya,"" ujar Purbaya. Alih-alih menerbitkan surat utang daerah, Purbaya lebih menyarankan kepada Pemda yang benar-benar membutuhkan dana untuk pembangunan infrastruktur mulai memanfaatkan opsi pinjaman kepada PT Sarana Multi Infrastruktur (Persero) atau PT SMI. ""Untuk memberi jalan keluar kepada daerah yang ingin membangun infrastruktur betul, kami menyediakan dana lewat PT SMI. Jadi daerah bisa pinjam ke PT SMI selama berapa tahun, nanti bayar untuk bangun infrastruktur yang betul ya,"" tegasnya. Selain mengurangi risiko gagal bayar oleh Pemda jika menerbitkan surat utang, dengan mekanisme pinjaman dana kepada PT SMI, proses pengembalian pinjaman tersebut nantinya bisa langsung dipotong secara bertahap dari dana Transfer ke Daerah (TKD). ""Nanti bayarannya dipotong dari sebagian transfer pemerintah ke daerah. Sehingga yang terjadi adalah uang ke daerah disalurkan tapi betul-betul jadi barangnya,"" tutur Purbaya. Belum lagi, menurutnya PT SMI juga memiliki standar penilaian proyek yang sama ketat dan profesional layaknya sektor swasta. Sehingga pinjaman yang diberikan bisa dengan efektif digunakan untuk pembangunan daerah. ""Kita tahu PT SMI cukup profesional, dia menilai dengan teliti, dia profesional swasta lah kira-kira dengan teliti proyek-proyek yang dia jalankan. Jadi itu kita harapkan dengan approach seperti itu daerah tidak kekurangan dana untuk membangun infrastruktur di daerahnya,"" pungkasnya. Simak juga Video Markus: UU Obligasi Daerah Jadi Solusi Pemda 'Kering' Akibat Efisiensi",Finance
188,"Jakarta - Jakarta Selatan Career Fest 2026 menyediakan 3.857 lowongan dari 37 perusahaan. Sekitar 1.000 pencari kerja telah mendaftar secara daring dan luring. Para pencari kerja mengunjungi Jakarta Selatan Career Fest & Bazaar di Balai Prajurit Ragunan, Jakarta Selatan, Kamis (3/9/2026). Job fair ini mempertemukan pencari kerja dengan perusahaan. Sebanyak 3.857 lowongan disediakan dari 37 perusahaan. Calon pekerja melihat berbagai informasi lowongan pekerjaan yang tersedia. Acara ini juga terbuka bagi penyandang disabilitas. Jakarta Selatan Career Fest 2026 diadakan secara daring dan luring. Job fair daring diadakan sejak tanggal 27 Agustus 2026 hingga 11 September 2026, sedangkan job fair luring diadakan mulai tanggal 3 hingga 4 September 2026 di Balai Prajurit Ragunan. Hingga Kamis (3/9) siang, total pengunjung job fair secara luring dan daring telah mencapai sekitar 1.000 pendaftar. Calon pekerja mengantri untuk mendaftarkan diri ke perusahaan. Calon pekerja memegang berbagai brosur lowongan kerja. Kegiatan yang digagas Suku Dinas Tenaga Kerja, Transmigrasi, dan Energi (Sudin Nakertransgi) Kota Administrasi Jakarta Selatan diharapkan dapat mengurangi angka pengangguran.",Finance
189,"Menteri Keuangan (Menkeu) Purbaya Yudhi Sadewa menegaskan komitmennya untuk terus membenahi internal serta menindak tegas oknum pegawai di Direktorat Jenderal Pajak (DJP) serta Direktorat Jenderal Bea dan Cukai (DJBC) yang terbukti melakukan pelanggaran. Purbaya membeberkan dirinya telah melakukan pemetaan atas jajaran pejabat yang terindikasi melakukan tindakan pelanggaran. Bahkan khusus untuk penanganan dugaan penyimpangan pada jenis pajak tertentu, ia membuat daftar peringkat (ranking) lima pegawai yang paling dicurigai bermasalah untuk ditindak lanjut. ""Untuk beberapa kasus, misalnya saya lihat curiga, hal tertentu ya, mereka masih main, untuk pajak tertentu saya ranking 5 orang terbesar siapa yang dianggap main-main, terus mungkin 3 orang saya rumahkan. Itu memberi pesan ke pegawai pajak bahwa kita serius memperbaiki kualitas pengumpulan pajak,"" ujar Purbaya. Selain tindakan tegas secara individual, Kemenkeu juga sering merombak susunan pejabat di tingkat eselon 2, eselon 3, hingga eselon 4. Pegawai dengan kinerja kurang baik dipindahkan ke daerah, sementara pegawai berprestasi ditempatkan di kantor-kantor penerimaan pajak skala besar untuk memaksimalkan tax collection. ""Kan masyarakat sudah tahu sering bocor sana-sini. Misalnya saya periksa lah kira-kira pejabat mana yang sering mengerjakan hal-hal yang negatif, saya reorganize. Hampir semua orang pajak, eselon 2, eselon 3, eselon 4 saya kocok ulang, saya pindahin yang kurang baik ke daerah, yang baik ke pusat-pusat yang pengumpulan pajaknya besar, kantor-kantor pajak besar,"" paparnya. Langkah pembersihan internal ini juga diterapkan di DJBC melalui reorganisasi struktur serta pembukaan akses bagi aparat penegak hukum. Menkeu menyatakan bahwa lembaga penegak hukum seperti KPK, Kepolisian, dan Kejaksaan kini dapat memproses oknum yang terindikasi melanggar hukum secara adil dan transparan. ""Di Bea Cukai juga sama, saya organize semua, yang kemarin dianggap mencurigakan sudah ditangkap KPK kan? Itu kan sebelumnya nggak bisa. Mungkin 10 atau 15 tahun terakhir orang pajak dan Bea Cukai itu aman karena polisi, kejaksaan, KPK juga nggak bisa masuk. Sekarang saya bebaskan, bukan saya bebaskan, saya bilang kalau ada kesalahan masuk saja, nanti diproses sesuai dengan faktanya secara balance, secara fair,"" terangnya. Melalui penutupan kebocoran anggaran, reorganisasi pejabat, dan penindakan tegas terhadap pegawai nakal, Purbaya optimistis kinerja penerimaan pajak dan bea cukai kini sudah jauh lebih membaik. Alhasil, menurutnya penerimaan pajak (tax collection) sampai akhir Juli 2026 tumbuh hampir 30% dibandingkan periode yang sama tahun sebelumnya. Kondisi ini hanya karena perbaikan internal saja. ""Tax collection kita sampai dengan akhir Juli tahun ini tumbuhnya hampir 30% dibanding tahun lalu. Tahun lalu itu tumbuhnya negatif. Jadi penerimaan kita kuat, nggak lemah. Ruang fiskal juga masih terbuka lebar, cukup kuat,"" tutur Purbaya. ""Memang penerimaan kita di atas perkiraan semula dan itu terjadi tanpa kenaikan tax rate, nggak ada saya naikkan tarif pajaknya, nggak ada pajak baru. Saya cukup perbaiki saja kinerja orang-orang pajak kita,"" ujarnya. Lihat juga Video: Kejagung Tetapkan 2 Pegawai Pajak Tersangka Kasus Manipulasi Ekspor Pulp",Finance
190,"Menteri Keuangan Purbaya Yudhi Sadewa kembali menegaskan tidak berencana menggelar program tax amnesty atau pengampunan pajak. Purbaya bahkan menyebut selama dirinya masih menjabat sebagai Menteri Keuangan, kebijakan tersebut tidak akan diberlakukan. Purbaya sempat berseloroh dirinya takut kualat hingga khawatir justru dipecat dari jabatannya karena kebijakan tersebut. Namun, dia memastikan hingga saat ini belum ada rencana untuk kembali memberikan pengampunan pajak. ""Nggak ada. Saya kan pernah bilang, selama saya jadi Menteri Keuangan, nggak ada tax amnesty. Tapi saya takutnya kualat, jangan-jangan gara-gara itu gue dipecat hahaha,"" ujar Purbaya dalam acara Sarasehan 100 Ekonom Indonesia 2026 di Hotel Kempinski, Jakarta Pusat, Kamis (3/9/2026). Purbaya menilai tax amnesty justru dapat menimbulkan risiko bagi pegawai Direktorat Jenderal Pajak (DJP). Pasalnya, setelah program tersebut berjalan beberapa tahun sejumlah pegawai pajak terkena masalah hukum. ""Tapi nggak, sampai sekarang nggak ada rencana tax amnesty. Karena untuk saya merugikan orang pajak. Karena itu kan setelah berapa tahun masih bisa diperiksa. Beberapa tahun kemudian diperiksa orang pajak dengan data yang masih nggak terlalu jelas, orang saya dipanggil, ada yang ditahan juga,"" tuturnya. Karena itu, Purbaya memilih fokus membenahi pengumpulan pajak atau tax collection secara normal. Meskipun, ia menyebut perlu juga melihat perkembangan ke depan. ""Jadi saya pikir kalau begitu caranya ya resikonya dari orang pajak lebih baik, nggak usah tax amnesty, kita rapikan aja tax collection-nya, kita lihat ke depan aja,"" tutup Purbaya. Lihat juga Video: Menkeu Bidik Rp 2.908 T Penerimaan Pajak di 2027",Finance
191,"Presiden Rusia Vladimir Putin mengatakan negaranya akan mempererat kerja sama di bidang ekonomi dan perdagangan dengan Indonesia. Komitmen ini diungkapkan Putin di depan Presiden Prabowo Subianto dalam pertemuan bilateral di sela acara Eastern Economic Forum 2026 di Vladivostok. Pihaknya telah memperhatikan beberapa kemajuan kerja sama yang dilakukan di berbagai sektor, mulai dari bidang pertanian, pembangunan kapal, hingga pengembangan energi nuklir. ""Komisi Bersama Rusia-Indonesia di bidang ekonomi, perdagangan, dan kerja sama teknis terus bekerja. Kami memperhatikan pembangunan kerja sama bilateral di bidang pertanian, pembangunan kapal, teknologi digital, dan energi, khususnya energi nuklir,"" ungkap Putin dalam pertemuan yang disiarkan langsung oleh Sekretariat Presiden, Kamis (3/9/2026). Putin juga mengatakan hubungan Indonesia dan Rusia sudah sangat erat sebagai sahabat. Buktinya, volume perdagangan kedua negara naik 12% pada 2025. ""Kita terkait dengan hubungan persahabatan selama bertahun-tahun. Perdagangan antara kedua negara kita juga berkembang. Pada tahun lalu, volume perdagangan naik 12%,"" ujar Putin. Prabowo mengatakan kerja sama Indonesia dan Rusia memang perlu ditingkatkan, khususnya kerja sama di sektor kemaritiman, mengingat Indonesia merupakan negara kepulauan. ""Forum ini memiliki potensi besar dalam menjadi jembatan kerja sama dan konektivitas di kawasan kita. Kita berdua adalah negara Pasifik dan bagi kami sebagai negara kepulauan, konektivitas dan kerja sama maritim sangat penting. Indonesia terus berupaya untuk terus meningkatkan kerja sama di segala bidang demi mencapai keuntungan bagi kedua negara kita,"" ujar Prabowo. Simak juga Video: Bertemu Prabowo, Putin Ungkap Adanya Perlambatan Perdagangan RI-Rusia",Finance
192,"Jakarta - Proyek LRT Jakarta Kelapa Gading-Manggarai memasuki tahap akhir sebelum beroperasi penuh. Jalur sepanjang 12,2 kilometer dengan 11 stasiun menanti peresmian. Pekerja menyelesaikan pengerjaan proyek LRT Jakarta di Stasiun Manggarai, Jakarta, Kamis (4/9/2026). Pembangunan lintasan LRT Jakarta hingga Manggarai telah dinyatakan rampung. Sebelumnya, Pemerintah Provinsi DKI Jakarta menargetkan peresmian pada 26 Agustus 2026. Namun, agenda tersebut kemudian dijadwalkan ulang setelah dilakukan evaluasi akhir terhadap kesiapan layanan. Penjadwalan ulang tersebut tidak mengubah agenda pengembangan koridor Kelapa Gading-Manggarai. Pemprov DKI bersama PT Jakarta Propertindo (Jakpro) masih melakukan penyempurnaan sejumlah fasilitas untuk memastikan layanan siap digunakan masyarakat. Sebelum memasuki tahap operasional penuh, rangkaian pengujian dan verifikasi juga dilakukan bersama pemerintah pusat melalui Kementerian Perhubungan. Tahapan tersebut mencakup pengujian jalur, sistem persinyalan, pemenuhan standar pelayanan minimum, hingga penilaian keselamatan. LRT Kelapa Gading-Manggarai merupakan perpanjangan dari lintasan Kelapa Gading-Velodrome. Dengan beroperasinya jalur hingga Manggarai, panjang jaringan LRT Jakarta bertambah menjadi 12,2 kilometer dan memiliki 11 stasiun, yakni Kelapa Gading, Boulevard Utara, Boulevard Selatan, Pulomas, Equestrian, Velodrome, Rawamangun, Pramuka, Matraman, Proklamasi, dan Manggarai. Perjalanan dari Kelapa Gading menuju Manggarai diperkirakan membutuhkan waktu sekitar 28 menit. Layanan tersebut direncanakan beroperasi mulai pukul 05.00 hingga 24.00 WIB. Pada masa transisi, tarif LRT Jakarta ditetapkan sebesar Rp5.000 untuk sekali perjalanan hingga Oktober 2026. Tarif resmi selanjutnya masih menunggu penetapan bersama DPRD DKI Jakarta. Kehadiran Stasiun LRT Manggarai juga menjadi bagian penting dalam penguatan integrasi transportasi publik Jakarta. Stasiun tersebut akan terhubung dengan Stasiun Manggarai yang melayani KRL Commuter Line dan kereta api jarak jauh, layanan KA Bandara, serta Transjakarta. Integrasi tersebut diharapkan membuat Manggarai semakin kuat sebagai salah satu simpul transportasi utama di Jakarta. Masyarakat dari wilayah Jakarta Utara dan Jakarta Timur nantinya memiliki akses transportasi publik yang lebih langsung menuju kawasan Jakarta Selatan. Pemerintah memproyeksikan jumlah pengguna LRT Kelapa Gading-Manggarai dapat mencapai sekitar 60.000 hingga 80.000 penumpang per hari pada tahap awal operasional. Sementara itu, Pemprov DKI masih menunggu jadwal baru peresmian yang akan menyesuaikan agenda Presiden Prabowo Subianto. Setelah seluruh tahapan akhir selesai, LRT Jakarta rute Kelapa Gading-Manggarai diharapkan dapat segera beroperasi penuh dan digunakan masyarakat.",Finance
193,"Menteri Perdagangan (Mendag) Budi Santoso bertemu dengan Menteri Investasi, Perdagangan, dan Industri Malaysia, Datuk Seri Johari Abdul Ghani dalam forum Joint Trade and Investment Committee (JTIC). Pertemuan tingkat menteri ini kembali digelar usai 9 tahun absen. Menteri Perdagangan Budi Santoso mengatakan, forum JTIC merupakan wadah penting untuk memastikan berbagai kesepakatan bilateral dapat terus ditindaklanjuti dan memberikan manfaat nyata bagi perekonomian kedua negara. ""Kami sangat menghargai kerja sama dan diskusi konstruktif yang telah terjalin dalam pertemuan ini. Pertemuan hari ini telah menghasilkan sejumlah kesepahaman dan komitmen bersama,"" ujar Budi di Kementerian Perdagangan (Kemendag), Kamis (3/9/2026). Terdapat lima poin utama yang disepakati dalam forum tersebut. Pertama, komitmen kuat untuk memperkuat kerja sama perdagangan dan investasi bilateral melalui mekanisme yang relevan. Kedua, fokus pada efektivitas implementasi Border Trade Agreement (BTA) serta dukungan terhadap konektivitas ekonomi di wilayah perbatasan. Ketiga, akses pasar dan fasilitasi perdagangan bagi kedua negara, termasuk produk pertanian dan pangan untuk menyelesaikan berbagai hambatan yang ada. Keempat, komitmen mendorong iklim investasi yang kondusif. Kelima, kelanjutan kerja sama di bidang strategis lainnya seperti perdagangan elektronik (e-commerce), pertanian hingga standarisasi halal. Menteri Investasi, Perdagangan, dan Industri Malaysia, Datuk Seri Johari Abdul Ghani mengatakan dalam pertemuan hari ini, ada banyak isu penting bagi kedua negara yang didiskusikan. ""Salah satunya adalah Perjanjian Perdagangan Perbatasan yang telah kita tanda tangani pada tahun 2023 dan akan efektif berlaku pada bulan Juli 2026. Kita berharap perjanjian perbatasan ini dapat memfasilitasi banyak kegiatan ekonomi antara kedua negara,"" ujar Johari. Johari juga menyoroti salah satu topik krusial yang menjadi perhatian para pelaku usaha di negaranya, yakni kebijakan devisa hasil ekspor (DHE) sumber daya alam (SDA) yang diterapkan oleh pemerintah Indonesia. Meski sempat menjadi tanda tanya bagi kalangan dunia usaha, Johari menegaskan Malaysia kini telah memahami maksud dan tujuan di balik kebijakan tersebut. Ia memastikan para investor dan pebisnis asal Negeri Jiran siap untuk mematuhinya. ""Sebagai komunitas bisnis Malaysia, kita akan mendukung kebijakan tersebut, apa pun yang baik untuk Indonesia. Jika kita ingin datang ke sini untuk berbisnis, kita akan terus mematuhi kebijakan yang berlaku di Indonesia,"" tambahnya. Selain itu, pertemuan ini juga membeberkan neraca perdagangan kedua negara. Tahun lalu, total perdagangan Indonesia dan Malaysia menyentuh angka 114 miliar Ringgit. Johari juga menyebut pada kurun waktu 2023 hingga 2025, secara berturut-turut Malaysia telah investasi ke Indonesia sekitar 70 miliar Ringgit. ""Kita telah membawa investasi ke Indonesia sekitar 70 miliar Ringgit. Nilai tersebut setara dengan sekitar 17 miliar dolar AS, selama hampir tiga tahun,"" bebernya. Lihat juga Video RI-Malaysia Sepakat Permudah Perdagangan Lintas Batas",Finance
194,"PT Daya Intiguna Yasa Tbk ('Perseroan' atau 'MR.D.I.Y. Indonesia', IDX: MDIY) membukukan pertumbuhan pendapatan sebesar 24,5% year on year (YoY) menjadi Rp 4,6 triliun sepanjang Semester I 2026. MR DIY juga mencatat laba kotor naik 15,7% YoY menjadi Rp 2,4 triliun dan laba bersih tumbuh 16,4% YoY ke Rp 590,7 miliar. Jumlah transaksi MR.D.I.Y. Indonesia tumbuh 23,3% dibandingkan Semester I 2026, didukung perluasan jaringan serta peningkatan permintaan terhadap produk berkualitas dengan harga terjangkau. Pencapaian ini kembali mencerminkan relevansi proposisi nilai Perseroan dalam menjawab kebutuhan konsumen di tengah dinamika pasar. Direktur Utama MR.D.I.Y. Indonesia Edwin Cheah, mengatakan bahwa aksesibilitas dan keterjangkauan merupakan inti dari model bisnis Perseroan. Seiring konsumen yang semakin cermat dalam membelanjakan uangnya, mereka mencari produk yang andal dan memberikan nilai yang nyata. ""Prioritas kami adalah untuk terus memahami kebutuhan pelanggan yang terus berkembang dan tetap relevan dalam kehidupan sehari-hari mereka. Dengan cara itulah kami membangun kepercayaan pelanggan dalam jangka panjang sekaligus mendorong pertumbuhan yang berkelanjutan,"" kata Edwin dalam keterangan tertulis, Kamis (3/9/2026). Pada paruh pertama 2026, Perseroan membuka 130 toko baru sehingga keseluruhan jaringan MR.D.I.Y. Indonesia mencapai 1.349 toko di seluruh Indonesia. ""Ekspansi kami bertujuan membawa produk bernilai terbaik lebih dekat kepada komunitas di berbagai wilayah di Indonesia. Dengan memperluas akses keluarga Indonesia terhadap produk yang terjangkau dan diandalkan, kami membantu mereka mendapatkan manfaat terbaik dari setiap rupiah yang dibelanjakan"" tambah Edwin. Hadirkan Nilai Tambah Seiring Pelanggan yang Makin Cermat Di tengah tekanan terhadap anggaran rumah tangga di Indonesia, pelanggan semakin memprioritaskan peritel yang dapat menawarkan harga terjangkau tanpa mengurangi kualitas maupun pengalaman berbelanja. Menjawab kebutuhan tersebut, MR.D.I.Y. Indonesia terus beradaptasi dengan dinamika pasar melalui penguatan model pengadaan, rantai pasok yang semakin terintegrasi, serta efisiensi jaringan distribusi nasional seiring bertambahnya skala operasional perseroan. Upaya ini memungkinkan MR.D.I.Y. Indonesia menjaga komitmen dan proposisi nilai Hemat, Lengkap, Dekat kepada pelanggan. Sepanjang Semester I 2026, pelanggan juga memperoleh manfaat langsung melalui berbagai wujud nyata program keterjangkauan seperti 'Harga Tetap Sama' yang menjaga harga produk tetap stabil, 'Super Bombastis' yang menawarkan harga istimewa untuk berbagai kebutuhan sehari-hari, serta 'Back to School' yang menghadirkan pilihan perlengkapan sekolah dengan harga terjangkau. Berbagai inisiatif tersebut semakin memperkuat komitmen Perseroan dalam memberikan solusi belanja yang hemat, lengkap, dan dekat bagi keluarga Indonesia. Direktur/Chief Financial Officer MR.D.I.Y. Indonesia Rika Juniaty Tanzil, menambahkan bahwa kinerja kami menunjukkan bahwa keterjangkauan dan pertumbuhan dapat berjalan beriringan. Eksekusi yang disiplin, integrasi rantai pasok yang solid, serta skala bisnis yang semakin besar memastikan kami mampu menjaga efisiensi pembiayaan dan menawarkan harga kompetitif untuk pelanggan. ""Kapabilitas ini tetap menjadi kunci dalam upaya kami terus memperluas jaringan dan membangun platform yang lebih efisien untuk pertumbuhan jangka panjang,"" ujar Rika. Memperkuat Dampak Positif Melalui MR.D.I.Y. Untuk Indonesia Seiring pertumbuhan bisnis, MR.D.I.Y. Indonesia juga terus memperkuat kontribusinya kepada masyarakat melalui MR.D.I.Y. Untuk Indonesia yang berfokus pada tiga pilar, yakni Pemberdayaan Perempuan dan Anak, Keberlanjutan Lingkungan, serta Pemberdayaan UMKM. Pada pilar Pemberdayaan Perempuan dan Anak, Perseroan telah menyalurkan sekitar 10.000 STEM Kit secara gratis kepada anak-anak Indonesia sepanjang Semester I 2026. Sementara itu, pada pilar Keberlanjutan Lingkungan, Perseroan memperluas kerja sama dengan perusahaan climate-tech Rekosistem melalui penyediaan fasilitas drop box daur ulang di 52 toko MR.D.I.Y. Indonesia di berbagai wilayah. Adapun melalui pilar Pemberdayaan UMKM, Perseroan terus menyelenggarakan program pendampingan dan pelatihan bagi UMKM serta mitra pemasok lokal untuk memperkuat kapasitas usaha dan mendukung pertumbuhan rantai pasok nasional. ""Dengan bisnis yang semakin tumbuh, kemampuan kami untuk memberikan dampak yang lebih bernilai kepada masyarakat juga semakin besar. Melalui MR.D.I.Y. Untuk Indonesia, kami memberdayakan komunitas dan mendorong keberlanjutan lingkungan di wilayah kami beroperasi. Upaya-upaya ini turut memperkuat posisi kami sebagai merek yang diandalkan keluarga Indonesia dalam memenuhi kebutuhan sehari-hari,"" tutup Edwin. Ringkasan Kinerja MR.D.I.Y. Indonesia di H1 2026 | Aktual (dalam miliaran Rupiah) | H1 2026 | H1 2025 | % Pertumbuhan | | Pendapatan | 4.647,9 | 3.734,6 | 24,5 | | Laba Kotor | 2.416,8 | 2.089,0 | 15,7 | | Laba Bersih | 590,7 | 507,4 | 16,4 | (prf/ega)",Finance
195,"Presiden Prabowo Subianto memohon maaf kepada Presiden Rusia Vladimir Putin usai dirinya tak bisa hadir pada KTT ASEAN-Rusia Juni lalu di Kazan. Prabowo diundang khusus oleh Putin untuk hadir pada pertemuan itu. Hari ini Prabowo kembali melakukan pertemuan dengan Putin di Vladivostok. Dia diundang khusus untuk hadir pada Eastern Economic Forum oleh Putin, keduanya menyempatkan diri untuk melakukan pertemuan bilateral sebelum acara dimulai. ""Atas penyelenggaraan KTT peringatan ASEAN-Rusia ke-20 pada tanggal 18 Juni 2024. Saya mohon maaf sebesar-besarnya karena saya tidak dapat menghadiri acara penting tersebut,"" beber Prabowo dalam pertemuan yang disiarkan langsung oleh Sekretariat Presiden, Kamis (3/9/2026). Prabowo mengungkapkan alasannya tak bisa hadir di Kazan karena ada masalah di dalam negeri yang perlu ditangani secara serius dan tak bisa ditinggalkan. ""Karena ada masalah dalam negeri yang tidak bisa saya tinggalkan. Tapi saya membayar hutang saya dengan hadir di Vladivostok sekarang,"" ujar Prabowo. Orang nomor satu di Indonesia itu melanjutkan Rusia telah menjadi mitra penting bagi Indonesia. Dia mengaku senang hubungan kedua negara kini berlanjut pada kemitraan strategis. ""Sekali lagi terima kasih. Indonesia dan Rusia memiliki ikatan sejarah yang mendalam, lebih dari lima dasawarsa, lebih. Bagi Indonesia, Rusia adalah mitra yang sangat penting. Karena itu kami bangga dan gembira hubungan kita bisa meningkat menjadi kemitraan strategis tahun lalu,"" tutur Prabowo. Lihat juga Video Momen Trump Puji Prabowo di Depan Pemimpin ASEAN",Finance
196,"Presiden Rusia Vladimir Putin dan Presiden Prabowo Subianto melakukan pertemuan bilateral di sela agenda Eastern Economic Forum 2026 di Vladivostok, Rusia. Dalam kata pembukanya Putin menyambut hangat Prabowo di Vladivostok. Dia juga mengatakan hubungan Indonesia dan Rusia sudah sangat erat sebagai sahabat. Buktinya, volume perdagangan kedua negara, disebut Putin mengalami kenaikan sampai 12% tahun 2025 yang lalu. ""Kita terkait dengan hubungan persahabatan selama bertahun-tahun. Perdagangan antara kedua negara kita juga berkembang. Pada tahun lalu, volume perdagangan naik 12%,"" ujar Putin dalam pertemuan yang disiarkan langsung oleh Sekretariat Presiden, Kamis (3/9/2026). Putin mengatakan pemerintahannya dengan pemerintahan yang dipimpin Prabowo terus bekerja sama pada level teknis di bidang ekonomi dan perdagangan di berbagai sektor, mulai dari pertanian, industri, teknologi digital, hingga energi nuklir. ""Komisi Bersama Rusia-Indonesia di bidang ekonomi, perdagangan, dan kerja sama teknis terus bekerja. Kami memperhatikan pembangunan kerja sama bilateral di bidang pertanian, pembangunan kapal, teknologi digital, dan energi, khususnya energi nuklir,"" papar Putin. Dalam pertemuan itu, Prabowo didampingi beberapa menterinya, mulai dari Menteri Koordinator Bidang Perekonomian Airlangga Hartarto, Menteri ESDM Bahlil Lahadalia, Menteri Pendidikan Tinggi, Sains, dan Teknologi Brian Yuliarto, hingga Menteri Luar Negeri Sugiono. Prabowo menyambut hangat sambutan Putin, dia mengamini peningkatan kerja sama memang terjadi antara Indonesia dan Rusia. Baik di sisi kerja sama pembangunan ekonomi maupun perdagangan. ""Dalam beberapa hal hubungan kita terus meningkat, sebagaimana Yang Mulia telah menyampaikan di bidang ekonomi, perdagangan kita meningkat. Kita juga kerjasama dalam berbagai bidang juga mengalami kemajuan. Dan kami siap untuk meningkatkan kerjasama ini,"" kata Prabowo menjawab Putin. ""Indonesia terus berupaya untuk terus meningkatkan kerjasama di segala bidang demi mencapai keuntungan bagi kedua negara kita,"" tegasnya kepada Putin. Sebagai informasi, Kementerian Perdagangan mencatat nilai perdagangan Indonesia dan Rusia pada 2025 mencapai US$ 4,8 miliar. Rusia juga menjadi mitra utama Indonesia di kawasan Eurasian Economic Union (EAEU) dengan kontribusi sebesar 90,6% terhadap total perdagangan Indonesia dengan kawasan tersebut. Simak juga Video: Bertemu Prabowo, Putin Ungkap Adanya Perlambatan Perdagangan RI-Rusia (hal/ara)",Finance
197,"Ketersediaan darah menjadi salah satu penopang penting dalam layanan kesehatan masyarakat. Namun, pemenuhannya membutuhkan partisipasi berbagai pihak untuk memastikan stok darah tetap tersedia bagi masyarakat yang membutuhkan. Berdasarkan standar Organisasi Kesehatan Dunia (WHO), kebutuhan darah ideal suatu negara mencapai sekitar 2% dari total populasi. Dengan jumlah penduduk Indonesia yang mencapai lebih dari 280 juta jiwa, kebutuhan darah nasional diperkirakan mencapai sekitar 5,6 juta kantong per tahun. Besarnya kebutuhan tersebut membuat upaya menjaga ketersediaan darah tidak dapat bergantung pada satu pihak. Diperlukan keterlibatan berbagai elemen masyarakat untuk memenuhi kebutuhan darah secara berkelanjutan. Merespons kebutuhan tersebut, Bank Mandiri bersama Palang Merah Indonesia (PMI) dan sejumlah fasilitas kesehatan turut berkontribusi melalui program Mandiri Donor Darah yang dilaksanakan secara rutin di berbagai wilayah Indonesia. Kegiatan ini menjadi salah satu bentuk kepedulian Bank Mandiri terhadap kebutuhan masyarakat sekaligus menjadi ruang bagi Mandirian, nasabah, dan masyarakat untuk berbagi melalui aksi kemanusiaan. Program tersebut juga diselenggarakan dalam rangka menyambut HUT ke-28 Bank Mandiri dengan semangat ""Tumbuh Bersama Majukan Indonesia"". SEVP Corporate Relations Bank Mandiri Wisnu Trihanggodo mengatakan, sejak pertama kali dilaksanakan pada April 2026, Mandiri Donor Darah telah menghimpun lebih dari 19.000 kantong darah hingga periode kelima pelaksanaan. Jumlah tersebut terkumpul melalui keterlibatan pegawai Bank Mandiri, nasabah, masyarakat, PMI, serta berbagai fasilitas kesehatan yang mendukung pelaksanaan kegiatan. ""Kebutuhan darah hadir setiap hari. Karena itu, kami melihat pentingnya menjaga kontribusi ini agar terus berlanjut. Melalui Mandiri Donor Darah, kami bersama PMI mengajak Mandirian, nasabah, dan masyarakat untuk terus mengambil bagian dalam membantu memenuhi kebutuhan darah bagi mereka yang membutuhkan,"" ujar Wisnu dalam keterangan resminya, Kamis (3/9/2026). Bank Mandiri kembali bekerja sama dengan PMI dan sejumlah fasilitas kesehatan untuk menyelenggarakan donor darah secara serentak di 12 region Bank Mandiri yang tersebar di berbagai wilayah Indonesia. Kegiatan tersebut menargetkan 280 pendonor di setiap region dengan melibatkan pegawai Bank Mandiri, nasabah, dan masyarakat umum di sekitar wilayah operasional perusahaan. Pelaksanaan di 12 region mempertemukan berbagai pihak dalam satu kegiatan. Bagi Bank Mandiri, keterlibatan pegawai, nasabah, dan masyarakat menjadi bagian penting untuk menjaga keberlangsungan kegiatan donor darah sekaligus memperluas manfaatnya di berbagai wilayah. ""Kami berterima kasih kepada seluruh pihak yang telah berpartisipasi dalam Mandiri Donor Darah. Setiap kantong darah yang terkumpul dapat berarti bagi mereka yang membutuhkan. Sejalan dengan semangat Melayani Sepenuh Hati, kami akan terus menjaga kolaborasi ini dan membuka ruang bagi semakin banyak pihak untuk ikut berbagi,"" pungkas Wisnu. (ega/prf)",Finance
198,"Harga BBM nonsubsidi di Malaysia turun untuk periode 3-9 September. Hal ini diumumkan Kementerian Keuangan Malaysia. Dikutip dari The Edge Malaysia, Kamis (3/9/2026), harga BBM nonsubsidi RON 97 akan turun menjadi RM 4,25 atau sekitar Rp 18.275 per liter. Sementara itu RON 95 menjadi RM 3,77 atau sekitar Rp 15.910 per liter. Harga diesel atau solar juga turun menjadi RM 4,67 atau sekitar Rp 20.081 per liter. Di sisi lain, harga bahan bakar bersubsidi tetap tidak berubah. Harganya sebesar RM 1,99 atau sekitar Rp 8.557 per liter untuk RON 95 di bawah Budi 95. Untuk diesel harganya RM 2,10 atau sekitar Rp 9.030 per liter di bawah Budi Diesel. Kementerian Keuangan mengatakan bahwa harga yang lebih rendah mencerminkan harga minyak mentah global yang lebih lemah selama sebagian besar periode penetapan harga Mekanisme Penetapan Harga Otomatis (APM), meskipun harga naik menjelang akhir periode di tengah meningkatnya ketegangan geopolitik di Timur Tengah. Gangguan aliran minyak bumi melalui Selat Hormuz, pengurangan kapasitas penyulingan di beberapa negara, dan pembatasan ekspor bahan bakar diperkirakan juga akan berkontribusi pada volatilitas harga dalam waktu dekat. Simak juga Video: Harga BBM Nonsubsidi Bakal Turun? Ini Kata Bahlil",Finance
199,"Harga emas Antam kembali menguat setelah mengalami tren pelemahan. Harga emas Antam 24 karat hari ini naik Rp 15.000 per gram dan berada di level Rp 2.639.000 per gram. Berdasarkan situs Logam Mulia Antam, Kamis (3/9/2026), satuan harga emas hari ini yang terkecil ukuran 0,5 gram berada di angka Rp 1.369.500. Sementara harga emas 10 gram dijual dengan harga Rp 25.885.000 dan ukuran emas terbesar yakni 1.000 gram (1 kg) dibanderol Rp 2.579.600.000. Jika ditarik dalam sepekan terakhir, harga emas Antam berada dalam rentang Rp 2.624.000-2.718.000 per gram. Sementara dalam sebulan terakhir, harga emas Antam bergerak dalam rentang Rp 2.599.000-2.768.000 per gram. Buyback Harga emas hari ini untuk buyback emas Antam juga mengalami kenaikan Rp 15.000 per gram dan kini berada di level Rp 2.492.000 per gram. Harga buyback adalah jika Anda ingin menjual emas, maka Antam akan membelinya dengan harga tersebut. Sesuai Peraturan Menteri Keuangan (PMK) Nomor 34 Tahun 2017, pembelian emas batangan akan dikenakan PPh 22 sebesar 0,9%. Jika ingin mendapatkan potongan pajak lebih rendah sebesar 0,45%, harus menyertakan NPWP untuk transaksinya. Rincian Harga Emas Hari Ini Harga emas 0,5 gram: Rp 1.369.500 Harga emas 1 gram: Rp 2.639.000 Harga emas 2 gram: Rp 5.218.000 Harga emas 3 gram: Rp 7.802.000 Harga emas 5 gram: Rp 12.970.000 Harga emas 10 gram: Rp 25.885.000 Harga emas 25 gram: Rp 64.587.000 Harga emas 50 gram: Rp 129.095.000 Harga emas 100 gram: Rp 258.112.000 Harga emas 250 gram: Rp 645.015.000 Harga emas 500 gram: Rp 1.289.820.000 Harga emas 1.000 gram: Rp 2.579.600.000 Demikian rincian harga emas hari ini keluaran Antam 0,5 gram hingga 1.000 gram, Kamis (3/9/2026). Lihat juga Video: Harga Emas Antam Ambruk Hari Ini",Finance
200,"Banten - Petani memanen padi di Kasemen, Kota Serang, Banten. Panen berlangsung saat NTP Banten tercatat mengalami kenaikan. Badan Pusat Statistik (BPS) mencatat NTP Banten pada Agustus 2026 mencapai 113,02 atau naik 1,05 persen dibandingkan bulan sebelumnya. Kenaikan tersebut menunjukkan membaiknya daya tukar yang diterima petani terhadap kebutuhan konsumsi dan biaya produksi. ANTARA FOTO/Muhammad Bagus Khoirunas Peningkatan NTP turut didorong oleh optimalisasi penyaluran pupuk bersubsidi serta stabilisasi harga kebutuhan pokok di kawasan pedesaan. Kondisi tersebut diharapkan dapat membantu menjaga pendapatan dan aktivitas produksi petani. ANTARA FOTO/Muhammad Bagus Khoirunas Kenaikan NTP menjadi salah satu indikator positif bagi sektor pertanian Banten. Perbaikan daya tukar petani diharapkan terus berlanjut sehingga kesejahteraan petani dan produktivitas pertanian di daerah tersebut semakin meningkat. ANTARA FOTO/Muhammad Bagus Khoirunas",Finance
