,abadi,ada,adalah,administratif,agar,agustus,ajang,akan,akhir,akhirnya,aktivitas,alfian,alwi,amri,ana,anda,anggaran,anggota,angka,antara,anthony,apa,arena,asian,atas,atau,atlet,awal,babak,bagaimana,bagi,bagian,bagus,bahkan,bahwa,baik,bali,bank,banyak,barat,baru,bawah,beberapa,begitu,bei,belum,berada,berbagai,berbeda,berdasarkan,berharap,berhasil,berikutnya,berjalan,berlaku,berlangsung,bermain,bersada,bersama,bertemu,beruntun,besar,bidang,bisa,bisnis,bpr,bri,bukan,bulan,bulutangkis,bursa,bwf,campuran,cara,china,christie,citra,coba,cukup,daerah,daftar,dalam,damayanti,dan,dana,daniel,dapat,dari,data,delhi,dengan,depan,destry,dewan,di,dia,dibandingkan,digunakan,dilakukan,diri,dolar,dpr,dua,dulu,dunia,efek,ekonomi,emas,emiten,empat,energi,enggak,fajar,farhan,febi,fikri,final,fokus,gaido,games,ganda,gandhi,gelar,gim,global,grup,gubernur,hal,hanya,harga,hari,harus,hasil,hewan,hingga,ia,ihsg,indeks,india,indonesia,industri,informasi,ingin,ini,internasional,interval,investasi,itu,izin,jadi,jakarta,jasa,jauh,jawa,jepang,jika,joaquin,jonatan,juara,juga,jumlah,justru,juta,kalah,kalau,kali,kami,kamis,kan,kantor,karena,kata,ke,kebijakan,kebutuhan,kedua,kegiatan,kejuaraan,kembali,kemenangan,kementerian,kemudian,kepada,kepala,keputusan,kerja,kesempatan,keterangan,ketiga,ketika,ketua,keuangan,kini,kita,kondisi,krs,kusuma,laga,lagi,lain,lainnya,lalu,langkah,langsung,lapangan,laporan,lawan,lebih,lee,lembaga,leo,level,lewat,lihat,lima,lolos,main,makassar,malaysia,mampu,mana,mandiri,marwah,masih,masing,masters,masuk,masyarakat,mata,mau,maupun,mcy,medali,melaju,melakukan,melalui,melawan,melemah,melihat,memang,memastikan,membangun,membawa,memberikan,membuat,membutuhkan,memiliki,memimpin,memperkuat,menang,mencapai,mendapat,mendapatkan,menegaskan,menetapkan,mengalahkan,mengatakan,mengejar,menggunakan,menghadapi,menguat,menilai,meningkat,menit,menjadi,menjaga,menjelaskan,menteri,menunjukkan,menurut,menurutnya,menyampaikan,meraih,merebut,mereka,merupakan,meski,miliar,modal,mudah,muhammad,mulai,mungkin,naik,nama,namun,nanti,nasional,negara,new,nilai,nita,nomor,nova,nya,ojk,oleh,open,orang,otoritas,pada,pajak,paling,para,pasangan,pasar,pasti,pbsi,pebulutangkis,pelaku,pelatih,pelatnas,peluang,pemain,pembangunan,pembiayaan,pemegang,pemerintah,penawaran,pengalaman,pengawasan,pengembangan,penguatan,penjamin,penting,per,perdagangan,perekonomian,perempatfinal,peringkat,periode,perjalanan,perlu,permainan,pernah,perseroan,persiapan,pertama,pertandingan,pertemuan,pertumbuhan,perubahan,perusahaan,peserta,petenis,pihak,pinjaman,poin,pojk,posisi,positif,prabowo,presiden,produk,program,proses,publik,pun,punya,purbaya,pusat,putin,putra,putri,rabu,rachel,rakyat,rapat,rencana,resmi,reza,rumah,rusia,saat,sabar,saham,saja,salah,sama,sampai,sangat,sanksi,satu,saya,sebagai,sebanyak,sebelum,sebelumnya,sebesar,secara,sedang,sedangkan,sehingga,sejak,sejumlah,sekaligus,sekarang,sekitar,sektor,selain,selalu,selama,selanjutnya,selasa,selatan,seluruh,semakin,sementara,semifinal,sempat,semua,sendiri,sepanjang,seperti,september,serta,sesuai,set,setelah,setiap,shohibul,siap,siapa,sih,sisi,sistem,skor,soal,stabilitas,sudah,super,syahnawi,syariah,tadi,tahun,tak,tambahan,tampil,tanggal,tanpa,tapi,target,tbk,tekanan,teknologi,telah,tengah,tentang,tentu,terakhir,terbaik,tercatat,terhadap,terjadi,terkait,termasuk,tersebut,tertinggal,tertulis,terus,tetap,tetapi,tidak,tiga,tim,timur,tinggi,total,transaksi,trias,triliun,tugas,tumbuh,tunggal,turnamen,turun,turut,uang,ujar,ujarnya,umkm,umum,undang,unggul,unggulan,ungkap,untuk,upaya,usaha,usai,utama,video,violina,wakil,waktu,wib,world,ya,yakni,yang,label
Dokumen_120,0.0,0.0,0.0,0.0,0.0,0.0,0.0,0.0,0.0,0.0,0.0,0.0,0.0,0.0,0.0,0.0,0.0,0.0,0.024806611777056,0.0,0.0,0.0,0.0,0.0,0.0,0.0454545018322258,0.0,0.0,0.0,0.0,0.0323948327147361,0.0235830441421494,0.0,0.0,0.0,0.0,0.0,0.0,0.0,0.0,0.0,0.0,0.0,0.0,0.0,0.0,0.0,0.0,0.0,0.0,0.0,0.0,0.0,0.0199954221511796,0.0,0.0,0.0,0.0,0.0,0.0,0.0,0.0,0.0,0.0,0.0251444277815997,0.0,0.0,0.0,0.0,0.0,0.0,0.0,0.0,0.0,0.0,0.0,0.0,0.0,0.0,0.0,0.0,0.0296955127009951,0.0,0.0592774083441183,0.0,0.0,0.016197416357368,0.0940838078397544,0.0,0.0,0.0595737415597725,0.0,0.0,0.0,0.0483410451256867,0.0,0.1810655999091376,0.0,0.0,0.0,0.0,0.0,0.0,0.0,0.0,0.0,0.0,0.1426862762982075,0.0,0.0,0.0,0.0,0.0,0.0,0.0,0.0,0.0,0.0,0.0,0.0,0.0,0.0,0.0,0.0,0.0,0.0,0.0,0.0342926067292135,0.0,0.0225231416464715,0.0,0.0,0.0,0.0,0.0587042417108899,0.0,0.0,0.0,0.0,0.0,0.0,0.0,0.0,0.0180739380597944,0.0,0.0,0.0,0.0100516436081459,0.0,0.0148628332340223,0.0,0.0,0.0,0.0,0.0,0.0,0.0,0.0,0.0,0.0606201224738635,0.0,0.0,0.1005777111263988,0.0,0.0,0.0,0.0,0.0172733057225652,0.0,0.0,0.0158689221131829,0.0,0.0,0.0,0.0,0.0,0.0285372552596415,0.0,0.0,0.0,0.0,0.0734794839980531,0.0,0.0,0.0,0.0,0.0,0.0220419350425424,0.0,0.0,0.0,0.0,0.0,0.0,0.0,0.0,0.0,0.0,0.0,0.0647647241648539,0.0,0.0,0.0,0.0,0.0,0.0,0.0,0.0,0.0,0.0,0.0,0.0,0.0,0.0209529041544211,0.0,0.0,0.0,0.0,0.0,0.0215882413882846,0.0,0.0,0.0,0.0,0.0,0.0,0.0,0.0,0.0,0.0,0.0,0.0,0.0,0.0,0.0,0.0345466114451304,0.0,0.0,0.0,0.0,0.0,0.0,0.0,0.0,0.0,0.0,0.0,0.0,0.0,0.0,0.0207519446097012,0.0,0.0,0.0,0.0,0.0,0.0,0.0,0.0,0.0,0.0,0.0,0.0775995428182018,0.0,0.117824725775268,0.0196425872622439,0.0,0.0,0.0,0.0,0.0,0.0,0.0,0.0,0.0,0.0,0.0,0.048342549086385,0.0,0.0,0.0,0.0,0.0,0.1414982648528969,0.0,0.0,0.0,0.0,0.0,0.0,0.0471660882842989,0.0,0.0,0.0,0.0,0.0,0.0175335742209298,0.0,0.0,0.0,0.0288024417557137,0.0,0.0,0.0222788922817641,0.0,0.0,0.0,0.0,0.0,0.0,0.0,0.0,0.0,0.0,0.0,0.0,0.0,0.0,0.0,0.0,0.0,0.0,0.0560499643316547,0.0,0.0,0.1066436981060012,0.0,0.0,0.0,0.0,0.28046988937589,0.0,0.0,0.0,0.0,0.0952668769452386,0.0,0.0,0.0,0.0,0.0541801638152809,0.0,0.0560499643316547,0.0,0.0,0.0,0.0,0.0,0.0,0.0241712745431925,0.0241712745431925,0.0,0.0,0.0266609245265003,0.0235830441421494,0.0,0.0,0.0,0.0,0.0,0.0,0.0,0.0,0.0,0.0,0.0,0.0,0.0,0.0,0.0,0.0,0.0,0.0,0.0,0.0,0.0932180302479891,0.0,0.0,0.054243610868381,0.0,0.0,0.0,0.0,0.0,0.0,0.0,0.0,0.2240332082860408,0.5405553995153174,0.0157623771841595,0.0,0.0,0.0220419350425424,0.0,0.0,0.0,0.0,0.0,0.0,0.0,0.0,0.0,0.0,0.0,0.0,0.0,0.0230354147402857,0.0350671484418597,0.0,0.0,0.0,0.0,0.1896305733534832,0.0,0.0,0.0,0.0,0.0,0.0,0.0,0.0,0.0,0.0,0.0,0.0754332833447991,0.0,0.0,0.0,0.0,0.0,0.0,0.0,0.0,0.0,0.1818180073289032,0.0,0.0,0.0,0.0,0.0,0.0,0.0,0.0296731150625483,0.0,0.0,0.0166576889411637,0.0,0.0,0.0,0.0,0.0,0.1508665666895982,0.0668366768452923,0.0222788922817641,0.0,0.0,0.0355072098946791,0.0,0.0275437755618982,0.0165400945231866,0.0,0.0,0.0,0.0,0.0,0.0,0.0,0.099226447108224,0.0,0.0,0.4713256237640641,0.0,0.1745093079690318,0.0,0.0,0.0,0.0,0.0,0.0,0.0,0.0,0.0,0.0,0.0230354147402857,0.0,0.0254972626705354,0.0461025135512299,0.0,0.0235830441421494,0.0,0.0213707626325387,0.0191411061184716,0.0,0.0,0.0,0.0,0.0,0.0,0.0,0.0423410059600845,finance
Dokumen_101,0.0,0.0,0.0,0.0,0.0,0.0,0.0,0.0,0.0,0.0,0.0,0.0,0.0,0.0,0.0,0.0,0.0,0.0,0.0,0.0,0.0,0.0,0.0,0.0,0.0,0.0465075549874101,0.0,0.0,0.0,0.0,0.0,0.0,0.0,0.0,0.0,0.0,0.0,0.0,0.0,0.0,0.0,0.0,0.0,0.0,0.0,0.0,0.13390299808472,0.0,0.0,0.0662651409415722,0.0,0.0,0.0,0.0,0.0,0.0,0.0,0.0,0.0,0.0,0.0,0.0,0.0,0.0,0.0,0.0,0.0,0.0,0.0,0.0,0.0,0.0,0.0,0.0,0.0,0.0,0.0,0.0,0.0,0.0,0.0,0.0,0.0,0.0259931568958233,0.0,0.0,0.0,0.0,0.0845456624671014,0.0,0.0261230990775602,0.0,0.0,0.0,0.0741914570738239,0.0,0.0,0.0,0.0,0.0,0.0,0.0,0.0,0.0,0.0,0.0,0.0,0.0,0.0,0.0,0.0,0.0,0.0,0.0,0.0,0.0,0.0,0.0,0.0,0.0,0.0,0.0,0.0,0.0,0.0,0.0,0.0,0.0,0.0,0.0691348187564908,0.2120817564794889,0.0,0.0,0.0,0.0,0.0,0.5464900405076011,0.182163346835867,0.0,0.0,0.0,0.0,0.0,0.1109559626798942,0.0,0.0,0.0,0.0,0.0,0.0,0.0,0.0,0.0,0.0,0.0,0.0,0.0,0.0,0.0,0.0310122602344522,0.0,0.0,0.0,0.0,0.0,0.0577789613507768,0.0,0.0530204391198722,0.0,0.0,0.0,0.0,0.033175682763873,0.0,0.0,0.0,0.0,0.0,0.0,0.0,0.0,0.1127726959289824,0.0,0.0,0.0,0.0,0.0,0.0,0.0,0.0,0.0,0.0,0.0,0.0,0.0,0.0,0.0,0.0,0.0,0.0,0.0,0.0592560257794098,0.0,0.0,0.0,0.0,0.0,0.0,0.0,0.0,0.0,0.327987947791469,0.0,0.0,0.0,0.0,0.0,0.0,0.0,0.0,0.0,0.0,0.0,0.0474270641623654,0.0,0.0,0.0,0.0,0.0,0.0,0.0,0.0,0.0,0.0,0.0,0.0,0.0,0.182163346835867,0.0,0.0,0.0,0.0,0.0,0.0,0.0,0.0,0.0,0.0,0.0,0.0,0.0636981266625914,0.0,0.0,0.0,0.0,0.0,0.0,0.0,0.0,0.0,0.2536369874013042,0.0,0.0,0.0,0.0,0.0,0.0,0.0,0.0,0.0,0.0,0.0,0.0,0.0,0.0,0.0,0.0,0.07419376527869,0.0,0.0,0.0,0.0,0.0,0.1447763822725189,0.0,0.0468102185233479,0.0,0.0,0.0,0.0,0.0723881911362594,0.0,0.0,0.0,0.0,0.0,0.0,0.0,0.0,0.0,0.1768182806626888,0.0,0.0,0.0,0.0,0.0699083472591157,0.0,0.0,0.0,0.0,0.0,0.0,0.0,0.0,0.0,0.0,0.0,0.0,0.0,0.0,0.0,0.0,0.0,0.0,0.0,0.0,0.150298685415871,0.0,0.0,0.0,0.0,0.0,0.0,0.0,0.0,0.0,0.0,0.0,0.0,0.0,0.0,0.0,0.0,0.0,0.0,0.0,0.0,0.0619360987360846,0.0,0.0,0.0,0.0,0.0,0.0,0.0,0.0,0.0,0.0,0.0,0.0,0.0,0.0,0.0,0.0,0.0,0.0,0.0,0.0,0.0,0.0,0.0,0.0,0.0,0.0,0.0,0.3576661133240161,0.0,0.0,0.0,0.0,0.0,0.0,0.0,0.0,0.0,0.1414144836495078,0.0,0.0,0.0,0.2419132079580546,0.0,0.0,0.0,0.0,0.0,0.0,0.0,0.0,0.0,0.0655975895582938,0.0,0.0,0.0,0.0,0.0,0.0,0.0,0.0538193336855103,0.0,0.0,0.0,0.0,0.0,0.0,0.0,0.0,0.0,0.0,0.0,0.0,0.0,0.0,0.0,0.0,0.0,0.0,0.0,0.0,0.0,0.0,0.0,0.0,0.0,0.0,0.0,0.0,0.0,0.0,0.0,0.0,0.0,0.0,0.0,0.0,0.0,0.0511308024397995,0.0,0.0,0.0,0.0,0.0,0.0771808606766409,0.0,0.0,0.0,0.0,0.0,0.0,0.0,0.0,0.0,0.0,0.0,0.0,0.0,0.0,0.0,0.0,0.0761439339186533,0.0,0.0761439339186533,0.0,0.0,0.0,0.0,0.0,0.0,0.0,0.0,0.0,0.0,0.0,0.0,0.0,0.0,0.0,0.0283023475908589,0.0,0.0,0.0,0.0,0.0,0.0,0.0,0.0,0.0,0.0,0.0,0.0,0.0259931568958233,finance
Dokumen_46,0.0,0.0,0.0,0.0,0.0,0.0,0.0,0.0,0.0,0.0,0.0,0.0,0.0,0.0,0.5212275773863184,0.0,0.0,0.0,0.2907641929887304,0.0,0.0,0.0,0.0409951763373563,0.0,0.0,0.0,0.0,0.0310080979421362,0.128204259723017,0.0,0.0,0.0,0.0,0.0,0.0,0.0276957684807923,0.0,0.0,0.0,0.0,0.0,0.0,0.0,0.0,0.0,0.0,0.0,0.0,0.0,0.0,0.0,0.0,0.0,0.0,0.0,0.0354300932867104,0.0,0.0,0.0,0.0,0.0409951763373563,0.0,0.0,0.0438429084725686,0.0,0.0,0.0,0.0,0.0,0.0641021298615085,0.0,0.0,0.0390225246349801,0.0,0.0,0.0,0.0,0.0,0.0,0.0,0.0,0.0,0.0,0.0,0.0,0.0,0.0,0.0,0.0,0.034420163872969,0.0427517133712625,0.0,0.0,0.0,0.0404726343021712,0.0,0.0,0.0,0.0,0.0,0.0,0.0,0.0535054965637187,0.0,0.0497745146064379,0.0,0.0,0.0,0.0,0.0433125088673755,0.0,0.0,0.0,0.0,0.0,0.0,0.0,0.0,0.0,0.0,0.0605525958378233,0.0381361289409915,0.0,0.1563063384150454,0.0,0.0,0.0,0.0,0.0,0.0,0.0,0.0,0.0,0.0,0.0,0.0,0.0,0.0,0.0,0.0383709452444331,0.0,0.0,0.0,0.0453961980088922,0.0,0.1360839810657555,0.0,0.0,0.0,0.0,0.0,0.0,0.0385719387885982,0.0,0.0,0.0,0.0,0.0,0.0,0.0,0.0,0.0,0.0,0.0361487012398402,0.0,0.0,0.0,0.0,0.0,0.0,0.0,0.0,0.0542936072096962,0.0,0.0,0.1115707037085644,0.0,0.0535054965637187,0.0,0.0,0.0,0.061519321248295,0.0,0.0,0.0,0.0,0.0,0.0,0.1431381648512441,0.0,0.0,0.0,0.0,0.0,0.0,0.0,0.086625017734751,0.0381361289409915,0.0,0.0,0.0365231206340552,0.0,0.0,0.0,0.0,0.0,0.0,0.0,0.0,0.0,0.0,0.0,0.0,0.0,0.0,0.0,0.0,0.0,0.0487015494830682,0.0,0.0,0.0,0.0,0.0,0.0,0.0,0.0,0.0,0.0,0.0,0.0,0.0,0.0,0.0879219588085819,0.0,0.0289235031589132,0.0,0.0,0.0,0.0,0.0,0.0,0.0,0.0596197977058038,0.0,0.0,0.0,0.1433536937120296,0.0,0.0,0.0,0.0,0.1199168592186773,0.0,0.0,0.0,0.0,0.0892854381375773,0.0,0.031782550555278,0.0,0.0,0.0,0.0,0.0,0.0,0.0,0.0,0.0,0.0,0.0,0.0,0.0,0.0,0.1847545695770973,0.0,0.0,0.0,0.0,0.0,0.0,0.0,0.0,0.0,0.0,0.0255357278401344,0.0,0.0,0.0,0.0337871390199875,0.0,0.0,0.0,0.0,0.0,0.0,0.0,0.0,0.0,0.0,0.016076203140385,0.0,0.0,0.0,0.0,0.0,0.0,0.0,0.0,0.0,0.0,0.0,0.0,0.0,0.0,0.0,0.0,0.0,0.0,0.0,0.0,0.0,0.0,0.0,0.0,0.0,0.0,0.0,0.0,0.0,0.0,0.0,0.0,0.0,0.0,0.0,0.0,0.0766071835204032,0.0,0.0,0.0,0.0,0.0,0.0,0.0,0.0,0.0,0.067574278039975,0.0,0.0,0.0,0.0,0.0,0.0,0.0,0.0,0.0,0.0,0.0426942108962657,0.0,0.0,0.0,0.0,0.1107251827886119,0.0340998830852972,0.0,0.0,0.0,0.0,0.0,0.0,0.0,0.0,0.0677097743195992,0.0,0.0,0.0,0.0,0.0302762979189116,0.0,0.0361487012398402,0.0,0.0,0.0,0.0,0.0,0.0,0.0,0.0,0.0263935099395853,0.0,0.0,0.0,0.0,0.0,0.0,0.0,0.0,0.0,0.0,0.0,0.0,0.0,0.0,0.0,0.0,0.0,0.0293593130065199,0.0,0.0323251160734546,0.0,0.0,0.0,0.0,0.0,0.0,0.0,0.0,0.0,0.0,0.0,0.0,0.0,0.0,0.0,0.0,0.0350848528493946,0.0,0.0,0.0,0.0,0.0,0.0,0.0,0.0,0.0641021298615085,0.0,0.0,0.0,0.0,0.0287108424696045,0.0,0.0,0.0,0.0,0.0,0.0,0.0,0.0,0.0,0.0,0.0,0.0,0.037305170280573,0.0,0.0,0.0,0.0,0.0,0.0,0.0,0.0,0.0,0.031261267683009,0.0,0.0,0.0,0.0,0.0,0.5582540440137231,0.0,0.0,0.0,0.0,0.0,0.0,0.0,0.0,0.0,0.0,0.0,0.0,0.0,0.1157158163657948,0.1431381648512441,0.0,0.0617575450929869,0.0,0.0,0.074610340561146,0.0,0.0,0.0,0.0320510649307542,0.0,0.0,0.0,0.0,0.0,0.0141796855715722,sport
Dokumen_80,0.0,0.0316881382819151,0.2209641560410533,0.0,0.0,0.0,0.0,0.0,0.0,0.0,0.0,0.0,0.0,0.0,0.0,0.0,0.0,0.0,0.0,0.0,0.0,0.0,0.0,0.0,0.0,0.0,0.4231092857842156,0.0,0.0,0.0,0.0,0.0,0.0,0.0,0.0442439526876729,0.0705282491156422,0.0,0.0,0.0,0.0,0.0770996581447199,0.0528886607230269,0.0,0.0,0.0,0.0,0.0,0.0,0.0,0.0,0.0485574972242032,0.0465037060146165,0.0,0.0,0.0,0.0,0.0,0.0,0.0,0.0,0.0,0.0329422683657547,0.0,0.027911877340144,0.0,0.0,0.0,0.0,0.0,0.0,0.0,0.0,0.0,0.0,0.0,0.0,0.0,0.0,0.0,0.0,0.0,0.0633119875601833,0.0,0.1624908074603891,0.0,0.0,0.0,0.0601771008119244,0.0,0.0,0.0181447904388959,0.0515340970402272,0.0,0.0,0.0515324937888878,0.0404676917459018,0.0,0.0,0.0,0.050895417026165,0.0,0.0,0.0,0.0,0.0,0.0,0.0,0.0,0.0,0.0,0.0,0.0,0.0,0.0,0.0,0.0,0.0,0.0,0.0,0.0,0.0,0.0,0.0577571078166098,0.0,0.0,0.0,0.0,0.0,0.0,0.0,0.0368273593401755,0.0663212656749249,0.0770996581447199,0.0,0.0312899313976595,0.0362900757454164,0.0,0.0,0.0,0.1221412030360738,0.0,0.0,0.0442439526876729,0.1541373544383206,0.0,0.0,0.0,0.0,0.0,0.0633762765638303,0.0,0.0,0.0,0.0,0.0,0.0,0.0,0.0,0.0876521586291269,0.0646222289307944,0.0,0.0,0.0,0.0,0.0,0.0401325716514039,0.0347735681305888,0.0,0.0,0.0,0.0,0.034063407495979,0.0691302907396835,0.0,0.0,0.0,0.0,0.0,0.0,0.0,0.0,0.0,0.3442526902895571,0.0,0.0,0.0502799669563876,0.1490583484162502,0.0,0.0,0.0,0.2433701506611341,0.0,0.093007412029233,0.0,0.0,0.0,0.0,0.0,0.0,0.0,0.0,0.0,0.0,0.0,0.0,0.0,0.0,0.0274351412581096,0.0,0.0,0.0,0.0,0.0,0.0,0.0515340970402272,0.0,0.0,0.0,0.0,0.0,0.0,0.0,0.0,0.0,0.0,0.0,0.0,0.0,0.0,0.0,0.0,0.0446724062497824,0.0,0.0,0.0,0.0,0.0,0.0,0.0485574972242032,0.0434182761659428,0.0,0.0597503515134717,0.0,0.1138679347641671,0.0,0.0,0.0,0.0608425376652835,0.0,0.0,0.0,0.0,0.0,0.0,0.0,0.050895417026165,0.0,0.0,0.0,0.0,0.0,0.0,0.0,0.0,0.027911877340144,0.041878759694064,0.0,0.0,0.0,0.0,0.0,0.1119481811434013,0.0,0.0,0.0,0.0,0.0,0.0,0.0,0.0,0.0,0.0,0.0,0.0,0.0551484140499705,0.0,0.0,0.0,0.0,0.0,0.0,0.0,0.0,0.0,0.0,0.0,0.0,0.0,0.0,0.0,0.0204693085282157,0.0,0.0,0.1899978579525177,0.0,0.0,0.0,0.0,0.0,0.0,0.1732713234498295,0.0,0.0,0.0,0.0597503515134717,0.0,0.0,0.0,0.0,0.0,0.0,0.0,0.0,0.0,0.0,0.0,0.0,0.0,0.0,0.0,0.0,0.0632642349242549,0.0,0.0,0.0,0.0,0.0,0.0,0.0,0.0,0.0,0.1792510545404153,0.0,0.0,0.0,0.0,0.0,0.0,0.0,0.0,0.0,0.0,0.0543611552785742,0.0,0.0502799669563876,0.0469942624418487,0.0,0.0,0.0,0.0,0.0,0.0,0.0426310173945465,0.0,0.0,0.0,0.0,0.0,0.0,0.0,0.0,0.0,0.0,0.0287375538618741,0.0,0.0,0.0,0.0,0.0,0.0474994644881294,0.0,0.0,0.0,0.2101024134217156,0.0663212656749249,0.0,0.0,0.0,0.0,0.0,0.0,0.0,0.0,0.0,0.0,0.0,0.04968611613875,0.0,0.0411585228389992,0.0,0.0,0.0394816063288136,0.0,0.0,0.1057773214460539,0.1409827873255463,0.0,0.0373822618972281,0.0,0.0,0.050895417026165,0.0960404272588881,0.0,0.0401325716514039,0.0,0.1113076089780558,0.0,0.0,0.0,0.0,0.0,0.0,0.0,0.0,0.0,0.0,0.0,0.0,0.0,0.0685936640971089,0.0,0.0,0.0,0.0,0.0646071767033851,0.0408095823993035,0.0,0.0,0.0,0.0,0.036556585375498,0.0,0.0,0.0,0.0,0.1065445212861089,0.0,0.0,0.0,0.0,0.0,0.0,0.0,0.0474994644881294,0.0,0.0,0.0252342506400909,0.0,0.0,0.1057923736734633,0.0,0.0,0.0,0.0,0.0,0.0,0.0,0.0,0.0,0.0,0.0,0.0,0.0,0.0485574972242032,0.0,0.0,0.1072177951561835,0.0,0.0323035883516925,0.0,0.0,0.1119481811434013,0.0,0.0,0.0,0.0,0.098292351232947,0.0,0.0,0.0,0.0,0.0,0.0,0.0,0.0,0.0,0.0,0.0,0.0,0.234708944109451,sport
Dokumen_116,0.0,0.0,0.0,0.0,0.0,0.0,0.0,0.0,0.0,0.0,0.0,0.0,0.0,0.0,0.0,0.0,0.0,0.0,0.0,0.0,0.0,0.0,0.0,0.0,0.0,0.0,0.0,0.0,0.0,0.0964878405843644,0.0,0.0,0.0,0.0,0.0,0.0,0.0,0.0,0.0,0.0,0.0,0.0,0.0,0.0,0.0,0.0,0.0,0.3387608758983586,0.0,0.0,0.0,0.1763240163731719,0.0,0.0,0.0,0.0,0.0,0.0,0.0,0.0,0.0,0.0,0.0,0.0,0.50816036744126,0.0,0.0,0.0,0.0,0.0,0.0,0.0,0.0,0.0,0.0,0.0,0.0,0.0,0.0,0.0,0.0,0.1600363338450353,0.0,0.1369115818957182,0.0,0.0,0.0,0.0380280376848415,0.0,0.0,0.0687980077422231,0.0,0.0,0.0,0.1302608194384379,0.0,0.0,0.0,0.0,0.0,0.0,0.0,0.0,0.0,0.0,0.0,0.0,0.0,0.0,0.0,0.0,0.0,0.0,0.0,0.0,0.0,0.0,0.0,0.0,0.0,0.0,0.0,0.0,0.0,0.0,0.0,0.0,0.0,0.0719571740061093,0.0,0.0,0.0,0.0,0.0,0.2372785676196325,0.0,0.0,0.0,0.0,0.0,0.0,0.0,0.0,0.0365268165390376,0.0,0.0,0.0,0.0406280624372918,0.0,0.0,0.362575744560885,0.0,0.0,0.0,0.0,0.0,0.0,0.0,0.0,0.0,0.0,0.0,0.101632073488252,0.0,0.0,0.0,0.0,0.0,0.0,0.0,0.0,0.0,0.0,0.0,0.0,0.0,0.0,0.0,0.0,0.0,0.0,0.0,0.0,0.0,0.0,0.095321066605682,0.0,0.0,0.0,0.0,0.0,0.0,0.1763240163731719,0.0,0.0,0.0,0.0,0.0,0.0,0.0872582090279996,0.0,0.0,0.0,0.0,0.0,0.0,0.0,0.0,0.0,0.0,0.0,0.0,0.0,0.0,0.0,0.0,0.0,0.0,0.0,0.0,0.0,0.0,0.0,0.0,0.0,0.0,0.0,0.0,0.0,0.0,0.0,0.0,0.0,0.0,0.0,0.0698175314160641,0.0,0.0,0.0,0.0,0.0,0.2265501582874448,0.0,0.0,0.0,0.0,0.0787040287023818,0.0,0.0,0.0,0.0,0.0,0.0,0.0,0.0,0.0,0.0,0.0,0.0,0.0767188956913041,0.0,0.0,0.0,0.0,0.1058310130289969,0.0,0.0,0.0,0.0,0.0,0.0,0.0,0.0,0.0,0.0,0.0,0.0,0.0,0.0,0.0,0.0,0.0773670540676417,0.0,0.0,0.0,0.0,0.0,0.0,0.0,0.0,0.0,0.0,0.0,0.0,0.0,0.0,0.0708695190525388,0.0,0.0,0.0,0.0,0.0,0.0,0.090049773145923,0.0855235839700383,0.1841111960605805,0.0,0.0,0.0,0.0,0.0,0.0,0.1979139246110604,0.0,0.0,0.0,0.0,0.0,0.0,0.0,0.0,0.0,0.0,0.0,0.0,0.0,0.0,0.0,0.0,0.0,0.0,0.1199367206466771,0.0,0.0,0.0,0.0,0.0,0.0,0.0,0.0,0.0,0.0,0.0,0.0,0.0,0.0,0.0,0.0,0.0,0.0,0.0,0.0,0.0,0.1077616505842645,0.0,0.0,0.0,0.0,0.0,0.0,0.0,0.0,0.0,0.0,0.0,0.0,0.0,0.0,0.0,0.0,0.0,0.0,0.0,0.0,0.0,0.0,0.0,0.0,0.0730829999914559,0.0,0.0,0.0,0.0,0.0,0.0628661290515179,0.0,0.0,0.0,0.0,0.0,0.0,0.0,0.0,0.0823126315478206,0.0,0.0,0.0,0.0,0.0,0.0,0.0,0.0,0.0,0.0,0.0,0.0,0.0,0.0,0.0,0.0,0.0,0.0,0.0,0.0760835729816403,0.0,0.0,0.0,0.0,0.0,0.0,0.0,0.0,0.0,0.0,0.101632073488252,0.0,0.0,0.0,0.0,0.0,0.0,0.0,0.0,0.0,0.0,0.0773670540676417,0.0,0.0,0.0,0.0,0.0,0.0,0.0,0.0,0.0,0.0,0.0,0.0,0.0,0.0,0.0,0.0,0.0,0.0,0.0,0.0,0.0478392455606617,0.0,0.0,0.0,0.0,0.0,0.0,0.0,0.0,0.0,0.0,0.0,0.0,0.0,0.0,0.0,0.0,0.0,0.0,0.0,0.0,0.0,0.0,0.0,0.0,0.0,0.0,0.0,0.0,0.0,0.0,0.0,0.095321066605682,0.0,0.0,0.0,0.0,0.0,0.0,0.0,0.0,0.0,0.0,0.1026836864217886,finance
Dokumen_38,0.0,0.0,0.0,0.0,0.0,0.0,0.0,0.0364597718765355,0.0,0.0,0.0,0.0,0.6286736376655471,0.0,0.0,0.0,0.0,0.0,0.0,0.0,0.0,0.0,0.0,0.0,0.0,0.0,0.0,0.0,0.0564192213237053,0.0,0.0,0.0,0.0,0.0703628811847506,0.0,0.0,0.0,0.0,0.0,0.0,0.0,0.0,0.0,0.0,0.0,0.0,0.0,0.0,0.0,0.0,0.0,0.0642913435462146,0.0721634657687239,0.0,0.0,0.0,0.0,0.0,0.0,0.0,0.0721634657687239,0.1366279942524579,0.0,0.0,0.0,0.0,0.0,0.0,0.0,0.0564192213237053,0.0,0.0,0.0,0.0,0.0,0.0785842047081933,0.0,0.0,0.0,0.0,0.0,0.058352521288605,0.0,0.0,0.0,0.0,0.0,0.0277316010090221,0.0,0.0605895263618482,0.050170322137959,0.0,0.0,0.0,0.1424872787959406,0.0,0.0,0.0,0.0,0.0,0.0,0.0,0.0,0.0,0.0438088307194749,0.0,0.0,0.0,0.0,0.0762426468247744,0.0,0.0,0.0,0.0785842047081933,0.0,0.0,0.0712458558919121,0.0,0.0,0.0,0.0532951138079179,0.0671307085677085,0.0,0.1100578956785247,0.0,0.0,0.0,0.0,0.0524741154358755,0.0,0.0,0.0,0.0532951138079179,0.0,0.0,0.0501710062921306,0.0,0.0,0.0605895263618482,0.0,0.0,0.0,0.0,0.0266368491265621,0.0,0.1596983285463874,0.0,0.0,0.0,0.0,0.0,0.0,0.0,0.0,0.0,0.0,0.0,0.0785842047081933,0.0,0.0297800632606642,0.0,0.0,0.0,0.127264512441088,0.0,0.0,0.0,0.0509138005150587,0.0,0.0,0.0,0.0,0.0318575274409151,0.0,0.0,0.0490992439672028,0.0,0.0470926388746385,0.0,0.1223344720608545,0.0,0.1082919462642019,0.0,0.0,0.0,0.0,0.0,0.0,0.0,0.0,0.0,0.0,0.0,0.0,0.0,0.0,0.0,0.0,0.0,0.0,0.0,0.0,0.0,0.0,0.0,0.0,0.0,0.0,0.0857289299132174,0.0,0.0,0.0,0.0762426468247744,0.0,0.0712458558919121,0.0,0.0,0.0,0.0,0.063632256220544,0.0,0.0,0.0,0.0,0.0,0.0,0.0,0.0,0.0,0.0,0.0,0.0,0.0,0.0,0.0,0.0,0.0762426468247744,0.0,0.0,0.0,0.0,0.0,0.0,0.0,0.0,0.0,0.0,0.0,0.0,0.0605895263618482,0.0,0.0,0.0,0.0,0.0,0.0,0.0,0.0,0.0,0.0559465577160742,0.0,0.0,0.0,0.2137375676757362,0.0,0.0,0.0,0.0,0.0,0.0,0.0,0.0,0.1313359579861319,0.0712458558919121,0.0464602746276311,0.0,0.0,0.0,0.0,0.0,0.0,0.0,0.0,0.0,0.0,0.0899006559555551,0.0,0.0,0.0,0.0594752180116911,0.0,0.0,0.0623672966555436,0.0,0.0,0.0,0.0516809529419842,0.0,0.0,0.0,0.0565976116538904,0.0,0.0,0.0,0.0,0.0,0.0,0.0,0.0,0.0,0.0,0.0,0.0,0.0,0.0,0.0,0.0,0.0,0.0,0.0,0.0,0.0,0.0,0.0,0.0,0.0,0.0,0.0,0.0,0.0,0.0,0.0,0.0,0.0,0.0,0.0,0.0,0.0449503279777775,0.0,0.0,0.0,0.0,0.0,0.0,0.0,0.0,0.0,0.1784256540350733,0.0,0.0,0.0,0.0,0.0,0.0,0.0,0.0,0.0,0.0,0.0,0.0,0.0,0.0,0.0589373540288592,0.0,0.0,0.0,0.0,0.0,0.0,0.0,0.08260482239743,0.0,0.0,0.079459299326849,0.0762426468247744,0.0,0.0,0.0,0.0,0.0,0.0,0.0,0.0,0.0,0.0,0.0,0.0611672360304272,0.0,0.0,0.0,0.0,0.0,0.0,0.0,0.0,0.0,0.0,0.0,0.0,0.0,0.0,0.0545832952634859,0.0,0.0,0.0,0.0,0.0678978609946339,0.0,0.0,0.1138032625126746,0.0,0.0,0.0,0.0,0.0,0.0,0.0,0.0,0.0435319511231973,0.0,0.0,0.0,0.0,0.0,0.0,0.0,0.061759572803469,0.0,0.0,0.0,0.0,0.0,0.0,0.0,0.0,0.0564192213237053,0.0,0.0,0.0,0.0,0.0,0.0,0.0,0.0,0.0,0.0,0.0,0.0,0.0,0.0,0.0,0.0,0.0,0.0,0.0,0.0,0.0348863352207555,0.0,0.0,0.0,0.0,0.0,0.0,0.0550289478392623,0.0,0.0,0.0,0.0,0.0,0.0,0.0,0.0,0.0,0.0,0.0,0.0,0.0,0.0,0.0,0.0,0.0,0.0,0.0,0.2715914439785359,0.0629912283730576,0.0,0.0271778224260078,0.0,0.0,0.2626719159722638,0.0,0.0,0.0,0.0564192213237053,0.1189504360233822,0.0,0.0,0.0,0.0,0.0499207636496,sport
Dokumen_128,0.0,0.0448350487155966,0.0,0.0,0.0347441812002749,0.0,0.0,0.0746276776347433,0.0,0.0,0.0,0.0,0.0,0.0,0.0,0.0,0.0,0.0817196239044296,0.0,0.0,0.0,0.0,0.0,0.0,0.0,0.0457058393444116,0.0,0.0,0.0,0.0,0.0,0.0,0.0,0.0,0.0,0.0,0.0,0.134412491219495,0.0,0.0,0.0272717735743975,0.0,0.0,0.0,0.0,0.0,0.0657973625989586,0.0,0.0379251932240354,0.0,0.0,0.0,0.0,0.0301589781746626,0.0,0.0,0.0,0.0,0.0567829447430737,0.0,0.0,0.0,0.2880445018849243,0.1382222676524872,0.0,0.0,0.0,0.0,0.0,0.0,0.0,0.0,0.0,0.0,0.0,0.0,0.0,0.0,0.0,0.0,0.0,0.0597194239537067,0.0457140611688141,0.0638626914195014,0.0,0.0,0.0488609365398137,0.0,0.0,0.0,0.0513455575095415,0.0364573918915192,0.4923136431216269,0.1268097496158089,0.1215208589465361,0.0572571008966702,0.0390143120514191,0.0,0.0,0.0,0.0,0.0845398330772059,0.0,0.0748313346440073,0.0,0.0,0.1800278136780776,0.0,0.0,0.0,0.0,0.0360055627356155,0.0,0.0,0.0,0.0,0.0,0.0638282450795545,0.0,0.0,0.0,0.0,0.0,0.0,0.0402125163865877,0.0,0.2237789286916486,0.0517233379760189,0.0,0.0,0.0,0.0234592290572676,0.0,0.0,0.0,0.0,0.0,0.0,0.0,0.0864078340542537,0.0,0.0,0.0,0.054521629936519,0.0,0.0,0.0,0.0758041760522862,0.0,0.1345051461467898,0.0541197466463559,0.0,0.0,0.0,0.0,0.0,0.0,0.0,0.0,0.0457164879243814,0.0,0.0,0.0,0.0,0.0301589781746626,0.0,0.0,0.0,0.0687032394956786,0.0,0.0718050069733592,0.0240978898935986,0.0163018936058584,0.1206375491597631,0.0360055627356155,0.0,0.0,0.0,0.0,0.0,0.0,0.0,0.0270598733231779,0.0379251932240354,0.0748313346440073,0.035570167421208,0.0,0.0,0.0,0.0,0.0,0.0313000365700638,0.0,0.2999895093183735,0.0572571008966702,0.0,0.0,0.0,0.0293693259775211,0.0651228362108087,0.0328986812994793,0.0,0.0347441812002749,0.0264457873534645,0.0,0.0,0.0,0.0,0.0,0.038457372021473,0.0,0.0,0.0,0.0,0.0,0.0,0.0,0.0,0.0,0.0,0.0,0.0,0.0,0.0233047488281095,0.1634392478088593,0.0,0.0,0.0,0.0,0.0,0.0,0.0,0.0,0.0,0.0,0.0260532259010288,0.0,0.0,0.0,0.0,0.0,0.0,0.0,0.0,0.0,0.0,0.0293693259775211,0.0,0.0,0.0,0.0313000365700638,0.0,0.0,0.0379251932240354,0.0,0.0,0.0286285504483351,0.0,0.0,0.0286285504483351,0.0,0.0,0.0,0.0,0.0394920764721392,0.0592535987544499,0.1093721756745578,0.0,0.0,0.0,0.0,0.0,0.0,0.0,0.0,0.0,0.0286285504483351,0.0,0.0,0.0,0.0,0.0,0.0664914431762723,0.0,0.0,0.0230016427232533,0.067943045383585,0.038457372021473,0.0,0.0,0.0,0.0,0.0,0.0,0.0,0.0402125163865877,0.0,0.0,0.0,0.0,0.0289617028577818,0.0,0.0,0.0,0.0,0.0343516197478393,0.0,0.0,0.0,0.0,0.0,0.0,0.0,0.0,0.0,0.0,0.0,0.0,0.0,0.0,0.0430425750470854,0.0,0.0,0.0,0.0336031228048737,0.0,0.0,0.0,0.0,0.0,0.038457372021473,0.0,0.0,0.0,0.0,0.0,0.0,0.0230016427232533,0.0,0.0,0.0408598119522148,0.0,0.0,0.0,0.0,0.0,0.0,0.0,0.0,0.0364573918915192,0.0,0.0390143120514191,0.038457372021473,0.0,0.0,0.0,0.0,0.0,0.038457372021473,0.0,0.070300104655912,0.0,0.0,0.0,0.0307159182046087,0.0,0.0,0.0830882308698931,0.0,0.0379251932240354,0.0,0.0,0.0,0.0,0.0,0.0,0.0597798639673513,0.0,0.0272717735743975,0.0,0.0325614181054043,0.0,0.0,0.0495451003212513,0.0234592290572676,0.0,0.0,0.0281589980447088,0.0,0.0237743012317358,0.0,0.0,0.0,0.0,0.0,0.0,0.070300104655912,0.0,0.0,0.0,0.0,0.0279309520706778,0.0,0.0336031228048737,0.0,0.0332457215881361,0.0,0.0,0.0,0.0,0.0360055627356155,0.0339715226917925,0.0,0.0283914723715368,0.0,0.0262478976967639,0.0307159182046087,0.0,0.0,0.0,0.0,0.0,0.1187952912506228,0.0,0.0,0.0438685612680184,0.0,0.0,0.1371421835064423,0.0,0.0,0.0,0.1011366207708268,0.0,0.0228529196722058,0.0,0.0,0.0,0.0,0.0,0.0,0.0,0.0,0.0,0.0,0.0,0.0,0.0,0.0374156673220036,0.0,0.0,0.0,0.0,0.0,0.0347441812002749,0.0307159182046087,0.0178517722733453,0.0,0.0,0.0,0.0291172734751932,0.0,0.0416377592567656,0.0,0.0,0.0,0.0,0.0,0.0,0.0,0.0,0.2457910289951262,0.0,0.0,0.0,0.0,0.0,0.0,0.0228529196722058,0.0,0.0505683103854134,0.0,0.0,0.0,0.0,0.0,0.0417216907793047,0.0390143120514191,0.0,0.0672062456097475,0.0322333961712635,0.0,0.0,0.0,0.0,0.0,0.0,0.0,0.0997371647644084,0.1532704594068034,finance
Dokumen_191,0.0,0.0,0.0320936249722128,0.0,0.0,0.0,0.0,0.0229824965596877,0.0,0.0,0.0,0.0,0.0,0.0,0.0,0.0,0.0,0.0,0.0,0.0438170542777196,0.0,0.0,0.0,0.0,0.0,0.0,0.0,0.0,0.0,0.0,0.0601892671201974,0.0,0.0,0.0,0.0,0.0,0.0,0.0,0.0,0.0,0.0,0.0,0.039706657909892,0.0,0.0,0.0,0.0,0.038930281140815,0.0,0.0,0.0,0.0,0.0,0.0,0.0,0.0,0.0,0.0,0.0349739901754378,0.0467180890748286,0.0,0.0287079178525615,0.2217669765233743,0.0,0.0,0.0,0.0,0.0,0.0,0.0,0.0,0.0,0.0,0.0,0.0,0.0,0.0,0.0,0.0,0.0,0.0,0.0551739582040921,0.0,0.1258706480906193,0.0,0.0,0.0,0.0174806750558595,0.0,0.0,0.0316249717589739,0.0449099803331919,0.0,0.0,0.1496952772047046,0.0,0.0,0.0,0.0368198652701643,0.0,0.0,0.0,0.0,0.0,0.0,0.0,0.0887067906093497,0.0,0.0,0.0,0.1653970308643363,0.0,0.0,0.0,0.0,0.0,0.0,0.0,0.0,0.0,0.0,0.0,0.0,0.0,0.0,0.0,0.0,0.0,0.0,0.0,0.0,0.0,0.0,0.0,0.0272679698375019,0.0,0.0,0.0,0.0,0.1277296238707503,0.0,0.0,0.0,0.0335811916478894,0.0,0.0,0.0,0.0,0.0,0.0,0.0,0.0,0.0,0.0,0.0,0.0,0.0,0.0,0.0,0.0563157830844223,0.0,0.0,0.0,0.0,0.0,0.0,0.0606076501016643,0.0320936249722128,0.0,0.0,0.0,0.0,0.0,0.0,0.0,0.0928494459082774,0.0,0.0,0.0,0.0,0.0,0.0,0.0,0.0,0.0,0.394353488499477,0.0,0.0,0.0,0.0,0.0,0.0,0.0,0.1679734549473308,0.0,0.0,0.0,0.0,0.0,0.0,0.0,0.0358680671129216,0.0,0.0325772011742877,0.0,0.0,0.0,0.0,0.0,0.0,0.0,0.0,0.0,0.0,0.0,0.0,0.0,0.0,0.0,0.0,0.0,0.0,0.0,0.0,0.0,0.0,0.0,0.0,0.0,0.0,0.0,0.0,0.0,0.0,0.0,0.0,0.0,0.0,0.0,0.0378373550853427,0.0,0.0,0.0,0.0,0.0,0.0,0.0361785575878344,0.0,0.0,0.0,0.0385569003666646,0.0,0.0,0.0,0.0,0.0,0.1057981032840919,0.0,0.0,0.0,0.0,0.0,0.0,0.0,0.0243241258584552,0.0,0.0,0.0,0.0,0.0,0.0,0.0,0.0,0.0,0.0,0.0335946909894661,0.0,0.0,0.0,0.0,0.0,0.0355639789618872,0.0,0.0876341085554393,0.0,0.0,0.0,0.0,0.253895929562798,0.0,0.0,0.0,0.0,0.0,0.0,0.0,0.0325772011742877,0.0,0.0,0.0,0.0356764276947987,0.0,0.0,0.0,0.0,0.0,0.0,0.0,0.0,0.0,0.0,0.0,0.0,0.0,0.1562103887806562,0.0,0.0,0.0,0.0,0.0,0.0,0.0503330944970517,0.0,0.0,0.0413939534893543,0.0,0.2729303862977049,0.0,0.0,0.0,0.0,0.0,0.0423159882604663,0.0,0.0,0.0,0.0,0.0,0.0,0.1060438555015894,0.0,0.0,0.0,0.0,0.0,0.0,0.0,0.0,0.0,0.0,0.0,0.192238873494385,0.1421209580451939,0.0,0.0,0.0,0.0,0.0,0.0,0.0,0.0,0.38557068512536,0.0,0.0,0.0,0.0,0.0,0.0,0.0,0.0,0.0,0.0,0.2815639684471434,0.0,0.0,0.0,0.0,0.0,0.3023522189051954,0.0,0.0802214624175965,0.0,0.0,0.0,0.0577964281552907,0.0,0.0,0.0,0.0,0.0,0.0,0.0,0.0,0.0,0.0,0.0,0.0,0.0,0.0717361342258433,0.0,0.0,0.0344066989738029,0.0,0.0,0.0,0.0,0.0,0.0,0.0,0.0,0.0,0.0,0.0,0.0,0.0,0.0,0.0,0.0,0.0,0.0,0.0,0.0,0.0,0.0,0.0,0.0,0.0,0.0,0.0,0.0298883679205447,0.0,0.0,0.0,0.0,0.0563026656480888,0.0,0.0,0.0,0.0,0.0,0.0,0.0,0.0,0.0,0.052070129593552,0.0309498153027591,0.0,0.0,0.0,0.0,0.0,0.0,0.0,0.0,0.0427995644625412,0.0,0.0,0.0,0.0,0.0921939782386837,0.0,0.0,0.0,0.0,0.0,0.0,0.0,0.0,0.0,0.0,0.0,0.0,0.0,0.0,0.0,0.0,0.0,0.0,0.0563026656480888,0.0,0.0,0.0,0.0,0.0,0.0,0.0947473053634626,0.0171315995207175,0.0,0.0,0.0,0.0,0.0355639789618872,0.0,0.0,0.0,0.0,0.0,0.0,0.0,0.0314676620226548,finance
Dokumen_55,0.0,0.0408771693011292,0.0475066786590309,0.0,0.0,0.0,0.0,0.0340199051926569,0.0,0.0,0.0,0.0,0.0,0.0,0.0,0.0,0.0,0.0,0.0,0.0,0.5240239456856867,0.0,0.0,0.0,0.1026928854455167,0.0,0.0,0.0,0.0526436799159251,0.0,0.0,0.0,0.0745057047390682,0.0,0.0,0.0,0.0745057047390682,0.0,0.0,0.0,0.0,0.0,0.0,0.0,0.0,0.0,0.0599890043074671,0.0576266581872167,0.0,0.0,0.0,0.0,0.0673343286990091,0.0,0.0,0.0,0.0,0.0,0.0,0.0,0.0,0.0,0.0,0.0,0.0,0.0,0.0,0.0,0.0,0.0,0.0,0.0,0.0,0.0,0.0,0.0,0.0,0.0,0.0,0.0,0.0,0.0544476045739722,0.0,0.1164502381045755,0.0,0.0,0.0,0.0776274552974933,0.0,0.0,0.1170323835540003,0.0,0.0,0.0,0.1994281697186327,0.2088105867257235,0.0,0.0,0.0,0.0656542381859482,0.0,0.0,0.1318236807854213,0.0,0.0,0.0,0.0,0.0,0.0,0.0,0.0,0.0,0.0,0.0,0.0,0.0,0.0,0.0581937135133143,0.0,0.0,0.0,0.0,0.0,0.0513464427227583,0.0,0.380494727627936,0.0,0.1414721542967627,0.0,0.0,0.0950133573180618,0.128329988076625,0.0497286358542491,0.0,0.0,0.0,0.0,0.0,0.0,0.0945360675480005,0.0,0.0,0.0,0.0497086534159005,0.0,0.0,0.0,0.05528996134926,0.0,0.0,0.0,0.0,0.0,0.0,0.0,0.0,0.0,0.0,0.056534910571523,0.0,0.0,0.0,0.0,0.0,0.0,0.0,0.0,0.0,0.0,0.0,0.0,0.0,0.0,0.0,0.0,0.1374406535333013,0.0,0.0,0.0,0.1712218807373736,0.0,0.0,0.0493422469601944,0.0,0.0,0.0648603178718274,0.0,0.0,0.0,0.0,0.0,0.0,0.0,0.0,0.0,0.0,0.0,0.0626383606766092,0.0,0.0,0.0599890043074671,0.0,0.0,0.0,0.0570739602457912,0.0,0.0,0.0707817483015834,0.0,0.0,0.0,0.0,0.0,0.0,0.0,0.0,0.0,0.0,0.0,0.0,0.0,0.0,0.0,0.0424949761696384,0.0,0.0,0.0,0.0,0.0,0.0,0.0587758920839427,0.0,0.0,0.0,0.0501219870837503,0.0,0.0,0.0,0.0,0.0,0.0,0.0,0.0,0.0,0.0,0.0,0.0,0.0,0.0,0.113069821143046,0.0,0.0,0.0,0.0,0.0,0.0,0.0,0.0,0.0,0.1044052933628617,0.0,0.0,0.0,0.0,0.0,0.0,0.0,0.0,0.0,0.0,0.0,0.0,0.0,0.0,0.0,0.0,0.0,0.0,0.0,0.0,0.0,0.0,0.0,0.0,0.0,0.0,0.0,0.0,0.0,0.0,0.0,0.0,0.0,0.0,0.0,0.0,0.0,0.0,0.0,0.0,0.0528101324691866,0.0,0.0,0.0,0.0,0.0,0.0,0.0,0.0,0.0,0.0,0.0,0.0,0.0,0.0,0.0,0.0,0.0,0.0,0.0,0.0,0.0,0.0,0.0,0.0,0.0,0.0,0.0,0.0,0.0,0.0,0.0,0.0626383606766092,0.0581937135133143,0.0,0.0,0.0722056422633695,0.0419422782282129,0.10104511233674,0.0,0.0,0.0,0.0,0.0,0.0799919998894057,0.0,0.0,0.0,0.0,0.0,0.0,0.0,0.0,0.0,0.0,0.0,0.0,0.0,0.0,0.0,0.0,0.0,0.0,0.0,0.0,0.0,0.0,0.0,0.0,0.0,0.0,0.0,0.0,0.0,0.0,0.0,0.0,0.0,0.0,0.0,0.0,0.0,0.0388912187570172,0.0451714342214756,0.0,0.0,0.0570739602457912,0.0,0.0,0.0,0.0,0.0,0.1212436278159949,0.0,0.0,0.0,0.0,0.0,0.0,0.0,0.0,0.0,0.0,0.061273516112569,0.0,0.0,0.0,0.1446674810780138,0.0,0.0,0.0,0.0,0.0,0.0,0.0,0.0,0.0,0.1632196135158298,0.0,0.0,0.0,0.0722056422633695,0.0,0.0,0.0,0.0,0.1728799745616502,0.0,0.0,0.0,0.0,0.0,0.0,0.0,0.0,0.0,0.0,0.164979901944332,0.0,0.0,0.0,0.0,0.0,0.0,0.0,0.0,0.0,0.0,0.0,0.0,0.0,0.0,0.0,0.0,0.0,0.0,0.0,0.0,0.0,0.0,0.0,0.0,0.0379621252394533,0.0,0.0,0.0,0.0,0.0,0.0,0.0,0.0,0.0,0.0,0.0,0.0,0.0,0.0,0.0,0.04167108961525,0.0,0.0,0.0,0.0,0.0,0.0,0.0,0.0507181967789924,0.0,0.0,0.0,0.0,0.0,0.0,0.1052873598318502,0.0,0.0,0.0648603178718274,0.0,0.0,0.1863203809673208,sport
Dokumen_93,0.0,0.0591659965103649,0.0,0.0,0.0916994254513147,0.0368587223631146,0.051484736089638,0.0738610926217956,0.0,0.0,0.0,0.0,0.0,0.0,0.0,0.0,0.0,0.0,0.0,0.0,0.0,0.0,0.0,0.1181227962797551,0.0,0.0301575620928683,0.0493751050935417,0.0,0.0,0.0,0.0644787076990981,0.0,0.0,0.0475142786769872,0.0,0.065842841632633,0.0,0.0,0.0,0.0,0.0,0.0,0.0,0.0,0.0,0.0374664420666531,0.0,0.0,0.0500474944096051,0.0,0.0906633480881676,0.0,0.0,0.0,0.0,0.0,0.0487301680246641,0.0,0.0,0.0,0.0487301680246641,0.0615076252770617,0.0,0.0781728176618943,0.0,0.0,0.0,0.0,0.0,0.0380984769181699,0.0,0.0493751050935417,0.0,0.0,0.0834093631115173,0.0,0.0,0.0,0.1216016015172307,0.0,0.0,0.0,0.0,0.0842755809553591,0.0,0.0,0.032239353849549,0.0187264505988885,0.0,0.0,0.0169393764669619,0.0962210584452995,0.0,0.0,0.2084724740808865,0.0,0.0,0.0,0.0,0.0475142786769872,0.0,0.0,0.0318004710644116,0.0987502101870834,0.2070809877862773,0.0,0.0,0.0,0.0,0.0,0.0,0.0,0.0,0.0,0.0,0.0,0.0,0.1684602485700406,0.0,0.1181227962797551,0.0,0.0,0.0,0.0,0.0,0.0,0.0,0.0,0.0354344464320904,0.0,0.0,0.0619153409798935,0.0359888459220736,0.0,0.0,0.0677584298519546,0.0,0.0,0.0409145787095404,0.1140269890315461,0.0,0.0,0.0413046914753207,0.017987192269077,0.0578905837565291,0.0,0.0,0.080027206290876,0.0,0.0887489947655474,0.035709214475619,0.0,0.0,0.0,0.0493751050935417,0.0,0.0,0.0,0.0,0.1005486274126712,0.0,0.0,0.0,0.0,0.0,0.0,0.0,0.0,0.0,0.0,0.0631710371494049,0.0636009421288233,0.0430251692739229,0.0,0.0,0.0,0.0,0.2226032974508816,0.0359888459220736,0.0,0.0,0.0,0.0,0.0,0.0,0.0,0.0,0.0,0.0,0.0500474944096051,0.0,0.0,0.043414322471417,0.0,0.113337897322309,0.0481105292226497,0.0,0.0,0.0,0.0,0.0,0.0768484723526279,0.0,0.0,0.0,0.0,0.043414322471417,0.1280627042126583,0.0,0.0,0.0,0.0425363874919302,0.0,0.0,0.0,0.0,0.0,0.0,0.0,0.0429692574266505,0.0,0.0,0.0,0.0307538126385308,0.0,0.1061318621194758,0.0,0.0,0.1234012924910676,0.0,0.0425363874919302,0.0417046815557586,0.102969472179276,0.0,0.0,0.0,0.0,0.0,0.0,0.0405338671724102,0.0,0.0,0.1000949888192103,0.0354344464320904,0.0413046914753207,0.0,0.0,0.0,0.0,0.0,0.0413046914753207,0.0,0.0,0.0,0.051484736089638,0.0,0.0,0.0,0.0,0.0,0.0,0.0500474944096051,0.0,0.0,0.026057605887298,0.0781932509847547,0.0,0.0,0.0,0.0487301680246641,0.0,0.0,0.0,0.0,0.0,0.0,0.0377792991074363,0.0,0.0,0.0,0.0,0.0,0.0877445794670886,0.0,0.102969472179276,0.0303538225580929,0.0,0.0,0.0,0.0,0.0,0.0,0.1684602485700406,0.0,0.0,0.0,0.0,0.0,0.0,0.0,0.0764378788160728,0.0,0.0,0.0443439296614149,0.0,0.0,0.0,0.1330317889842447,0.0,0.0,0.0,0.0469397148393014,0.0487301680246641,0.0,0.0,0.0,0.0,0.0,0.0,0.0,0.0,0.0,0.0,0.0,0.0443439296614149,0.0,0.0,0.0,0.0,0.0,0.0,0.0,0.0,0.0421150621425101,0.0,0.0,0.0,0.0,0.0731268195195188,0.0,0.0,0.0,0.0,0.0,0.0,0.0,0.0,0.0401621143904281,0.0,0.0,0.0481105292226497,0.0,0.0,0.0,0.0,0.0,0.0,0.0,0.0,0.0,0.0,0.0,0.0,0.3948506076018988,0.0,0.0,0.0,0.0,0.0,0.0,0.0,0.0,0.0,0.0536568603804171,0.0,0.0,0.0788877301175324,0.0,0.0359888459220736,0.0,0.0429692574266505,0.0,0.0,0.2615262226038898,0.0,0.0,0.0,0.0,0.0,0.0,0.0,0.0,0.0,0.0,0.0,0.0,0.0,0.0,0.0,0.0,0.0493751050935417,0.0,0.0,0.0,0.0,0.0,0.0,0.0,0.0,0.0,0.0,0.044830083843205,0.0,0.0374664420666531,0.0877445794670886,0.0,0.0,0.0,0.0293960284484321,0.0850727749838605,0.0,0.0,0.0,0.0,0.0,0.0,0.0,0.0,0.0,0.0,0.0530659310597379,0.0,0.0,0.0,0.0603151241857366,0.0,0.0,0.159195633644313,0.0,0.0,0.0,0.0469397148393014,0.0,0.0548231586507721,0.0,0.0331554808644285,0.0,0.0,0.0493751050935417,0.0,0.0,0.0,0.0,0.0,0.0,0.0,0.0235578621254215,0.0,0.0,0.0,0.0,0.0,0.0274733672590861,0.074319320610844,0.1078402526877567,0.0493751050935417,0.0,0.0,0.0,0.0,0.0,0.0,0.0,0.0,0.2409726863425689,0.0,0.0,0.0,0.0,0.0500474944096051,0.0,0.0,0.0,0.0,0.0,0.0,0.0550574936745002,0.0,0.0,0.0,0.0425363874919302,0.0,0.0,0.0,0.0401621143904281,0.0,0.0469397148393014,0.0,0.0877445794670886,0.101130697146431,sport
Dokumen_29,0.0,0.0325726776746331,0.0,0.0,0.0,0.0,0.0,0.027108516203723,0.0,0.0,0.0,0.0,0.0,0.5510533076347294,0.0,0.0,0.0,0.0,0.0,0.0,0.0,0.0,0.0,0.0,0.0,0.0,0.0,0.0405836917771579,0.0,0.0,0.0354974865063192,0.0,0.0,0.0,0.0,0.0,0.0,0.0,0.0,0.0,0.0,0.0,0.0,0.0,0.0,0.165011312311945,0.0478018056224682,0.0,0.0,0.0,0.0,0.0478018056224682,0.0536548744115223,0.0,0.0,0.0463712410953751,0.0,0.0,0.0412528280779862,0.0551053307634729,0.0,0.0,0.0,0.0860730197343226,0.0,0.0,0.0,0.0,0.0,0.0,0.0,0.0543649892918249,0.0,0.0,0.0459193871466685,0.0,0.0,0.0,0.0,0.0,0.0,0.1084654529817751,0.0,0.0371170130981631,0.0,0.0,0.0,0.0206189593795037,0.0,0.0,0.0186512822300206,0.0,0.0,0.0,0.0529709664550867,0.0,0.0,0.0,0.0,0.0,0.0,0.0,0.0700284998124636,0.0,0.1302907106985326,0.0,0.0,0.0,0.0,0.0566878211378574,0.0,0.0,0.0,0.0,0.0,0.0,0.0,0.0,0.0,0.0,0.0,0.0,0.0,0.1636601709112199,0.0,0.0,0.0,0.0,0.0,0.0,0.0,0.0340862752898918,0.0792518099747634,0.0,0.0321633552848706,0.0,0.0,0.0,0.0,0.0251101279721221,0.0,0.0,0.0454789737764357,0.059414973188155,0.0,0.0,0.0,0.0440574071165593,0.0,0.0,0.0,0.0,0.0504833181952993,0.0,0.0,0.0,0.0,0.0,0.0,0.0442840580672511,0.0,0.0551053307634729,0.0,0.0,0.0438210151754715,0.0,0.1072327016725682,0.0,0.0,0.0,0.0695551483217012,0.0,0.0236866621592439,0.0,0.0,0.0,0.0,0.1050427497186954,0.0,0.0,0.0,0.0,0.0786360275652531,0.0,0.0,0.0,0.0,0.0,0.0468351458924627,0.0551053307634729,0.0,0.0,0.0,0.0,0.0,0.0,0.0,0.0,0.0426736500123058,0.0,0.0,0.0,0.0,0.0384257464636872,0.0,0.0,0.0,0.0846028888041471,0.0,0.0,0.0,0.0,0.0,0.0,0.0,0.0,0.0,0.0,0.0637410484506059,0.0,0.0,0.0,0.0551053307634729,0.0677236308301128,0.0,0.0584288128269872,0.0,0.0,0.0,0.0543649892918249,0.0,0.0,0.2267512845514297,0.0575365455080479,0.0,0.0,0.0,0.0,0.0,0.0,0.1326627810494484,0.0,0.0,0.0390154774798507,0.0454789737764357,0.0,0.0,0.0,0.0,0.0450494359294971,0.0,0.0,0.0,0.0551053307634729,0.0,0.10463221279588,0.0,0.0,0.0,0.0415973026799101,0.0,0.0,0.0,0.1059452289188342,0.0,0.0,0.0,0.0,0.0,0.0,0.0,0.0,0.0,0.0529726144594171,0.172720376835808,0.0,0.0415973026799101,0.0,0.0,0.0,0.0,0.0,0.0,0.0,0.0,0.0334214020448236,0.0,0.0,0.0,0.0,0.0,0.3306319845808376,0.0,0.0,0.0,0.0,0.0,0.0,0.0,0.0,0.0,0.0,0.0,0.0,0.1391137232861254,0.0,0.0,0.048825359594335,0.0,0.0,0.0,0.0,0.0,0.0,0.0,0.0,0.0,0.0,0.0,0.0,0.0,0.0,0.0,0.0,0.0,0.0,0.0,0.0,0.0,0.1168576256539745,0.0,0.0,0.0,0.0,0.1117571738141673,0.0,0.0,0.0668428040896472,0.0402585346663278,0.0625408899269115,0.0,0.0,0.0,0.0,0.0,0.0,0.0,0.0,0.0,0.0,0.0,0.0,0.0,0.0,0.0,0.0,0.0,0.0,0.0,0.0,0.0,0.0,0.0,0.0,0.0,0.0,0.0,0.0,0.0,0.0551053307634729,0.0,0.0,0.0,0.059079461896596,0.0,0.0,0.0,0.0,0.0,0.0,0.0,0.0,0.0309901873002486,0.0,0.0,0.0,0.0,0.0409150427278049,0.0,0.0,0.0,0.0,0.0,0.0,0.0,0.048825359594335,0.0,0.0,0.0,0.0,0.0,0.0405836917771579,0.0,0.0,0.0,0.0,0.0,0.0,0.2267512845514297,0.0,0.0,0.0,0.0,0.0,0.0,0.0,0.0,0.0,0.0647336251251941,0.0,0.0,0.0,0.0,0.0,0.0,0.0637410484506059,0.0,0.0,0.0,0.1057625707423928,0.0,0.0551053307634729,0.0,0.0,0.0,0.0838974736668283,0.0,0.0,0.0,0.0551053307634729,0.0375770220934967,0.1550504301569815,0.0,0.0,0.0,0.0,0.0,0.0,0.0,0.0,0.0575365455080479,0.0,0.0,0.0,0.0,0.0,0.0518772737702728,0.0,0.0,0.0362484836591226,0.0,0.0,0.0,0.0,0.0,0.0,0.0473117619790764,0.0,0.0,0.0,0.0,0.0,0.0,0.0,0.0,0.0,0.0,0.0,0.0,0.0,0.0,0.0,0.0,0.0,0.0468351458924627,0.0,0.0,0.0,0.0,0.048825359594335,0.0,0.0419487368334141,0.0551053307634729,0.0,0.0442209270164828,0.0,0.0,0.0438210151754715,0.0,0.1484680523926527,sport
Dokumen_17,0.0,0.0,0.0,0.0,0.0,0.0,0.0,0.0534875462585146,0.0,0.0462049824789623,0.0,0.0,0.0,0.0,0.0,0.0,0.0,0.0,0.0,0.0,0.6179196019955931,0.0,0.0,0.0,0.0,0.0,0.0,0.0,0.0,0.0,0.0,0.0,0.0585705237299473,0.0,0.0,0.0,0.175711571189842,0.0,0.0,0.0,0.0,0.0,0.0,0.0,0.0,0.0406977743365533,0.0,0.0,0.0543638926260598,0.0,0.0,0.0471586358740126,0.0,0.0,0.0,0.0,0.1058659041134441,0.0,0.0,0.0,0.0,0.0,0.0,0.0,0.0,0.0,0.0,0.0,0.0,0.0,0.0,0.0,0.0,0.0,0.0,0.0,0.0,0.0,0.0440297527113958,0.0,0.0,0.0428024233433821,0.0,0.0732352128809336,0.0,0.0,0.0,0.1017076640533884,0.0,0.0,0.0552009918338041,0.0,0.0,0.0,0.1567747380933132,0.0820752281165266,0.0,0.0,0.0,0.0,0.0686577335550659,0.0,0.1036294073138658,0.0,0.0,0.0,0.0,0.0,0.0,0.0,0.0,0.0,0.0,0.0,0.0,0.0,0.209039487446635,0.0,0.0,0.0,0.0,0.0,0.0,0.0,0.0,0.0,0.0,0.0,0.0,0.0,0.0373460134290993,0.0,0.0,0.0,0.0,0.0,0.0,0.0,0.0,0.0247722730630613,0.0,0.0,0.0,0.1172310982632605,0.0,0.0,0.0,0.0217323089861105,0.0,0.0,0.0,0.0,0.0,0.0,0.0,0.0,0.0,0.0,0.0444432991110749,0.0436882193511855,0.0,0.0,0.0,0.0466751857314885,0.0,0.0,0.0,0.0,0.0,0.0,0.0343096444805036,0.0,0.0467359197541903,0.0,0.0,0.07203001960207,0.0,0.0,0.0,0.0897341151162968,0.0,0.0,0.0775779856480056,0.0,0.0,0.0,0.0,0.0476561009990551,0.0924099649579247,0.0,0.0,0.0,0.0,0.0,0.0410376140582633,0.0,0.0,0.0492413514275581,0.0,0.0,0.0,0.0417381743955316,0.0,0.0379087308956466,0.0897341151162968,0.0,0.0,0.0834645632115841,0.0,0.0,0.0,0.0,0.0559250907098546,0.0,0.0,0.0,0.0,0.0,0.0,0.0,0.0,0.0,0.0,0.0,0.0,0.0,0.0,0.0,0.0,0.0,0.0,0.0,0.0,0.0,0.0,0.0,0.0,0.0,0.0492413514275581,0.0,0.0,0.0,0.0,0.0,0.0,0.0,0.0,0.0,0.0,0.0,0.0,0.0,0.0,0.0,0.0,0.0,0.0,0.0,0.0,0.0410376140582633,0.0,0.0,0.0,0.1045197437233175,0.028304971213052,0.0,0.0,0.0,0.0,0.0,0.0,0.0,0.0,0.0522598718616587,0.0,0.0781854827508779,0.0,0.0,0.0,0.0,0.0,0.0,0.0,0.0,0.0,0.098915158679069,0.0,0.0551267446656225,0.0,0.0,0.0,0.0,0.0,0.0,0.0,0.0,0.0,0.0,0.0,0.0,0.062272757390876,0.0,0.0,0.0,0.0,0.0,0.0,0.0,0.0,0.0,0.0,0.0,0.0,0.0,0.0,0.0,0.0,0.0,0.0,0.0,0.0,0.0,0.0,0.0,0.0,0.0,0.0,0.0,0.0,0.0,0.0,0.0,0.0,0.1372419584595138,0.0,0.0,0.0,0.0329717195596896,0.0397168590689867,0.0,0.0,0.0,0.0,0.0,0.1886502521170693,0.0,0.0,0.0872518754480438,0.0,0.0,0.0,0.0,0.0,0.0,0.0,0.0,0.0,0.0,0.0,0.0,0.0,0.0,0.0,0.0,0.0,0.0,0.0,0.0,0.0,0.0,0.0,0.0,0.0,0.0,0.0559250907098546,0.0,0.0428457422316035,0.0,0.0,0.0,0.0,0.0,0.0,0.0710204559301986,0.0,0.0,0.0,0.0,0.0,0.0,0.0,0.0,0.0,0.0,0.0,0.0481684180031207,0.0,0.0,0.0,0.0,0.0,0.0400376412150125,0.0522598718616587,0.0,0.0,0.0,0.0,0.0,0.1118501814197092,0.0,0.0,0.0,0.0,0.0,0.0,0.0752501316798747,0.0,0.4490864690208225,0.0638626390014227,0.0,0.0,0.0,0.0,0.0,0.0,0.0,0.0,0.0,0.0,0.0,0.0,0.0,0.0,0.0,0.0327585324064849,0.0,0.0,0.0,0.0,0.0,0.0,0.0,0.0,0.0,0.0,0.0,0.0,0.0,0.0,0.0,0.0,0.0,0.0,0.0,0.0,0.0,0.0,0.0,0.0,0.0,0.0,0.0,0.0,0.0,0.0,0.0,0.0,0.0536335123939904,0.0,0.0,0.0,0.0,0.0,0.0,0.0436259377240219,0.0,0.0,0.0,0.0327585324064849,0.0,0.0,0.0,0.0,0.0,0.0,0.0,0.0199353281630422,0.0,0.0,0.0,0.0,0.0,0.0,0.0413843196913032,0.0,0.0,0.0509880793738977,0.0,0.0,0.091544016101167,sport
Dokumen_141,0.0,0.0,0.0,0.0,0.0,0.0,0.0,0.0523064670141585,0.0,0.0,0.0,0.0,0.0,0.0,0.0,0.0,0.0,0.0,0.0,0.066482922435713,0.0,0.0,0.0,0.0,0.0263154859619465,0.0640703571059509,0.0,0.0,0.0,0.0,0.0228310554153866,0.0332414612178565,0.0,0.0,0.0292508871111164,0.0,0.0,0.0,0.0,0.0,0.0509726925308193,0.0,0.0,0.0,0.0,0.0265327406694628,0.0307448718355828,0.02953414947843,0.0,0.0,0.0,0.0,0.0345094126812895,0.0,0.0,0.0298247701267608,0.0,0.0,0.0,0.0,0.0,0.0217790345259831,0.0,0.0,0.0354423082918869,0.0,0.0,0.0287050097818931,0.0,0.0,0.0,0.0,0.0,0.0,0.0,0.0,0.0,0.0,0.0,0.0,0.0,0.0139524288134659,0.0,0.1909815406782539,0.1503195403168307,0.0,0.0913242216615467,0.1591389083113546,0.0,0.0,0.0959681374816919,0.0,0.0,0.0,0.0908521092295652,0.0,0.03646012473434,0.1527392141054287,0.0,0.0,0.0,0.0,0.0,0.0,0.0,0.0,0.0,0.0402246655800468,0.1417731191948516,0.0,0.0836514317336804,0.0,0.0,0.0,0.0,0.0,0.0,0.0,0.0,0.0,0.0,0.0,0.0,0.0,0.0,0.0,0.0,0.0,0.0,0.0317474764933901,0.0243475744191392,0.0,0.0254863462654096,0.0,0.0620598881041559,0.0,0.1673028634673609,0.0836514317336804,0.0,0.0161501779320886,0.0,0.0,0.0,0.0509522101936615,0.0,0.0,0.0,0.0566731451905673,0.0447611170160101,0.0,0.0,0.0,0.0,0.0,0.0,0.038824307057873,0.0,0.0,0.0,0.0284823485621052,0.1063269248756608,0.0354423082918869,0.0,0.0,0.0,0.0,0.0,0.0,0.0,0.0,0.0,0.0,0.0609385677227563,0.0,0.0,0.0,0.0402246655800468,0.0,0.0,0.0,0.0,0.0,0.0252883186907974,0.0,0.0,0.0332414612178565,0.0,0.0,0.0301231415657607,0.0,0.0,0.0,0.0,0.0,0.0267542977288427,0.0,0.0,0.0,0.0,0.1217187542956413,0.0,0.0,0.0,0.0,0.0,0.0,0.0,0.0,0.0,0.0,0.0,0.0301231415657607,0.0,0.0,0.0,0.0,0.0,0.0,0.0,0.0,0.0,0.0,0.0,0.0435580690519663,0.1527392141054287,0.0,0.0,0.0,0.0,0.0,0.0,0.0,0.0,0.0,0.0256879420957954,0.0486951488382785,0.0,0.0836514317336804,0.0,0.0,0.0,0.0,0.0,0.025093735249161,0.0,0.0,0.0823397285918537,0.0,0.0,0.0,0.0877526613333493,0.03646012473434,0.0336483520903938,0.0,0.07292024946868,0.0,0.0,0.0,0.0,0.0,0.155297228231492,0.0,0.03646012473434,0.0,0.092266527235863,0.0,0.0,0.0,0.0,0.0,0.0,0.0,0.0,0.0,0.0,0.0254863462654096,0.0267542977288427,0.2044236054863602,0.1605134468579307,0.0,0.0,0.026980330989876,0.0,0.1329658448714261,0.0,0.0,0.0,0.0,0.0,0.0,0.0997243836535695,0.0,0.0,0.0,0.0,0.0,0.0,0.0,0.0,0.0,0.1082625573222386,0.0,0.0,0.0,0.0,0.1284107574863445,0.0,0.0,0.0,0.0,0.0,0.0,0.0,0.0,0.039502591445837,0.0,0.0418257158668402,0.0,0.0,0.0,0.0,0.0,0.039502591445837,0.0,0.0,0.0751597701584153,0.1035282380438687,0.0,0.0,0.0,0.035939646430516,0.0,0.0,0.0,0.0,0.1342833510480305,0.0,0.0,0.0,0.0,0.0381848035263571,0.0,0.0,0.0,0.0,0.0,0.0,0.0,0.0,0.0,0.0340706009143933,0.0,0.0,0.1503195403168307,0.0,0.0,0.0,0.0,0.0,0.0,0.0,0.0,0.0,0.0,0.0,0.0,0.0,0.0,0.0,0.0,0.0,0.0,0.0,0.0379983655527917,0.0,0.4927327530241193,0.0,0.0,0.0254863462654096,0.0,0.0,0.0,0.0,0.0,0.0219234012500887,0.0,0.0,0.0263154859619465,0.0634949529867803,0.0,0.0,0.079005182891674,0.0,0.0,0.0608593771478206,0.0314031949945527,0.0,0.0642053787431722,0.0816330751722804,0.0301231415657607,0.0,0.0,0.0,0.0628063899891054,0.0,0.0310691921054261,0.0,0.0247144356751531,0.0,0.0,0.0,0.0,0.0381848035263571,0.0,0.0,0.0245295014500556,0.0,0.0,0.0416349755414112,0.0,0.0,0.0,0.0,0.0,0.0708846165837739,0.0,0.0,0.0,0.0,0.0,0.0,0.0,0.0,0.0,0.0213567857019836,0.0,0.0,0.0,0.0,0.0,0.0,0.0,0.1254771476005206,0.0,0.0,0.0234798322718291,0.0,0.0,0.0,0.0,0.0,0.0,0.0,0.0628063899891054,0.0324695506275999,0.0,0.1501474788692002,0.0,0.0,0.0,0.0,0.0,0.0194559101049799,0.0263154859619465,0.0,0.0,0.0,0.0349661400098736,0.0,0.0,0.2447629800691157,0.0,0.0409965761703033,0.0,0.0,0.1503195403168307,0.0,0.0,0.0,0.0,0.0,0.0370060020635633,0.0,0.0,0.0,0.0,0.0909772661167111,0.0,0.0,0.0,0.0602462831315215,0.0,0.0,0.0,0.0,0.0,0.0,0.0,0.0,0.0954907703391269,finance
Dokumen_67,0.0,0.0203428957636694,0.023642131501804,0.0,0.0,0.0506921672067852,0.0,0.0169303157986778,0.0,0.0,0.0,0.0348983365821719,0.0,0.0,0.0,0.0,0.0,0.0,0.0,0.0,0.0,0.0,0.0,0.0,0.0,0.0,0.0,0.0,0.0,0.0,0.0,0.0,0.0,0.0,0.0,0.0226385786282126,0.0,0.0,0.0,0.0,0.0,0.0339530363884662,0.0,0.0,0.0,0.0,0.029854074596095,0.0,0.1032462247293413,0.0,0.0,0.0,0.0335095422080207,0.0,0.0,0.0,0.0,0.0,0.0,0.0,0.0670190844160414,0.021148012092772,0.0,0.053755926547089,0.0,0.0,0.0,0.0278733151952342,0.0,0.0261986069841694,0.0,0.0339530363884662,0.0,0.0,0.0860352945730104,0.0,0.0,0.0,0.0278733151952342,0.0,0.0,0.0406445197906307,0.0,0.057952522053684,0.0,0.0,0.0221695518889651,0.0128773368159178,0.0,0.0844053401270935,0.0349453392245588,0.0,0.0,0.0,0.1323296610564942,0.0,0.0354037346267989,0.0,0.0,0.0326734298556963,0.0,0.0,0.0874710078429029,0.0,0.2034289576366944,0.0,0.0,0.0390592022387245,0.0,0.0354037346267989,0.0,0.0653468597113927,0.3140850292395479,0.0,0.0,0.4885767121504079,0.0330834445065041,0.0289606317742136,0.0,0.0,0.0742437262375102,0.0311725509333688,0.1853922141893184,0.0255530250749393,0.0,0.0,0.0,0.0,0.0487333463628937,0.0,0.0472842630036081,0.0212881959573752,0.0247479087458367,0.0,0.0,0.0,0.0,0.0,0.0562702267513956,0.1411402062018317,0.0,0.0,0.0852101290732871,0.0,0.0,0.0,0.0,0.1238199887322939,0.0,0.1017144788183472,0.0245556187920463,0.0,0.0,0.0,0.0,0.0,0.0,0.0,0.0844053401270935,0.0691427633193899,0.0,0.0,0.0,0.0,0.0547358343012144,0.02576398507761,0.0,0.0,0.0,0.0,0.0868797552518605,0.0218677519607257,0.0739661786648279,0.0,0.0,0.0,0.0,0.1093387598036287,0.0247479087458367,0.0284033763577623,0.0,0.0251430104241316,0.0,0.0,0.0,0.0,0.0318970926130116,0.0,0.0,0.0688308164862275,0.0,0.0,0.0597081491921901,0.098991634983347,0.0,0.0,0.0,0.0,0.0533026865477326,0.0,0.0,0.0,0.0,0.0,0.0,0.0,0.029854074596095,0.0528377729777005,0.0,0.0,0.0,0.0,0.0,0.0,0.0,0.0,0.0,0.0,0.0,0.0,0.0,0.0,0.0,0.0,0.0741568856757273,0.0,0.0,0.0,0.0,0.0339530363884662,0.0,0.0,0.0,0.0,0.0,0.023642131501804,0.0,0.0,0.0311725509333688,0.0,0.0,0.0,0.0344154082431137,0.0243666731814468,0.0568067527155247,0.0,0.0266513432738663,0.0,0.0,0.0,0.0,0.0,0.0,0.0,0.0,0.0326734298556963,0.0,0.0364910512057784,0.0,0.0,0.0,0.0,0.0,0.0,0.0716745687294521,0.0,0.0,0.0,0.0364910512057784,0.0,0.0,0.0,0.091479970800014,0.0330834445065041,0.1078705489714432,0.0,0.0,0.0,0.0623451018667376,0.0,0.0326734298556963,0.0,0.0603379961195547,0.0,0.0354037346267989,0.0208729569261976,0.0,0.0,0.0,0.0828530326418067,0.0,0.0,0.0,0.0,0.0,0.0,0.0,0.1936699690644091,0.0,0.0,0.0394221654209515,0.0,0.0,0.0,0.1158425270968547,0.0,0.1985006670390247,0.0304933236000046,0.0,0.0,0.0,0.0322783281774015,0.0670190844160414,0.1524666180000234,0.0,0.0,0.0,0.0,0.0,0.0,0.0,0.0,0.0,0.0,0.0,0.0,0.0,0.0,0.0,0.0364910512057784,0.0,0.0406138639380688,0.0,0.0,0.0,0.0,0.0,0.0,0.0502860208482632,0.0,0.0,0.0,0.0,0.0,0.0,0.0,0.0,0.0,0.0,0.0,0.0,0.0,0.0,0.0,0.0,0.0,0.0,0.091479970800014,0.0348983365821719,0.0,0.0,0.0,0.0821037514518217,0.0,0.0,0.0,0.0,0.0,0.0,0.0344154082431137,0.0,0.0,0.0,0.0184487033448911,0.0,0.0,0.0813713094749775,0.0498873271386016,0.0,0.0,0.0590960468125978,0.0,0.0387091387599684,0.0,0.0425763919147504,0.0,0.0,0.0,0.0,0.0431482195885772,0.0,0.0,0.0,0.0278733151952342,0.0,0.0304933236000046,0.0,0.0311725509333688,0.0,0.0,0.0,0.0,0.0,0.0,0.0339530363884662,0.0,0.0,0.0,0.0,0.0,0.0,0.0,0.0,0.0,0.0,0.0,0.0,0.0,0.0202143250469061,0.0292503582445299,0.0348983365821719,0.0,0.0718675915786542,0.0767160987412671,0.0,0.0,0.0,0.0,0.0,0.0,0.0,0.0,0.0,0.0,0.0207379974419643,0.0,0.0383580493706335,0.0,0.0,0.0,0.0,0.0322783281774015,0.0,0.0376994174913421,0.0,0.0,0.0,0.0,0.0,0.0616552598781375,0.0718675915786542,0.0,0.0,0.0,0.0,0.0,0.0809984048098288,0.0,0.0,0.0,0.0,0.0,0.0377843950506734,0.0,0.0,0.0339530363884662,0.0295480234062989,0.0,0.0,0.0,0.0,0.0,0.0,0.0,0.0552353550945378,0.0,0.0,0.0,0.0207379974419643,0.0,0.0,0.0,0.0,0.0,0.0292503582445299,0.0,0.0378605591349429,0.0,0.0,0.0,0.0,0.0,0.0,0.0,0.0,0.0,0.0968349845322045,0.2736791715060723,0.0301689980597773,0.0695430264644208,sport
Dokumen_174,0.0,0.0,0.0,0.0,0.0,0.0,0.0,0.1451835500033714,0.0472837401746212,0.0,0.0,0.0,0.0,0.0,0.0,0.0,0.2425612332949811,0.0,0.0,0.0,0.0,0.0,0.0,0.0,0.0,0.0296392983685547,0.0,0.1086758935858172,0.0,0.0,0.0,0.0,0.0,0.0,0.0,0.0,0.0,0.0871637407573933,0.0,0.0,0.0,0.0,0.0,0.0,0.0,0.1472902951242618,0.0,0.0,0.0,0.0422308221606849,0.0,0.0,0.0,0.0,0.0,0.0,0.0,0.0,0.0,0.0,0.0,0.0,0.0,0.0256098007287691,0.0,0.0,0.0,0.0,0.0,0.0,0.0,0.0,0.0,0.0,0.0,0.0,0.0,0.0,0.0398372845740917,0.0,0.0,0.0193634101282351,0.0,0.0496963729646412,0.2607699122099591,0.0,0.0,0.0920231640368098,0.0,0.0,0.0499448097033304,0.0,0.0,0.0548223459528151,0.0157607563846645,0.0,0.0,0.0529934982096684,0.0,0.0,0.0,0.0,0.0,0.04852658405675,0.0,0.0,0.0,0.0,0.0,0.0,0.0,0.0466977363136033,0.0,0.0,0.0,0.0,0.0,0.0,0.0,0.0,0.0,0.0,0.0,0.0,0.0,0.0,0.0,0.0,0.0,0.0,0.0,0.0,0.0,0.0,0.0,0.0,0.0,0.0,0.0,0.0224134824928249,0.0,0.0478927303601369,0.0,0.0176780787795115,0.0,0.0,0.0,0.0786519227765456,0.0,0.0581492170502164,0.0350955444969432,0.0,0.0,0.0,0.0,0.0,0.0,0.0,0.0,0.0,0.0,0.0,0.0,0.0,0.0,0.0,0.0,0.0337899641280023,0.0891052803539717,0.0,0.0,0.0312539736214812,0.0422857731517013,0.0,0.0,0.0,0.0,0.0,0.0,0.0,0.0,0.0,0.0,0.0,0.0,0.0,0.0,0.0,0.0,0.0,0.0558244523093944,0.0405948621074925,0.0,0.1768518521058665,0.0371300543111534,0.0,0.0,0.0,0.0,0.0,0.0,0.0,0.0,0.0,0.0,0.0,0.0,0.0251723842156363,0.0,0.0498776322747617,0.0,0.0,0.0,0.0409879782785561,0.0,0.0,0.0,0.0,0.0,0.0,0.0521539824419918,0.0,0.0,0.0302253022295726,0.1059869964193369,0.0,0.0,0.0,0.0,0.0,0.0,0.0,0.0,0.0,0.0356501484294391,0.0,0.0,0.0,0.0,0.0,0.0394719204378735,0.0,0.0,0.0,0.0405948621074925,0.0,0.0,0.0,0.0,0.0,0.0405948621074925,0.0,0.0,0.0,0.0,0.0,0.0371300543111534,0.0,0.0,0.0,0.0,0.0,0.0,0.0,0.0,0.0,0.0,0.0548223459528151,0.0,0.0957854607202738,0.04852658405675,0.0,0.0,0.0,0.0,0.0,0.0371300543111534,0.0472837401746212,0.0,0.0,0.0,0.0,0.0,0.0,0.0,0.0,0.1321790097114949,0.0,0.0445526401769858,0.0,0.0,0.0,0.0,0.0,0.0,0.0,0.0,0.0,0.0,0.0,0.0187810696527155,0.0,0.0,0.0,0.0,0.0,0.0472837401746212,0.0,0.0,0.0,0.0,0.0,0.0,0.0,0.0,0.1778677803172006,0.0,0.2567876907823802,0.0,0.0,0.0,0.0,0.0,0.0568957225191403,0.0,0.0,0.0,0.0,0.0,0.0,0.0,0.0,0.0,0.0,0.0,0.0,0.0,0.029832186058509,0.0,0.0,0.0,0.0,0.0,0.0,0.0,0.0,0.0,0.0,0.0,0.0,0.0,0.0,0.0,0.0,0.0,0.1293550070313916,0.0,0.0,0.0,0.5928926010573357,0.0455881744460725,0.0,0.0,0.0,0.0,0.0,0.0,0.0,0.0,0.0,0.0,0.0,0.0,0.0,0.0,0.0,0.0,0.0,0.0,0.0435818703786966,0.0,0.0,0.0,0.0321289802831527,0.0304256567431199,0.0,0.0,0.0,0.0,0.0,0.0,0.0,0.0862366713542611,0.0398372845740917,0.0,0.0,0.0,0.0,0.0,0.0,0.0,0.0,0.0,0.0,0.0,0.0862366713542611,0.0,0.0342991002114274,0.0,0.0,0.0,0.0,0.0,0.0,0.0862366713542611,0.0,0.0,0.0,0.0,0.0,0.0,0.102715076312952,0.0,0.0,0.0,0.0568957225191403,0.0,0.0,0.0,0.2202770227819101,0.0,0.0,0.0,0.0,0.0592785967371095,0.0,0.0,0.0,0.0,0.0,0.0,0.0,0.0,0.0,0.0,0.0325856973076115,0.0,0.0,0.0,0.0,0.0,0.0,0.0871637407573933,0.0,0.0,0.0,0.0463060311248278,0.0,0.0,0.0,0.0,0.0,0.081003695876349,0.0,0.0,0.0,0.0,0.04852658405675,0.0,0.0,0.1455797521702501,0.0,0.0,0.0,0.0,0.0,0.0,0.0529934982096684,0.0,0.0,0.0,0.0,0.0,0.0,0.0,0.0,0.144296852415157,0.0,0.0,0.0,0.0,0.0,0.0,0.0,0.0,0.0,0.0,0.0,0.0,0.1325236612390433,finance
Dokumen_189,0.0,0.0613382586621404,0.0,0.0,0.0,0.0,0.0,0.0,0.0665025241948307,0.0,0.0,0.0,0.0,0.0,0.0,0.0,0.0426439782109957,0.0,0.0,0.0,0.0,0.0,0.0,0.0,0.0513652883986486,0.0208431920739909,0.0,0.0,0.0,0.0,0.022282008159619,0.0,0.0,0.0328391676247522,0.0570949080914359,0.0682602421883536,0.0,0.0,0.0,0.0,0.0248734438733837,0.0,0.0293987322946661,0.0,0.0,0.0,0.0,0.0,0.0,0.0,0.0,0.0,0.0,0.0,0.0,0.0,0.0,0.0,0.0,0.0,0.0,0.0637658596399621,0.0,0.0360190709597013,0.0,0.0,0.0,0.0280147041188045,0.0,0.0,0.0,0.0,0.0,0.0,0.0,0.0,0.0,0.0,0.0560294082376091,0.0800213593391317,0.036116071943809,0.0,0.0,0.081545085170567,0.0,0.0,0.022282008159619,0.0,0.0,0.0,0.0351226013787789,0.0,0.0,0.0,0.0665004552682925,0.0,0.0355833220168956,0.0,0.0,0.0,0.0,0.0,0.0,0.0,0.0,0.0,0.0,0.0,0.0,0.0,0.0,0.1641958381237611,0.0,0.0,0.0,0.0,0.0,0.0,0.0,0.0,0.0,0.0,0.0,0.0,0.0,0.0,0.0,0.0707620393984029,0.0244902744706363,0.0,0.0,0.0,0.0,0.0,0.020189151836726,0.0234153868884897,0.0,0.0,0.0,0.0,0.0,0.0,0.0,0.0372951734807009,0.0,0.0,0.0,0.0691378180176274,0.0,0.0204460862207134,0.0,0.0,0.0316887142911388,0.0,0.0,0.0,0.0,0.0,0.0,0.0833921925446643,0.0,0.0,0.0,0.0,0.0275067424148136,0.0,0.0,0.0,0.093992026234756,0.1542104907386876,0.0436602287931501,0.0,0.0594731009377193,0.0,0.0,0.0,0.0,0.0,0.0,0.0,0.0,0.0,0.0,0.0,0.0,0.0,0.0,0.0,0.0,0.0,0.0,0.0285474540457179,0.0600110220612239,0.1243672193669187,0.0261109033048551,0.0,0.0,0.0,0.0,0.0,0.0,0.0531132942678211,0.0316887142911388,0.0,0.0,0.0,0.0,0.01770193182857,0.0,0.0350753603129047,0.0,0.0,0.0,0.0576478088894902,0.0332512620974153,0.0,0.1136719495769,0.0,0.0,0.0,0.0366761540689935,0.0,0.0,0.0425105730933081,0.0,0.0,0.0648841235429496,0.0300055110306119,0.0,0.0,0.0,0.0,0.0,0.0,0.0752105750218524,0.0475241150269885,0.0,0.0,0.0,0.0280147041188045,0.0,0.0,0.0,0.0,0.0285474540457179,0.0,0.0,0.0,0.0,0.0,0.0,0.0,0.0,0.0345899822932992,0.0,0.0,0.0,0.0,0.0,0.0,0.0,0.0,0.0,0.0,0.0,0.0,0.0,0.0385526226846719,0.0,0.0,0.0341252650320016,0.0,0.0,0.0,0.0216835456521848,0.0,0.0,0.0,0.0,0.0,0.0,0.0,0.0606440639217512,0.0,0.0,0.0,0.0309840047865808,0.0,0.0,0.0,0.0,0.0,0.0,0.0,0.0,0.0,0.0,0.0,0.2134999321013737,0.0,0.0132073788407171,0.7175463083598767,0.0350753603129047,0.0,0.0,0.0,0.0,0.0,0.0,0.0,0.0,0.0,0.0,0.0,0.0,0.0,0.0,0.0,0.0,0.0,0.0,0.0,0.0,0.0,0.0,0.0,0.0,0.0,0.0,0.0366761540689935,0.0350753603129047,0.0,0.0,0.0,0.0,0.0,0.0,0.0,0.0,0.0,0.0,0.0,0.0,0.0,0.0,0.0,0.0,0.0,0.0,0.0,0.0,0.0,0.0,0.0,0.0,0.0,0.0,0.0,0.0,0.2084694146504635,0.0641177847374547,0.0,0.0,0.0,0.0,0.0,0.0,0.0,0.0,0.0,0.0,0.0,0.0,0.0,0.0,0.0,0.0817840699154056,0.0,0.0497468877467674,0.0612960053204689,0.0,0.0,0.0,0.2937220876529929,0.0,0.0,0.0,0.0513652883986486,0.0,0.0867341826087395,0.0,0.0,0.0,0.0,0.0,0.0,0.0320588923687273,0.0,0.0,0.0293987322946661,0.0,0.0,0.0,0.0,0.0,0.0,0.0,0.0241200963930477,0.0,0.0,0.0656783352495044,0.0,0.0,0.0258946743082053,0.0,0.0718188285452422,0.0280147041188045,0.0,0.0,0.0,0.0,0.0,0.036116071943809,0.0,0.0,0.0,0.0,0.0,0.0,0.066387868443721,0.0,0.0,0.0,0.0,0.1042159603699545,0.0,0.0,0.0,0.0,0.0345899822932992,0.0,0.0,0.0,0.0,0.0,0.0229151830587207,0.0,0.0,0.0,0.0309840047865808,0.0,0.0,0.0306480026602344,0.0306480026602344,0.0,0.0,0.0,0.0,0.0,0.0455068281255691,0.0,0.0,0.0,0.0,0.0,0.0,0.0,0.0,0.0,0.0,0.0,0.0,0.0400106796695658,0.0,0.0,0.0,0.0,0.0,0.0208431920739909,0.0345899822932992,0.0,0.0,0.0,0.0,0.0,0.0,0.0761052178048257,0.0,0.0,0.0,0.0,0.0263315008582777,0.0,0.0,0.0,0.0,0.0,0.0275067424148136,0.0,0.1397915745781149,finance
Dokumen_140,0.0,0.0,0.0,0.0,0.0,0.0,0.0,0.0,0.0,0.0,0.0,0.0,0.0,0.0,0.0,0.0,0.0,0.0,0.0,0.0,0.0,0.0567753681166498,0.0,0.0,0.0,0.0364767168949594,0.0,0.0,0.0,0.0,0.0,0.0,0.0,0.0,0.0,0.0,0.0,0.0,0.0,0.0,0.0,0.0,0.0,0.0530652009342153,0.0,0.0,0.0,0.0,0.0,0.0519729490570864,0.0,0.0,0.0,0.0,0.0,0.0,0.0,0.0,0.0,0.0,0.0,0.0,0.0,0.0,0.0,0.0,0.0,0.0,0.0,0.0,0.0,0.0,0.0,0.0,0.0,0.0,0.0,0.0,0.0,0.0,0.0,0.0,0.0,0.0203869032795183,0.0,0.0,0.0,0.0226503533289461,0.0663106928614952,0.0,0.0204888192838581,0.0,0.0,0.0,0.0581897022201878,0.0,0.0,0.0,0.0,0.0,0.0,0.0,0.0,0.0,0.0,0.0,0.0,0.0,0.0,0.0,0.0,0.0,0.0,0.0,0.0,0.0,0.0,0.0,0.0,0.0,0.0,0.0,0.0,0.0,0.0,0.0,0.0,0.0,0.0,0.0542236892919336,0.041584889765664,0.0,0.0,0.0,0.0353321109973632,0.0,0.7143700451430938,0.1428740090286187,0.0,0.0,0.0,0.0,0.0,0.0435123845961996,0.0,0.0,0.0,0.0241989864662926,0.0,0.0,0.0,0.0,0.0,0.0,0.0,0.0,0.0,0.0,0.0,0.0486469536896167,0.0605343455568295,0.0,0.0,0.0,0.0,0.0453170848531518,0.0,0.0,0.0,0.0,0.0,0.0,0.0260202882800949,0.0,0.0,0.0,0.0,0.0,0.0,0.0,0.0,0.0,0.0,0.0,0.0,0.0,0.0,0.0,0.0,0.0,0.0,0.0,0.0,0.0,0.0,0.0,0.0,0.0,0.0,0.0,0.0,0.0,0.0,0.0,0.0,0.0,0.0,0.0,0.0,0.0,0.0,0.1543481292850614,0.0,0.0,0.0,0.0,0.0,0.0,0.0,0.0,0.0,0.0,0.0,0.0,0.0,0.0,0.0,0.0,0.0,0.0,0.0,0.0,0.0,0.0,0.0,0.0,0.0,0.1428740090286187,0.0,0.0,0.0,0.0,0.0,0.0,0.0,0.0,0.0,0.0,0.0,0.0,0.0499595933099385,0.0,0.0,0.0,0.0,0.0,0.0,0.0,0.0,0.0,0.3978641571689711,0.0,0.0,0.0,0.0,0.0,0.0,0.0,0.0,0.0,0.0,0.0,0.0,0.0,0.0,0.0,0.0,0.0581915125870295,0.0,0.0,0.0,0.0,0.0,0.1703261043499496,0.0,0.0367141013826586,0.0,0.0,0.0,0.0,0.0567753681166498,0.0,0.0,0.0,0.0,0.0,0.0,0.0,0.0,0.0,0.0924545179427637,0.0,0.0,0.0,0.0,0.0,0.0,0.0,0.0,0.0,0.0,0.0,0.0,0.0,0.0,0.0,0.0,0.0,0.0,0.0,0.0,0.0,0.0,0.0,0.0,0.0,0.1178819785104464,0.0,0.0,0.0,0.0,0.0,0.0,0.0,0.0,0.0,0.0,0.0,0.0,0.0,0.0,0.0,0.0,0.0,0.0,0.0,0.0,0.048577602924643,0.0,0.0,0.0,0.0622727439628662,0.0,0.0,0.0,0.0,0.0,0.0,0.0,0.0,0.0,0.0,0.0,0.0,0.0490272520355863,0.0,0.0,0.0,0.0,0.0,0.0,0.0,0.0,0.0,0.0,0.2805240043724586,0.0,0.0,0.0,0.0,0.0,0.0,0.0,0.0,0.0,0.1109139383123097,0.0,0.0,0.0,0.1897369062343991,0.0,0.0,0.0,0.0,0.0,0.0,0.0,0.0,0.0,0.0514493764283538,0.0,0.0,0.0,0.0,0.0,0.0,0.0,0.0,0.0,0.0,0.0,0.0,0.0,0.0,0.0,0.0,0.0,0.0,0.0,0.0,0.0,0.0,0.0,0.0,0.0,0.0,0.0,0.0,0.0,0.0,0.0,0.0,0.0,0.0,0.0,0.0,0.0,0.0,0.0,0.0,0.0,0.0,0.0,0.0,0.0,0.0,0.0,0.0,0.0,0.0,0.0,0.0605343455568295,0.0,0.0,0.0,0.0,0.0,0.0,0.0,0.0,0.0,0.0,0.0,0.0449460206597496,0.0,0.0,0.0,0.0,0.1194421302763,0.0,0.05972106513815,0.0,0.0,0.0,0.0,0.0641852593413459,0.0,0.0,0.0,0.0,0.0,0.0,0.0,0.0,0.0,0.0,0.0,0.0,0.0,0.0,0.0,0.0460815550140861,0.0,0.0,0.0,0.0,0.0,0.0,0.0,0.0203869032795183,finance
Dokumen_173,0.0,0.0,0.0284634473657047,0.0,0.0,0.0,0.0,0.0,0.0,0.0,0.0,0.0,0.0,0.0,0.0,0.0,0.4086496730625732,0.0,0.0,0.0,0.0,0.0,0.0,0.0,0.030764027524319,0.0998683047870583,0.0,0.0,0.0,0.0,0.0,0.0,0.0,0.0,0.0683912960983048,0.0272552409739082,0.0,0.0,0.0,0.0,0.0,0.0,0.0,0.0,0.0,0.0,0.0359421857057572,0.0,0.0,0.0,0.0,0.0,0.0,0.0,0.0,0.0,0.0,0.0,0.0,0.0,0.0,0.0254607047188605,0.0,0.0,0.0,0.0,0.0,0.0,0.0,0.0,0.0,0.0,0.0,0.0,0.0,0.0,0.0,0.0,0.0,0.0,0.0,0.032622076952655,0.0,0.0697707210138394,0.0,0.0,0.0,0.1085237932331323,0.0,0.0,0.0420717067587171,0.0,0.0,0.0,0.0531051714762641,0.0,0.0,0.0,0.0,0.0,0.0,0.0461803674185984,0.0526544408140955,0.0,0.0,0.0,0.0,0.0,0.0,0.0,0.0,0.0,0.0,0.0,0.0,0.0,0.0,0.0,0.0,0.0,0.0,0.0,0.0,0.0,0.0,0.0,0.0,0.0,0.0,0.0,0.0,0.0,0.0,0.0,0.0241836322606547,0.0,0.0,0.0,0.0,0.0,0.0,0.0,0.0341956480491524,0.0595655044747935,0.0,0.0,0.0,0.0331267718379497,0.0,0.0,0.0,0.0,0.0,0.0,0.0,0.0,0.0,0.0,0.0,0.0,0.0,0.0,0.1243011224714269,0.0,0.0,0.0,0.0,0.0284634473657047,0.0,0.0461803674185984,0.0,0.0,0.0178100052705314,0.0,0.0,0.0548980328405468,0.0,0.0,0.0,0.0,0.0,0.1210815960088921,0.0,0.0414337074904756,0.0,0.0,0.0,0.0,0.0,0.0,0.0,0.0,0.0,0.0,0.0,0.0,0.0,0.0,0.0,0.0,0.0,0.0,0.0,0.0,0.0,0.0,0.0,0.0,0.0,0.0,0.0,0.0,0.0,0.0,0.0,0.0,0.0,0.0,0.0,0.0,0.0439326342142904,0.0,0.0,0.0,0.0,0.0,0.0,0.0,0.0,0.0,0.0,0.0,0.0,0.0,0.0,0.0,0.0,0.0,0.0,0.0,0.0,0.0,0.0,0.0,0.0,0.0,0.0,0.0,0.0,0.0,0.0341956480491524,0.0,0.0,0.0,0.0,0.0,0.0,0.0,0.0,0.0,0.0,0.0,0.0,0.0,0.0647183180480577,0.0,0.0,0.0,0.0,0.0,0.0,0.129785214800296,0.0,0.0,0.0,0.0,0.0,0.0796602354838638,0.0,0.0,0.0,0.0315412622965822,0.0,0.0,0.0,0.0,0.0,0.1260453567456262,0.0,0.0,0.0,0.0,0.0,0.0,0.0,0.0,0.0,0.0,0.2131179113487239,0.0,0.0158204958580791,0.0,0.0,0.0,0.0,0.0,0.0,0.0,0.0,0.0,0.0,0.0,0.0,0.0,0.0,0.0,0.0,0.0,0.0,0.0,0.0,0.0,0.0,0.0,0.0,0.0,0.0,0.0,0.0,0.0,0.0,0.0,0.0,0.0,0.0,0.0,0.0,0.0251295578315395,0.0,0.0,0.0,0.0,0.0,0.0510812091328216,0.0,0.0,0.0,0.0,0.0,0.0,0.0,0.0,0.0,0.0,0.233164889145542,0.0,0.0,0.0,0.0,0.0,0.0,0.0,0.0,0.0,0.0,0.0,0.0,0.0,0.0,0.0,0.0,0.0,0.0,0.0,0.0,0.0,0.0,0.0,0.0,0.0,0.0,0.0,0.0,0.0,0.0,0.0379584154613068,0.0,0.0,0.519599880813797,0.0,0.0,0.0,0.0,0.0,0.0,0.0,0.0,0.0375295375833176,0.0,0.0,0.0,0.0,0.0,0.0,0.0,0.0,0.0,0.0,0.0,0.0,0.0,0.0,0.0,0.0,0.0,0.0,0.0,0.0,0.0,0.0,0.0,0.0,0.0,0.0,0.0,0.0,0.0,0.0,0.0,0.0,0.0,0.0,0.0,0.045387421409134,0.0998683047870583,0.0,0.0,0.0,0.0,0.0,0.0,0.1554432594303613,0.0,0.0,0.0,0.0,0.0,0.0,0.0,0.0,0.0,0.0,0.0,0.0,0.0,0.0,0.078013061786233,0.0,0.0,0.0,0.0,0.0,0.0,0.0,0.0,0.0,0.0,0.1635081784525598,0.0,0.0,0.4905245353576794,0.0,0.0,0.0,0.0,0.0,0.0,0.0,0.0,0.0,0.0,0.0,0.0,0.0,0.0,0.0,0.0455814245044431,0.0,0.0,0.0,0.0,0.0,0.0,0.0,0.0,0.0,0.0,0.0,0.0726426623830423,0.0418624326083037,finance
Dokumen_16,0.0,0.0487333163592967,0.0,0.0,0.0,0.0,0.0,0.0,0.0,0.0,0.0,0.0,0.0,0.0,0.0,0.0,0.0,0.0,0.0,0.0,0.0,0.0,0.0802752538502961,0.0,0.1224293403830957,0.0,0.0,0.0607189224711689,0.0,0.0,0.0,0.0,0.0,0.0,0.0,0.0,0.0,0.0,0.0,0.0,0.0,0.0,0.0,0.0,0.0,0.0,0.0,0.0,0.0,0.0,0.0,0.1430364761052202,0.0,0.0,0.0,0.0,0.0,0.0,0.0,0.0,0.0,0.0,0.0,0.0429257893441922,0.0,0.0,0.0,0.0,0.0,0.0,0.0,0.3253507431587751,0.1528249589744041,0.0,0.1374037494366865,0.0,0.0,0.0,0.0,0.0,0.0,0.0973677623991925,0.0,0.0832984238980892,0.0,0.0,0.0,0.0,0.0,0.0,0.1116197871727305,0.0,0.0,0.0,0.1585040623248368,0.0,0.0,0.0,0.0,0.0,0.0,0.0,0.0,0.0,0.2436665817964835,0.0,0.0,0.1871399707843919,0.0,0.0,0.0,0.0,0.0,0.0,0.0,0.0,0.1585089936183089,0.0,0.0,0.0,0.1185718769002159,0.0746767718819658,0.0,0.3672880211492873,0.0,0.0,0.0,0.0,0.0,0.0,0.0,0.0,0.0,0.0,0.0,0.0,0.0,0.0,0.0,0.0375682902864581,0.0,0.0,0.0,0.0296310578022924,0.0,0.0,0.0,0.0659160901792762,0.0,0.0,0.0,0.0,0.0,0.0,0.0813376857896937,0.0,0.0,0.0,0.134800610185621,0.0,0.0,0.0,0.0,0.0,0.0,0.0,0.0,0.0,0.0,0.0,0.0,0.0,0.0354385848173969,0.0,0.0,0.1092368342162712,0.0,0.2095450100613306,0.0592859384501079,0.204128862743382,0.0,0.0,0.0,0.0,0.0,0.0,0.0,0.0,0.070071978862478,0.0,0.0,0.0,0.0,0.0,0.0,0.0,0.0,0.0,0.0,0.0,0.0,0.0,0.0,0.0574903321569827,0.0,0.0,0.0,0.0,0.0,0.0,0.0,0.0,0.0,0.0,0.0,0.0,0.0,0.0,0.0,0.0,0.0,0.0,0.0,0.0,0.0,0.0,0.0,0.0,0.0,0.0,0.0,0.0,0.1696259391890198,0.0,0.0,0.0,0.0,0.0,0.0,0.0,0.0,0.0,0.0,0.0,0.0,0.0,0.0,0.0,0.0,0.0,0.068042954247794,0.0,0.0,0.0,0.0,0.0782722682256779,0.0,0.0,0.0,0.0622354272326895,0.0,0.0,0.0,0.0,0.0858515786883845,0.0,0.0,0.0,0.0874177385242484,0.0,0.0,0.0,0.2191488571404917,0.0792544968091544,0.0,0.0,0.0,0.0,0.0,0.0,0.0,0.0,0.0,0.0,0.0,0.0,0.0,0.0,0.0,0.0,0.0,0.0,0.1387558238132836,0.0,0.0,0.0,0.0,0.0773257650677145,0.0,0.0,0.0944394977660357,0.0,0.0,0.0,0.0,0.0,0.0,0.0,0.0874177385242484,0.0,0.0,0.0,0.0,0.0,0.0,0.0,0.0,0.0,0.0,0.0,0.0,0.0,0.0,0.0,0.0,0.0,0.0,0.0,0.0,0.0,0.0,0.0,0.0,0.0,0.0,0.0,0.0,0.2000125105207495,0.0,0.0,0.0,0.0,0.0,0.0,0.0,0.0,0.0,0.0661607389948759,0.0,0.0,0.0,0.0,0.0,0.0,0.0,0.0,0.0,0.0730496190468305,0.0,0.0,0.0,0.0,0.1311248290400704,0.0,0.0,0.0,0.0,0.0,0.0,0.0,0.0,0.0,0.0,0.0,0.0,0.0,0.0,0.0,0.0,0.0,0.0,0.0,0.0,0.0,0.0,0.0,0.0,0.0,0.0,0.0,0.0,0.0,0.0,0.0,0.0,0.0,0.0,0.0,0.0632978591720871,0.0,0.0,0.0,0.0,0.0,0.0,0.0,0.0,0.0,0.0,0.0,0.0,0.0,0.0,0.0,0.0,0.0570601410667311,0.0,0.0,0.0,0.0,0.0,0.0,0.0,0.0,0.0,0.0,0.0687018747183432,0.0,0.0,0.0,0.0,0.0,0.0,0.0,0.04967981951726,0.0,0.0,0.0655624145200352,0.0,0.0,0.0,0.0,0.0,0.0,0.0,0.0,0.0,0.0,0.0,0.0,0.0,0.0,0.0,0.0730496190468305,0.0,0.0,0.0,0.0,0.0,0.0,0.0,0.0,0.0,0.0,0.0,0.0,0.0,0.0,0.0,0.0,0.0,0.0,0.0,0.1493535437639317,0.0,0.0,0.0,0.0,0.0,0.0,0.0,0.0,0.0,0.0755301587745893,0.070071978862478,0.0,0.0,0.0,0.0,0.0730496190468305,0.0,0.0,0.0,0.1882836667647722,0.0,0.0,0.0773257650677145,0.0,0.0,0.0832984238980892,sport
Dokumen_197,0.0,0.0,0.0,0.0,0.0339041909318861,0.0,0.0,0.018205861700603,0.0,0.0,0.0,0.0,0.0,0.0,0.0,0.0,0.0,0.0,0.0,0.0,0.0,0.0,0.0,0.0,0.0,0.0,0.0,0.0,0.0,0.0,0.1430389605678927,0.0694204155093601,0.0,0.0,0.0,0.0,0.0,0.2951164732952572,0.0299733169549844,0.0,0.0,0.0,0.0,0.0,0.0,0.0,0.0,0.2158736405343043,0.0,0.0317741992564173,0.0,0.0,0.0,0.0,0.0,0.0,0.0,0.0,0.083115203772395,0.0,0.0,0.0,0.0,0.0,0.0,0.0,0.0,0.0,0.0,0.0,0.0,0.0,0.0,0.0,0.0,0.0,0.0,0.0,0.0,0.0,0.0,0.0874134322117529,0.0,0.0872462073335973,0.0,0.0,0.0476796535226309,0.0415425824179239,0.0,0.0,0.0626302565339293,0.0,0.0,0.0,0.0830080428756309,0.0,0.0,0.0,0.0,0.0,0.0,0.0,0.0,0.0,0.0218755486470058,0.0,0.0,0.0,0.0,0.0,0.0,0.0,0.0,0.0,0.0,0.0,0.0,0.0,0.0,0.0,0.0,0.0,0.0,0.0,0.0,0.0,0.0,0.0,0.0,0.0,0.0254233519059891,0.0,0.0,0.0,0.0216006510184166,0.0,0.0,0.0,0.0,0.084318801093605,0.0,0.0,0.0,0.0399026186708082,0.0,0.0,0.0,0.0147943003376386,0.0,0.0,0.0,0.0,0.0,0.0,0.0,0.0,0.0,0.0,0.0,0.0148704088164574,0.0740165948815737,0.0,0.0740165948815737,0.0,0.0,0.0277050679241316,0.0960221612898989,0.0254233519059891,0.0,0.0,0.0233563394136619,0.0,0.0159077720144962,0.0,0.2810806141176016,0.0,0.2100097961993236,0.0,0.0266124394467015,0.0,0.0,0.0,0.026405662187095,0.0,0.0,0.0,0.0,0.0324419587238273,0.0,0.0,0.0,0.0,0.0,0.0,0.0,0.0,0.0,0.0,0.0,0.0,0.0,0.0,0.0,0.0,0.0,0.0,0.0,0.0378790802974862,0.0,0.0,0.0,0.0,0.0,0.0,0.0,0.0,0.0,0.0,0.0,0.0,0.0,0.5799151587331896,0.0,0.0,0.0,0.0,0.0,0.2889297776740795,0.0,0.0,0.0,0.0,0.0,0.0,0.0,0.1016934076239567,0.0,0.0,0.0335211202139677,0.0,0.0296984193263951,0.0,0.0,0.0,0.0305433134236032,0.1649919234232345,0.0,0.0,0.0,0.0,0.0916299402708098,0.0,0.0,0.0,0.0,0.0,0.0279364142993765,0.0,0.0,0.0,0.0,0.0,0.0,0.0,0.0770745980911163,0.1156421165312334,0.0,0.0,0.0,0.0,0.0,0.0,0.0,0.0,0.0463990469993617,0.0,0.0,0.0,0.0,0.0,0.0,0.0,0.0,0.0,0.0,0.0224455451156247,0.0,0.0375276100547242,0.0335211202139677,0.0,0.0,0.0,0.0,0.0,0.0,0.0,0.0,0.0,0.0,0.0,0.0282615122728814,0.0,0.0,0.0,0.0,0.0,0.0,0.0,0.0,0.0,0.0,0.0,0.0,0.0,0.0,0.0,0.0,0.0,0.0,0.0,0.0,0.0,0.0,0.0,0.0655814385100571,0.0392403212947692,0.0,0.0,0.0,0.0,0.0375276100547242,0.0,0.0,0.0,0.0,0.0,0.0,0.0224455451156247,0.0,0.0,0.0,0.0,0.0412479808558086,0.0,0.0,0.1932054086579091,0.0,0.0,0.0,0.0,0.0,0.0,0.0,0.0,0.0694204155093601,0.0,0.0,0.0,0.0,0.0,0.0,0.0,0.0,0.0,0.0,0.0,0.0,0.0,0.0,0.0,0.0,0.0,0.0,0.0,0.0,0.0,0.0,0.0536458852450378,0.0266124394467015,0.0,0.0,0.0,0.0832510432993192,0.0,0.0,0.0,0.0,0.0,0.0,0.0695985704990425,0.0,0.0,0.0,0.0299733169549844,0.0635483985128346,0.0655814385100571,0.0,0.1005633606419031,0.0,0.0,0.0,0.0,0.0,0.0,0.0,0.0324419587238273,0.0339041909318861,0.0,0.0,0.0,0.0,0.0,0.0,0.0,0.0,0.025613317232661,0.0,0.0,0.0,0.0943623231649216,0.0,0.0,0.0,0.0,0.0,0.0,0.0,0.0,0.0,0.0,0.0,0.0,0.0,0.0,0.022300417657026,0.0,0.0,0.0,0.0,0.0,0.0,0.0,0.0,0.0,0.0,0.0490345385757252,0.0,0.0,0.0,0.0,0.0,0.0,0.0327907192550285,0.0,0.0,0.0,0.0871009007435269,0.0,0.0,0.0730325712475463,0.0284133217481344,0.0,0.0203155534401558,0.0,0.0,0.0,0.0,0.0365110900561129,0.0,0.0,0.0,0.0,0.0428079760626586,0.0,0.0,0.0,0.0370082974407868,0.0,0.022300417657026,0.0,0.0,0.0386410817315818,0.0,0.0,0.0,0.0,0.0949970215559459,0.0380710852629629,0.0,0.0,0.0,0.0,0.0,0.0,0.0,0.0,0.0,0.0,0.0,0.1121736951431966,finance
Dokumen_58,0.0,0.0,0.0,0.0,0.0,0.0347917660798713,0.0485975850456264,0.0464794163976564,0.0,0.0803020804097642,0.0,0.0,0.0,0.0,0.0,0.1399974392824376,0.0,0.0,0.0,0.0,0.0,0.0,0.0919949742286007,0.0,0.070151656165245,0.0,0.0,0.0,0.1078859937583851,0.0,0.030431441617797,0.0443074386153746,0.0,0.1345493465208543,0.0,0.0,0.0,0.0,0.0,0.0,0.0679413408023245,0.0,0.0,0.0,0.0,0.0,0.0,0.0,0.0,0.0,0.1283687196598855,0.0,0.0459974871143003,0.0375670729449411,0.0,0.0795066837133657,0.0,0.0,0.0,0.0,0.0,0.0580584125973237,0.0,0.12298176259354,0.0,0.0,0.0,0.076521633662828,0.0,0.0,0.0,0.0,0.0437841286324546,0.0,0.0,0.0,0.0,0.0485975850456264,0.0,0.0,0.049325183212794,0.0743885931050401,0.0,0.0795495912733625,0.0,0.0,0.060862883235594,0.0176763123345478,0.0,0.0772403578016222,0.0639578135966203,0.0,0.0,0.0,0.1816447339536889,0.0,0.0,0.0,0.0,0.0448497821736181,0.0,0.0,0.0,0.046606257527327,0.1675442917032099,0.0,0.0,0.0,0.0,0.0,0.0,0.0,0.0,0.0,0.0,0.0,0.0,0.0795066837133657,0.0,0.0,0.0339706704011622,0.0,0.0,0.070151656165245,0.0,0.0,0.0,0.0,0.0334473604182422,0.0,0.0973584150172483,0.0292216322490281,0.0,0.0,0.0,0.0,0.0,0.0,0.1158605367024333,0.043053042263317,0.0,0.0,0.0,0.0339570199799252,0.0,0.0,0.0,0.0377697280696314,0.0,0.0558480972344032,0.0,0.0,0.0,0.0,0.0,0.0,0.0,0.0,0.0,0.0189820161975803,0.0,0.0,0.0,0.0,0.0375670729449411,0.0353654061957534,0.2451437944213492,0.0,0.0,0.0,0.0894428159720091,0.030017170416355,0.0406124121769125,0.0,0.0,0.0312961942396359,0.0,0.1801030224981301,0.0339706704011622,0.1169652449957448,0.0,0.0345130139594057,0.0,0.0,0.0,0.0,0.1313523858973639,0.041412027979714,0.0,0.1417228221772399,0.0,0.0,0.0,0.0,0.0356607189000879,0.0454125962968349,0.0,0.0,0.0,0.0,0.0,0.0,0.0,0.0658835864292419,0.0779768299971632,0.0,0.040979742516881,0.0241762457451933,0.0,0.0,0.0,0.0,0.0,0.0,0.0,0.0,0.2587439809696322,0.0,0.1092884136591741,0.0405596357433663,0.0,0.0,0.0,0.0290292062986618,0.0,0.0,0.132922315846124,0.0,0.0,0.046606257527327,0.0,0.0393659745128742,0.0,0.049325183212794,0.0342393768464474,0.0324528050057494,0.0,0.0,0.0,0.1147824504942421,0.0,0.0,0.0,0.0,0.0,0.0,0.0,0.0,0.0,0.0,0.0,0.0971951700912528,0.0,0.0,0.0485975850456264,0.0448497821736181,0.0,0.0,0.0,0.0356607189000879,0.0,0.0,0.0,0.0,0.073789057556124,0.0,0.0,0.0,0.0,0.0,0.0,0.0,0.0,0.0,0.1480704855806366,0.0339706704011622,0.0356607189000879,0.0,0.0,0.0,0.0,0.0,0.0,0.0443074386153746,0.0,0.0,0.0,0.0,0.0,0.0758198222596631,0.0,0.0,0.0,0.0,0.0,0.0,0.0,0.0,0.0,0.0,0.0360757051371874,0.0,0.0,0.0,0.1987667092834144,0.0,0.0454125962968349,0.0,0.0,0.0,0.0,0.0886148772307493,0.0,0.0418572193751928,0.0,0.0,0.0,0.0,0.0,0.0,0.0,0.0,0.0,0.0,0.0,0.0,0.0,0.0,0.0,0.0,0.0,0.0557493645110473,0.0,0.0,0.0479038411591535,0.0,0.0,0.0573032935687384,0.1035390418782171,0.0,0.0,0.0,0.0,0.0582406093733658,0.0,0.0,0.0,0.0,0.0,0.0,0.0,0.0,0.0,0.0,0.0,0.0,0.0,0.0837144387503857,0.0,0.0,0.0,0.0,0.0,0.0,0.0,0.0,0.0,0.0,0.0,0.0,0.0,0.0,0.0,0.0,0.0,0.0,0.0,0.0684787536928949,0.0,0.0418572193751928,0.0,0.0,0.0531348085946437,0.0617151014551472,0.0584432644980562,0.0,0.0389884149985816,0.0350758280826225,0.0,0.0,0.0,0.0,0.0,0.0,0.0405596357433663,0.0,0.0,0.0427895732199618,0.0362694893131146,0.0,0.0,0.0,0.0,0.0418572193751928,0.0,0.0,0.0,0.0,0.0,0.1450779572524584,0.0896995643472362,0.0,0.0,0.0707308123915068,0.0,0.0,0.038260816831414,0.0,0.0,0.0,0.0,0.049325183212794,0.0,0.0,0.0,0.0,0.0787319490257485,0.0,0.0,0.0906686025874619,0.0,0.0,0.0,0.0517487961939264,0.0,0.0359619979194617,0.0,0.2254024376696466,0.0,0.0,0.1288567801898136,0.0,0.0,0.0,0.0,0.0,0.0,0.0,0.0,0.0423161110970752,0.0,0.0472409407257466,0.0,0.0,0.0,0.0,0.0889471556105523,0.0,0.0517487961939264,0.0,0.0,0.0479038411591535,0.3111926531868266,0.0,0.0,0.0,0.0,0.0,0.0,0.0,0.0,0.0,0.0,0.0,0.0379099111298315,0.0500901100708952,0.0,0.0,0.0,0.0472409407257466,0.0,0.0,0.0,0.0,0.0401510402048821,0.0,0.0,0.0,0.0,0.0,0.0,0.0,0.0,0.1078859937583851,0.0379099111298315,0.0,0.0,0.0,0.0,0.0795495912733625,sport
Dokumen_20,0.0,0.0,0.0,0.0,0.0,0.0,0.0,0.0,0.0,0.0,0.0,0.0,0.0,0.4839936695323407,0.0,0.0,0.0,0.0,0.0,0.0,0.0,0.0,0.0,0.0,0.0,0.0,0.0,0.0,0.0,0.0,0.0,0.0,0.0,0.0,0.0,0.0,0.0,0.0,0.0,0.0,0.0,0.0434082911545533,0.0,0.0,0.0,0.0,0.0,0.0,0.0,0.0,0.0,0.0381678488895699,0.0,0.0699786907053067,0.0,0.0,0.0428412925424153,0.0,0.0,0.04399942450294,0.0428412925424153,0.0,0.0,0.0,0.0,0.0,0.0,0.0,0.0,0.0,0.0,0.0,0.0815596147153251,0.0,0.2933184982270903,0.0,0.0,0.0905259608039464,0.0,0.0,0.0,0.0346421476363753,0.0,0.177818790991067,0.0,0.0,0.0,0.0493902677279104,0.0,0.0,0.0595692411600072,0.084593069974836,0.0,0.0,0.0845904382424388,0.0,0.0,0.0,0.0,0.0,0.0,0.0,0.139787460117881,0.13022487346366,0.0260079932802729,0.0,0.0,0.0,0.0,0.0,0.0,0.0,0.0,0.0,0.0,0.0,0.042296534987418,0.0,0.0,0.0,0.0632794319786093,0.0398534950295484,0.0,0.1306761657062715,0.0,0.0,0.0,0.0,0.0,0.0,0.0,0.0,0.0,0.0,0.0513623311215459,0.0,0.0,0.0,0.0,0.080197771406965,0.0,0.0,0.0,0.0158135011072848,0.0,0.0948081240127435,0.0,0.070356189913492,0.0,0.0,0.0,0.0,0.0,0.0,0.0,0.0,0.0,0.0,0.0,0.0,0.0,0.0,0.0,0.0,0.0,0.0329387496527519,0.0,0.0,0.0,0.0,0.0,0.0,0.0189128617678697,0.0,0.0,0.0582975069726215,0.0,0.0279574920235762,0.0316397159893046,0.03631315964215,0.0,0.0321448457364898,0.0,0.0,0.0,0.0,0.0407798073576625,0.0,0.0373960093738438,0.0,0.0,0.0,0.0,0.0,0.0,0.0,0.0,0.0398534950295484,0.0,0.0,0.0,0.0,0.0,0.0,0.0,0.0,0.0381678488895699,0.0675520565269192,0.0,0.0,0.0,0.0,0.0,0.0,0.042296534987418,0.0446168389135035,0.0,0.0,0.0,0.0,0.0,0.0,0.0879988490058801,0.0,0.0,0.0,0.0,0.0,0.0,0.0,0.0,0.0,0.0,0.0,0.0318899846920685,0.0,0.0,0.0,0.0,0.0,0.0353086591216231,0.0,0.0,0.0623046275936248,0.0,0.0,0.0,0.0998728481096372,0.0,0.0,0.03631315964215,0.0,0.0,0.0,0.0,0.0,0.0,0.0,0.0,0.0332137989815652,0.0,0.0,0.0,0.042296534987418,0.0,0.0687438618841798,0.0,0.0,0.0,0.0,0.0,0.0,0.0389851162044717,0.084593069974836,0.0,0.0,0.0,0.0,0.0,0.0,0.0,0.0669888104734491,0.0,0.0,0.0,0.0266856660812999,0.0,0.0,0.0,0.0,0.0,0.5279930940352807,0.0,0.0,0.0,0.0,0.0,0.0,0.0,0.0,0.0168001551216877,0.0,0.0,0.0,0.0740511995269984,0.0,0.0,0.0,0.0,0.0,0.0,0.0,0.0,0.0389851162044717,0.0,0.0,0.0,0.0,0.0,0.0,0.0,0.0,0.0,0.0,0.0,0.0,0.0,0.0,0.0,0.0,0.0,0.0,0.0,0.0,0.0,0.0,0.0,0.0266856660812999,0.0964345372094696,0.0,0.0,0.0,0.0,0.0,0.0,0.0,0.0,0.2824692729729848,0.0,0.0,0.0,0.0,0.0,0.0,0.0,0.0,0.0,0.0389851162044717,0.0446168389135035,0.0,0.0,0.0,0.0349893453526533,0.0,0.0,0.0,0.0,0.0,0.0,0.0,0.0,0.0,0.0,0.0471726108414302,0.0,0.0,0.0,0.0,0.0,0.0,0.0,0.0,0.0494888747624795,0.0,0.0,0.0,0.0,0.0,0.0,0.0,0.0,0.0,0.0,0.0,0.0,0.0,0.0,0.0,0.0,0.0,0.0,0.0,0.0,0.0,0.0,0.0,0.0,0.0,0.0452629804019732,0.0337807975937032,0.0,0.0,0.0,0.0,0.0,0.0,0.0,0.0,0.0516872362806972,0.0,0.0,0.0,0.0,0.0,0.0,0.0,0.0366648122783862,0.0,0.0,0.0,0.0,0.0879988490058801,0.0,0.0,0.0,0.0,0.0,0.0349893453526533,0.0,0.0,0.090011292396274,0.0,0.0,0.0481979659226337,0.0,0.0,0.0,0.0,0.0,0.0,0.0,0.0,0.0,0.0389851162044717,0.0,0.0,0.0207109744107234,0.0459406532030002,0.0,0.0,0.0,0.0,0.0,0.0,0.0,0.0,0.0,0.0,0.0,0.0,0.0,0.0,0.0,0.0,0.0,0.0,0.0,0.0,0.0,0.0,0.0,0.0,0.0,0.080617860987937,0.0,0.0,0.0806733039229281,0.0,0.0,0.0,0.0,0.0,0.0879988490058801,0.0334944052367245,0.0353086591216231,0.0434082911545533,0.0,0.0,0.0,0.0444546977477667,sport
Dokumen_22,0.0,0.0,0.0599070576806669,0.0,0.0,0.0,0.0,0.0857998277376898,0.0,0.0,0.0,0.0,0.0,0.4360279119855568,0.0,0.0,0.0,0.0,0.0,0.0,0.0,0.0,0.0,0.0,0.0,0.0,0.0,0.0,0.0663849390920612,0.0,0.0,0.0,0.0,0.0,0.0,0.0,0.0,0.0,0.0,0.0,0.0,0.0,0.0,0.0,0.0,0.0,0.0,0.0,0.0,0.0,0.0,0.0,0.0,0.0,0.0,0.0733836641604834,0.0,0.0,0.0,0.0,0.0,0.0,0.0,0.0,0.0,0.0,0.0,0.0,0.0,0.1327698781841224,0.0,0.0,0.0808243946561015,0.0,0.0,0.0,0.0,0.0,0.0,0.0,0.0,0.0,0.0,0.0,0.0,0.0,0.0,0.0,0.0,0.0,0.0,0.0,0.0,0.0,0.1397131613177091,0.0,0.0,0.0,0.0,0.0,0.0,0.0,0.0,0.0,0.2061883514712616,0.0,0.0,0.0,0.0,0.0,0.0,0.0,0.0,0.0,0.0,0.0,0.0838305047992415,0.0,0.0,0.0,0.0627089988311584,0.0789884705055613,0.0,0.0,0.0,0.0,0.0,0.0,0.0,0.0,0.0599070576806669,0.0,0.0,0.0,0.0,0.0,0.0,0.0,0.0,0.1192122415492184,0.0,0.0,0.0,0.0940257007479265,0.0,0.0,0.0,0.0,0.0,0.0,0.0,0.0,0.0,0.0,0.0,0.0,0.0,0.0,0.0,0.0,0.0,0.0,0.0,0.0,0.0,0.0,0.0,0.0,0.0,0.0,0.0,0.0,0.0,0.0,0.0,0.0,0.0,0.1662328133938874,0.0,0.0,0.0,0.0,0.0,0.0,0.0,0.0,0.0,0.0,0.0,0.0,0.0,0.0,0.0,0.0,0.0,0.0,0.0,0.1579769410111227,0.0,0.0,0.0,0.0,0.0,0.0,0.0,0.0,0.0,0.0,0.0,0.0,0.0,0.0,0.0,0.0,0.0,0.0,0.0,0.0,0.0,0.0,0.0,0.0,0.2616167471913341,0.0,0.0,0.0,0.0,0.0,0.0,0.0,0.0,0.0,0.0,0.0,0.0,0.0,0.0897099135176043,0.0,0.0,0.0,0.0,0.0,0.0,0.0,0.0,0.0,0.0,0.0,0.0,0.0,0.0,0.0,0.0,0.0,0.0,0.0,0.0,0.0,0.0,0.1316575712763898,0.0,0.0,0.0,0.0,0.0,0.0,0.0,0.0,0.0,0.0,0.0,0.0,0.0,0.0,0.0,0.0627089988311584,0.0,0.0,0.0,0.0,0.0,0.0663849390920612,0.0,0.0,0.0,0.0,0.0,0.0,0.0,0.0,0.0,0.4360279119855568,0.0733836641604834,0.0,0.0,0.0,0.0,0.0,0.0,0.0,0.0332974198708144,0.0,0.0,0.0,0.0,0.0,0.0,0.0,0.0,0.0,0.0,0.0,0.0,0.0,0.0,0.0,0.0,0.0,0.0,0.0,0.0,0.0,0.0,0.0,0.0,0.0,0.0,0.0,0.0,0.0924650769853778,0.0,0.0,0.0,0.0,0.0,0.0,0.0,0.105780431383556,0.1274203026600309,0.0,0.0,0.0,0.0,0.0,0.0,0.0,0.0,0.0,0.0,0.0,0.0,0.0,0.0,0.0,0.0,0.0,0.0,0.0,0.0884292798400167,0.0,0.0,0.0,0.0,0.0,0.0,0.0,0.0,0.0,0.0,0.0,0.0,0.0,0.0,0.0,0.0,0.0,0.0,0.0,0.0,0.0,0.0,0.0,0.1471282702419674,0.0,0.0,0.0,0.0,0.0,0.0,0.0,0.0,0.0,0.0,0.0,0.0,0.0772673688766737,0.0,0.0,0.0,0.0,0.0,0.0,0.0,0.0,0.0,0.0,0.0,0.0,0.1794198270352086,0.0,0.0,0.0,0.0,0.0,0.0,0.0,0.0,0.0,0.0,0.0,0.0,0.0,0.0,0.0,0.0,0.0,0.0,0.0,0.0,0.0,0.0,0.2616167471913341,0.0,0.0,0.0,0.0,0.0,0.0693478670151222,0.0,0.0,0.0,0.0,0.0,0.0,0.0,0.0,0.0,0.0,0.0,0.0,0.0,0.0,0.0,0.0,0.0,0.0,0.0,0.0,0.0,0.0,0.0,0.0,0.0,0.0,0.0,0.0,0.0,0.0,0.0,0.0,0.0,0.0,0.0,0.0,0.0699807376379769,0.0,0.0,0.0,0.0,0.0,0.0,0.0,0.0,0.0,0.0741178052580204,0.0,0.0,0.0,0.0,0.0,0.0,0.0,0.2616167471913341,0.1327698781841224,0.0,0.1720679465134029,0.0,0.0693478670151222,0.0,0.0,sport
Dokumen_84,0.0,0.0905223450661506,0.0526016849019035,0.0,0.0,0.056392830024705,0.0,0.0753369582487783,0.0,0.0,0.0,0.0,0.0,0.0,0.0,0.0,0.0,0.0,0.0,0.0,0.0,0.2154494125648121,0.0,0.0,0.0,0.0,0.0,0.0,0.0582896203476803,0.0,0.0,0.0,0.0,0.0,0.0,0.0,0.0,0.0,0.0620157003593042,0.0,0.0,0.0,0.0,0.0,0.0,0.0573226244328425,0.0,0.0,0.0,0.0,0.0,0.0,0.0,0.0,0.0,0.0,0.0,0.0,0.0,0.0,0.0,0.0470524862921414,0.0,0.0398674193092401,0.0,0.0,0.0,0.0,0.1531425760013647,0.0,0.0,0.0,0.0,0.0,0.0638070141183704,0.0,0.0,0.0,0.0,0.0,0.0,0.0602870126960366,0.0,0.1031514541438325,0.0,0.0,0.0,0.0859528609146224,0.0,0.0625981785252678,0.0259167794373096,0.0736077846140035,0.0,0.0,0.1472109892785735,0.0,0.0,0.0,0.0,0.0,0.0,0.0,0.0,0.0,0.0905223450661506,0.0,0.0,0.0,0.0,0.0,0.0,0.0726955377015241,0.0,0.0,0.0,0.0,0.0,0.0,0.0,0.0,0.0550619430287084,0.0,0.0,0.0,0.0,0.0,0.0,0.0,0.0542137270787249,0.0,0.0,0.1420931495700012,0.1101238860574168,0.0,0.0,0.0518342657097364,0.0,0.0,0.0625981785252678,0.0697832610402128,0.0,0.0,0.0,0.055039817509618,0.0,0.0,0.0,0.0306098553637714,0.0,0.0452611725330753,0.054634114617454,0.0,0.0,0.0,0.0,0.0,0.4962541801169309,0.0,0.0625981785252678,0.0923019783329412,0.0,0.0765712880006823,0.0,0.0,0.0608912336972574,0.0573226244328425,0.0993363796097464,0.0,0.138712425456265,0.0,0.0,0.0486538448558795,0.0329136619786442,0.0,0.0,0.0,0.0,0.0486538448558795,0.0,0.0,0.0,0.0,0.0,0.0765712880006823,0.0,0.0,0.0,0.0,0.0,0.0,0.0,0.0,0.0,0.0,0.0,0.0,0.0,0.0,0.0592969191884161,0.0,0.0,0.1175760460806647,0.0,0.0,0.0,0.0,0.0,0.0,0.0,0.0,0.0,0.0,0.0,0.0,0.0,0.0,0.0838779227547045,0.0,0.0,0.0,0.0,0.0,0.0,0.1411574588764243,0.0,0.1623788258786322,0.0718164708549373,0.0,0.0,0.0,0.0,0.0638070141183704,0.0,0.0,0.0,0.0,0.0,0.0,0.0,0.0,0.0,0.0,0.0,0.0,0.0,0.0,0.0,0.0,0.0,0.0,0.0,0.0,0.0,0.0,0.0,0.0,0.0,0.0,0.0,0.0,0.0,0.0765712880006823,0.0,0.0,0.0,0.0,0.0,0.0,0.0,0.074555814914524,0.0,0.0,0.0678449910278533,0.0,0.2400025829633098,0.0,0.0,0.0,0.0,0.0,0.0,0.0,0.0,0.0,0.0,0.0,0.0,0.0,0.0,0.0614469288419684,0.0,0.0,0.0,0.0,0.0,0.0,0.0,0.2872658834197495,0.0,0.0,0.0584739246393068,0.0,0.0,0.0,0.0644348851130871,0.0,0.0,0.1356899820557066,0.0,0.0,0.0824963081971572,0.0718164708549373,0.0,0.0,0.0,0.0,0.0,0.0,0.0,0.1706866427243889,0.0,0.0,0.0,0.0,0.0,0.0,0.0,0.0,0.0,0.0811894129393161,0.0,0.0,0.0,0.0644348851130871,0.0,0.0,0.0,0.0,0.0559410098752951,0.0,0.0,0.0853433213621944,0.0,0.0,0.0,0.0,0.0,0.0,0.0,0.0,0.0,0.0,0.0,0.0,0.0,0.0,0.0,0.0,0.0,0.0,0.0,0.0,0.0608912336972574,0.0,0.0,0.0,0.0,0.0,0.0,0.0,0.0,0.0,0.0,0.041046759262066,0.0,0.0,0.0,0.0554974804734222,0.0,0.0,0.0,0.0,0.0430622323482243,0.0,0.0,0.0,0.0,0.0,0.0,0.0,0.0,0.0,0.0,0.0,0.0,0.0,0.0,0.0,0.0,0.0,0.0,0.0,0.0,0.0,0.0,0.0,0.0,0.0,0.0,0.0,0.0,0.0,0.0,0.0,0.0,0.0,0.0,0.0,0.0,0.0,0.0,0.0,0.0,0.0,0.0,0.0,0.0,0.0765712880006823,0.0,0.0979745050893985,0.0,0.0,0.0,0.0,0.046140239379662,0.0582896203476803,0.0,0.0,0.0,0.0,0.0522149298636711,0.0,0.0,0.0,0.0,0.0507269725291987,0.0,0.0,0.0,0.0685887935359654,0.0,0.0,0.0,0.0,0.0,0.0,0.0,0.0,0.0,0.0503688671022466,0.0,0.0,0.0,0.0568532567877745,0.0,0.0755425508665613,0.0,0.0,0.0,0.0,0.0,0.0,0.0,0.0,0.0,0.0,0.0,0.0,0.0,0.0,0.0,0.0,0.0,0.0,0.0,0.0,0.0561576325911839,0.0,0.0,0.0,0.0,0.0,0.0,0.0,0.0,0.0,0.0,0.2435649347890298,0.0,0.1031514541438325,sport
Dokumen_182,0.0,0.0,0.0,0.0,0.0819839512069936,0.0,0.0,0.0440237161341538,0.0,0.0,0.0,0.0,0.0,0.0,0.0,0.0,0.0,0.0,0.0,0.0,0.0,0.0,0.0,0.0,0.0,0.0,0.0,0.0659071456750635,0.0,0.0,0.0,0.0,0.0,0.0,0.0,0.0,0.0,0.0,0.0,0.0,0.0,0.0,0.0,0.0,0.0,0.0669938103357681,0.0,0.0,0.0,0.0,0.0,0.0,0.0,0.0,0.0,0.0,0.0,0.0,0.0,0.0,0.0,0.0,0.0849603644846777,0.0931873009725466,0.2684700358490977,0.0,0.0,0.0,0.0,0.0,0.0,0.0,0.0,0.1814915305203793,0.0,0.0,0.0,0.0,0.0724786785116328,0.0,0.0934382585808313,0.0352291676648557,0.0,0.0602773252545926,0.0,0.0,0.0,0.1004543968268086,0.0,0.0,0.0,0.0,0.0,0.0,0.0286746149321426,0.0,0.0,0.0,0.0,0.0,0.0,0.0,0.0,0.0,0.0,0.0,0.0,0.0,0.0,0.0,0.0,0.0,0.0,0.0,0.0,0.0,0.0,0.0,0.0,0.0,0.0,0.0,0.0,0.0,0.3795491351308453,0.0,0.0,0.0,0.0,0.0,0.0,0.0,0.0,0.0,0.1566980367728816,0.0,0.0,0.0,0.0,0.0,0.0,0.0,0.147713981581291,0.0321629298347514,0.2070285073513126,0.0,0.0,0.0357741967492835,0.0,0.0,0.0,0.0,0.0,0.0,0.0,0.0,0.0,0.0,0.0,0.1078747055152341,0.0,0.0,0.0,0.0,0.0,0.0,0.0,0.0,0.0,0.0,0.0564781207936973,0.0,0.1154000702097756,0.0,0.0,0.0,0.0,0.0,0.0,0.0,0.0,0.0,0.0,0.0,0.0,0.0,0.0,0.0,0.0,0.0,0.0,0.0,0.0,0.0,0.0,0.0,0.0,0.0,0.0,0.0,0.0,0.0,0.1639679024139872,0.0,0.0,0.0,0.0,0.0,0.0,0.0,0.0,0.0,0.0,0.0,0.0,0.0,0.0,0.0,0.0,0.0,0.0,0.0,0.0,0.0549909459601786,0.0,0.0,0.0,0.0,0.0,0.0,0.0,0.0,0.0,0.0,0.0648607372348301,0.1229527550954533,0.0,0.0,0.0810576453379124,0.0,0.0,0.0,0.0894900119496992,0.0,0.0,0.0,0.0693011982076678,0.0,0.0,0.0,0.0,0.0,0.0849603644846777,0.0,0.0,0.0,0.0,0.0,0.0,0.0,0.0,0.0,0.0,0.0,0.0465936504862733,0.0,0.0,0.0,0.0,0.0,0.0,0.0,0.0,0.0,0.0,0.0,0.0,0.0,0.0,0.0,0.0,0.0,0.0,0.0,0.0,0.0,0.0,0.0,0.0810576453379124,0.0,0.0,0.0,0.0,0.0,0.0,0.0,0.0,0.0,0.0,0.0,0.0341696760714718,0.0,0.0,0.0,0.0,0.4052882266895622,0.0,0.0,0.0,0.2070285073513126,0.0,0.0,0.0871344983456575,0.0,0.0,0.0,0.0,0.0,0.0,0.0,0.0,0.0,0.0,0.0,0.0792914578863519,0.0,0.0,0.0,0.0,0.0,0.0,0.0,0.0810576453379124,0.0,0.0,0.0,0.0,0.0,0.0,0.0,0.0,0.0,0.0,0.2206540661007508,0.0,0.0,0.0,0.0,0.0,0.0,0.0,0.0,0.0,0.284661851348134,0.0,0.0784481177096058,0.0,0.0,0.0,0.0,0.0,0.0,0.0,0.0,0.0724786785116328,0.0,0.0,0.0,0.0,0.0,0.0,0.0,0.0,0.0,0.0,0.0,0.0,0.0,0.0,0.0,0.0,0.0,0.0,0.0,0.0,0.0,0.0,0.0,0.0,0.056098923181634,0.0,0.0,0.0,0.0,0.0,0.0,0.082941663191522,0.0,0.0,0.0,0.0,0.0,0.0,0.0,0.0,0.0,0.0,0.0,0.0,0.0,0.0,0.0,0.0,0.0,0.0784481177096058,0.0619357339766758,0.0,0.0,0.0,0.0,0.0,0.0,0.0,0.0,0.0,0.0,0.0,0.0,0.0,0.0,0.0,0.0,0.0,0.0,0.0,0.0,0.0,0.0,0.0,0.0,0.0,0.0,0.0,0.0,0.0,0.0,0.0,0.0,0.0,0.0,0.0,0.0,0.0,0.0,0.0,0.0,0.0,0.0,0.0,0.0,0.0,0.0,0.0,0.0,0.0,0.0,0.0,0.0,0.0,0.0,0.0,0.0,0.0,0.0,0.0,0.0,0.0,0.0,0.0,0.0,0.2386465732123817,0.0,0.0,0.0,0.0,0.0,0.0984484003639931,0.0,0.0,0.0,0.0,0.068123952954936,0.0,0.0,0.0,0.0882877114421673,0.0,0.0,0.0,0.1205546505091852,finance
Dokumen_163,0.0,0.0413991448286795,0.0,0.0,0.0,0.0,0.0,0.0689086356128796,0.0,0.0595264229500051,0.0,0.0,0.0,0.0,0.0,0.0,0.0,0.0,0.0,0.0,0.0,0.0,0.0,0.0,0.0,0.08440640600341,0.0,0.0,0.0,0.1329852023389305,0.0,0.2627541719857593,0.0,0.0,0.0578027585216507,0.0,0.0,0.0,0.0,0.0,0.0,0.0,0.0,0.0613959160250638,0.0,0.0,0.0,0.1167250281305311,0.0,0.0,0.0,0.0,0.0,0.0,0.0,0.0,0.0,0.0,0.1572942655730627,0.0,0.0,0.0,0.0,0.0,0.1400752859127662,0.0,0.0,0.0567240488290635,0.0,0.0,0.0,0.0,0.0,0.0,0.0,0.0,0.0,0.0720489528294475,0.0,0.0,0.0,0.0551428659535454,0.0,0.0707623402752454,0.0,0.0,0.0,0.078618708670074,0.0,0.0,0.0474107251478765,0.0,0.0,0.0,0.0448832757706639,0.0,0.0,0.0,0.0,0.0,0.0,0.0780611796712101,0.0,0.0,0.0,0.0,0.0,0.0,0.0,0.0,0.0,0.1329852023389305,0.0,0.0,0.0,0.0,0.0,0.0,0.0,0.0,0.0,0.0,0.0,0.0,0.0,0.0,0.0,0.0,0.0,0.0,0.0,0.0,0.0,0.0,0.0,0.0,0.0,0.0,0.0,0.0957432331755269,0.0,0.0,0.0,0.0251717006973211,0.0,0.0,0.0794880723550424,0.1119919581812569,0.0,0.0413991448286795,0.0499723161608729,0.0,0.0,0.0,0.0,0.0,0.0,0.0,0.0,0.0281420236899273,0.0,0.0,0.0,0.0,0.0556955302204685,0.0,0.0,0.0,0.3171910640850531,0.0,0.0884030378992422,0.0,0.060210435692993,0.0,0.0,0.0,0.0,0.0,0.0,0.0,0.0,0.0,0.0,0.0700376429563831,0.0,0.0656885429964398,0.0,0.0613959160250638,0.0,0.0700376429563831,0.0,0.0,0.0,0.1007272779921116,0.0,0.0,0.0,0.0,0.0,0.0,0.0,0.0,0.0,0.0,0.0,0.0,0.0,0.0716855863373946,0.0,0.0,0.0,0.0595264229500051,0.0,0.0,0.0,0.0,0.0,0.0,0.0,0.0,0.0,0.0,0.0,0.0430376100648815,0.150914190673683,0.0,0.0,0.0,0.0,0.0,0.0,0.0,0.0,0.0,0.0507620130712931,0.0,0.0,0.0,0.0,0.0,0.0,0.0,0.0,0.0,0.0,0.0,0.0,0.0,0.0,0.0,0.0,0.0,0.0,0.0,0.0,0.0,0.0528692413724754,0.0,0.0,0.0,0.0,0.0700376429563831,0.0,0.0,0.0364656276795042,0.0,0.0,0.0,0.0,0.0,0.0,0.0,0.0,0.0,0.1756189888203967,0.0503636389960558,0.0,0.0,0.0,0.0,0.0,0.0,0.0,0.0,0.0,0.0424778545212667,0.3136813783541305,0.0,0.0,0.0,0.1313770859928796,0.0,0.0,0.0,0.0,0.0,0.0,0.0,0.0,0.0,0.0534844843684715,0.0,0.0,0.0,0.0,0.0634382128170106,0.0,0.0,0.0,0.0,0.0,0.0,0.0,0.0,0.0,0.0,0.0826519122330258,0.0,0.0,0.0,0.0,0.150914190673683,0.0,0.0,0.0,0.0,0.0,0.0,0.0,0.0,0.0,0.0,0.0,0.0,0.0710204342208525,0.0,0.0,0.0,0.0,0.0,0.0,0.0,0.2341835390136303,0.0,0.0,0.0,0.0,0.0,0.0,0.0,0.0,0.0,0.0,0.0,0.0,0.0,0.0,0.0620559400534762,0.142040868441705,0.0,0.0649127032867261,0.0,0.0,0.0,0.0,0.0,0.0,0.0,0.1485234286572664,0.0,0.1561223593424202,0.0,0.0,0.0375443373720914,0.0,0.1298254065734522,0.0551986741872822,0.0,0.0,0.0620559400534762,0.0,0.0,0.0,0.1372447343658685,0.0433228935456982,0.0,0.0,0.0,0.0,0.0878094944101983,0.0,0.0,0.0,0.0,0.0,0.0620559400534762,0.0,0.0,0.0,0.0,0.0,0.0515809645847292,0.0,0.0,0.0,0.0,0.0,0.0,0.0,0.0,0.0,0.0,0.0,0.0,0.0,0.0,0.0,0.0,0.0411374948755045,0.0595264229500051,0.0,0.0,0.0,0.0,0.0,0.0,0.0,0.0,0.0,0.0,0.0,0.0,0.0,0.0,0.0,0.0,0.0,0.0,0.0,0.0,0.0477595546616872,0.0,0.3306076489321033,0.0,0.0,0.0463985611712136,0.0,0.0,0.0,0.0,0.0,0.0,0.0620559400534762,0.0620559400534762,0.0641631683546585,0.0,0.0989022820714466,0.0,0.0,0.0,0.0,0.0,0.0384468775030658,0.0,0.0,0.0,0.0,0.0,0.0690966855038338,0.0,0.0,0.0,0.0,0.0,0.0,0.0,0.0,0.0,0.08440640600341,0.0,0.0,0.0,0.0,0.0,0.0,0.0,0.0770487539793381,0.0,0.0656885429964398,0.0,0.0,0.0,0.0,0.0,0.0,0.0,0.0,0.111391060440937,0.0,0.0,finance
Dokumen_108,0.0,0.0264426360550575,0.0,0.0,0.0,0.0,0.0,0.0660204207152968,0.0,0.0,0.0,0.0,0.0,0.0,0.0,0.0,0.0551508579001686,0.0481962735708886,0.0,0.0,0.0,0.0,0.0,0.0,0.0,0.0,0.0,0.0,0.0,0.0,0.0,0.0419568626992157,0.0,0.0,0.0,0.0,0.0,0.0,0.0,0.0,0.0643369510115305,0.0,0.0,0.0,0.2259871825243871,0.0,0.0,0.0372775506613095,0.0,0.0,0.0,0.0,0.0,0.0,0.092038820883917,0.0,0.0,0.0,0.0,0.0,0.0,0.0,0.0,0.0,0.0,0.0,0.0,0.0,0.0894694762664146,0.0,0.5392211302159642,0.0,0.0,0.0,0.0,0.0,0.0,0.0,0.0,0.0,0.0,0.0528316251993797,0.0,0.1355928595659933,0.0,0.0,0.0,0.0502156725479315,0.0,0.0,0.075705944855845,0.0,0.0,0.0,0.0716700870920082,0.0,0.0,0.0,0.0705134590724616,0.0,0.0,0.0997191305577073,0.0,0.0,0.0,0.275754289500843,0.0,0.0,0.0,0.0,0.0,0.0,0.0,0.0,0.0,0.0,0.0430033901120173,0.0,0.0,0.0,0.0,0.0,0.0,0.0,0.0,0.0,0.0,0.0,0.0,0.0400711780854031,0.0307311351407745,0.0553427618672594,0.0643369510115305,0.0,0.0,0.0302827908919526,0.0,0.0,0.0,0.0407690139505992,0.0,0.0,0.0,0.0964666477794003,0.0,0.0,0.0,0.0178829937401792,0.0,0.0,0.0319185281372002,0.0453624707067181,0.0,0.0,0.0,0.0,0.0,0.0,0.0,0.0898749591766978,0.0,0.0,0.0,0.0,0.0355740835132676,0.0,0.0,0.0307311351407745,0.0,0.0,0.0,0.0,0.0,0.0,0.0,0.0,0.0,0.0,0.0,0.0,0.1470103353709681,0.0,0.0,0.0447347381332073,0.0441337258281459,0.0,0.0,0.0,0.0,0.0,0.0,0.0738400424883915,0.0,0.1286739020230611,0.0,0.0,0.0,0.0,0.0,0.0384078863774381,0.0,0.0,0.0,0.0,0.0,0.0,0.0,0.0,0.0,0.0,0.0,0.0,0.0,0.0372775506613095,0.0,0.0,0.0,0.0,0.0,0.0,0.0,0.0,0.0,0.0,0.0,0.0,0.0839137253984315,0.0,0.0,0.0,0.0,0.0,0.0,0.0,0.0972687800161807,0.0,0.0,0.0,0.0,0.0,0.0717974672389156,0.0,0.0,0.0,0.0,0.0,0.0,0.0,0.0,0.0,0.0,0.0,0.0,0.0,0.0,0.0,0.0337688644029884,0.0,0.0,0.0,0.0,0.0,0.0,0.0,0.0465829584277003,0.0,0.0430033901120173,0.0,0.0,0.0,0.0,0.0,0.0,0.0,0.0,0.0,0.0,0.0,0.040519522334225,0.0,0.0,0.0,0.0,0.0,0.0,0.0,0.0801423561708063,0.0,0.0,0.0,0.0,0.0,0.0,0.0,0.0,0.3320292834695091,0.0935825453804641,0.0,0.0,0.0481962735708886,0.0,0.0,0.0,0.0,0.0,0.040519522334225,0.0,0.0,0.0,0.0,0.0,0.0,0.0,0.0,0.0,0.0,0.2111671092218712,0.0467084084376462,0.0,0.0,0.0,0.0,0.0,0.0,0.0,0.0,0.0,0.0,0.0,0.0,0.0,0.0,0.040519522334225,0.0,0.0,0.0,0.0,0.0,0.0,0.0,0.0,0.149578695836561,0.0,0.0,0.0,0.0467084084376462,0.0,0.0,0.2206034316006744,0.0,0.0,0.0,0.0,0.0,0.0,0.0,0.0,0.0,0.0,0.0,0.0,0.0,0.0,0.0,0.0,0.0,0.0,0.0,0.0474327547813584,0.0,0.0,0.0,0.0,0.0479609544190758,0.0,0.2487678905635382,0.0,0.0,0.0,0.0,0.0,0.0,0.0,0.0,0.0,0.0,0.0369200212441957,0.0,0.0,0.0280430249522806,0.0474327547813584,0.0,0.0,0.0,0.0,0.0,0.0,0.0,0.0,0.0380209674436556,0.0,0.0,0.0860067802240346,0.0,0.0,0.0392150579302055,0.0,0.0,0.0,0.0,0.0,0.0,0.0,0.0,0.0392150579302055,0.0,0.036231023248508,0.0,0.0262755138955476,0.0,0.0,0.0,0.0,0.0,0.0,0.0,0.0,0.0,0.0,0.0572389983679753,0.0,0.0,0.0,0.0,0.0,0.0,0.0,0.0,0.0,0.0,0.0,0.0,0.0,0.0,0.0,0.0296358843064503,0.0,0.0,0.0882674516562918,0.0,0.0,0.0,0.0,0.0,0.0819651379738771,0.0,0.1263425638694923,0.0,0.0,0.0,0.0,0.0,0.0,0.0,0.0,0.0,0.0,0.0,0.0,0.0,0.0,0.0,0.0,0.0,0.0,0.0,0.0,0.0,0.0,0.0,0.0,0.0,0.0,0.0,0.0,0.0453624707067181,0.0820215074652098,0.0,0.0,0.0,0.0,0.0340541601195779,0.0,0.0,0.0,0.0,0.0,0.0,0.0,0.0451976198553311,finance
Dokumen_129,0.0,0.0,0.0641117702794212,0.0,0.0,0.0343662391299134,0.0,0.0,0.0,0.0,0.2202700475427483,0.0,0.0,0.0,0.0,0.0,0.0,0.0,0.0,0.0,0.0,0.0,0.0,0.0,0.0,0.0281182288482108,0.0,0.0,0.0,0.0,0.0,0.1750621140869151,0.0,0.0,0.0385115601795432,0.0306951882141809,0.1508217190162216,0.0,0.0,0.0,0.0,0.0,0.0,0.0,0.0,0.0,0.0,0.1166535056529544,0.0,0.0,0.0845324553038375,0.0,0.0,0.0,0.0,0.0,0.0,0.0,0.0,0.0,0.0,0.0,0.0,0.0,0.0466631519071502,0.0,0.0,0.0755857220651359,0.0,0.0,0.0,0.0,0.0,0.0,0.0,0.0,0.0,0.0,0.0,0.0,0.0,0.1102181550650571,0.0,0.1100073039740413,0.0,0.0,0.0901777332002352,0.0698404760746603,0.0,0.0,0.1105572406032346,0.0,0.0,0.0,0.0897115476893471,0.0,0.0,0.0,0.0,0.0,0.0,0.0,0.0,0.0,0.0,0.0,0.0,0.0,0.0,0.0,0.0,0.0,0.0,0.0,0.0,0.0,0.0,0.0,0.0,0.0,0.0,0.0,0.0,0.0,0.0,0.0,0.0,0.0,0.0991148293902846,0.0,0.0320558851397106,0.0,0.0,0.0,0.0,0.0,0.0,0.0,0.0,0.0637897114346585,0.0480032035447761,0.0,0.0,0.0503125538133219,0.0539758710339369,0.0,0.0,0.0,0.0,0.0,0.0,0.0,0.0,0.0,0.0,0.0,0.0,0.0,0.0,0.0562495597075779,0.0,0.0,0.0,0.0,0.0,0.0,0.0605363797928361,0.0,0.0,0.0,0.0,0.0,0.0,0.0,0.0443012388495797,0.0,0.0,0.0,0.0,0.0,0.0,0.0,0.033294463973026,0.0,0.0,0.0,0.0,0.0,0.0,0.0,0.0,0.0,0.0,0.0,0.0704491281328813,0.0,0.0,0.0,0.036136014163565,0.0,0.0,0.0,0.0,0.0,0.0,0.0,0.0,0.0,0.0,0.0,0.0,0.0,0.0,0.0,0.0,0.0,0.0,0.0,0.0,0.0,0.0,0.0,0.0,0.0,0.0,0.0,0.0,0.1214355972258785,0.0,0.0,0.1189798970677186,0.0,0.0,0.0,0.0,0.0,0.0,0.0,0.0845324553038375,0.0,0.0,0.0,0.0,0.0,0.0770231203590865,0.0,0.0,0.0,0.0,0.0,0.0385115601795432,0.0,0.0,0.0,0.0,0.0,0.0352245640664406,0.0,0.0,0.0,0.0,0.0,0.0,0.0,0.0728865672217717,0.0,0.0,0.0,0.0494774739743949,0.0,0.0460362313156932,0.0,0.0,0.0,0.0,0.0,0.0,0.0,0.0,0.0,0.0,0.1776107911930177,0.0,0.0,0.0,0.0,0.0,0.0,0.0,0.0,0.0,0.0,0.0,0.0,0.0,0.0,0.0,0.0,0.0,0.0,0.0178172373698801,0.0,0.0,0.0,0.0,0.0,0.0,0.0,0.0,0.0539758710339369,0.0,0.0,0.0454349065786488,0.0,0.0,0.0,0.0,0.0,0.0589322452039595,0.2080355952194161,0.0,0.0,0.0,0.0,0.0,0.0,0.0,0.0,0.0,0.0,0.0,0.660810142628245,0.0,0.0,0.0,0.0,0.0487219026917514,0.0283012176673351,0.0,0.0,0.0,0.104017797609708,0.0,0.0,0.0,0.0,0.0,0.0,0.0,0.0,0.0,0.0,0.0,0.0,0.0437655285217287,0.0,0.1244384826341243,0.0,0.0,0.0,0.0,0.0,0.0,0.0,0.0,0.0,0.0,0.0,0.0,0.0,0.0,0.0,0.0,0.0,0.0,0.0,0.0,0.1352824239692732,0.0,0.0,0.0,0.0,0.13121233441367,0.0,0.086592695466887,0.0,0.0,0.0,0.0,0.0,0.0,0.0,0.0,0.0,0.0,0.0413452771284682,0.0,0.0,0.0358258888034851,0.0,0.0,0.1374649565196536,0.0,0.0,0.0,0.0,0.0,0.0,0.0,0.0,0.0,0.0,0.0,0.0,0.0,0.0322954092872281,0.0,0.0,0.0274081921010783,0.0793199313784791,0.0,0.0,0.0,0.0,0.0,0.0,0.0,0.0466631519071502,0.0,0.0,0.0,0.0,0.0,0.0,0.0281182288482108,0.0,0.0,0.0,0.0,0.0,0.0,0.0,0.0,0.0,0.0,0.0,0.0,0.1079517420678738,0.0,0.0,0.0,0.0,0.0,0.0,0.0,0.0377928610325679,0.1537537250073979,0.0,0.0,0.0,0.0358258888034851,0.1419538338528871,0.0512310925825539,0.0,0.0,0.0,0.0400635638265324,0.0,0.0,0.0,0.0,0.0,0.0,0.0,0.0,0.0,0.0,0.0,0.0281182288482108,0.0,0.0,0.0,0.0,0.0,0.0,0.0,0.0513343619149712,0.0,0.0875310570434575,0.0,0.0,0.0,0.0,0.0,0.0,0.0,0.0,0.0,0.0,0.0942919748348926,finance
Dokumen_156,0.0,0.0,0.0,0.0,0.0,0.0794147890021154,0.0,0.0353642395127588,0.0345525408193049,0.0,0.0424173544346005,0.0,0.0,0.0,0.0,0.0,0.0,0.0,0.0354607476111257,0.0,0.0,0.0,0.0,0.0,0.0266877272040094,0.0866355379631938,0.0,0.0,0.0,0.0,0.0,0.0,0.0,0.0,0.0296646505721229,0.0,0.0,0.0318474035615698,0.0,0.0479261822665303,0.0516937181051294,0.0,0.0,0.0,0.0,0.0,0.0,0.0,0.0,0.0308601265710166,0.0,0.031179768204044,0.0,0.0,0.0,0.0,0.0,0.0,0.0,0.0,0.0,0.0,0.0,0.0,0.0359436514507868,0.0,0.0,0.0291110516277512,0.0359436514507868,0.0,0.0,0.0,0.0,0.0,0.0,0.0,0.0,0.0,0.0,0.0415764862831558,0.0,0.0282995810562333,0.0,0.1089467086840445,0.0,0.0,0.0463080164726239,0.1075933204932069,0.0,0.0,0.1094913432998473,0.0,0.0,0.0,0.1266887081995659,0.0,0.0369758652430467,0.0,0.0,0.0,0.0,0.0,0.0228388066454466,0.0,0.0,0.0,0.0,0.040793656762605,0.0479261822665303,0.0,0.0,0.0,0.0,0.0,0.0,0.0,0.0,0.0,0.0,0.0,0.0,0.0,0.0,0.0,0.0381114649678973,0.0,0.0,0.0,0.0,0.0321965550359392,0.0246919789023437,0.0,0.0,0.0,0.020979248574142,0.0,0.0424173544346005,0.084834708869201,0.0,0.0327572550680658,0.0,0.0,0.0,0.0645911825481829,0.0,0.0,0.0,0.0,0.0,0.0,0.0,0.0,0.0,0.0465897538016077,0.0,0.0393734897065367,0.0,0.0,0.0,0.0577704815829096,0.0359436514507868,0.0,0.0359436514507868,0.0,0.0,0.0,0.0,0.0,0.0,0.0,0.0,0.0,0.0927008458407172,0.0,0.0341243191462031,0.0238119622557075,0.0,0.0,0.0,0.0,0.0,0.0,0.0,0.0,0.0,0.0,0.0,0.0,0.0,0.0,0.0,0.0,0.0,0.0,0.0,0.0,0.0,0.0,0.0,0.0308601265710166,0.0,0.0,0.0,0.0,0.0,0.0,0.0,0.0,0.0,0.0,0.0,0.0305492433541712,0.0,0.0,0.0,0.0,0.0,0.0,0.0,0.0,0.0,0.0,0.0,0.0441742123278006,0.0,0.0,0.0337116726678602,0.0,0.0,0.0,0.0,0.0,0.0,0.0,0.026051306522567,0.0246919789023437,0.0,0.084834708869201,0.0,0.0,0.0,0.0,0.0,0.0254486944237951,0.0,0.0,0.0278348170843738,0.0,0.0,0.0,0.1186586022884919,0.0,0.0,0.0,0.0,0.0,0.0,0.0,0.0,0.0,0.0393734897065367,0.0,0.1109275957291402,0.0,0.1310003348404755,0.0,0.0,0.0,0.0,0.0,0.0,0.0,0.0,0.0,0.0,0.0258468590525647,0.0,0.4146304898316597,0.097670377552918,0.0,0.0,0.0,0.0,0.0674233453357205,0.0,0.0,0.0,0.0,0.0,0.0,0.0337116726678602,0.0,0.0,0.0,0.0,0.0,0.0,0.0,0.0,0.0,0.1372424586991467,0.0,0.0,0.0,0.0,0.2278975476234753,0.0,0.0,0.0,0.0,0.0,0.0,0.0349975597236022,0.0,0.0400613686512348,0.0,0.0,0.0,0.2269713890135705,0.0,0.0,0.0387249401863122,0.0,0.0,0.0,0.0381114649678973,0.0349975597236022,0.0,0.0,0.0,0.0364480246016789,0.0,0.0,0.0,0.0,0.2723656668162846,0.0,0.0,0.0,0.0,0.0774498803726244,0.0,0.0,0.0,0.0,0.0,0.0,0.0,0.0886256764339489,0.0,0.0,0.0,0.0,0.114334394903692,0.0,0.0,0.0479261822665303,0.0,0.0,0.0,0.0,0.0,0.0,0.0,0.0,0.0,0.0,0.0,0.0,0.0,0.0,0.0,0.0,0.0192679324930111,0.0,0.4330756045081786,0.0,0.026051306522567,0.0258468590525647,0.0,0.0,0.0,0.0202140242201957,0.0,0.0,0.0,0.0,0.0266877272040094,0.0965896651078177,0.0450642501363951,0.0381114649678973,0.0801227373024696,0.0,0.0291110516277512,0.0308601265710166,0.0318474035615698,0.0,0.1627839625881967,0.1379796699791508,0.0305492433541712,0.0,0.0264715963340384,0.0,0.0,0.0,0.0630173521824823,0.0,0.0501280590640277,0.0,0.0,0.0,0.0,0.0,0.0,0.0,0.0,0.0,0.0,0.0422239160242586,0.0,0.0,0.0,0.0,0.0,0.0359436514507868,0.0,0.0,0.0,0.0,0.0,0.0,0.0,0.0,0.0,0.0433177689815969,0.0,0.0,0.0,0.0,0.0,0.0,0.0337116726678602,0.2120867721730026,0.0393734897065367,0.0,0.0238119622557075,0.0,0.0,0.0,0.0,0.0,0.0718873029015737,0.0318474035615698,0.0,0.0,0.0,0.1015142430386285,0.0,0.0,0.0236438624759456,0.0,0.0,0.0,0.0,0.0,0.0709214952222514,0.0,0.0,0.0354607476111257,0.0,0.0,0.0,0.0415764862831558,0.0,0.0,0.1524458598715893,0.0718873029015737,0.0,0.0,0.0,0.0,0.0,0.0,0.0,0.0,0.0,0.0790835739425282,0.0,0.0,0.0,0.0,0.0,0.0,0.0,0.0,0.0,0.0,0.0,0.0,0.0847363289764791,finance
Dokumen_134,0.0,0.0,0.0,0.0,0.0,0.0660963568881701,0.0,0.0441501027444354,0.0,0.0,0.0,0.0,0.0,0.0,0.0,0.0,0.0,0.0,0.0,0.0,0.0,0.0,0.0,0.0,0.0,0.1351990016996709,0.0,0.0,0.0,0.0,0.0,0.0,0.0,0.0,0.1111035375295842,0.0,0.0,0.1192786406912146,0.0,0.0,0.0,0.0,0.0,0.0,0.0,0.0,0.0,0.0,0.0,0.0,0.0,0.0,0.0,0.0,0.0,0.0,0.0,0.0,0.0,0.0,0.0,0.0,0.0,0.0,0.0,0.0,0.0,0.0,0.0,0.0,0.0,0.0,0.0,0.0,0.0,0.0,0.0,0.0,0.0,0.0,0.0,0.0883257655524027,0.2163573152949276,0.1360133413962787,0.0,0.0,0.057812742853405,0.0335809296328586,0.0,0.0,0.0607525709325088,0.0,0.2118219514670003,0.0500141828695792,0.0287569361830647,0.0,0.0,0.0,0.0,0.0,0.0,0.3000850972174753,0.0,0.0,0.0,0.0,0.0,0.0,0.0,0.0,0.0,0.0,0.0,0.0,0.0,0.0,0.0,0.0,0.0,0.0,0.0,0.0,0.0,0.0,0.0,0.0,0.6884213422677512,0.0,0.0,0.0,0.0308264342884737,0.0,0.0,0.0,0.0,0.0303766996964513,0.0,0.0,0.0,0.0613431617704802,0.0,0.0,0.0,0.0645105312072781,0.0,0.0,0.0,0.0,0.0,0.0265246363022799,0.032017509463902,0.0,0.0,0.0,0.0,0.0,0.0,0.0,0.0,0.0721229335798602,0.0,0.0,0.0,0.0,0.0,0.0,0.0,0.0308264342884737,0.0,0.0,0.0,0.0285128614060249,0.0192885615749733,0.0,0.0,0.0,0.0,0.0,0.0,0.0,0.0,0.0,0.0640350189278041,0.0,0.0,0.0,0.0,0.0,0.0381388728114685,0.0,0.1527852001517341,0.0,0.0,0.0,0.0,0.0,0.0,0.0,0.0,0.0,0.0,0.034451845650604,0.0,0.1251636675098006,0.0,0.0,0.0,0.0,0.0,0.0,0.0,0.0,0.0,0.0,0.0,0.0,0.0,0.0,0.0,0.0,0.0,0.0,0.0,0.0,0.0,0.0,0.0,0.0,0.0,0.0,0.0,0.0,0.0,0.0,0.097570416509295,0.0,0.0,0.0,0.0,0.0,0.0,0.0,0.0,0.0635422952113493,0.0,0.0,0.0,0.0,0.0,0.0,0.0,0.0,0.0,0.0,0.0,0.0,0.0,0.0,0.0,0.0,0.0,0.0,0.0,0.0,0.0,0.0,0.0,0.0,0.0,0.0,0.0,0.0,0.0,0.0,0.0,0.0,0.0,0.0,0.0,0.0,0.0,0.0,0.0,0.0,0.0461621194754078,0.0,0.0,0.0,0.0812903517500754,0.0,0.0,0.0,0.0,0.0,0.0,0.0,0.0,0.0,0.0,0.0,0.051401659438599,0.0,0.0,0.0,0.0,0.0,0.0,0.0,0.0,0.0,0.0,0.0,0.0,0.0,0.0,0.0,0.0,0.0,0.0,0.0,0.0,0.0,0.0,0.0,0.0,0.0,0.0,0.0,0.0,0.0,0.0910062850589656,0.0,0.0,0.0,0.0,0.0,0.0,0.0,0.0,0.0,0.0,0.0,0.0,0.0,0.0,0.0,0.0,0.0,0.0,0.0,0.0,0.0,0.0,0.0,0.0,0.0,0.0,0.0,0.0,0.0,0.0415898891922386,0.0,0.0,0.0,0.0726867557776877,0.0,0.0,0.1474662234987463,0.0,0.0,0.0,0.0,0.0,0.0,0.0,0.0,0.0,0.0,0.0,0.0,0.0,0.0,0.0,0.1465556304976212,0.2498147243513528,0.0,0.0,0.0333180046936222,0.0,0.0281299881042963,0.0,0.0,0.0,0.0,0.0,0.0,0.0,0.0,0.0,0.0,0.0,0.0,0.0431367462801861,0.0397595468970715,0.0,0.0,0.0,0.0,0.0,0.0,0.0,0.0,0.0,0.0,0.0,0.0621135437610375,0.0,0.0,0.0,0.0,0.0,0.0,0.0,0.0,0.0,0.0,0.0,0.0,0.0,0.0,0.0,0.0,0.0,0.0,0.0270398003399341,0.0,0.0,0.0,0.0,0.0,0.0,0.0,0.0,0.0,0.0,0.0891833610410437,0.0,0.0,0.0,0.0,0.0,0.0,0.079519093794143,0.0,0.0,0.0,0.0211223933269371,0.0,0.0,0.0,0.034451845650604,0.0,0.1231655203202003,0.0,0.0,0.0,0.0,0.0,0.0,0.0,0.0,0.0,0.0,0.0,0.0,0.0,0.0,0.0,0.0270398003399341,0.0,0.0,0.0,0.0,0.0,0.0,0.0,0.0329103444898537,0.0,0.0,0.0,0.0,0.034159764172931,0.0,0.0,0.0,0.0,0.0,0.0,0.0,0.0302251869769508,finance
Dokumen_25,0.0,0.0,0.0,0.0,0.0,0.0,0.0,0.0,0.0,0.067024233853573,0.0,0.0,0.5853088397730418,0.0788594228819064,0.0,0.0,0.0,0.0,0.0,0.0,0.0,0.0,0.0767837225958274,0.0,0.0585521693092165,0.0,0.0,0.0580779838832809,0.0,0.0,0.0,0.0,0.0,0.0,0.0,0.0,0.0,0.0,0.1277377583072233,0.0,0.0,0.0,0.067024233853573,0.0,0.0,0.0,0.0,0.0,0.0,0.0,0.0,0.0,0.0,0.0,0.0,0.0,0.0,0.0,0.0,0.0,0.0,0.0484585281381713,0.0,0.2463525240810601,0.0,0.0,0.0,0.0,0.0,0.0,0.0,0.0,0.0730889576350187,0.0,0.0,0.0,0.0,0.0,0.0,0.0,0.0,0.0,0.0,0.0265584671343767,0.0,0.0,0.0,0.0,0.0,0.0644687631729164,0.0800737060619517,0.0,0.0,0.0,0.2274150133718407,0.0,0.0,0.0,0.0,0.0,0.0,0.0,0.0,0.0,0.0932273712017201,0.0,0.0,0.0,0.0,0.0811240727063632,0.0,0.0,0.0,0.1672310970780119,0.0,0.0,0.0,0.0,0.0,0.0,0.0567073267719052,0.0714287437474804,0.0,0.1756565079276495,0.0,0.0,0.0,0.0,0.0,0.0,0.0,0.0,0.0567073267719052,0.0,0.0,0.0,0.0,0.0,0.0,0.1437371065875128,0.0,0.0,0.0,0.0283422700444535,0.0,0.1699229939623775,0.0,0.0630491034306261,0.0,0.0,0.0,0.0,0.0,0.0,0.0,0.0,0.0,0.0,0.0,0.0,0.0,0.0788594228819064,0.0,0.0,0.0,0.0,0.0,0.0,0.0,0.0,0.0,0.0,0.0338972016318035,0.0,0.0,0.1044856337838614,0.0,0.1002154783209677,0.0567073267719052,0.0650834606304258,0.0,0.0,0.0,0.0,0.0,0.0,0.0,0.0,0.0,0.0,0.0,0.0,0.0,0.0,0.0,0.0,0.0,0.0,0.0,0.0,0.0,0.0,0.0,0.0549898194593806,0.0,0.0,0.0684075887373067,0.0,0.0,0.0,0.0,0.0,0.0,0.0,0.0,0.0,0.0,0.0,0.0,0.0,0.0,0.0,0.0788594228819064,0.0,0.0,0.0,0.0,0.0,0.0,0.0,0.0,0.0,0.0,0.0,0.0,0.0,0.0811240727063632,0.0,0.0,0.0,0.0,0.0,0.0,0.0,0.0650834606304258,0.0,0.0,0.0,0.0,0.0644687631729164,0.0,0.0811240727063632,0.0,0.0,0.0,0.0,0.0,0.0,0.0,0.0,0.0,0.0,0.0,0.0,0.0,0.0616042293291548,0.0,0.0,0.0,0.0,0.0,0.0,0.0,0.1516147257239362,0.0,0.0,0.0595285290430758,0.0,0.0,0.0,0.0,0.0,0.0,0.0,0.0,0.0,0.0,0.0,0.0,0.0632831113706749,0.0,0.0788594228819064,0.0,0.0,0.0,0.0,0.0,0.0,0.0,0.0,0.0,0.0,0.0,0.0,0.0,0.0,0.0,0.0,0.0,0.0,0.0,0.0,0.0,0.0,0.0,0.0,0.0,0.0,0.0,0.0,0.0,0.0,0.0,0.0,0.0,0.0,0.0,0.0,0.1672310970780119,0.0,0.0,0.0,0.0,0.199081064958763,0.0,0.0,0.0,0.0478282670776742,0.0,0.0,0.0,0.0,0.0,0.0,0.0,0.0,0.0,0.1265662227413499,0.0,0.0,0.0,0.0,0.0,0.0,0.0,0.0,0.0,0.0,0.0,0.0,0.0,0.0,0.0,0.0,0.0,0.0,0.0,0.0,0.0,0.0,0.0,0.0,0.0,0.0422733354903242,0.0,0.0,0.0,0.0,0.0,0.0,0.0,0.0,0.0886980715528065,0.0,0.0,0.0,0.0,0.0,0.0,0.0,0.0,0.0,0.0,0.0,0.0,0.0,0.0,0.0,0.0,0.0,0.0,0.0,0.0,0.0,0.0,0.0,0.0,0.0,0.0811240727063632,0.1210895020934614,0.0,0.0,0.0,0.0,0.0,0.0,0.0,0.0,0.0,0.0,0.0,0.0,0.0,0.0,0.0,0.0,0.1314274433818459,0.0,0.0,0.0,0.0,0.0788594228819064,0.0,0.0,0.0,0.0600314548787861,0.0,0.0,0.0,0.0,0.0,0.0,0.0,0.0,0.0,0.0,0.0,0.0,0.0,0.0,0.0,0.0,0.0,0.0,0.0,0.0,0.0,0.1646773083663548,0.0,0.0,0.0,0.0,0.0,0.0,0.0,0.0,0.0,0.0,0.0,0.0,0.0,0.0,0.0,0.1428574874949609,0.0,0.0,0.0,0.0,0.0,0.0,0.0,0.0,0.0,0.0,0.0,0.0,0.0,0.0,0.0,0.0,0.0,0.0,0.0788594228819064,0.1800943646363584,0.0,0.0,0.0,0.0,0.0,0.0,sport
Dokumen_146,0.0,0.0,0.0,0.0,0.0597675060109686,0.0,0.0,0.0320939364343392,0.0,0.0,0.0,0.0,0.0,0.0,0.0,0.0,0.0,0.0,0.064363039919748,0.0,0.0,0.0,0.0,0.0,0.0,0.0,0.0,0.0480472783673803,0.0,0.0,0.0,0.0,0.0,0.0,0.1076856647195946,0.0,0.0,0.0,0.0,0.0,0.0,0.0,0.0,0.0,0.0,0.0488394728845315,0.0,0.0543642404148477,0.0,0.0,0.0,0.0,0.0,0.0,0.0,0.0,0.0,0.0,0.1465184186535945,0.0,0.0,0.0,0.0,0.0,0.0,0.0,0.0,0.0,0.0,0.0,0.0,0.0,0.0,0.0,0.0,0.0,0.0,0.0,0.0,0.0,0.0,0.0256825812756274,0.0,0.1757722259754494,0.0,0.0,0.0,0.0244109108257696,0.0,0.0,0.0883254637488411,0.0,0.0,0.0727133984318531,0.0627126478446499,0.0,0.0,0.0,0.0514171474988635,0.0,0.0,0.0,0.0414535824219083,0.0,0.0,0.0,0.0,0.0,0.0869884305951294,0.0,0.0,0.0,0.0,0.0,0.0,0.0,0.0,0.0,0.0,0.0,0.0,0.0,0.0,0.0,0.2766969008131392,0.0,0.0,0.0,0.0,0.0584383662685767,0.0,0.0,0.0,0.0,0.0,0.0441633341053003,0.2309688932706874,0.3079585243609166,0.0,0.0891840975292551,0.0,0.0,0.0,0.0,0.0,0.0,0.14808507634849,0.026079915492875,0.0,0.0,0.0465488345279033,0.0661549972989795,0.0,0.0,0.0,0.0,0.0,0.0,0.0,0.1048563288366001,0.0,0.0,0.0,0.0,0.0,0.0,0.0423178148802455,0.0,0.0,0.0,0.0,0.0,0.0,0.0,0.0,0.0,0.0,0.0,0.0,0.0,0.0,0.0,0.0,0.0,0.128726079839496,0.0,0.0,0.0,0.0,0.0,0.074042538174245,0.0538428323597973,0.0,0.0469133487890249,0.0,0.0,0.0,0.0,0.0,0.0,0.0,0.0,0.0,0.0,0.0,0.0,0.0,0.0,0.0,0.1323099945979591,0.0,0.0554484127375169,0.0,0.0,0.0,0.0,0.0,0.0,0.0,0.0,0.0,0.0,0.0,0.0801784165031426,0.0,0.0,0.0,0.0,0.0,0.0,0.0,0.0,0.0,0.0,0.0,0.0,0.0,0.0,0.0,0.0,0.0523534231851331,0.0,0.0,0.0923813199353015,0.0,0.0,0.0,0.0,0.0627145989269527,0.0,0.0,0.0,0.0,0.0,0.0,0.0,0.0492472984510179,0.0,0.0,0.0,0.0714648635599129,0.0,0.0,0.0,0.0,0.0,0.0627145989269527,0.0,0.0691742252032848,0.0,0.0,0.0,0.0,0.0,0.0,0.0,0.0,0.0,0.2954610770550041,0.0,0.0,0.0496633634727495,0.0,0.0,0.0,0.0,0.0,0.0,0.0,0.0,0.0,0.0,0.0,0.0,0.0,0.2075226756098544,0.0454924738476922,0.0,0.0,0.0702877135709193,0.0498203926482706,0.0,0.0,0.0,0.0,0.3545532924660048,0.0,0.0,0.0,0.0,0.0,0.0,0.0,0.0,0.0,0.1572761441660488,0.0,0.0,0.0,0.0,0.0,0.0,0.0727133984318531,0.0,0.0,0.0,0.0,0.0,0.0,0.0,0.0,0.0,0.0,0.0,0.0,0.0,0.0,0.0,0.0,0.0,0.0702877135709193,0.0,0.0,0.0,0.0,0.0,0.0,0.0,0.0,0.0,0.0,0.0,0.0,0.0,0.0,0.0,0.0,0.0,0.0,0.0786380720830244,0.0,0.0,0.0,0.0,0.0,0.0,0.0,0.0,0.0,0.0,0.0,0.0,0.0,0.0,0.0,0.0604656921309271,0.0,0.0,0.0,0.0,0.0,0.0,0.0,0.0,0.1614197906246056,0.0,0.0,0.0,0.0,0.0,0.0,0.0,0.0,0.0528380224401962,0.0,0.0,0.0,0.1181844308220016,0.0,0.0,0.0,0.0,0.0,0.0578046387868744,0.0,0.0,0.2390700240438746,0.0,0.0,0.0,0.0,0.0,0.0702877135709193,0.0,0.0,0.0,0.0,0.0,0.0,0.0,0.0,0.0,0.0,0.0,0.0,0.0,0.0,0.0652395346696713,0.0,0.0,0.0,0.0,0.0,0.0,0.0393119643834327,0.0,0.0,0.0,0.0,0.0,0.0,0.0,0.0,0.0,0.0,0.172879635143483,0.0,0.0,0.0,0.0,0.0,0.1304790693393427,0.0578046387868744,0.0,0.0,0.0528380224401962,0.0921267276816845,0.0,0.0,0.0429147992333602,0.0500880077564716,0.0,0.0,0.0968791335273528,0.0,0.0,0.0,0.0,0.0,0.0,0.0,0.0,0.0,0.0,0.0,0.0691742252032848,0.0,0.0,0.0,0.0,0.0,0.0,0.0,0.0,0.0,0.0,0.0478468877050437,0.0671130546034726,0.0,0.0,0.0,0.0496633634727495,0.0,0.0,0.0,0.0,0.0,0.0,0.0571898313966366,0.0659145847407935,finance
Dokumen_82,0.0,0.0,0.0,0.0,0.0,0.0,0.0,0.0878393856574954,0.0,0.0,0.0,0.0905313427787886,0.0946630753385624,0.0892785566782841,0.0,0.0,0.0,0.0,0.0,0.0,0.0,0.0,0.0869286088994961,0.1053582490698632,0.0,0.0,0.088079097077515,0.0,0.0,0.0,0.0,0.0,0.0,0.0,0.0,0.0,0.0,0.0,0.0,0.0,0.0,0.0,0.0,0.0,0.0,0.0,0.0,0.0,0.0,0.0,0.0,0.0,0.0,0.0,0.0,0.0,0.0,0.0,0.0,0.0,0.0,0.0548610082704852,0.0,0.0,0.0,0.0,0.0,0.0,0.0,0.0,0.0,0.17615819415503,0.1654913619275775,0.0,0.2231880228939697,0.0946630753385624,0.0,0.0,0.0,0.0,0.0932174740273566,0.0702918498628308,0.0,0.0902023446289572,0.0,0.1127524733881946,0.0,0.1336227118578862,0.0,0.0,0.0302177581483521,0.0,0.0,0.0,0.0572137198034172,0.0,0.0,0.0,0.0,0.0,0.0,0.0,0.0567281177971484,0.0,0.0527724198303122,0.0,0.0,0.0,0.0,0.0,0.0,0.0,0.0905313427787886,0.0946630753385624,0.1100663421396266,0.0905313427787886,0.0,0.0,0.0,0.1053582490698632,0.3209983095400714,0.0,0.0,0.0,0.0,0.0,0.0,0.0,0.0632106816029507,0.0,0.0,0.0,0.0,0.0,0.0,0.0,0.0,0.0,0.0,0.1220460499355572,0.0,0.0,0.0,0.0,0.0,0.0,0.0,0.0356896661707478,0.0,0.0,0.0,0.0,0.0,0.0,0.0,0.0,0.0,0.0946630753385624,0.0,0.0,0.0892785566782841,0.0,0.0,0.0,0.0,0.0,0.0,0.0,0.0,0.0,0.0,0.0,0.0,0.0,0.0,0.0,0.0,0.0567281177971484,0.0,0.0,0.0,0.0,0.0,0.0,0.0,0.0,0.0,0.0,0.0,0.0,0.0,0.0,0.0,0.0,0.0,0.0,0.1836848371039766,0.0,0.0,0.0,0.0774457961409918,0.0,0.0,0.0,0.0,0.0,0.0,0.0,0.0,0.0,0.107614096438353,0.0,0.0,0.0,0.0858232497090252,0.0,0.0,0.0,0.0,0.0,0.0,0.0,0.0892785566782841,0.0,0.0,0.1893261506771248,0.0,0.0,0.0,0.0,0.0,0.0,0.0,0.0,0.0,0.0,0.0,0.0,0.0,0.0,0.0,0.0,0.0,0.0,0.0,0.0,0.0,0.0,0.0,0.0,0.0,0.0,0.0,0.0,0.0,0.0,0.0,0.0,0.0,0.0,0.0,0.0,0.0,0.0,0.0,0.0,0.0,0.0,0.0,0.0,0.0,0.0,0.0,0.0,0.0,0.0,0.0,0.0,0.0,0.0,0.084759612282949,0.0679629833824875,0.0,0.0,0.1836848371039766,0.0541474753056805,0.0,0.0,0.0,0.0,0.0,0.0892785566782841,0.0,0.0,0.0,0.0,0.0,0.0,0.0,0.0,0.0,0.0,0.0,0.0,0.0,0.0,0.0,0.0791041007010866,0.0,0.0,0.0,0.0,0.0,0.1582082014021733,0.0,0.0,0.0,0.0,0.0,0.0,0.0,0.0,0.0,0.0,0.0,0.0,0.0,0.0,0.0,0.0,0.0,0.0,0.0,0.0,0.0,0.0,0.0,0.0,0.0,0.0,0.0,0.0,0.0,0.0,0.0,0.0,0.0,0.0,0.0,0.0,0.0,0.0,0.0,0.0,0.0,0.0,0.0,0.0,0.0,0.0,0.0,0.0,0.1419926868359012,0.3913137662322827,0.0,0.1100663421396266,0.0,0.0,0.0,0.0,0.099506339155217,0.0,0.0,0.0,0.0918424185519883,0.0,0.0703629898719526,0.0,0.0,0.0,0.0,0.0,0.0,0.0,0.0552246655315859,0.0,0.0,0.0,0.0,0.0,0.0,0.0,0.0,0.0,0.0,0.0,0.0,0.0,0.137088195433354,0.0,0.0,0.0,0.0,0.0,0.0,0.0,0.0,0.0622552325888165,0.0,0.0,0.0,0.0,0.0,0.0668355111687545,0.0782627532464565,0.0617893864999799,0.0,0.0,0.0524388887577581,0.0,0.0905313427787886,0.0,0.0,0.0,0.0,0.0,0.0,0.0,0.0,0.0,0.0946630753385624,0.0892785566782841,0.0,0.0,0.0,0.0,0.0,0.0,0.0,0.0,0.0,0.0,0.0,0.0,0.0,0.0,0.0,0.0,0.0,0.0,0.0,0.0,0.0,0.0,0.0,0.0,0.0,0.0,0.0977977526072945,0.0,0.0,0.0,0.0,0.0,0.0,0.0,0.0,0.0,0.0,0.107614096438353,0.0,0.0,0.0,0.1617322296833908,0.0716442580837257,0.0,0.0,0.0,0.0,0.0,0.0,0.0,0.0,0.0,0.0,0.0,0.0,0.0,0.0,0.0,0.0,0.0,0.0892785566782841,0.1359259667649751,0.0716442580837257,0.0,0.0837346612688523,0.0,0.0,0.0902023446289572,sport
Dokumen_139,0.0,0.0,0.0,0.0,0.0,0.0,0.0,0.0,0.0,0.0,0.0,0.0,0.0,0.0,0.0,0.0,0.0,0.0,0.0,0.0,0.0,0.0,0.0,0.0,0.0,0.0288490669091481,0.0,0.0,0.0,0.0,0.0,0.0,0.0,0.0,0.0,0.0,0.0,0.0,0.0,0.0,0.0,0.0,0.0,0.0,0.0,0.0,0.0830612693384407,0.0,0.0,0.0,0.0,0.0415306346692203,0.0,0.0,0.0,0.0,0.0,0.0,0.0,0.0,0.0,0.0,0.0,0.0,0.0,0.0,0.0,0.0,0.0,0.0,0.0,0.0,0.0,0.0,0.0797903454478051,0.0,0.0,0.0,0.0,0.0,0.0,0.0,0.0,0.0644951834316458,0.0,0.0,0.0,0.0179139356369243,0.0524444571221154,0.0,0.0,0.0,0.0,0.0,0.0153405492203674,0.0,0.0,0.0,0.0,0.0,0.6651038810411724,0.0,0.0,0.0,0.0,0.0,0.0,0.0,0.0,0.0,0.0,0.0,0.0,0.0,0.0,0.0,0.0,0.0,0.0,0.0,0.0,0.0,0.0,0.0,0.0,0.0,0.0,0.0,0.0,0.0,0.0,0.0,0.0,0.0,0.0,0.0,0.0,0.0,0.0,0.0,0.0,0.0,0.0,0.017206752710327,0.0,0.0,0.0,0.01913873394116,0.0,0.0,0.0,0.0,0.0,0.0,0.0944655742465771,0.0,0.0,0.0,0.0,0.0192371921239424,0.0,0.0,0.0,0.0,0.0,0.0,0.0,0.0,0.0,0.0,0.0,0.0,0.0,0.0,0.0,0.0,0.0,0.0,0.0,0.0,0.0,0.0349769736471949,0.0,0.0,0.0,0.0,0.0,0.0,0.0,0.0,0.0,0.0,0.0,0.0,0.0,0.0,0.0,0.0,0.0,0.0,0.0415306346692203,0.0,0.0,0.0,0.0,0.0,0.0,0.0,0.0,0.0,0.0,0.08138158416448,0.0,0.0398951727239025,0.0,0.0,0.0,0.0,0.0,0.0,0.0,0.0,0.0,0.0,0.0,0.0,0.0,0.0,0.1770706199387405,0.0,0.0,0.0,0.0,0.0,0.0,0.0,0.0,0.0,0.0,0.0,0.0,0.0,0.0,0.0,0.0,0.0,0.0,0.0,0.0,0.0,0.0,0.0,0.0,0.0,0.0,0.0,0.0,0.0,0.0,0.0,0.4195556569769239,0.0,0.0,0.0,0.0,0.0,0.0,0.0,0.0,0.0,0.0,0.0,0.0,0.0,0.0,0.0,0.0,0.0,0.0,0.0,0.0,0.0,0.0,0.1796122604241374,0.0,0.0,0.0,0.0,0.0,0.0,0.0898061302120687,0.0,0.0,0.0,0.0,0.0,0.0,0.0,0.0,0.0,0.0182803360693379,0.0,0.0,0.0,0.0,0.0,0.0,0.0,0.0,0.0,0.0,0.0,0.0,0.0,0.0,0.0,0.0,0.0499882634245214,0.0,0.0,0.0,0.0,0.0,0.0,0.0,0.0,0.0,0.0,0.0,0.0,0.0,0.0,0.0,0.0,0.0,0.0,0.0,0.0,0.0,0.0,0.0,0.0,0.0,0.0,0.0,0.0,0.0,0.0384195354284396,0.0,0.0,0.0,0.0,0.0,0.0,0.0,0.0,0.0,0.0,0.0,0.0,0.0,0.0,0.0,0.0,0.0387751583679875,0.0,0.0,0.0,0.0,0.0,0.0,0.0,0.0,0.0,0.0,0.0,0.0,0.0,0.0,0.0,0.0,0.0,0.0,0.0,0.0,0.0,0.0,0.0,0.0857699362005914,0.0300122004886209,0.0,0.0,0.0,0.0,0.0411048803852417,0.0,0.0,0.0,0.0,0.0,0.0,0.0,0.0460230794619493,0.0,0.0,0.0,0.0,0.0333846309254349,0.0,0.0,0.0,0.0,0.0,0.0,0.0,0.0331348189964266,0.0,0.0,0.0,0.0,0.0,0.0,0.0,0.0,0.0,0.0,0.0,0.0,0.0,0.0,0.0,0.0,0.0,0.0,0.0,0.0,0.0,0.0,0.0,0.0,0.0,0.0,0.0,0.0,0.0,0.0,0.0,0.0,0.0,0.0,0.0,0.0,0.4666189822854304,0.0,0.0,0.0,0.0,0.0,0.0,0.0,0.0,0.0,0.0,0.0,0.0,0.0,0.0,0.0,0.0,0.0,0.0,0.0,0.0,0.0,0.0,0.0,0.0,0.1547418184388443,0.0,0.0,0.0,0.0,0.0,0.0,0.0,0.0,0.0,0.0492508841290272,0.0,0.0,0.0,0.0364454363507333,0.0,0.0,0.0,0.0,0.0,0.0,0.0,0.0,finance
Dokumen_53,0.0,0.0,0.0,0.0,0.0,0.0,0.0,0.0541297450751087,0.0,0.0,0.0,0.0,0.0,0.1650498399150675,0.0,0.0,0.0,0.0,0.0542774637546068,0.1032005366273139,0.0,0.0,0.0535684921318895,0.0,0.040849171086116,0.0,0.0,0.0405183535977273,0.2094060049202988,0.0,0.0,0.0,0.0,0.0522318794832052,0.0,0.0,0.0,0.0,0.0445583964250096,0.0,0.0,0.0,0.0,0.0,0.0,0.0,0.0477248465579746,0.0,0.0,0.0,0.0,0.0,0.0,0.0,0.0,0.0,0.0,0.0,0.0,0.0,0.0535684921318895,0.1690364959873439,0.0,0.0286448151634344,0.0,0.0,0.0,0.0,0.0,0.0418812009840597,0.0,0.0,0.0509908235708837,0.0,0.0,0.0583347446905208,0.0,0.0,0.0,0.0,0.0,0.0216581655566723,0.0,0.0741145122755598,0.0,0.0,0.0,0.0617572909490307,0.0,0.0449769080741169,0.0372425087691176,0.0,0.0,0.0,0.1057713704818041,0.0,0.0,0.0,0.0,0.0,0.0,0.0,0.0,0.0,0.0650404738382334,0.0,0.0,0.0,0.0,0.0,0.0,0.0,0.0,0.0,0.0,0.0,0.0,0.0,0.0,0.0,0.039562108807764,0.0498325682588824,0.0,0.2859441976028125,0.0,0.0,0.0,0.0,0.0,0.0,0.0,0.0340313977005576,0.0,0.0,0.0,0.1117290498944048,0.0,0.0,0.0449769080741169,0.0,0.0,0.0,0.0,0.0,0.0,0.0,0.0,0.0219932381946647,0.0,0.0,0.0,0.0,0.0,0.0,0.0542774637546068,0.0,0.0,0.6416821915957295,0.0,0.0,0.0,0.0550166133050225,0.0,0.0472355918659595,0.0,0.0,0.0,0.0,0.0,0.0,0.0,0.0,0.0709455826385663,0.0,0.0,0.0364474244151222,0.0,0.0699157566270697,0.0,0.0908115087633578,0.0,0.0401937199773122,0.0,0.0,0.0,0.0,0.0,0.0,0.0,0.0,0.0,0.0,0.0,0.0,0.0,0.0,0.0,0.0498325682588824,0.0,0.0,0.0,0.0,0.0,0.0383638824930316,0.0,0.0,0.0,0.0281555604714193,0.0,0.0,0.0,0.0,0.0,0.0,0.1057746611840179,0.1673658736081434,0.0,0.0,0.0,0.1417067755978787,0.0,0.0,0.0550166133050225,0.0,0.0,0.0,0.0,0.0,0.0,0.0,0.0,0.0,0.0,0.0,0.0,0.0,0.0,0.0,0.0,0.0,0.0,0.0,0.0,0.0,0.0,0.0,0.0,0.0,0.0,0.0899538161482339,0.0454057543816789,0.0,0.0,0.0,0.0,0.0522318794832052,0.0,0.0583347446905208,0.0,0.0830606652519932,0.0,0.0,0.0,0.0,0.0286448151634344,0.0,0.0,0.0,0.0,0.0,0.0,0.0,0.0,0.0528873305920089,0.0344884607373493,0.0,0.0415303326259966,0.0,0.0,0.0,0.0,0.0,0.0,0.0,0.0,0.0333675948757859,0.0,0.0,0.0,0.044149733028517,0.0,0.1650498399150675,0.0462965851846279,0.0,0.0,0.0,0.0,0.0,0.0,0.0,0.063020435942238,0.0,0.0,0.0,0.0,0.0,0.0,0.0,0.0,0.0,0.0,0.0,0.0,0.0,0.0,0.0,0.0,0.0,0.0,0.0,0.0,0.0,0.0,0.0,0.0,0.0,0.0,0.0,0.0,0.0,0.0,0.0,0.0,0.0462965851846279,0.0,0.0,0.0,0.1668379743789299,0.0803874399546245,0.0,0.0,0.0,0.0,0.0,0.0,0.0,0.0,0.1324491990855511,0.0,0.0528873305920089,0.0,0.0,0.0,0.0,0.0,0.0,0.0,0.0,0.0,0.0,0.0,0.0,0.0,0.0,0.0445583964250096,0.0,0.0,0.0,0.0,0.0,0.0,0.0,0.0,0.0294921731201036,0.0,0.0,0.0,0.0,0.0,0.0,0.0,0.0,0.0309402942932366,0.0,0.0,0.0,0.0,0.0,0.0,0.0344884607373493,0.0,0.0,0.0,0.0445583964250096,0.0,0.0,0.0,0.0,0.0,0.0,0.0,0.0405183535977273,0.0528873305920089,0.0,0.0,0.0,0.0,0.0383638824930316,0.0,0.0844786084974278,0.0,0.0,0.0,0.0,0.0,0.0,0.0,0.0,0.0,0.0,0.0,0.0,0.0,0.0,0.0,0.0,0.0916909174067234,0.0,0.0,0.0351974323600666,0.0,0.0550166133050225,0.0,0.0,0.0,0.0,0.0,0.0,0.0,0.0,0.0,0.0,0.0,0.0,0.0,0.0,0.0,0.0,0.0,0.0492811761373612,0.0,0.0,0.0,0.0,0.0,0.0,0.0,0.1148878277751437,0.0,0.0361901249976581,0.0,0.0,0.0,0.0,0.0,0.0,0.0,0.0,0.0,0.0,0.0,0.0,0.0,0.0,0.0,0.0,0.0,0.0,0.0,0.0,0.0,0.0,0.0,0.1008040839978491,0.0,0.0,0.0806987276057616,0.0,0.0,0.097493505294801,0.0,0.0,0.0550166133050225,0.1256436029521792,0.0,0.0542774637546068,0.0,0.0,0.0,0.0,sport
Dokumen_66,0.0,0.0416255520153504,0.0,0.0,0.0,0.0259315274893816,0.0362214901547442,0.0173213722643352,0.0338476059689558,0.0299259830734071,0.0,0.0357044184251469,0.0,0.0,0.0,0.0,0.0,0.0,0.0,0.0,0.0,0.0330238930613932,0.0,0.0,0.0,0.0,0.0,0.0,0.0,0.0,0.0453632484790685,0.0,0.0379348807791682,0.0334281207989847,0.0,0.0231614845592731,0.0,0.0,0.0,0.0,0.0,0.0,0.0,0.0308658416328076,0.0,0.0,0.0,0.0,0.0352103354064192,0.0,0.0,0.0,0.0,0.0,0.0,0.0296295645005432,0.0,0.0,0.0,0.0,0.0,0.0216364889152377,0.0,0.1099951620759616,0.0,0.0,0.0,0.0285171330812097,0.0,0.0536074849135716,0.0,0.0694745673716343,0.0,0.0,0.0,0.0,0.0,0.0362214901547442,0.0,0.0,0.0,0.0,0.0,0.0355746657092132,0.0,0.0,0.0,0.0658738878276452,0.0,0.086354934829591,0.0357525067346547,0.0,0.0,0.0,0.2256436863542189,0.0265791886024362,0.0,0.0,0.0,0.1337124831959389,0.0,0.0,0.0,0.0347372836858171,0.1665022080614017,0.0,0.0,0.0,0.0,0.0,0.0,0.1002843623969542,0.0357044184251469,0.0,0.0,0.0357044184251469,0.0676952119379116,0.0296295645005432,0.0,0.0,0.1012781439514348,0.0318925745725309,0.0,0.0,0.0,0.0,0.0,0.0,0.0,0.0,0.0,0.0871196429880201,0.0506390719757174,0.0,0.020551233640844,0.0238353295189316,0.0,0.0,0.0575699565530606,0.0641778946426421,0.0,0.0,0.1743566255847071,0.0,0.0,0.0,0.0,0.056302214693882,0.0,0.0832511040307008,0.0251228045203597,0.0,0.0322570346908022,0.0,0.0,0.0,0.5933100920851356,0.0,0.1151399131061213,0.099035752192343,0.0,0.0704206708128384,0.0,0.0604610474112673,0.1680003681096747,0.0,0.0228392869928437,0.0,0.0637851491450619,0.0,0.0444432519997451,0.0447457066719875,0.0151349299193092,0.0,0.0,0.0,0.0,0.1789828266879501,0.0,0.0,0.0,0.0,0.0,0.0,0.0,0.0,0.0652677034344627,0.0,0.0,0.0,0.0,0.0,0.0305436440663782,0.0759586079635761,0.0,0.0,0.0,0.0,0.0,0.0,0.0610872881327565,0.0,0.0,0.0,0.0,0.0,0.1221745762655131,0.054058219955747,0.0,0.0,0.0,0.1197039322936284,0.0,0.0,0.0,0.0,0.0,0.0,0.0,0.0,0.0,0.0,0.0,0.0,0.0,0.0,0.0,0.0,0.0,0.0,0.0,0.0,0.0,0.0367637946709857,0.0,0.0,0.0,0.0,0.0318925745725309,0.0,0.0,0.0,0.0,0.0,0.0290594375974511,0.0,0.0272669360501401,0.0,0.0,0.0,0.0,0.0,0.0,0.0,0.0,0.0334281207989847,0.0,0.0,0.0,0.0,0.0,0.0352103354064192,0.0,0.0,0.1099951620759616,0.0275059783328847,0.0,0.0,0.0746678431481555,0.1028506370279123,0.0347372836858171,0.0,0.0311976584449634,0.0,0.1545070003557692,0.0,0.0531583772048724,0.0,0.0,0.0,0.0334281207989847,0.0,0.0,0.0,0.0362214901547442,0.0,0.0630793731849322,0.0,0.0,0.0847667721431356,0.0,0.0,0.0,0.0,0.0,0.0,0.0,0.0990716791841797,0.0,0.0,0.0,0.0,0.0,0.0,0.0888886935016296,0.0,0.0338476059689558,0.0311976584449634,0.0,0.0,0.0,0.0660477861227864,0.0,0.0,0.0,0.0,0.0,0.0,0.0,0.0392440436660006,0.0,0.0,0.0,0.0,0.0,0.0,0.0,0.0,0.0,0.0,0.0,0.0,0.0,0.0,0.0357044184251469,0.0,0.0367637946709857,0.0213550805239166,0.0,0.0,0.0,0.0,0.0,0.0,0.0,0.0,0.0,0.0,0.0,0.0,0.1015428179068674,0.0,0.0,0.0,0.0,0.0,0.0,0.0623953168899269,0.0357044184251469,0.0,0.0,0.0,0.1120002454064498,0.0,0.0,0.0,0.0,0.0,0.0,0.0,0.0,0.0,0.0,0.0377496630578034,0.0,0.0,0.0277502747106187,0.051039624713195,0.0253195359878587,0.0,0.0,0.0,0.0594048637780505,0.1609945284689085,0.0653397322410151,0.0,0.0581188751949023,0.0,0.0,0.0,0.0,0.0,0.0,0.0285171330812097,0.0302305237056336,0.0,0.0652677034344627,0.0,0.0270329266122826,0.0,0.0,0.0,0.0,0.0,0.0,0.0,0.0,0.0,0.0,0.0,0.0,0.1261587463698645,0.0,0.0,0.0,0.0,0.0,0.0,0.0413624711285163,0.0,0.0357044184251469,0.0367637946709857,0.0,0.0784880873320013,0.0,0.0,0.0,0.0,0.0,0.0450523332641983,0.0373339215740777,0.0,0.0,0.0,0.0,0.0,0.0,0.0560001227032249,0.0,0.0352103354064192,0.0240103731010262,0.0330238930613932,0.0,0.0,0.0,0.0,0.0,0.0,0.0,0.0,0.0367637946709857,0.0,0.0,0.0,0.0,0.0285171330812097,0.0662954448912493,0.0,0.0,0.0,0.0,0.0,0.0773142781549924,0.0261432488954212,0.0,0.0347372836858171,0.0,0.0,0.0,0.0,0.0,0.0,0.0,0.0,0.1130223628575142,0.0,0.0,0.0,0.0,0.0352103354064192,0.0,0.0,0.0,0.0,0.0,0.0,0.0258233749332834,0.0,0.0,0.0,0.0299259830734071,0.0,0.0,0.0268037424567858,0.0,0.0,0.0330238930613932,0.0,0.0,0.0830075533214975,sport
Dokumen_178,0.0,0.0262691117361954,0.0457942026531839,0.0,0.0,0.0,0.0,0.0218623917957056,0.0,0.0,0.0262226711040111,0.0,0.0,0.0,0.0,0.7902024005987718,0.0,0.0,0.0,0.0,0.0,0.0,0.0,0.0,0.0,0.0803379388534453,0.0,0.0,0.0,0.0,0.0,0.0,0.0,0.0,0.0183388706282365,0.0146167821543684,0.0,0.0196882620390519,0.0179966323336684,0.0,0.0,0.0219220536995674,0.0188857313623353,0.0,0.0,0.0332694524238829,0.0385510514558166,0.0,0.0222205878427522,0.0,0.0,0.0,0.0,0.0176703179814789,0.0,0.0,0.0,0.0,0.0,0.0,0.0,0.0136543857648718,0.0,0.1272624853977384,0.0,0.0,0.0,0.0,0.0,0.0,0.0,0.0,0.0,0.0225323944470497,0.0,0.0,0.0,0.0,0.0719865293346738,0.0,0.0,0.0349899524055925,0.0,0.0823185363774753,0.212046692213553,0.0,0.0,0.0332574284027055,0.0,0.0,0.090250968339387,0.0213605946384403,0.0,0.0,0.0498398368993891,0.0,0.0228587087992392,0.0,0.0,0.0,0.0,0.0,0.0141190916561058,0.0,0.0,0.0,0.0,0.0,0.0,0.0,0.0,0.0,0.0,0.0,0.0,0.0,0.0,0.0,0.0,0.0,0.0,0.0,0.0,0.0,0.0,0.0,0.0,0.0151524999256707,0.0314650808753554,0.0398082192839889,0.0610589368709119,0.0549795864623199,0.0,0.0,0.0129695013444843,0.0,0.0,0.0,0.0,0.0,0.0,0.0,0.0183388706282365,0.0399306689150449,0.0,0.0,0.0,0.0088828201500092,0.0,0.0,0.0,0.0,0.0203568146858095,0.0,0.0,0.1217046754275498,0.0,0.0,0.0,0.0089285173383729,0.0444411756855044,0.0,0.0,0.0,0.0,0.0166347262119414,0.0,0.0,0.0,0.0247661861075652,0.0,0.0,0.0286541183903005,0.0,0.1476710574439989,0.0,0.0,0.0,0.0,0.0,0.0,0.0162337888835719,0.0158545347057151,0.0,0.0219220536995674,0.0,0.0,0.0,0.0,0.0,0.0,0.0183388706282365,0.0,0.0,0.0167736316144787,0.0,0.0,0.0,0.0,0.0,0.0192755257279083,0.0,0.0,0.0154947382202388,0.0,0.0,0.0,0.0113717124180012,0.0,0.0225323944470497,0.0,0.0,0.0,0.0,0.0,0.0,0.0,0.0,0.0,0.0,0.0,0.0,0.0,0.0136543857648718,0.0,0.0,0.0,0.0,0.0273944709126204,0.0,0.0,0.0,0.0,0.0,0.0,0.0,0.0,0.0,0.0,0.0179966323336684,0.0,0.0,0.0,0.0314650808753554,0.0366777412564731,0.0990647444302608,0.0344153124763694,0.0,0.0,0.0,0.0,0.0,0.0210958653491427,0.0,0.0,0.0,0.0,0.0,0.0495323722151304,0.0335472632289574,0.0,0.0,0.0,0.0,0.0231386337086797,0.0,0.0,0.0,0.0,0.0,0.0,0.0,0.0,0.0,0.0,0.0,0.0,0.0,0.0201268106832987,0.0444411756855044,0.0,0.0,0.0,0.0,0.0,0.0269535883253316,0.0,0.0,0.0,0.0,0.0208407647416662,0.0,0.0,0.0,0.0,0.0,0.0154947382202388,0.0,0.0228587087992392,0.0,0.0084844137592841,0.0,0.0450647888940994,0.0,0.0,0.0402536213665974,0.0,0.0,0.0,0.0,0.0,0.0,0.0,0.0,0.0,0.0267841301651381,0.0,0.0,0.0,0.0,0.0,0.0,0.0,0.0,0.0,0.0,0.0,0.0,0.0,0.0,0.0,0.0,0.0201268106832987,0.0,0.0,0.0,0.0,0.0,0.0,0.0,0.0,0.0,0.0,0.0,0.0,0.0232009470938073,0.3362140944008848,0.0,0.0,0.0,0.0,0.0,0.0,0.0,0.0,0.0389577172398784,0.0,0.0,0.0,0.0,0.0,0.0,0.0,0.0,0.0,0.0,0.0,0.0,0.0235607435792836,0.0,0.0,0.0219220536995674,0.0,0.0714693308934477,0.0,0.0,0.0350253645556236,0.0644203158708844,0.0159786882760954,0.0,0.0572337638747091,0.0,0.0249928698232214,0.0,0.0274897932311599,0.0,0.0,0.0,0.0,0.0278589984129619,0.0235607435792836,0.0,0.0194788586199392,0.0,0.0,0.0,0.0,0.0,0.0,0.0,0.0438441073991349,0.0,0.0,0.0,0.0,0.0194788586199392,0.0,0.0154947382202388,0.0,0.0,0.0,0.0,0.0,0.0,0.0,0.0153787935374019,0.0359932646673369,0.0,0.0,0.0188857313623353,0.0,0.0,0.0,0.0,0.0,0.0,0.0,0.0,0.0,0.0284316896519979,0.0,0.0,0.0,0.0,0.0133896564755742,0.0169153433757672,0.0247661861075652,0.0,0.0,0.0666617635282566,0.0,0.0,0.0,0.0,0.0,0.0,0.0,0.0,0.0657661610987023,0.0,0.0,0.0,0.0,0.0,0.0,0.0,0.0104594555815547,0.0,0.0,0.0,0.0682399089359868,0.0,0.1219790076842596,0.0,0.0,0.0,0.0190779212915697,0.0,0.0,0.0,0.0,0.0,0.0,0.0,0.0,0.0,0.0,0.0,0.0,0.0,0.0,0.0,0.0,0.0,0.0,0.0,0.0651866066571734,0.0,0.0208407647416662,0.0,0.0188857313623353,0.0,0.0,0.0,0.017831577810055,0.0,0.0,0.0,0.0,0.1197360529126913,finance
Dokumen_110,0.0,0.0444475086832422,0.0,0.0,0.0,0.0,0.0,0.0,0.0,0.0,0.0,0.0,0.0,0.0,0.0,0.0,0.0,0.0,0.0,0.0,0.0,0.0,0.0,0.0,0.0,0.0906215449445431,0.0,0.0,0.0,0.0,0.193754392007094,0.0,0.0,0.0713886839953218,0.1241179556697799,0.0,0.0,0.0,0.0,0.0,0.0,0.0,0.0639095617047578,0.0,0.0,0.0,0.0,0.0,0.0,0.0,0.0,0.0,0.0,0.0,0.386770846325175,0.0,0.0,0.0,0.1125842617251296,0.0,0.0,0.0,0.0,0.0391507194081413,0.0,0.0,0.0,0.0,0.0,0.0,0.0,0.0,0.0,0.0,0.0,0.0,0.0,0.0,0.0,0.0,0.0,0.0,0.0,0.1012970919035874,0.0,0.0,0.1453157940053205,0.0281358930700877,0.0,0.0,0.1272543567270265,0.0,0.0,0.0,0.0,0.0,0.0,0.0,0.0592631456614785,0.1427773679906437,0.0,0.0,0.0477791906545177,0.0,0.0,0.0,0.0,0.0,0.0,0.0,0.0,0.0,0.0,0.0,0.0,0.0,0.0,0.0,0.0,0.0,0.0,0.0,0.0,0.0,0.0,0.0,0.0,0.0512762577419847,0.0,0.0,0.0516560600528408,0.0,0.0,0.0,0.0,0.0,0.0,0.0,0.0,0.0,0.0,0.0732155188506855,0.0620589778348899,0.1891762675200866,0.0,0.0,0.0,0.0300595794569791,0.0,0.0444475086832422,0.0,0.0,0.0,0.0,0.0,0.0,0.0,0.0,0.0,0.0302142193395145,0.0,0.0,0.0,0.0,0.0,0.0,0.0975506012805906,0.0,0.0,0.0,0.0,0.0,0.0323219703493989,0.0,0.0,0.0,0.0,0.0,0.0540720899153961,0.0,0.2471101271568453,0.0,0.0,0.0,0.0,0.0,0.0,0.0,0.0,0.0,0.0,0.0,0.0,0.0,0.0,0.0,0.0,0.0,0.0,0.0,0.0,0.0,0.0,0.0,0.0,0.0,0.0,0.0,0.0,0.1524998344667331,0.0,0.0,0.0,0.0,0.0,0.0,0.0,0.0,0.0,0.0,0.0,0.0,0.0,0.1386198595391973,0.0,0.0,0.0,0.0,0.0,0.0,0.1278191234095156,0.0,0.0,0.0,0.2179991906694775,0.0516560600528408,0.0,0.0,0.0,0.0,0.0,0.0,0.0,0.0,0.0,0.0,0.0582309335576896,0.0,0.0,0.0,0.0,0.0,0.0713886839953218,0.0751947596101333,0.0,0.0,0.0,0.0,0.0838090974008871,0.0,0.0,0.0,0.0,0.0,0.0391507194081413,0.0,0.0722845313694494,0.0838090974008871,0.0,0.0,0.0,0.0,0.0,0.0,0.0471376073276352,0.0,0.0,0.0,0.0,0.0,0.0,0.0572417430116978,0.0,0.0,0.0,0.0,0.0,0.0,0.0681093903437372,0.0,0.0,0.0,0.1265530676862056,0.0,0.0,0.0,0.052434396602736,0.0,0.0,0.0,0.0287113670248994,0.0,0.0,0.0,0.0,0.0,0.0,0.0,0.0,0.0,0.0,0.0,0.0,0.0,0.0,0.0,0.0,0.0,0.0,0.0,0.0,0.0,0.0,0.0,0.0,0.0,0.0,0.0,0.0,0.0,0.0,0.0,0.1362187806874744,0.0,0.0,0.0,0.0,0.0,0.0,0.0,0.0,0.0,0.0,0.0,0.0,0.0,0.0,0.0,0.0,0.0,0.0,0.0,0.0,0.0,0.28210168082517,0.0659167120947187,0.0,0.0,0.0,0.0,0.0,0.0,0.0,0.0,0.0,0.0,0.0,0.0,0.0,0.0,0.0,0.0,0.0,0.2418531496133566,0.0,0.0,0.0,0.0,0.0,0.0,0.0,0.0,0.0,0.049116848087083,0.0465129097478755,0.0,0.0620589778348899,0.0,0.0,0.0942752146552705,0.1594597282679984,0.0,0.0,0.0,0.0,0.0,0.0,0.0,0.0,0.0,0.0,0.0,0.0,0.0,0.0,0.0,0.0,0.0,0.0,0.0,0.0,0.0,0.0,0.0,0.0,0.1040840765619981,0.0609008389741386,0.0,0.0,0.0,0.0,0.0,0.0,0.0,0.0,0.0,0.0,0.0,0.0,0.0962132092913659,0.0,0.0,0.0,0.0,0.1812430898890862,0.0,0.0,0.0,0.0,0.0751947596101333,0.0,0.0,0.0,0.0,0.0,0.0,0.0,0.0869787504971889,0.0,0.0,0.0,0.0,0.0666253360012126,0.0,0.0688877268936324,0.0609008389741386,0.0,0.0,0.0,0.0494633818038223,0.0577311858778368,0.0,0.0412778555869404,0.0,0.0,0.0,0.0,0.0,0.0,0.0,0.0,0.0,0.0,0.0,0.0,0.0,0.0,0.1620265304549515,0.0,0.0,0.0,0.0,0.0,0.0,0.0,0.0,0.1102961643515944,0.077354169265035,0.0,0.0,0.0,0.0572417430116978,0.0,0.0,0.0,0.0,0.0,0.0,0.0659167120947187,0.2025941838071749,finance
Dokumen_165,0.0,0.0,0.0596615295199232,0.0,0.0,0.0,0.0,0.0213620446136035,0.0,0.0,0.0,0.0,0.0,0.0,0.0,0.0,0.4282802469335754,0.0,0.0428406821657965,0.0,0.0,0.0,0.0,0.0,0.0,0.0,0.0,0.0,0.0,0.0,0.0,0.1221827923550078,0.0,0.0,0.0716766538966598,0.0571290379216927,0.0,0.0,0.0,0.0,0.0624519869574128,0.0428406821657965,0.0,0.0,0.0,0.0325080409129227,0.0,0.0,0.0,0.0,0.0,0.0,0.0,0.0,0.0446711194037457,0.0,0.0,0.0,0.0650160818258455,0.0,0.0,0.0,0.0,0.0,0.0,0.0,0.0,0.1055085462923485,0.0,0.0,0.0,0.0,0.0,0.0,0.0,0.0,0.0,0.0,0.0,0.0,0.0,0.051283747768825,0.0,0.1316202176819984,0.0,0.0,0.0,0.0487444381139398,0.0,0.0,0.0293951553898691,0.0417434633779725,0.0,0.0,0.0417421647181062,0.0,0.0,0.0467842041178729,0.0342237668795199,0.0,0.0,0.0483987641866829,0.0,0.0,0.0,0.0,0.0,0.0,0.0,0.0,0.0,0.0,0.0,0.0,0.0,0.0,0.0,0.0,0.0,0.0,0.0,0.0,0.0,0.0,0.0,0.0,0.0,0.0296114334098964,0.1537248229084465,0.0,0.0,0.0268606561857575,0.0,0.0,0.0,0.0881866687222716,0.0,0.0,0.0,0.0,0.0,0.1691243906236107,0.0,0.0156067229749632,0.0,0.0,0.0,0.0347181044255892,0.0,0.0,0.0309833691460912,0.0,0.0,0.0,0.0,0.0,0.0,0.0,0.0,0.0523450647572204,0.0,0.0,0.0,0.0,0.0,0.0,0.0563343204266325,0.0298307647599616,0.0,0.0,0.0,0.0,0.0186655562403534,0.0,0.0412261220969865,0.0,0.0,0.0,0.0,0.0,0.3805418152541768,0.0634490362480472,0.0,0.0,0.0,0.0407275974516692,0.0,0.0,0.0,0.0,0.0,0.0358383269483299,0.0,0.0312259934787064,0.0,0.0,0.0,0.0,0.0,0.0,0.0,0.0,0.0,0.0,0.0,0.0,0.0,0.0,0.0,0.0,0.0,0.0,0.0,0.0361853813570861,0.0,0.0,0.0,0.0,0.0,0.0,0.0,0.0,0.0,0.0,0.0,0.0,0.0407275974516692,0.0753375283725583,0.0,0.0,0.0,0.0,0.0,0.0,0.0,0.0298307647599616,0.0,0.0,0.0,0.0,0.0348469613269085,0.0,0.0,0.0307449645816893,0.0,0.0,0.0336276765772589,0.0,0.0,0.0,0.0358383269483299,0.0,0.0,0.0434240858249194,0.0,0.0,0.0327794936829398,0.0,0.0,0.0,0.0,0.0,0.0,0.0,0.0904363127697193,0.0,0.0417434633779725,0.0,0.0,0.0,0.0,0.0906798618425856,0.0,0.0,0.0,0.0312259934787064,0.0,0.2504607802678353,0.0,0.0,0.0,0.0,0.0,0.0,0.0,0.026336722975367,0.0,0.0,0.0393323687329245,0.0,0.0,0.0,0.0,0.0,0.0,0.0,0.0,0.0,0.0,0.0,0.0165804754520683,0.0,0.0,0.0,0.0,0.0,0.0,0.0,0.0,0.0,0.0,0.0,0.0,0.0,0.0,0.0,0.0,0.0,0.0,0.0,0.0,0.1871368164714918,0.0,0.0,0.0,0.0,0.0,0.0,0.0,0.0,0.0,0.0,0.0393323687329245,0.0,0.0,0.0,0.0,0.0,0.0,0.0,0.0,0.0,0.0,0.0,0.0,0.0,0.0,0.0,0.0,0.0,0.0,0.0446711194037457,0.0,0.0,0.0407275974516692,0.0,0.0579003681596458,0.0,0.0,0.0,0.0402465685546521,0.0,0.0,0.0,0.0,0.0,0.0492834528733692,0.0951354538135442,0.0460430551399405,0.0,0.0,0.0,0.0,0.0,0.0,0.0,0.0684475337590399,0.062945979310762,0.0,0.0,0.0,0.0,0.0244208778789936,0.0,0.0,0.0,0.0,0.0,0.03889716021372,0.0272214116620533,0.0,0.0,0.0,0.0,0.0,0.0,0.0,0.0393323687329245,0.0,0.0,0.0428406821657965,0.0,0.0,0.0,0.0,0.0380661229338092,0.0,0.0,0.0,0.0333390781928336,0.0,0.0,0.0,0.0,0.0,0.0300536626293476,0.0351695154307828,0.0,0.0,0.0369070172827096,0.0,0.0,0.0,0.0,0.0,0.0,0.0,0.0434240858249194,0.0,0.0,0.0,0.0,0.0,0.0,0.0261664361031372,0.0,0.2903925851200977,0.0,0.0,0.0,0.0592228668197928,0.0,0.0,0.0,0.1935950567467318,0.0287676029261337,0.0,0.0,0.0,0.0,0.0,0.0,0.0,0.0,0.0397818489004063,0.0703390308615657,0.0817606266890029,0.0,0.0,0.0285645189608463,0.0,0.0,0.0238374742198707,0.0,0.0,0.0,0.0,0.0428406821657965,0.0,0.0,0.0428406821657965,0.337714848545015,0.0,0.0,0.0,0.0,0.0,0.0467842041178729,0.0,0.0434240858249194,0.0,0.0,0.0,0.0,0.0,0.0,0.1592368315224194,0.0,0.0814551949033385,0.0,0.0,0.0330564307166556,0.0,0.0,0.0,0.0,0.0,0.0,0.0,0.1608691549446648,finance
Dokumen_94,0.0,0.0,0.0330323209985017,0.0,0.0440513950401923,0.0,0.0494654014867042,0.0236547041465046,0.0,0.0408680250670611,0.0,0.0,0.0,0.0,0.0,0.0,0.0,0.0,0.0,0.0,0.0,0.0,0.0,0.0,0.0,0.0289747220260915,0.047438514449175,0.0,0.0,0.0913013467531925,0.0619497234700142,0.0,0.0,0.0456506733765962,0.0,0.0316301766674412,0.0,0.0,0.0389440476105606,0.0,0.0691545824175565,0.0,0.0,0.0,0.0,0.0,0.0417115256759391,0.0,0.0,0.0,0.0435536748746453,0.0,0.0,0.0382379154058201,0.0,0.0,0.0,0.0,0.0,0.0,0.0,0.0295475864295627,0.0,0.0500711486508688,0.0,0.0,0.0,0.0389440476105606,0.0,0.0,0.0,0.047438514449175,0.0,0.0487592692819637,0.120206820917119,0.0,0.0,0.0,0.0389440476105606,0.0,0.0,0.0189292411367622,0.0,0.1943282967700913,0.0,0.0,0.0,0.053975884950572,0.0,0.0,0.0488249404491757,0.0,0.0,0.0,0.1232589326476339,0.0,0.0,0.0,0.0378967975658311,0.0913013467531925,0.0,0.0,0.0916595784386686,0.0,0.1989588561409195,0.0,0.0,0.0,0.0,0.0,0.0,0.0,0.0,0.0,0.0,0.0,0.0,0.0,0.0,0.0,0.0,0.0,0.0,0.0,0.0,0.0,0.0,0.0327894501361994,0.0340446363786496,0.0,0.0,0.0,0.0,0.0,0.0,0.032550404171249,0.0,0.0,0.0,0.0,0.0,0.0,0.0,0.0172816985146693,0.0,0.0,0.0,0.1922209469106223,0.0,0.0568453874688341,0.0343086274684591,0.0,0.0,0.0,0.0,0.0,0.0,0.0,0.0,0.0579629451561567,0.0,0.0,0.0,0.0,0.0,0.0359969330692236,0.0,0.0,0.0,0.0,0.1213866847636703,0.0305531928128895,0.0,0.0,0.0,0.0318550564110549,0.0,0.0916595784386686,0.0345772912087782,0.1190539159152298,0.0,0.0,0.0,0.0,0.0,0.0,0.0,0.0,0.0408680250670611,0.0961690626155488,0.0,0.0,0.0417115256759391,0.0,0.0,0.0462235377800675,0.0,0.0435536748746453,0.0744734649662562,0.0,0.0,0.0,0.0,0.0,0.1190539159152298,0.0,0.0,0.0984318624972363,0.0,0.0,0.0,0.0,0.0,0.0,0.0,0.0,0.0,0.0,0.0,0.1238517509244415,0.0,0.0,0.0,0.0,0.0,0.0,0.0,0.0,0.0,0.0,0.0,0.0400689403057063,0.0,0.0,0.0,0.0,0.0494654014867042,0.0,0.0,0.0,0.0,0.0,0.0,0.0,0.1190539159152298,0.0,0.0,0.0,0.0,0.0,0.0,0.0494654014867042,0.0,0.0,0.0,0.182602693506385,0.0362975192294272,0.0,0.0,0.1088925576882818,0.0,0.0,0.0,0.0,0.0500711486508688,0.0751263548632617,0.0,0.0,0.0,0.0468188731055708,0.047438514449175,0.0,0.0,0.0,0.0,0.0,0.0,0.0,0.0,0.0,0.0,0.0366041782463074,0.0,0.0,0.0,0.0,0.0430717580473926,0.0,0.0,0.0,0.0,0.0,0.0,0.0,0.0,0.0,0.0335300411640487,0.2705918705095311,0.0,0.0,0.0,0.0,0.0975185385639275,0.0426046718076025,0.0,0.0,0.0,0.0852093436152051,0.0509845788189639,0.0,0.1036105417019148,0.0450986450849218,0.0,0.1278140154228077,0.0,0.0,0.0,0.0,0.0,0.0535931119235362,0.0,0.0,0.0,0.0,0.0,0.0,0.0,0.0,0.0,0.1019691576379278,0.0,0.0,0.0,0.0,0.0,0.0,0.0,0.0291632847622663,0.1405172780018107,0.0545727489163359,0.0,0.0,0.0,0.0,0.0,0.0,0.0,0.0,0.0,0.0,0.0,0.0,0.0,0.0,0.0,0.0,0.0,0.0,0.0,0.0,0.0,0.0,0.0,0.4636668359794332,0.0,0.0,0.0,0.0,0.0,0.0,0.0,0.0,0.0,0.1546569921197023,0.0,0.0,0.0378967975658311,0.0348507959968375,0.0345772912087782,0.0,0.1651356678992554,0.0,0.0270418235554872,0.2198600597008878,0.0,0.0,0.0,0.0,0.0,0.0,0.0509845788189639,0.0,0.0,0.0,0.0,0.0,0.0445659902547932,0.0,0.0,0.0,0.047438514449175,0.0354130493512499,0.0,0.0,0.0,0.0,0.0,0.0,0.0494654014867042,0.0369171605730314,0.0,0.0430717580473926,0.0,0.0359969330692236,0.0,0.0,0.0,0.0,0.0564861145169171,0.0408680250670611,0.0,0.0,0.0,0.0535931119235362,0.0,0.0,0.0,0.1923381252310977,0.0,0.0307625630986702,0.1019691576379278,0.0,0.0,0.0,0.0,0.0,0.0,0.0382379154058201,0.0,0.0,0.0,0.0,0.0,0.0,0.0,0.0,0.0,0.0,0.0,0.0,0.0,0.0,0.0,0.0,0.0,0.0389440476105606,0.0679016265815294,0.0,0.0,0.0632603533348825,0.0369171605730314,0.0,0.0,0.0,0.0,0.047438514449175,0.0,0.0,0.0,0.0,0.0,0.0,0.0,0.0435536748746453,0.0771737514364886,0.0,0.0,0.0,0.0,0.0480845313077744,0.0,0.0,0.0,0.0,0.0,0.0,0.0352653522359087,0.0,0.0,0.0,0.0408680250670611,0.0,0.0,0.0,0.0,0.0,0.0450986450849218,0.0,0.0,0.0647760989233637,sport
Dokumen_170,0.0,0.0,0.1248990272519993,0.0,0.0832817105080676,0.0,0.0,0.0,0.0,0.0,0.0,0.0,0.0,0.0,0.0,0.0,0.0,0.0,0.0,0.0,0.0,0.0,0.0,0.0,0.0,0.0547783880539313,0.0,0.0,0.0,0.0,0.0,0.0,0.0,0.0,0.0,0.0597986786600839,0.0,0.0,0.0,0.0,0.0,0.0,0.0,0.0,0.0,0.0680542842358138,0.0,0.0,0.0,0.1560992662774265,0.0,0.0,0.0,0.0,0.0,0.0,0.0,0.0,0.0,0.0,0.0,0.0,0.0,0.0473312014630112,0.0,0.0,0.0,0.0,0.0,0.0,0.0,0.0,0.0,0.0,0.0,0.0,0.0,0.0,0.0,0.0,0.0,0.0357868253445975,0.0,0.0612314810172919,0.0,0.0,0.0,0.0,0.4979056744816285,0.0,0.0615375828219421,0.0,0.0,0.0,0.0873855533144385,0.2744902390372045,0.0,0.0,0.0,0.0,0.0,0.0,0.0577625783841493,0.0,0.0,0.0,0.0863052387144431,0.0,0.0,0.0,0.0,0.0,0.0,0.0,0.0,0.0,0.0,0.0,0.0,0.0,0.0,0.0,0.0,0.0,0.0,0.0,0.0,0.1239807044235555,0.0,0.0,0.0,0.1124634200948936,0.0,0.0,0.0,0.0,0.0,0.0,0.0,0.0414238699703682,0.0,0.0,0.0,0.0653441014284895,0.0,0.0,0.0,0.0,0.0,0.0537347466360478,0.0,0.0,0.0,0.0,0.0,0.0,0.0,0.0,0.0,0.0,0.0,0.0,0.0909065879215955,0.0,0.0,0.0,0.0,0.0,0.0,0.1013208782234951,0.0573721373114198,0.0,0.0781511917745626,0.0,0.0,0.0,0.0,0.0,0.0,0.0,0.0,0.0,0.0,0.0909065879215955,0.0,0.0,0.0,0.0,0.0,0.0,0.0,0.0,0.0,0.0,0.0,0.0,0.0,0.0,0.0,0.0,0.0,0.1395880551259667,0.0832817105080676,0.0,0.0,0.0,0.0,0.0,0.0,0.0,0.0,0.0,0.1870344057445792,0.0,0.0,0.0,0.0,0.0,0.0,0.0780496331387132,0.0,0.1095764837992251,0.0,0.0,0.0,0.0,0.255784791889679,0.078858052123523,0.0,0.1793705113622084,0.0,0.0,0.0,0.0,0.0,0.0,0.0,0.0,0.0,0.0,0.0,0.0,0.0,0.0,0.0,0.0,0.0,0.0,0.0,0.0,0.0,0.0,0.0,0.0909065879215955,0.0,0.0,0.0686225597593011,0.0,0.0,0.0,0.0,0.0,0.0,0.0,0.0473312014630112,0.0,0.0,0.0,0.0,0.0,0.0,0.0,0.0,0.0,0.0,0.0,0.0,0.0,0.0,0.0,0.0,0.0,0.0,0.0,0.0,0.0551348768142168,0.0,0.0921822190925032,0.0,0.0,0.0,0.0,0.0,0.0,0.0,0.0,0.1267809647798935,0.0,0.0,0.0,0.0,0.0,0.0,0.0,0.0,0.0,0.0,0.0,0.0,0.0,0.0,0.0,0.0,0.0,0.0,0.0,0.0,0.0,0.0,0.0,0.0,0.0,0.0,0.0,0.0805465965501122,0.0,0.0,0.0,0.0,0.0,0.0,0.0,0.0,0.0,0.0,0.0,0.0,0.0,0.0,0.0,0.0,0.0,0.0,0.0,0.0,0.0949173330504586,0.0,0.0,0.0,0.0,0.0,0.0,0.0,0.0,0.0852615972965596,0.0,0.0,0.0,0.0,0.0,0.0842545825284003,0.0,0.0,0.0,0.0,0.0,0.0,0.0,0.0,0.0,0.0,0.0,0.0,0.0974626632823605,0.0,0.0,0.0,0.0,0.1307407383568776,0.0,0.0780496331387132,0.0,0.0,0.0593797372610837,0.1124634200948936,0.0,0.0,0.0,0.0,0.0,0.0,0.0,0.0,0.0,0.0,0.0,0.0,0.0,0.0,0.0,0.0,0.0,0.0,0.0,0.0,0.0,0.0832817105080676,0.0,0.0,0.0,0.0,0.0814296501053743,0.0,0.0,0.0,0.0,0.2945038990166748,0.0,0.0533951334870473,0.0,0.0,0.0,0.0,0.0,0.0,0.0,0.0,0.0909065879215955,0.0,0.0,0.0,0.0,0.0,0.0,0.0,0.0,0.0,0.0,0.0,0.0,0.0619903522117777,0.0,0.0,0.0,0.0,0.0602238268237159,0.0,0.0,0.0,0.0,0.0,0.0909065879215955,0.0,0.0805465965501122,0.0832817105080676,0.0,0.0427906509569127,0.0,0.0,0.0,0.0,0.0,0.0998055988897249,0.0,0.0,0.0,0.0780496331387132,0.0,0.0,0.0,0.0,0.0,0.0,0.0823407417441205,0.0,0.0,0.0,0.0979408612568341,0.0,0.0,0.0,0.0,0.0,0.0,0.0,0.0921822190925032,0.0666711883516133,0.0,0.0,0.0,0.0,0.0,0.0,0.0,0.0,0.0,0.0,0.0,0.0,0.1530787025432298,finance
Dokumen_74,0.0,0.0,0.1114205282897837,0.0,0.0,0.0,0.0,0.119683671304612,0.0,0.0,0.0,0.0,0.0,0.0,0.0,0.0,0.0,0.0,0.0,0.0,0.0,0.0,0.0,0.0,0.0,0.0,0.0,0.0,0.0,0.0,0.0522402809414154,0.0,0.0,0.0,0.0,0.0533454944680596,0.0,0.0,0.0,0.0,0.0,0.0,0.0689254767071713,0.071090157449157,0.0,0.0607101950172802,0.0,0.0,0.0,0.0,0.0734549271259892,0.0703480725256456,0.0,0.0,0.0,0.0,0.0,0.0,0.0,0.0,0.0,0.1494993807649445,0.0,0.1266703413380141,0.0,0.0,0.0,0.1313612312833835,0.0,0.0617343370755262,0.0,0.0,0.0,0.0,0.0,0.1719748578036261,0.0,0.0,0.0,0.0,0.0,0.0,0.0,0.0819355135866758,0.0,0.0,0.0,0.0606882535479325,0.0,0.0,0.0274483722513833,0.0,0.0,0.0,0.1299255450504177,0.0612171449946675,0.0,0.0,0.0,0.0,0.0,0.0,0.0,0.0,0.1438078579817831,0.0,0.0,0.0,0.0,0.0,0.0,0.0,0.0,0.0,0.0,0.0,0.0,0.0682427659207156,0.0,0.0,0.0,0.0,0.0,0.0,0.0,0.0,0.0,0.0,0.0574175724877882,0.0,0.0,0.0501634558568923,0.0583159150924712,0.0,0.0473335686965072,0.0548974931094161,0.0,0.0,0.0,0.0,0.0,0.0,0.0,0.0874387230465835,0.0,0.0,0.0,0.1620939643789746,0.0,0.2396797633029718,0.0578628034888387,0.0,0.0,0.0,0.0,0.0888348204302544,0.0,0.3439497156072522,0.0662975162703499,0.0325855696043059,0.0,0.0810963886116551,0.0,0.0,0.0,0.0607101950172802,0.0,0.0557102641448918,0.0,0.0,0.1535424411782216,0.0515291202865548,0.0,0.0,0.0,0.0537247626980494,0.0,0.1030582405731096,0.0,0.0,0.0,0.0,0.0,0.0,0.0,0.0,0.0,0.0,0.0,0.0,0.0,0.0,0.0,0.0,0.0612171449946675,0.0,0.0,0.0,0.0,0.0,0.0703480725256456,0.0,0.2228830532754333,0.0,0.0669296505425905,0.0,0.0703480725256456,0.0830045375897659,0.0,0.0,0.0,0.0,0.0,0.0,0.0,0.0,0.0,0.0,0.0,0.0,0.085987428901813,0.0,0.0,0.0498331269216481,0.0,0.0,0.0,0.0,0.0,0.0,0.0689254767071713,0.0675777899027455,0.3337011144911567,0.0,0.0,0.0,0.0,0.0,0.0,0.1313612312833835,0.0,0.0,0.0,0.0,0.0,0.0,0.0,0.0,0.0,0.0,0.0,0.0834252786227891,0.0,0.0,0.0,0.0,0.0,0.0,0.0,0.0612171449946675,0.0,0.0,0.0,0.0,0.0422234471126713,0.0,0.0,0.0,0.0,0.0,0.0,0.0,0.2155631922124656,0.0,0.0,0.0,0.0,0.0,0.0,0.0,0.0,0.0617343370755262,0.071090157449157,0.0,0.0,0.0491849875614931,0.0,0.0,0.0,0.0,0.0,0.0,0.0,0.0,0.0,0.0,0.0,0.0,0.0,0.0,0.0928942996784044,0.0,0.0,0.0,0.0,0.0,0.0,0.0,0.0,0.0,0.0,0.0,0.0,0.0718543974041552,0.0,0.0,0.0,0.0,0.0,0.0,0.0,0.0,0.0,0.0,0.0,0.085987428901813,0.0,0.0,0.085987428901813,0.0,0.0,0.0,0.0,0.0,0.082234359836032,0.0,0.0,0.0983699751229863,0.1184938635519607,0.0,0.0,0.0,0.0,0.0,0.0,0.0,0.0,0.0,0.0,0.0,0.0,0.0,0.0,0.0,0.0,0.0,0.0,0.0,0.0,0.0,0.0,0.0,0.0,0.0,0.0,0.0,0.0,0.0,0.0,0.0,0.0,0.0,0.0,0.1304174460407106,0.0,0.0,0.0639143886599342,0.0,0.0,0.0,0.0,0.0,0.0912141252989207,0.1589152895960426,0.0,0.0,0.0,0.0,0.0,0.0,0.0,0.0,0.0,0.0656806156416917,0.0,0.0,0.0,0.0,0.0,0.0,0.0,0.0,0.0,0.0,0.0,0.0,0.0,0.0,0.0,0.0,0.0,0.0,0.0,0.0,0.0,0.0,0.0,0.0,0.0,0.0,0.0,0.0,0.0846743135236879,0.0,0.0,0.0,0.0,0.0810963886116551,0.0,0.0,0.0,0.0,0.0,0.0,0.0488669693441035,0.0,0.0,0.0644896968549346,0.0,0.0,0.0553006532098149,0.0,0.0,0.0,0.0,0.0,0.0,0.0,0.0,0.0,0.0,0.0,0.0,0.0,0.0,0.0,0.0763457817147512,0.0,0.0,0.0,0.0,0.1644687196720641,0.0890350613550786,0.0,0.0,0.0,0.0,0.0,0.0,0.0,0.0,0.0,0.0,0.0,0.0,0.0,0.0,0.0,0.0,0.0,0.0,0.0,0.0,0.0,0.0,0.0,0.1486908903793226,0.0,0.0,0.0,0.0,0.0,0.0,0.0,0.0,0.0,0.0,0.0,0.0,0.0819355135866758,sport
Dokumen_54,0.0,0.0428966674563202,0.0,0.0,0.0,0.0,0.0,0.0,0.0,0.0,0.0,0.0,0.0,0.2902844000046253,0.0,0.0,0.0,0.0,0.0,0.0,0.0,0.0,0.0,0.0,0.0,0.0,0.0,0.0534467920538912,0.055244491476273,0.0,0.0934970031882061,0.0,0.078186589101763,0.0688978241573803,0.0,0.0,0.0,0.0,0.0,0.0,0.104370864801406,0.0,0.0616796598267338,0.0,0.0,0.0,0.0,0.0,0.0,0.0,0.0,0.0,0.0706609179642036,0.0,0.0,0.0,0.0,0.0,0.0,0.0,0.0,0.1337832016608995,0.0,0.0755693824414475,0.0,0.0,0.0,0.0,0.0,0.055244491476273,0.0,0.0,0.0,0.0,0.0,0.0,0.0,0.1493103291331679,0.1175518320229042,0.0,0.0,0.0285687686688518,0.0,0.0244406705483067,0.0,0.0,0.0934970031882061,0.0543083778762692,0.0,0.0,0.0,0.0,0.0,0.0,0.0697602437098179,0.0547816694090718,0.0,0.0,0.0,0.1377956483147606,0.0,0.0,0.0461121019728089,0.0715961054910139,0.1286900023689608,0.0,0.0,0.0,0.0,0.0,0.0,0.0,0.0,0.0,0.0,0.0,0.0,0.0,0.0,0.0,0.0,0.0,0.0,0.1616494964940477,0.0,0.0,0.0,0.0,0.0,0.0,0.0498537014972418,0.0,0.0,0.0,0.042357609334926,0.0491263733251329,0.0,0.0,0.0,0.0,0.0,0.0,0.0,0.0521644627487563,0.0,0.0,0.0,0.0290107549791429,0.0,0.1286900023689608,0.0,0.0,0.0,0.0,0.0,0.0,0.0,0.0,0.0,0.0291599992408153,0.0,0.0,0.0,0.0623073405466312,0.0,0.1086560254806598,0.3295141931557456,0.0,0.0,0.0,0.0916008225432039,0.0461121019728089,0.0623884152199493,0.0,0.0,0.0480769266430465,0.0,0.1383363059184267,0.0,0.0598936456446683,0.0,0.0,0.0,0.0,0.0,0.0,0.0,0.0,0.0,0.0,0.0,0.0,0.0,0.0,0.1095633388181436,0.0,0.0,0.1314659001047474,0.0,0.0,0.0,0.0,0.0664841292554174,0.0506048807002855,0.0598936456446683,0.0,0.0,0.0371393270471166,0.0,0.0,0.0,0.0,0.0,0.0,0.0,0.0735894415689684,0.0794960262398444,0.0,0.0,0.0,0.0,0.0,0.0725711000011563,0.0,0.0,0.0,0.0,0.0,0.0,0.0,0.0,0.060473649108765,0.2239654936997519,0.0,0.0,0.0498537014972418,0.0,0.0,0.0657329500523737,0.0,0.0,0.0,0.0,0.0,0.0598936456446683,0.0,0.0,0.0,0.0,0.0593279647275486,0.0,0.0,0.0,0.0,0.0,0.0688978241573803,0.0,0.0,0.0,0.0,0.0,0.0,0.0,0.0,0.0,0.0,0.0,0.0,0.0,0.0,0.0,0.0,0.0,0.0,0.1819716178587563,0.052185432400703,0.0,0.0,0.0,0.1451422000023126,0.0,0.0,0.0,0.0,0.0,0.0,0.0,0.0,0.0,0.0,0.0,0.3628555000057817,0.0,0.0,0.078186589101763,0.0,0.0,0.0,0.0746551645665839,0.0,0.0554191674615869,0.0,0.0,0.0,0.1221374385412766,0.0,0.0,0.0,0.0,0.0,0.0,0.0,0.0,0.0,0.0,0.0,0.0,0.0,0.0,0.0,0.0,0.0,0.0,0.0,0.0,0.0,0.0,0.0,0.0,0.0,0.0,0.0,0.0657329500523737,0.0,0.0,0.0,0.0,0.1760575883581458,0.0530185756022484,0.0,0.0,0.0,0.0,0.0,0.0,0.0,0.0,0.0582368578900579,0.0,0.0,0.0697624140531477,0.0,0.0,0.0,0.0,0.0,0.0,0.0,0.0,0.0,0.0,0.0,0.0,0.0,0.0,0.0,0.0,0.0,0.0,0.0,0.0,0.0,0.0,0.0,0.0,0.0,0.0571953643110347,0.0525982167782401,0.0,0.0,0.0,0.0,0.0,0.0,0.0,0.0,0.0598936456446683,0.0,0.0,0.0,0.0,0.0,0.0636167776847126,0.0,0.0,0.0,0.0,0.0657329500523737,0.0,0.0,0.0,0.0,0.0,0.0643006766245857,0.0,0.0,0.0,0.0,0.0,0.0,0.0688978241573803,0.0650056218802648,0.0,0.0,0.0,0.0,0.0,0.0,0.0,0.0,0.0,0.0,0.0,0.0,0.0,0.0,0.0,0.0,0.0,0.0928561839829986,0.0,0.0725711000011563,0.0,0.2384880787195334,0.0,0.0,0.0,0.0,0.0,0.0,0.0,0.0680646809558348,0.0,0.0,0.0,0.0,0.0,0.0,0.0,0.0,0.0,0.0,0.0,0.0,0.0,0.0,0.0,0.0,0.0,0.0,0.0,0.0,0.0398376083807502,0.0,0.0,0.0,0.0,0.0,0.0,0.0,0.0,0.0,0.0,0.0,0.0,0.0,0.0,0.0,0.0437298106578657,0.0725711000011563,0.0,0.0,0.0,0.0,0.0,0.0,0.079835822480223,0.0,0.0,0.0,0.0,0.0,0.0725711000011563,0.0,0.0,0.0,0.0,0.0,0.0,0.0488813410966135,sport
Dokumen_99,0.0,0.1147262661908647,0.0333331781215663,0.0,0.0,0.0357355900575854,0.0,0.1670910520441201,0.0,0.0,0.0,0.0,0.0,0.0,0.0,0.0,0.0,0.0,0.0,0.0,0.0,0.0,0.0,0.2863086098538546,0.0,0.0292386226920713,0.0478705826341591,0.0,0.0,0.0,0.0,0.0,0.0522771112871322,0.0,0.0,0.0638365262265556,0.0,0.0,0.0,0.0,0.0,0.0,0.0,0.0,0.0,0.0726495835325017,0.0,0.0,0.0,0.0,0.0439503600885686,0.0,0.0,0.0,0.0,0.0,0.0,0.0,0.0,0.0,0.0,0.0,0.0460664579731029,0.0505271947680133,0.0,0.0,0.0,0.0392987485147185,0.0485224833897314,0.0738751354186144,0.0,0.0478705826341591,0.0,0.0,0.0404338866897393,0.1028978888466628,0.0,0.0,0.0,0.0,0.1013265335689577,0.0,0.0,0.1143906350443428,0.0,0.0,0.0,0.127090822267251,0.0,0.0,0.0,0.0,0.0,0.0,0.1554769628965855,0.0,0.0,0.0,0.0,0.0,0.0,0.0,0.0616629402614971,0.0,0.0860446996431485,0.0,0.0,0.1652093863123559,0.0,0.0499159304817209,0.0,0.0,0.0,0.0,0.0,0.0,0.0932890800075371,0.0,0.0,0.2863086098538546,0.0697844397234909,0.0,0.0,0.0,0.0,0.0,0.0,0.0,0.0,0.0,0.0,0.0,0.1046766595852363,0.0,0.0283211415473918,0.0,0.0,0.0,0.0,0.0663314647000879,0.0,0.0,0.0,0.0523172987019721,0.0,0.0,0.0,0.0193971687982764,0.0,0.0286815665477161,0.0,0.0,0.0,0.0,0.0,0.0,0.0,0.1028978888466628,0.0,0.0389939129704385,0.0,0.0,0.0,0.0,0.0385861848847194,0.0,0.1258970027921437,0.0,0.0439503600885686,0.0,0.0,0.0308314701307485,0.0,0.0,0.0460664579731029,0.0,0.0,0.0924944103922457,0.0,0.0,0.0,0.0354492760061006,0.0,0.0485224833897314,0.0478705826341591,0.0,0.0,0.0,0.0412402494847024,0.0,0.0,0.0,0.0,0.0,0.0,0.0,0.0,0.0,0.0,0.0416599293201298,0.0,0.0,0.0,0.0,0.0,0.0,0.0,0.0248320940390982,0.0,0.0,0.0,0.0,0.0,0.0,0.0,0.0,0.0,0.0,0.0,0.0,0.0,0.0,0.0,0.0894501141682109,0.0,0.0514489444233314,0.1365282054862434,0.0,0.0,0.0,0.0412402494847024,0.0404338866897393,0.1996637219268836,0.0,0.0,0.0,0.0,0.0,0.0439503600885686,0.0,0.0,0.0,0.0,0.0,0.0,0.0,0.0,0.0,0.0,0.0,0.0400460848174765,0.0,0.0,0.0970449667794628,0.0,0.0,0.0366281156537669,0.0,0.0,0.0,0.0,0.0,0.0,0.0,0.0,0.0,0.0,0.0,0.0,0.0,0.0,0.0,0.0429927135376925,0.0,0.0,0.0348922198617454,0.0,0.0,0.0,0.0,0.0,0.0369375677093072,0.0,0.0,0.1497477914451627,0.0294289028504741,0.043464053981186,0.0,0.0,0.0,0.0,0.0,0.040831762456329,0.0,0.0,0.0,0.0,0.0,0.0,0.0,0.0741087191067724,0.0,0.0,0.0,0.0,0.0,0.0466445400037685,0.3009489947638476,0.0514489444233314,0.0,0.1045542225742644,0.0910188036574956,0.0,0.17197085415077,0.0,0.0,0.0,0.0,0.0,0.0,0.0,0.0,0.0,0.0,0.0,0.0,0.0,0.0,0.0,0.0,0.0,0.0,0.0,0.0,0.0,0.0,0.0,0.0,0.0,0.0,0.0,0.0,0.0,0.0,0.0,0.0,0.0,0.0,0.0,0.0,0.0,0.0,0.0,0.0,0.0,0.0,0.0,0.0,0.0,0.0,0.0,0.0,0.1929309244235971,0.0,0.0,0.0,0.0,0.0,0.0,0.0,0.0540812359481883,0.0,0.0,0.0,0.0499159304817209,0.0,0.0,0.0,0.0348922198617454,0.0,0.0,0.0,0.0272881194557266,0.0316946481086997,0.0,0.0,0.0,0.0,0.0,0.0,0.0,0.0,0.0,0.0,0.0,0.0,0.0,0.0,0.1490136026686271,0.0,0.0,0.0,0.0,0.0429927135376925,0.0,0.0,0.0,0.0,0.0,0.0,0.0460664579731029,0.0,0.0,0.0726495835325017,0.0850708901605603,0.0,0.0392987485147185,0.0,0.0285002939495682,0.0,0.0,0.0,0.1519898003534366,0.0,0.0,0.0,0.0,0.0,0.0,0.0310427473531275,0.0514489444233314,0.0,0.0,0.0,0.0,0.0369375677093072,0.0,0.0,0.0,0.0,0.0661761904013785,0.1820376073149912,0.0,0.0,0.0,0.0321451910530416,0.0,0.0,0.0478705826341591,0.043464053981186,0.1013265335689577,0.0,0.0,0.0,0.0,0.0,0.0228400240044577,0.0,0.0,0.0,0.0,0.0,0.0266362187001544,0.0360273580367662,0.2091084451485289,0.0,0.0,0.0,0.0,0.0,0.0,0.0,0.0,0.0439503600885686,0.0778766470287884,0.0,0.0,0.0,0.0292386226920713,0.0,0.0,0.0,0.0,0.0,0.0,0.0,0.0533798215838045,0.0,0.0,0.0,0.0,0.0,0.0,0.0,0.0,0.0,0.0455094018287478,0.0,0.0,0.2451227893807346,sport
Dokumen_30,0.0,0.0694906179528416,0.0,0.0,0.0,0.0,0.0,0.0192777881879857,0.0,0.0,0.0,0.0,0.0,0.4702473067151788,0.0,0.0,0.0,0.0,0.0,0.0,0.0,0.036753878726517,0.0,0.0,0.0,0.0236134238063297,0.0,0.0288604440053824,0.0,0.0372037632152328,0.0252434703888634,0.0,0.0,0.0,0.0,0.0257775300154665,0.0,0.0,0.0,0.0,0.0,0.0,0.0,0.0343520795096782,0.0,0.0293362895949868,0.0,0.0,0.0,0.0,0.0,0.0,0.0,0.0,0.0,0.0,0.0,0.0,0.0293362895949868,0.0,0.0,0.0,0.0,0.0408063018688497,0.0,0.0,0.0,0.0,0.0,0.0,0.0,0.0,0.145279131829124,0.0,0.0326548385194914,0.0,0.0,0.0403126383060373,0.0,0.0,0.0,0.0,0.0,0.052790341699249,0.0,0.0,0.0,0.0586513741419998,0.0,0.0,0.0265271227360869,0.0,0.0,0.0,0.0627824274703889,0.0295812572045057,0.0403126383060373,0.0,0.0,0.0744075264304657,0.0,0.0,0.0497996488026766,0.0,0.162144775223297,0.0,0.0,0.0,0.0,0.0403126383060373,0.0,0.1116112896456986,0.0,0.0,0.0,0.0,0.0376706284341828,0.0659523344717696,0.0,0.0,0.1127173169292211,0.0,0.0,0.0581921578799423,0.0,0.0,0.0,0.0534445977942683,0.0,0.0,0.0807606914408315,0.0,0.0563586584646105,0.0,0.0,0.0,0.0,0.0,0.0320361866105312,0.0357133326502987,0.0,0.0,0.0,0.0563360118868623,0.0,0.0,0.0,0.0469960817546467,0.0,0.0694906179528416,0.0,0.0,0.035900405167215,0.0,0.0,0.0,0.0,0.0,0.0,0.0314919003721673,0.0,0.0,0.0,0.0672900072714251,0.0623252296353447,0.0,0.1016757633964652,0.0,0.0,0.0,0.0,0.0248998244013383,0.0842219567745228,0.0,0.0,0.0259607994420593,0.0,0.1244991220066916,0.0,0.0,0.0,0.0,0.0,0.0,0.0,0.0,0.036319782957281,0.0,0.033306065720569,0.0,0.0,0.0,0.033993490343328,0.1690759753938317,0.0,0.0376706284341828,0.0,0.0,0.0303466844132357,0.0,0.033993490343328,0.0300862440561922,0.07180081033443,0.0546517113460065,0.0,0.0,0.0,0.0601639926804282,0.0,0.0,0.0,0.0,0.0,0.0,0.0,0.0,0.0,0.0,0.0,0.0336450036357125,0.0,0.0,0.0391872755595982,0.0,0.0,0.0,0.0,0.0,0.0,0.0,0.0,0.0326548385194914,0.2418758298362239,0.0818323901638128,0.0,0.0,0.0,0.0,0.0,0.0,0.0943410172021575,0.0,0.0391872755595982,0.0277452334630692,0.0,0.0,0.0,0.0,0.0,0.0320361866105312,0.0,0.0,0.0,0.0,0.0,0.0372037632152328,0.0,0.0,0.0,0.0295812572045057,0.0,0.0,0.0,0.0,0.0612094528032746,0.0,0.0,0.0,0.0,0.0,0.0,0.0,0.0,0.0,0.1228273364490714,0.0281793292323052,0.0,0.0,0.0,0.0,0.0,0.0,0.0687041590193564,0.0,0.0,0.0,0.0,0.0,0.0,0.0,0.0,0.4702473067151788,0.0989285017076544,0.0,0.0,0.0,0.0,0.0,0.0,0.0,0.0299254963279614,0.0,0.0,0.0,0.0989285017076544,0.0,0.0,0.0,0.0,0.0,0.0,0.0,0.0,0.0,0.0,0.0,0.0,0.0,0.0,0.0,0.0,0.0,0.0,0.0,0.0,0.1662028669203861,0.0,0.0,0.0415507167300965,0.0,0.0,0.0,0.0,0.0,0.0,0.0,0.0409161950819064,0.0237670960934829,0.0858876411630634,0.1334248639842802,0.0,0.0,0.0,0.0,0.0,0.0,0.0,0.0,0.0,0.0,0.0,0.0,0.0,0.0,0.0,0.0,0.0,0.0,0.0,0.0,0.0,0.0,0.0,0.0,0.0,0.0,0.0,0.0,0.0,0.0,0.0,0.0,0.0,0.0210067077102939,0.0,0.0,0.0308846152525235,0.0,0.0,0.0,0.0,0.0,0.1322290594270486,0.0,0.0242399100790939,0.0,0.0323416455876946,0.0290960789399711,0.0,0.0,0.0,0.0,0.0343520795096782,0.0317380888118256,0.0,0.0347213743971926,0.0,0.0,0.0300862440561922,0.0,0.0386607935504039,0.0,0.0376706284341828,0.0,0.0,0.0,0.0,0.0,0.1209379149181119,0.0,0.0,0.0351020339708836,0.0,0.0,0.0,0.0,0.0317380888118256,0.0,0.046034283264555,0.0,0.0,0.0,0.0,0.0873531669301908,0.0,0.0453284282207287,0.0,0.0,0.0,0.1002818165660033,0.0,0.0391872755595982,0.0,0.0,0.0,0.0,0.0,0.0311626148176723,0.0,0.0,0.0534445977942683,0.110261636179551,0.0,0.0,0.0,0.0,0.0,0.0,0.0,0.0351020339708836,0.0818323901638128,0.0,0.0,0.0347213743971926,0.0,0.0,0.0553375416048844,0.0,0.0,0.0,0.0,0.0,0.0645350836859415,0.0,0.0,0.0,0.0,0.0,0.0,0.0,0.0,0.0,0.0,0.0,0.0,0.0,0.0,0.0,0.0236134238063297,0.0,0.0,0.0,0.0,0.0,0.066612131441138,0.0,0.0574801516491609,0.0,0.0,0.0,0.0,0.0,0.0391872755595982,0.0298311739879386,0.0,0.0,0.0,0.093487844453017,0.0,0.105580683398498,sport
Dokumen_83,0.0,0.0882697054892375,0.0,0.0,0.0456021011815565,0.0366596666959063,0.0,0.0,0.0,0.0,0.0,0.0,0.0,0.0,0.0,0.0,0.0,0.0,0.0,0.0,0.0,0.0,0.0,0.0,0.0,0.0,0.0,0.0,0.0,0.0,0.0,0.0,0.107257861002033,0.0,0.0,0.0327436285607554,0.0,0.0,0.0,0.0,0.0715889760516408,0.0,0.0423066695730772,0.0,0.0,0.0,0.0,0.0,0.0,0.0,0.0,0.0,0.0,0.0,0.0,0.0,0.0,0.0,0.0,0.0,0.0,0.0611754531179915,0.0,0.077750645069368,0.0,0.0,0.0,0.0,0.0,0.0757854519037521,0.0,0.0,0.0,0.0,0.0,0.0,0.0,0.051206692580902,0.0403149638719906,0.0,0.0,0.0,0.0,0.150876810660544,0.0,0.0,0.0320652450991788,0.0558759549983434,0.0,0.0406936193750485,0.0168478953013505,0.0,0.0,0.0,0.1594973982378878,0.1878763593104823,0.0,0.0,0.0,0.0,0.0,0.0,0.0,0.0,0.2353858813046334,0.0,0.0,0.0564938298904679,0.0,0.051206692580902,0.0,0.0,0.0,0.0,0.0,0.0,0.0478507081306484,0.0837752391855472,0.0,0.0,0.0,0.0,0.0,0.0,0.0,0.0,0.0,0.0678874220184987,0.0,0.0,0.0,0.1539524173766346,0.0,0.0,0.0,0.0336962500997647,0.0,0.0,0.0,0.0453644743412751,0.0,0.0,0.0,0.0536701571109879,0.0,0.0,0.0,0.1392912833649085,0.0,0.0294232351630791,0.0,0.0,0.0,0.0,0.0,0.0,0.0,0.0,0.0406936193750485,0.0600033685058189,0.0,0.0,0.0,0.0,0.0,0.0372641044069256,0.0,0.0,0.0450868601698095,0.0,0.0,0.0632574650043096,0.0,0.0,0.0,0.0,0.0,0.1897723950129289,0.0,0.0,0.0,0.0,0.0,0.0,0.0,0.0,0.0,0.0,0.0,0.0,0.0,0.0,0.0,0.0357944880258204,0.0375752718620964,0.0,0.051206692580902,0.0,0.0770950949824332,0.0,0.0,0.0382167259459349,0.0,0.0,0.0410816253353863,0.0,0.0863597265228839,0.0254742202204524,0.0,0.0,0.0,0.0,0.0,0.0414794552679071,0.0,0.0,0.0,0.0,0.0,0.0,0.0,0.0,0.0,0.0917631796769873,0.0,0.0,0.1400586502041955,0.0,0.0,0.0,0.0,0.0414794552679071,0.25603346290451,0.0,0.0,0.0,0.0,0.0,0.0450868601698095,0.0806299277439812,0.0,0.0,0.0497772127299075,0.0,0.0,0.0,0.0,0.0,0.0,0.0,0.0,0.0,0.0,0.0,0.0,0.0,0.0,0.0,0.0,0.0,0.0,0.0497772127299075,0.0,0.0,0.0259168816897893,0.0,0.0,0.0,0.0,0.0,0.0,0.0,0.0441044501043528,0.0,0.0,0.0,0.0,0.0,0.0450868601698095,0.0497772127299075,0.0,0.0757854519037521,0.0,0.0466862167347318,0.0,0.0603797932529497,0.0,0.0,0.0,0.0399452187422902,0.0,0.0,0.0,0.0,0.0,0.0,0.0,0.0,0.0,0.0,0.095031344709045,0.0,0.050475702967094,0.0,0.0,0.0,0.0,0.0,0.0,0.0,0.0,0.0,0.0484670005710078,0.0,0.0,0.0,0.0,0.0,0.0,0.0,0.0,0.0,0.0,0.0,0.0882089002087057,0.0,0.0,0.0,0.0,0.0,0.0,0.0,0.0450868601698095,0.0,0.0,0.0,0.0,0.0,0.0,0.0,0.0,0.0,0.0,0.0,0.0,0.0,0.0,0.0399452187422902,0.0,0.0,0.0,0.0,0.0,0.0,0.0,0.0436353572696668,0.0,0.0,0.1514271089012822,0.0,0.0,0.0,0.0,0.5672596445056693,0.0,0.0,0.0,0.0,0.0,0.0,0.0,0.0,0.0,0.026683543153185,0.0,0.0,0.0,0.0360776207848928,0.0,0.0441044501043528,0.0427372017921051,0.0,0.0279937553120847,0.0650284623165099,0.0,0.0,0.0,0.0,0.0,0.0,0.052779348301685,0.0,0.0,0.0,0.0,0.0,0.0,0.0,0.0,0.0423066695730772,0.0,0.0,0.0,0.0,0.0,0.0,0.0,0.034710372472645,0.204826770323608,0.0,0.0472576776382753,0.0891759576173523,0.0,0.0745282088138512,0.0,0.0,0.0,0.0,0.0,0.0,0.0,0.0,0.0,0.0,0.0,0.0,0.0,0.0,0.0,0.095536419249581,0.0,0.0,0.0,0.0,0.0299946960666226,0.0,0.0,0.0395839742581826,0.0,0.0,0.0678874220184987,0.0466862167347318,0.0,0.0,0.0,0.0,0.0,0.0,0.0,0.0445879788086761,0.0,0.0,0.0,0.0,0.0,0.0,0.0234306378033959,0.0,0.0,0.0327436285607554,0.1146501778378047,0.0,0.0,0.0,0.0,0.0,0.0,0.0,0.0,0.0,0.0,0.0,0.0,0.180347440679238,0.0,0.0,0.0,0.0,0.0,0.0995544254598151,0.0,0.0,0.0,0.0,0.0,0.0,0.0182533851583797,0.0,0.0,0.0,0.0,0.0,0.0,0.0,0.0,0.0,0.0,0.0395839742581826,0.0,0.0838204503669689,sport
Dokumen_181,0.0,0.0,0.0,0.0,0.0494082122458908,0.0,0.0,0.0265312061517666,0.0,0.0,0.0,0.0,0.0,0.0,0.0,0.0,0.0,0.0,0.0,0.0,0.0,0.0,0.0,0.0,0.0,0.0,0.0,0.0,0.0,0.0,0.1389660909938503,0.0,0.0,0.0,0.0,0.1064295794083758,0.0,0.0,0.0436797919407788,0.0,0.0,0.0,0.0,0.0,0.0,0.0,0.0,0.0,0.0,0.0,0.0,0.0,0.0,0.0,0.0,0.0,0.0,0.0,0.0,0.0,0.0,0.0331406853366082,0.0,0.0280799953971999,0.0,0.0,0.0,0.0,0.0,0.0,0.0,0.0,0.0,0.0,0.0,0.0,0.0,0.0,0.0,0.0,0.0,0.0849244354586698,0.0,0.1271429581743321,0.0,0.0,0.3126737047361632,0.1008992631358749,0.0,0.0,0.0547622389348811,0.0,0.0,0.0,0.0864048048293896,0.1221343069238028,0.0,0.0,0.0,0.0,0.0,0.0,0.0,0.0,0.0,0.0,0.1024039378231167,0.0,0.0,0.0,0.1272905726714036,0.0,0.0,0.0,0.0,0.0,0.0,0.0,0.0,0.0,0.0,0.0,0.0,0.0,0.0,0.0,0.0,0.0735535440036463,0.0381845936660069,0.0483094476682874,0.0,0.1668018252761814,0.0387820213496655,0.0,0.0314783960576278,0.0,0.0,0.0,0.0,0.0737261283560165,0.1109611649416955,0.0,0.0,0.0193832187925767,0.0,0.0,0.0,0.0215595745251673,0.0,0.0,0.0,0.0,0.0494082122458908,0.0,0.0,0.0,0.0,0.0,0.0,0.086681946366189,0.0,0.0,0.0,0.0,0.0,0.0,0.0699660306723112,0.0370491768848473,0.0,0.0,0.0,0.0,0.0,0.0,0.0512019689115583,0.0,0.0,0.0,0.0,0.0,0.0,0.0,0.0384806870765432,0.0,0.0,0.0505828118797345,0.0,0.0,0.0,0.0,0.0,0.0,0.0,0.0775640426993311,0.0,0.0,0.0,0.0,0.0,0.0,0.0,0.0414064277293318,0.0,0.0376074217158218,0.0445104416547775,0.0,0.0,0.1104015514056818,0.0,0.0,0.0,0.0,0.0,0.0,0.0,0.0,0.0,0.0,0.0,0.0,0.0,0.0,0.0,0.0,0.0,0.0,0.0,0.0935676117324491,0.0,0.0,0.0,0.0,0.0,0.0,0.0,0.0,0.0,0.0,0.0,0.0,0.0,0.0,0.0,0.0381845936660069,0.0,0.0,0.0,0.0,0.0,0.0,0.0,0.0,0.0512019689115583,0.0,0.0,0.0,0.0407114356412676,0.0571844975455678,0.0,0.0,0.0,0.0,0.0,0.0,0.0561599907943999,0.0,0.0,0.0,0.0,0.0,0.1064144365188015,0.0,0.0,0.0,0.0676168314046239,0.0,0.0,0.0,0.0,0.0,0.0,0.0410553855611125,0.0,0.0,0.0,0.0,0.0,0.0546885819039271,0.0,0.0,0.0,0.0,0.0,0.0,0.0,0.0,0.0,0.0,0.2219223298833911,0.0,0.0,0.0,0.0,0.0477855619649714,0.0,0.0,0.0,0.0,0.0,0.0,0.0,0.0,0.0,0.0,0.5409921437852079,0.0,0.0,0.0563112321848465,0.0,0.0,0.0,0.0,0.0,0.0,0.0,0.0,0.0,0.0,0.0,0.0,0.0,0.0,0.0,0.0,0.0,0.0,0.0,0.0,0.0,0.0,0.116209977701028,0.0,0.0,0.0,0.0,0.0,0.0,0.0,0.0,0.0,0.0,0.2774029123542388,0.1093771638078543,0.0,0.0505828118797345,0.0,0.0,0.0477855619649714,0.0,0.0,0.0,0.0741843929398723,0.0,0.0,0.0,0.0,0.1836270083278793,0.0,0.0,0.0,0.0,0.1064144365188015,0.0650080087894697,0.0,0.0,0.0,0.0,0.0,0.0,0.0,0.0,0.0,0.0303302121652765,0.0,0.0333603650552362,0.0988164244917816,0.0,0.0,0.0,0.0676168314046239,0.0571844975455678,0.0,0.0,0.0,0.0,0.0,0.0,0.0,0.0,0.0,0.0,0.0,0.0,0.0,0.0,0.0472773169995275,0.0,0.0,0.0,0.0,0.0,0.0,0.0,0.0,0.0,0.0373260113091937,0.0,0.0,0.0,0.1833509294987292,0.0,0.0,0.0,0.0,0.0,0.0,0.0,0.0,0.0,0.0,0.0,0.0,0.0,0.0,0.0,0.0,0.0,0.0,0.0,0.0,0.0,0.0,0.0,0.0,0.0,0.0,0.0,0.0,0.0,0.0,0.0,0.0,0.0,0.0,0.0,0.0,0.0,0.0,0.0,0.0,0.0,0.0,0.0296056371992628,0.0,0.0,0.0,0.0,0.0,0.0,0.0,0.0,0.0,0.0,0.0,0.0,0.0,0.0,0.0,0.0324981584425337,0.0,0.0,0.0,0.0,0.0,0.0,0.0546885819039271,0.0791075064300743,0.0,0.0,0.0,0.0,0.0,0.0,0.0,0.0,0.0,0.0,0.0,0.0,0.236122636609474,finance
Dokumen_40,0.0,0.0,0.0,0.0,0.0,0.0,0.0,0.0657864639868201,0.0,0.0378862324471157,0.0,0.0,0.0,0.0891524230616784,0.4905246414712347,0.0,0.0,0.0,0.0,0.0,0.0,0.0,0.0,0.0,0.0,0.0,0.0,0.0,0.0339334823079814,0.0,0.0,0.0,0.0,0.0,0.0,0.0,0.0,0.0,0.0,0.0,0.0,0.0,0.0,0.0390760914322497,0.0,0.0,0.0,0.0,0.0,0.0,0.0,0.0386681899820051,0.0434028976560288,0.0,0.0,0.0,0.0,0.0,0.0,0.0445762115308392,0.0434028976560288,0.0547835001023287,0.0,0.0,0.0,0.0,0.0,0.0,0.0,0.0339334823079814,0.0,0.0,0.0413143885288902,0.0,0.0371454501126633,0.0,0.0,0.0,0.0,0.0,0.0,0.0350962704255016,0.0,0.0300249686252382,0.0,0.0,0.0,0.0166792410482323,0.0,0.0364417227428995,0.0452625993068834,0.0,0.0,0.0,0.1142657754028694,0.0,0.0,0.0,0.0,0.0,0.0,0.0,0.0,0.0,0.0263489312201486,0.0,0.0,0.0,0.0,0.0,0.0,0.0,0.0,0.0,0.2198216786734916,0.0,0.0857019977838439,0.0,0.0,0.0,0.0961634399982217,0.0403759332025284,0.0,0.1985837929825375,0.0,0.0,0.0,0.0,0.0315606884673912,0.0,0.0,0.02757332179245,0.0,0.0,0.0780534573800408,0.0,0.0,0.0,0.0,0.0203122703474217,0.0,0.0,0.0,0.0,0.0,0.0960509606336259,0.0,0.035639243461902,0.0,0.0,0.0,0.0,0.0,0.0,0.087954658069145,0.0,0.0,0.0,0.0,0.0716451752489342,0.0,0.0,0.0,0.0,0.0,0.0,0.0,0.0306222331410294,0.0,0.0,0.0281325323856167,0.0,0.0574823695770212,0.0,0.0,0.0590617270996012,0.0,0.0283239858792109,0.0320544799994072,0.1103675630202927,0.0,0.0,0.0,0.0,0.0,0.0,0.0,0.0,0.0,0.0,0.0,0.0,0.0,0.0,0.0,0.0,0.0458563313431467,0.1615037328101138,0.0,0.0,0.0,0.0684472579461469,0.0,0.0,0.0,0.0,0.0386681899820051,0.0228125314145563,0.0515618801224053,0.0,0.0,0.0,0.0458563313431467,0.0,0.0428509988919219,0.0,0.0,0.0,0.0515618801224053,0.0765435605106279,0.0,0.0,0.0445762115308392,0.0,0.0,0.0,0.0,0.0,0.0,0.0,0.0,0.0,0.0,0.0,0.0,0.0,0.0458563313431467,0.0,0.0,0.0,0.0,0.0,0.0,0.0,0.0,0.0,0.0,0.1011820780343408,0.0,0.1093251682286986,0.0,0.0,0.0,0.0,0.0,0.0,0.0,0.047264667210709,0.0,0.0336491975945297,0.0,0.0,0.0,0.0428509988919219,0.0232089411412475,0.0,0.0,0.0,0.047264667210709,0.0,0.0,0.0,0.0,0.0857019977838439,0.1117745952610848,0.0,0.0336491975945297,0.0,0.0,0.0,0.0,0.0,0.0,0.0,0.0,0.1351774380596594,0.0,0.0,0.0,0.0357715191881793,0.0,0.0891524230616784,0.0,0.0,0.0,0.0,0.0,0.0,0.0,0.0,0.0510611634298916,0.0,0.0,0.0,0.0,0.0,0.0,0.0,0.0,0.0,0.0,0.0,0.0,0.0,0.0,0.0,0.0,0.0,0.0,0.0,0.0,0.0,0.0,0.0,0.0,0.0,0.0,0.0,0.0,0.0,0.0,0.0,0.0,0.0,0.0,0.0,0.0,0.0811064628357956,0.0,0.0,0.0,0.0,0.0,0.0,0.0,0.0,0.0,0.0357715191881793,0.0,0.0,0.0,0.0,0.0,0.0,0.0,0.0,0.0,0.0,0.0,0.0,0.0,0.0,0.0,0.0,0.0,0.2198216786734916,0.0,0.0,0.0,0.0,0.0,0.0,0.0,0.095581990132123,0.0,0.0,0.0,0.0,0.0,0.0394961708276153,0.0,0.0,0.0,0.0,0.0,0.0,0.0367891876734309,0.0330972988304229,0.0,0.0,0.047264667210709,0.0,0.0,0.0,0.0,0.0,0.0,0.0,0.0,0.0,0.0,0.0,0.0857019977838439,0.0,0.0439773290345725,0.0,0.0,0.0310836388941723,0.0,0.0684472579461469,0.0,0.0,0.0,0.0,0.0,0.0,0.0,0.0526046989534209,0.0261824012918495,0.0,0.0,0.0,0.0,0.0,0.0,0.0,0.1485818004506535,0.0,0.0,0.0,0.0,0.0445762115308392,0.0,0.0,0.0,0.0,0.0,0.0,0.0,0.0,0.0,0.0,0.0,0.0,0.0,0.0,0.0,0.0,0.0,0.0,0.0,0.0,0.0,0.0,0.0,0.0,0.0,0.0930857754698599,0.0,0.0293223913707507,0.0,0.0,0.0,0.0330972988304229,0.0,0.0,0.0,0.0,0.0,0.4835792618646439,0.0,0.0,0.0,0.0,0.0,0.0,0.0,0.0,0.0,0.0,0.0,0.0,0.0,0.0816746779113427,0.0378862324471157,0.0,0.0326923390583877,0.0,0.0,0.1974808541380765,0.0,0.0,0.0445762115308392,0.0339334823079814,0.0357715191881793,0.0,0.0,0.0,0.0390760914322497,0.0300249686252382,sport
Dokumen_125,0.0,0.0871717113857517,0.168848877085621,0.0,0.0,0.0,0.0,0.0483656020793821,0.0,0.0,0.0,0.0,0.0,0.0,0.0,0.0,0.0,0.2118473433507106,0.0,0.0,0.0,0.0,0.0,0.0,0.0,0.0592431791661925,0.0,0.0,0.0,0.0,0.0,0.0,0.0,0.0,0.0,0.0,0.0,0.0,0.0398134827311128,0.0,0.1060477123638305,0.0,0.0,0.0,0.3724985930086048,0.1472022926282497,0.0,0.0,0.0,0.0422055902351487,0.0445260210196531,0.0,0.0,0.0,0.1011394566672834,0.0,0.0,0.0,0.0,0.0,0.0,0.0302072433205543,0.0,0.0255944994736212,0.0,0.0,0.0,0.0,0.0491580298997115,0.0,0.2962691808185195,0.0,0.0,0.0,0.0,0.0,0.0,0.0505697283336417,0.0,0.0,0.0,0.0,0.0,0.0331111203650907,0.0,0.0,0.0,0.0919681823550952,0.0,0.0,0.0499149688512021,0.0,0.0,0.0,0.063005358809843,0.0,0.0,0.0,0.0,0.0,0.0,0.0,0.0624706002108765,0.0,0.0,0.0606040771620999,0.0,0.0,0.0,0.0,0.0,0.0,0.0,0.0,0.0,0.0,0.0,0.0,0.0,0.0,0.0,0.0,0.0,0.0,0.0,0.0,0.0,0.0,0.0,0.2201667264233616,0.0,0.0,0.0706984749092203,0.0,0.0,0.0,0.0,0.0,0.0,0.0224000909628396,0.0,0.0,0.0,0.0706700661686234,0.0,0.0,0.0,0.1179073951467065,0.0,0.0581144742571678,0.0,0.0,0.0,0.0,0.0,0.0,0.0,0.0,0.0,0.0197523272285072,0.0,0.0,0.0,0.0,0.0,0.0736011463141248,0.0,0.0,0.0,0.0,0.0930725035174864,0.0,0.0,0.208491286643911,0.0,0.0325662281179073,0.0,0.0,0.0,0.0,0.0,0.0359135899091225,0.0701491514648452,0.0,0.0,0.0,0.0,0.0,0.0835608268833821,0.0,0.0,0.0,0.0,0.1413969498184406,0.0,0.0,0.0,0.0,0.0,0.0,0.0,0.0,0.0,0.0,0.0,0.0,0.0,0.0754720329197807,0.0,0.0,0.0,0.0,0.0,0.0,0.0,0.0,0.0,0.0,0.0,0.0,0.0,0.0,0.0,0.0604144866411087,0.0,0.0,0.0,0.0,0.0,0.0,0.0,0.0,0.0,0.0,0.0356288483020794,0.0,0.0,0.0,0.0,0.0,0.0,0.0,0.0,0.034804690978778,0.0,0.0,0.0,0.0,0.0,0.0,0.0,0.0,0.0466698355116514,0.0,0.0,0.0,0.0742157399494938,0.0,0.0,0.0,0.0,0.0,0.0505697283336417,0.0,0.0511889989472424,0.0,0.0,0.0,0.0,0.0,0.0,0.0,0.0,0.0,0.0,0.0,0.0,0.0,0.0,0.0491580298997115,0.0,0.0374213752270769,0.0,0.0,0.0,0.0,0.0,0.0,0.0,0.0,0.0,0.0,0.0,0.0,0.0,0.0,0.0,0.0,0.0,0.0,0.0187698484041884,0.0,0.0,0.0,0.0,0.0,0.0,0.0,0.0,0.0,0.0,0.0,0.0,0.0,0.0,0.0,0.0,0.0,0.0,0.0,0.0,0.0,0.0,0.0,0.0,0.0,0.0478641155772758,0.0,0.0,0.0,0.0,0.0,0.0,0.0,0.0,0.0,0.0513268532322385,0.0,0.0,0.0,0.0,0.0,0.0,0.0,0.0,0.0,0.0,0.0,0.0,0.0,0.0,0.0,0.0,0.0,0.0,0.0,0.0,0.0,0.0,0.0,0.0,0.0,0.0,0.0,0.0398134827311128,0.0,0.0,0.0,0.0,0.0,0.0,0.0,0.0,0.026351624372218,0.0,0.4556093658130692,0.0,0.0,0.0,0.0,0.0,0.0,0.0,0.0,0.0,0.0450348529062123,0.0,0.0,0.0,0.0,0.0,0.0,0.0430925734830886,0.0,0.0,0.0,0.0,0.0,0.0,0.0,0.0,0.036203654096286,0.0,0.0,0.0,0.0430925734830886,0.0,0.0685572146073667,0.0,0.0,0.0,0.0,0.0,0.0,0.129277720449266,0.0,0.0,0.0,0.0,0.0,0.0,0.3079611193934313,0.0,0.0,0.0,0.0,0.0,0.0,0.0,0.0628986892652396,0.0,0.0,0.0,0.0,0.0,0.0,0.0,0.0,0.0,0.0,0.0,0.046105483057139,0.0,0.0,0.0,0.0325662281179073,0.0,0.0,0.0484975905611749,0.0,0.0,0.0,0.0,0.0,0.0,0.0,0.0925567287150741,0.0,0.0,0.0323363278805597,0.0,0.049847831559571,0.0539701987122343,0.0,0.0,0.0,0.0,0.0,0.0969951811223499,0.0,0.0,0.0,0.0,0.0,0.0,0.0,0.0,0.0,0.0296215895830962,0.0,0.0,0.0,0.0,0.0,0.0,0.0,0.0540789894116023,0.0,0.0,0.0,0.041780413441691,0.0,0.0,0.0,0.0,0.0,0.0,0.0,0.0,0.1821111620079992,finance
Dokumen_61,0.0,0.0,0.0,0.0,0.0,0.0,0.0,0.0,0.0,0.0,0.0,0.0,0.0,0.0,0.0,0.0,0.0,0.0,0.0,0.0,0.2819040541211776,0.0,0.0,0.0,0.0552446905810998,0.0,0.0,0.0,0.0,0.0,0.0,0.0,0.0801622154637062,0.0,0.0,0.0489437656732888,0.1603244309274125,0.0,0.0,0.0,0.0,0.0,0.0,0.0652242526302204,0.0,0.0,0.0,0.0,0.0,0.0,0.0673938966477386,0.0,0.0,0.0,0.0,0.0,0.0724463849335773,0.0,0.0,0.0744048336366126,0.0,0.0,0.0,0.0387394384850709,0.0,0.0,0.0,0.0,0.0,0.0,0.0,0.0,0.0,0.0,0.0,0.0,0.0,0.0,0.1205221431837723,0.0,0.0,0.0878719413089339,0.0,0.1252911989817603,0.0,0.0,0.0,0.1392016181680352,0.0,0.0,0.0503670164830614,0.0,0.0,0.0,0.2145688570627639,0.0561658979766456,0.0,0.0,0.0,0.0,0.0,0.0,0.189109068258119,0.0,0.0,0.0,0.0,0.0,0.0,0.0,0.0,0.0,0.0,0.0,0.0,0.0,0.0,0.0,0.0,0.0,0.0,0.0,0.0,0.0,0.0,0.5117275993451715,0.0,0.0,0.0,0.0,0.1022268193816139,0.0460242885234129,0.0535040589982394,0.0,0.0,0.0,0.0,0.0,0.0608270695288033,0.0339044311770691,0.0,0.0,0.0,0.080223839224622,0.0,0.0,0.0,0.0,0.0,0.0,0.0,0.0,0.0,0.0,0.0,0.0,0.0,0.0,0.0,0.029896816946719,0.0,0.0,0.0,0.0,0.0,0.0557007782669355,0.0,0.0,0.0,0.0,0.0,0.0,0.0319824258914242,0.0,0.0,0.0492917391162392,0.0,0.0,0.0535040589982394,0.1228140882530584,0.0,0.0,0.0530883352642451,0.0,0.0,0.0,0.0,0.0,0.0,0.0,0.0,0.0,0.0,0.0,0.0,0.0,0.0,0.0,0.0,0.0,0.0,0.0,0.0681640567201759,0.0518835697632443,0.0614070441265292,0.0,0.1290867996105749,0.0761555343731162,0.0,0.0,0.0,0.0,0.0,0.0,0.0,0.0,0.0,0.0,0.0,0.0,0.0,0.0,0.0,0.0,0.0,0.0,0.0,0.0,0.0,0.0,0.0,0.0,0.0,0.0,0.0,0.0,0.0,0.0,0.0,0.0,0.0,0.0,0.0,0.0,0.0,0.0,0.0,0.0,0.0,0.0608270695288033,0.0,0.0,0.0,0.0,0.0,0.0706387411004213,0.0,0.0,0.0829286772333444,0.0,0.0,0.0,0.0,0.143050355076063,0.0,0.0,0.0,0.0,0.0,0.0,0.0,0.0,0.0,0.0,0.0,0.0535040589982394,0.0561658979766456,0.0,0.0,0.0,0.0,0.0,0.0,0.0,0.0,0.0451265571695976,0.0,0.0,0.0673938966477386,0.0,0.0,0.0,0.0,0.0,0.0,0.0,0.0518835697632443,0.0,0.0,0.0,0.0,0.0,0.0,0.0,0.0,0.0,0.0,0.0,0.0,0.0,0.0,0.0,0.0,0.065925432395233,0.0,0.0,0.0,0.0,0.0,0.0,0.0,0.0,0.0,0.0,0.0,0.0,0.0,0.0,0.0,0.0,0.0,0.0,0.0,0.12522361925506,0.0,0.0,0.0,0.0902531143391952,0.0,0.0,0.0,0.0,0.0,0.0,0.3442601316484107,0.0,0.0,0.0,0.0,0.0715251775380315,0.0,0.0,0.0,0.0,0.0,0.0,0.0,0.0,0.0,0.0,0.0,0.0,0.0,0.0,0.0,0.0,0.0,0.0,0.0,0.0,0.0,0.146810405740119,0.0,0.039885411019714,0.0,0.0,0.0,0.0,0.1070081179964788,0.0,0.0,0.0,0.0418438597227493,0.0486008723163961,0.0,0.0,0.0,0.0,0.0,0.0,0.0,0.0829286772333444,0.0,0.0,0.0,0.0,0.0,0.0,0.0,0.0,0.0,0.0,0.0,0.0,0.0,0.0,0.0,0.0518835697632443,0.0,0.1142494318262558,0.0,0.0,0.0,0.0,0.0,0.0,0.0,0.1756113289899263,0.0874052390468105,0.0,0.0,0.0,0.0,0.0,0.0,0.0,0.0,0.0,0.0,0.0,0.0,0.0,0.0,0.0,0.0,0.0,0.0,0.0591684198015863,0.0,0.0,0.0,0.0,0.0,0.0,0.0,0.0,0.0,0.0,0.0,0.0,0.0,0.0,0.0,0.0,0.0,0.0,0.0350231082085868,0.0,0.0,0.0,0.0,0.0,0.0,0.0,0.0,0.0,0.0,0.0,0.0,0.0,0.0,0.0,0.0,0.0,0.0,0.0,0.0,0.0,0.0448347797802048,0.0,0.0,0.0,0.0,0.0,0.0,0.0,0.0,0.0,0.0,0.0,0.0,0.0,0.0,0.0566404146769976,0.0597083924972856,0.0,0.1395690919103421,0.0,0.0,0.1754076785744645,sport
Dokumen_11,0.0,0.0550458385720067,0.0,0.0,0.0853137286321977,0.0685839637912626,0.191597920350491,0.0458117389605604,0.0,0.0,0.0,0.0,0.0,0.0,0.0,0.0,0.0,0.0,0.0,0.0873419233362381,0.0,0.0,0.0,0.0,0.0,0.0,0.1837470320628391,0.0,0.0,0.0,0.1199771742106764,0.0,0.0,0.0,0.0,0.0612577264881728,0.0,0.0,0.0,0.0,0.0,0.0,0.0,0.0,0.0,0.0,0.0,0.0,0.0,0.0,0.0843498008587525,0.0807821359370162,0.0,0.0740548428810628,0.0,0.0,0.0,0.0,0.0697147633271802,0.0,0.0,0.0,0.0,0.0969721023455697,0.0,0.0,0.0,0.0,0.0,0.0,0.0,0.0,0.0863103380801806,0.0,0.0,0.0,0.0,0.0,0.0,0.0,0.0,0.0366599999859644,0.0,0.1568137206653184,0.0,0.0,0.0599885871053382,0.1393791349749338,0.0,0.0,0.0630390587504082,0.0,0.0,0.0,0.2088746390795364,0.0,0.0,0.0,0.0,0.0,0.0,0.0,0.0,0.0,0.0,0.0,0.0,0.0,0.0,0.0957989601752455,0.0,0.0,0.0,0.0,0.0,0.0,0.0,0.0,0.0,0.0,0.2008960876038561,0.0,0.3009916586112811,0.0,0.0,0.0,0.0,0.0,0.0,0.0,0.063973240057133,0.0576037262232693,0.0,0.0,0.054354108699018,0.0,0.0,0.0,0.0,0.1273037542092183,0.0,0.0,0.1537133835863806,0.0669384538691112,0.0,0.0,0.0,0.0744543308432999,0.0,0.0,0.0,0.0,0.0,0.0,0.0,0.0,0.0,0.0,0.3045231961222835,0.0374186785629488,0.0,0.0,0.0,0.0,0.0,0.0,0.0604055751353968,0.0,0.0,0.0,0.0,0.118343893450267,0.0400290143337774,0.0,0.0,0.0,0.0,0.0,0.0669653625346187,0.0,0.0,0.0,0.0,0.0,0.0,0.0,0.0,0.0816342872897922,0.0,0.0,0.0,0.0,0.0,0.0669653625346187,0.0,0.0,0.0,0.0,0.0,0.0,0.0,0.0,0.0,0.0,0.0,0.0,0.0,0.0,0.0,0.0,0.0,0.07914853995257,0.0,0.0,0.0,0.0,0.0,0.1326266376346584,0.0,0.0,0.0,0.0,0.0,0.0,0.0,0.0,0.0,0.0,0.0,0.0,0.0,0.0,0.0,0.0,0.0,0.063973240057133,0.0,0.0,0.0,0.0,0.0,0.0,0.0,0.0659337772785612,0.0,0.0,0.0,0.0,0.0895204874894604,0.0,0.0,0.0,0.0,0.0,0.0,0.0,0.0,0.0,0.0,0.0,0.0,0.0,0.0,0.0,0.0484860511727848,0.0,0.0,0.0,0.0,0.0,0.0,0.0,0.1650237594401405,0.0,0.0583773804313565,0.0669653625346187,0.0,0.0,0.0,0.0,0.0,0.0,0.0816342872897922,0.0,0.0,0.0,0.0,0.0,0.0,0.0,0.0,0.0,0.3134582765613385,0.0,0.0,0.0,0.0,0.0,0.0,0.0,0.1066724314537418,0.0,0.0944314036826822,0.0825118797200702,0.0,0.0,0.0,0.0,0.098741129941954,0.0,0.0,0.0873419233362381,0.0,0.0,0.0,0.0,0.0,0.0,0.0,0.0,0.0,0.0,0.0,0.0,0.0,0.0,0.0,0.0,0.0,0.0,0.0,0.0,0.0,0.0,0.0,0.0,0.0,0.0,0.0,0.0,0.0,0.0,0.0,0.0,0.0,0.0,0.0,0.0,0.0,0.0,0.0895204874894604,0.0,0.0,0.0,0.0,0.0,0.0,0.0,0.0,0.0,0.0,0.0,0.0740548428810628,0.0816342872897922,0.0,0.0,0.0,0.0,0.0,0.0,0.0,0.0,0.0,0.0,0.0,0.0,0.0,0.067495055481841,0.0,0.0,0.0799539920688076,0.0,0.0523715263597822,0.0,0.0,0.0,0.0,0.0,0.0,0.0,0.0,0.0,0.0,0.0,0.0,0.0825118797200702,0.0,0.0,0.0,0.0,0.0,0.0,0.0,0.0,0.0,0.0,0.0,0.0,0.0,0.0,0.0,0.0,0.0,0.0,0.0,0.0,0.0,0.0,0.0546979390889509,0.0,0.0,0.0,0.0,0.0,0.0,0.0,0.0,0.0,0.0,0.0,0.0,0.0,0.0,0.0,0.0,0.0,0.0,0.0,0.0,0.0,0.0635028754110141,0.0,0.0,0.0,0.0,0.0616932479831001,0.0,0.0,0.0,0.0,0.0,0.0,0.0,0.0,0.0,0.0,0.0,0.0,0.0,0.1225154529763456,0.0,0.0,0.1533611832845423,0.2074317800635231,0.0,0.0,0.1599079841376152,0.0918735160314195,0.0,0.0,0.0,0.0,0.0,0.0,0.0,0.0,0.0,0.0,0.0,0.0,0.0,0.0,0.0,0.0,0.07914853995257,0.0,0.1024468812404738,0.0,0.0,0.0,0.0,0.0,0.0,0.0,0.0,0.0,0.0,0.0,0.0,0.094088232399191,sport
Dokumen_24,0.0,0.0,0.0,0.0,0.0,0.0,0.0,0.0,0.0525834767001648,0.046491094085452,0.0,0.0,0.0,0.0,0.0,0.0,0.0,0.0,0.0,0.0,0.5526630210247662,0.0,0.0,0.0,0.0406144801029603,0.0,0.0,0.0,0.0,0.0,0.0352367213449406,0.0,0.0589332055390995,0.0,0.0,0.1079466049782787,0.1178664110781991,0.0,0.0,0.0,0.0,0.0,0.0,0.0,0.0,0.0,0.0,0.0,0.0,0.0,0.0,0.0474506527160473,0.0,0.0,0.0,0.0,0.0,0.0,0.0,0.0547005260326704,0.0,0.0,0.0,0.0,0.0,0.0,0.0,0.0,0.0,0.0,0.0,0.0,0.0,0.0,0.0,0.0,0.0,0.0,0.0,0.0,0.0,0.1076686638528953,0.0,0.0921108771647578,0.0,0.0,0.0,0.0,0.0,0.0,0.0555428087463109,0.0,0.0,0.0,0.1402182421389423,0.0412917281614351,0.0,0.0,0.0,0.0,0.0,0.0,0.1042711038282978,0.0,0.0,0.0,0.0,0.0,0.0,0.0,0.0,0.0,0.0,0.0,0.0,0.0,0.0525834767001648,0.0460305971411783,0.0,0.0,0.0,0.0,0.0,0.0406144801029603,0.0,0.5266926152789553,0.0,0.0,0.0,0.0,0.0,0.0338358769109761,0.0786696247821883,0.0,0.0,0.0,0.0,0.0,0.0,0.0,0.0,0.0,0.0,0.0393190064987735,0.0,0.0,0.0,0.0437337606275431,0.0,0.0323333982104703,0.0,0.0,0.0,0.0,0.0,0.0,0.0,0.0,0.0894370039586809,0.0,0.0,0.0,0.0,0.0,0.0,0.0,0.0,0.0,0.0,0.0,0.0,0.0,0.0940506380865526,0.0,0.0,0.0362380228130323,0.0,0.0,0.0393348123910941,0.0451448844336865,0.0,0.0399627947612711,0.0390291829605545,0.0,0.0,0.0,0.0506978656919944,0.0,0.046491094085452,0.0,0.0,0.0,0.0,0.0,0.0412917281614351,0.0,0.0,0.0990925298221137,0.0423601686273607,0.0,0.0,0.0,0.0,0.0762869405061255,0.0451448844336865,0.0,0.0,0.0279937981640665,0.0,0.0,0.0,0.0,0.0,0.0,0.0,0.0554681018230245,0.0,0.0,0.0,0.0,0.0,0.0,0.0,0.0,0.0,0.0,0.0,0.0,0.0,0.0,0.046491094085452,0.0,0.0,0.0,0.0,0.0,0.0,0.0,0.0,0.0,0.0,0.0,0.0,0.0,0.0451448844336865,0.0,0.0,0.0,0.0,0.0894370039586809,0.0,0.0,0.0,0.0,0.0,0.0,0.0,0.0,0.0,0.0825834563228703,0.0,0.0,0.0,0.1051669534003297,0.0,0.0,0.0,0.0,0.0,0.0532607247586397,0.0,0.0,0.0484666876424007,0.0,0.0,0.0,0.0,0.0,0.0495462649110568,0.0,0.0,0.0,0.0,0.0,0.0,0.0,0.0,0.0,0.0,0.0,0.0,0.0,0.0,0.0,0.0,0.0,0.0381434702530627,0.0,0.0,0.0,0.0835444856807504,0.0,0.0,0.0,0.0,0.0,0.0,0.0,0.0,0.0,0.0,0.0,0.0,0.0,0.0,0.0,0.0,0.0,0.0,0.0,0.0,0.0,0.0,0.0,0.0,0.0,0.0,0.0,0.0,0.1159991874767658,0.0,0.0,0.0,0.0,0.0,0.0,0.0571138810308911,0.033175887836482,0.1198883842838134,0.0,0.0,0.0,0.0,0.0,0.1265456111710066,0.0,0.0,0.0,0.0,0.0525834767001648,0.0,0.0,0.0,0.0,0.0,0.0,0.0,0.0,0.0,0.0,0.0,0.0,0.0,0.0,0.0,0.0,0.0,0.0,0.0,0.0,0.0,0.0,0.0,0.0,0.0,0.0,0.0,0.0,0.0,0.0,0.0,0.0,0.0307625328382612,0.071460230509684,0.0,0.0,0.0451448844336865,0.0,0.0,0.0,0.0,0.1219340746062851,0.0479511982566308,0.0,0.0,0.0,0.0,0.0,0.0,0.0,0.0539656231225187,0.0,0.0,0.0,0.0,0.0,0.0,0.0381434702530627,0.1688141742146385,0.0,0.0,0.0,0.0,0.0,0.0,0.0378580486797565,0.0,0.1936574198921084,0.0321290453871748,0.092982188170904,0.0,0.0,0.0,0.0,0.0,0.0,0.0455820625195411,0.0,0.0,0.0699904246893807,0.0,0.0,0.0,0.0,0.0659227611612947,0.0416405806734548,0.0,0.0,0.0,0.0547005260326704,0.0,0.0,0.0,0.0,0.0,0.0,0.0,0.0,0.0,0.0489980407059379,0.0,0.0,0.0,0.0,0.0,0.0,0.025748091201512,0.0571138810308911,0.0,0.0,0.0,0.0,0.0,0.0,0.0,0.0,0.0,0.0,0.0,0.0,0.0,0.0,0.0,0.0,0.0,0.0,0.0,0.0,0.0329613805806473,0.0,0.0,0.0,0.0,0.1002249337005347,0.0,0.0,0.0601763165481783,0.0,0.0,0.0,0.0,0.0,0.0,0.0,0.0,0.0,0.0513038089882987,0.0,0.0,0.0552665262988547,sport
Dokumen_59,0.0,0.0353434676929379,0.0,0.0,0.0,0.0,0.0,0.0,0.0,0.0,0.0,0.0,0.0,0.0,0.0,0.0,0.0,0.0,0.0,0.0,0.0,0.0560799240370417,0.0,0.0,0.1775818991917298,0.0360299119221405,0.0,0.0,0.0910341998801011,0.0567663682662442,0.0,0.0,0.1288391546384347,0.0,0.0,0.0786639111418169,0.0,0.0,0.0968534299681372,0.0,0.042996676745911,0.0,0.0,0.0,0.0,0.0,0.0518680591616677,0.0,0.1195857151814217,0.0,0.0,0.0,0.0,0.0,0.0,0.0,0.0582190183832849,0.0,0.0,0.0,0.0,0.1102267972348781,0.0,0.031131602817564,0.0,0.0,0.0,0.1452801449522059,0.0,0.0455170999400505,0.0,0.0,0.0,0.0,0.0,0.0633990511653753,0.0,0.0,0.0484267149840686,0.0,0.0,0.1647688710205554,0.0,0.0402743663384763,0.0,0.0,0.0,0.0,0.0,0.0488815595470443,0.1011892539989081,0.0,0.0,0.0,0.3257026254190966,0.0451357710921543,0.0615099622751992,0.0,0.0,0.0,0.0,0.0,0.0379927319060145,0.0,0.1413738707717519,0.0,0.0,0.0,0.0,0.0,0.0,0.0,0.0,0.0,0.0,0.0,0.0,0.0,0.0,0.0,0.0,0.0,0.0,0.0443954747979324,0.0,0.0,0.0,0.0407735059310955,0.0423343233125578,0.0,0.0821510290996525,0.0,0.0,0.0,0.0,0.0,0.0,0.0,0.1955262381881773,0.0,0.0,0.0,0.0,0.1934072973362928,0.0,0.0,0.0,0.0478051439495684,0.0,0.0,0.0,0.0,0.0,0.0,0.0,0.0,0.0,0.2535962046615013,0.0977631190940886,0.0480510749299246,0.0,0.0,0.0,0.0,0.047548643362906,0.044761993809066,0.0,0.0,0.0541587618409569,0.0,0.1509436934931536,0.0379927319060145,0.0257015645794064,0.0,0.0,0.0,0.0,0.1139781957180435,0.0,0.0,0.0,0.0,0.0,0.0,0.0,0.0,0.0,0.0,0.050819170664419,0.0,0.0,0.0,0.0,0.042996676745911,0.0902715421843086,0.0,0.0,0.1083175236819138,0.092607355502999,0.0513363300280867,0.0,0.0918125835798582,0.0547776742056858,0.0,0.2467381798376414,0.0,0.0,0.0611997473679659,0.0,0.0,0.0,0.1016383413288381,0.0,0.0,0.0,0.0606318906540366,0.0,0.0,0.0,0.0,0.0,0.0,0.0,0.0,0.0,0.0,0.0,0.0,0.0,0.0,0.0,0.04982551303609,0.0,0.0,0.0,0.0410755145498262,0.0,0.0,0.0,0.0968534299681372,0.0,0.0,0.0,0.0,0.0,0.0,0.0,0.0,0.0,0.0,0.0,0.0,0.0,0.0,0.0,0.0567663682662442,0.0,0.0,0.0,0.0,0.0,0.0,0.0,0.0,0.0,0.0,0.0,0.0,0.0,0.0,0.0589895390810597,0.0,0.0,0.0,0.0749651240783625,0.0,0.0,0.0,0.0,0.0,0.0,0.0,0.0,0.0,0.0,0.0,0.0,0.0,0.0,0.0479825736456415,0.0,0.0,0.0,0.0,0.1288391546384347,0.0,0.0,0.1121598480740834,0.0,0.0,0.0228305095814561,0.0,0.0,0.0,0.0,0.0,0.0,0.0,0.0633990511653753,0.0,0.0,0.0,0.0,0.1059573632021271,0.0,0.0,0.0,0.0,0.0,0.0,0.0,0.0,0.0,0.0,0.0,0.0,0.0,0.0,0.0,0.0633990511653753,0.0,0.0,0.0,0.0,0.0,0.0,0.0624308832586589,0.0362643886763976,0.0873662419502272,0.0,0.0,0.0,0.0,0.0,0.0,0.0,0.0,0.0,0.0,0.0,0.0,0.0,0.0,0.0,0.0,0.0,0.0,0.0529786816010635,0.0,0.0,0.0,0.0,0.095097286725812,0.0,0.0,0.0,0.0,0.0,0.0,0.0,0.0,0.0,0.0,0.0641050476020473,0.0,0.0,0.1413733954581383,0.0,0.0,0.0,0.1540089900842601,0.0,0.0,0.1171692037398214,0.0,0.0,0.0,0.0,0.0,0.0374825620391812,0.0,0.0,0.0,0.0,0.0,0.0529786816010635,0.2216702824147539,0.0,0.0,0.0,0.0,0.0,0.0,0.0529786816010635,0.0,0.0,0.0547776742056858,0.0,0.0,0.0918125835798582,0.0,0.0,0.0,0.044761993809066,0.0,0.0,0.0968534299681372,0.0,0.0,0.0,0.0,0.0,0.0,0.0666427481340328,0.0,0.0,0.04982551303609,0.0,0.0,0.1530123309478242,0.0,0.0,0.0,0.0,0.0,0.0,0.0,0.047548643362906,0.0,0.0,0.1630940237243822,0.0,0.0,0.0,0.0,0.0,0.0,0.0,0.0,0.0,0.0,0.0,0.0,0.0,0.0,0.0,0.0281451032029406,0.0,0.0,0.0,0.0,0.0,0.0656460889975969,0.0,0.0,0.0,0.0,0.0,0.0,0.0,0.0,0.0,0.0,0.1083175236819138,0.0479825736456415,0.0,0.0,0.0,0.0,0.0597928575907108,0.0,0.0,0.0,0.0,0.0,0.0,0.0657784154315035,0.0,0.0,0.0,0.0,0.0,0.0,0.0455170999400505,0.095965147291283,0.0,0.0,0.047548643362906,0.0,0.0201371831692381,sport
Dokumen_49,0.0,0.0,0.0,0.0,0.0,0.0,0.0,0.0236635039372539,0.0462407334066811,0.1226496851652779,0.0,0.0,0.0,0.0,0.0,0.0,0.0,0.0,0.0,0.0,0.0,0.0,0.0468362902029861,0.0,0.0714309309595747,0.0,0.0,0.0354262233661163,0.1464711814929946,0.0,0.0,0.0,0.0,0.0,0.0,0.0,0.0,0.0,0.0,0.0,0.0,0.0,0.0,0.0,0.0,0.0360103242947771,0.0417270427881174,0.0,0.0,0.0,0.0,0.0,0.0,0.0,0.0,0.0,0.0468362902029861,0.0,0.0,0.0,0.0468362902029861,0.1477928921625571,0.0,0.0,0.0,0.0,0.0,0.0,0.0,0.0,0.0,0.0,0.0,0.0,0.0,0.0,0.0,0.0,0.0,0.0,0.0,0.0189362830071663,0.0,0.0,0.0,0.0,0.0,0.0539959645292526,0.0,0.039324450533457,0.0162810346080215,0.0,0.0,0.0,0.0924785896690238,0.0,0.0,0.0,0.0,0.0,0.0,0.0,0.0,0.0,0.0852998017974949,0.0,0.0,0.0,0.0,0.0,0.0,0.0,0.0,0.0,0.2372107046136152,0.0,0.0,0.0,0.0,0.0,0.0345901543131076,0.0435698772850787,0.0,0.2142927928787243,0.0,0.0,0.0,0.0,0.0,0.0,0.0,0.0297545134328635,0.0,0.0,0.0,0.0,0.0,0.0,0.039324450533457,0.0,0.0,0.0,0.0,0.0,0.0,0.0,0.0,0.0576877365179094,0.0,0.0,0.0,0.0,0.0,0.0,0.0474561620594781,0.0,0.0,0.0,0.0,0.0193281693206074,0.0,0.0,0.0,0.0412992750122021,0.0,0.0,0.0,0.0330446093581849,0.0,0.0,0.0,0.0,0.0620295208029896,0.0,0.0,0.095600720448981,0.0,0.0611291178232999,0.0,0.0793988034559527,0.0,0.0,0.0,0.0,0.0,0.0,0.0,0.0,0.0408832283884259,0.0,0.0,0.0,0.0,0.0,0.0,0.0462407334066811,0.0,0.0,0.0,0.0,0.0,0.0,0.0,0.0,0.0,0.0,0.0,0.0,0.0556406901668951,0.0,0.0,0.0,0.0,0.0,0.0,0.1951096329060402,0.0,0.0,0.0556406901668951,0.0825985500244043,0.0,0.0,0.0,0.0,0.0,0.0,0.0,0.0,0.0,0.0,0.0,0.0,0.0,0.0,0.0,0.0,0.0,0.0,0.0,0.0,0.0,0.0,0.0,0.0,0.0,0.0,0.0,0.0545930505344879,0.0,0.078648901066914,0.0,0.0,0.0,0.0,0.0,0.0456676558918199,0.0,0.0,0.0,0.0726220445521847,0.0,0.0,0.0,0.0462407334066811,0.0,0.0,0.0,0.0,0.0,0.0,0.0,0.0,0.0426205211792341,0.0924814668133622,0.0,0.0,0.0,0.0,0.0,0.0,0.0,0.0,0.0,0.0,0.0,0.0583482676021652,0.0,0.0,0.0,0.0386012304288291,0.0,0.0,0.080956555348836,0.0,0.0,0.0,0.0,0.0,0.0,0.0,0.0734671522765583,0.0,0.0,0.0,0.040478277674418,0.0,0.0,0.0,0.0510035456013118,0.0,0.0,0.0,0.0,0.0,0.0,0.0,0.0,0.0,0.0,0.0,0.0,0.0,0.0,0.0,0.0,0.0,0.0,0.0,0.0,0.0,0.0,0.0,0.0,0.0,0.0,0.0,0.0,0.0583482676021652,0.0,0.0,0.0,0.0,0.0,0.0,0.0,0.0,0.0,0.1158036912864872,0.0,0.0462407334066811,0.0,0.0,0.0,0.0,0.0,0.0,0.0,0.0,0.0,0.0,0.0,0.0,0.0,0.0843344226841062,0.0,0.2372107046136152,0.0,0.0,0.0,0.0,0.536130491067541,0.0,0.0,0.0257857543491986,0.4948380311961918,0.0,0.0,0.0,0.0,0.0,0.0,0.0,0.0270518833891379,0.0,0.0,0.0,0.0396994017279763,0.0,0.0,0.0,0.0,0.0,0.0,0.0389585351927254,0.0,0.0,0.0,0.0,0.0,0.0,0.0474561620594781,0.0354262233661163,0.0,0.0,0.0,0.0,0.0,0.0670850293614008,0.0,0.0738617882651687,0.0,0.0,0.0,0.0,0.0,0.0,0.0,0.0,0.0282535639632754,0.0,0.0,0.0,0.0,0.0,0.0,0.0,0.0,0.0,0.0,0.0307740070853084,0.0,0.0,0.0,0.0,0.0,0.0,0.0,0.0,0.0,0.0,0.0,0.0,0.0,0.0,0.0,0.0,0.0,0.0,0.0,0.0,0.0,0.0,0.0,0.0,0.0,0.0,0.0,0.0502246696548701,0.0,0.0,0.0,0.0,0.0,0.0357154654797873,0.0,0.0,0.0,0.0,0.0,0.0,0.0,0.0,0.0,0.0435698772850787,0.0,0.0,0.0,0.0,0.0,0.0,0.0,0.0,0.0,0.0440677826075941,0.0408832283884259,0.0,0.0529177069589171,0.0,0.0,0.0852410423584682,0.0,0.0,0.0,0.0366177953732486,0.0,0.0474561620594781,0.0,0.0,0.0,0.0162000490728973,sport
Dokumen_21,0.0,0.0,0.0,0.0,0.0,0.0,0.0,0.1017087759666583,0.0,0.0585737869868858,0.0,0.0,0.5845860874280479,0.0,0.0,0.0,0.0,0.0,0.0,0.0,0.0,0.0,0.0,0.0,0.0,0.0,0.0,0.1015109688247702,0.0524626608677812,0.0,0.0443944856703352,0.0,0.0,0.0,0.0,0.04533371082738,0.0,0.0,0.0,0.0,0.0,0.0,0.0585737869868858,0.0,0.0,0.0,0.0,0.0,0.0,0.0,0.0,0.0,0.1342055896144604,0.0,0.0,0.0,0.0671027948072302,0.0,0.0,0.0,0.0,0.1270465624895143,0.0,0.0358820470337397,0.0,0.0,0.0,0.0,0.0,0.0,0.0,0.0,0.0,0.0,0.0574285048128815,0.0,0.0,0.0,0.0,0.0,0.0,0.0542603826022287,0.0,0.116049815655167,0.0,0.0,0.0,0.0257868425852531,0.0,0.0563405112492321,0.0466519837423772,0.0662495349669374,0.0,0.0,0.0883299652146929,0.1040462883150401,0.0,0.0,0.0,0.0,0.0,0.0,0.0437901318856202,0.0,0.0407366102389679,0.0,0.0,0.0,0.0,0.0,0.0,0.0,0.0,0.2192197827855179,0.0,0.0,0.0,0.1159872205575916,0.0,0.0,0.0,0.0,0.0,0.0511698843172272,0.0,0.0,0.0,0.0,0.0,0.0,0.0,0.0852591441730849,0.0991152807860475,0.0,0.0,0.1399578597547987,0.0,0.0,0.0,0.0314036661790183,0.0,0.0,0.0568777073627482,0.0495377266657145,0.0,0.0,0.0,0.0275499214368323,0.0,0.0,0.0,0.0,0.0,0.0,0.0,0.0,0.0,0.0,0.0563405112492321,0.0553833010385367,0.0,0.0,0.0,0.1775095827287245,0.0,0.0515923313230343,0.0,0.0473433235560999,0.0,0.0,0.0,0.0875802637712405,0.0296234265380854,0.0,0.0,0.0,0.0,0.0437901318856202,0.0,0.0,0.0,0.0,0.0,0.0,0.0,0.0,0.0638738675470721,0.0,0.0,0.0,0.0,0.0,0.0,0.0495576403930237,0.1040462883150401,0.0,0.0,0.0,0.0,0.0,0.0,0.0,0.0,0.0480566772086923,0.0568777073627482,0.0,0.1195654556750114,0.0352691801058088,0.0,0.0,0.0,0.0,0.0,0.0,0.0,0.0,0.0,0.0,0.0,0.0591698609095748,0.0,0.0,0.0,0.0423488541631714,0.0,0.1461465218570119,0.0,0.0,0.0,0.0,0.0,0.0574285048128815,0.0,0.0,0.0,0.0473433235560999,0.0,0.0,0.0,0.1116325217773561,0.0,0.0,0.0,0.0,0.1137554147254964,0.0,0.0,0.0,0.0,0.0563405112492321,0.0568777073627482,0.0,0.0,0.0,0.0,0.0,0.0,0.0,0.0,0.0,0.0,0.0,0.0,0.0,0.0,0.0,0.0,0.0,0.0,0.0671027948072302,0.0,0.0,0.0,0.0,0.0,0.0,0.05202314415752,0.0,0.0,0.0,0.0,0.0,0.0,0.0,0.0,0.0,0.0,0.0,0.0,0.0553043469827843,0.0,0.0,0.0,0.0,0.0,0.0,0.0,0.0,0.0,0.0,0.0526285410620664,0.0,0.0,0.0,0.0,0.0,0.0,0.0,0.0,0.0,0.0,0.0,0.0,0.0,0.0,0.0,0.0,0.0,0.0,0.0,0.0,0.0,0.0,0.0,0.0,0.0,0.0,0.0,0.0,0.0,0.0,0.0,0.0,0.0579936102787958,0.0,0.0,0.1439147160249168,0.0,0.0,0.0,0.0,0.0,0.0,0.0,0.0,0.0,0.0,0.0,0.0,0.0,0.0,0.0,0.0,0.0,0.0,0.0,0.0,0.0,0.0698838529112052,0.0,0.0,0.0,0.0,0.0,0.0,0.0,0.0,0.0,0.0730732609285059,0.0,0.0,0.0,0.0,0.0,0.0,0.0,0.0,0.0499496390562669,0.0,0.0,0.1183397218191496,0.0,0.0,0.2250805451155094,0.0426295720865424,0.0,0.0,0.0,0.0,0.0,0.0,0.0,0.0,0.055816260888678,0.0,0.0,0.0,0.0,0.0,0.0,0.0,0.0,0.0,0.0,0.0,0.0,0.0,0.0,0.0,0.0,0.0,0.0,0.0,0.0515923313230343,0.0604133614770902,0.0,0.1116325217773561,0.0,0.0404791476221519,0.0,0.0,0.0,0.0,0.0,0.0,0.0,0.0,0.0,0.0,0.0,0.0,0.0,0.0,0.0754930121268003,0.0,0.1573879826033438,0.0,0.0548042022614951,0.0,0.0,0.0469952307346222,0.0,0.0,0.1509860242536007,0.0,0.0,0.0,0.0,0.0679908910636307,0.0,0.0,0.0,0.0,0.0,0.0,0.0,0.0324398304454661,0.0,0.0,0.0906674216547601,0.0529112404139205,0.0,0.1513263590568415,0.0,0.0,0.0,0.0,0.0,0.0,0.0,0.0,0.0,0.0,0.0,0.0,0.0,0.0,0.0,0.0,0.0689167898268679,0.0,0.0,0.0,0.0,0.0585737869868858,0.0,0.1010875972838958,0.0,0.0,0.0610628227571493,0.0,0.0,0.0,0.0,0.0,0.0,0.0,0.0548042022614951,0.0,0.0696298893931002,sport
Dokumen_89,0.0,0.1088311017970566,0.031620365778595,0.0,0.0,0.0338993307152939,0.047351019883392,0.0679307758177982,0.0,0.0,0.0,0.0,0.3416368235152044,0.0,0.0,0.0,0.0,0.0,0.0,0.0431709189847406,0.0,0.0431709189847406,0.0,0.162958052234736,0.0,0.0,0.0,0.0,0.0,0.0436993510166183,0.0296508519049193,0.0,0.0,0.0,0.0,0.0908344668766786,0.0,0.0,0.0,0.0,0.0,0.0,0.0,0.0,0.0,0.0,0.0,0.0,0.0,0.0,0.0416919879956589,0.0,0.0,0.0366034488402388,0.0,0.0,0.0,0.0,0.0,0.0,0.0448176164492626,0.0282845849923716,0.0,0.0239654372964995,0.0,0.0,0.0,0.0,0.0460291745261586,0.0350395452146892,0.0,0.0454107714363794,0.0,0.0,0.1150686216283067,0.0,0.0,0.0,0.0,0.0,0.0,0.0181201172234551,0.0,0.0930109002222453,0.0,0.0,0.0296508519049193,0.0172229014267355,0.0,0.0,0.031158623422013,0.2212386426392403,0.0,0.0,0.2359805437815993,0.0,0.0,0.0,0.0,0.0,0.0,0.0,0.0292472070761036,0.0908215428727588,0.1632466526955849,0.0,0.0,0.0,0.0,0.0,0.0,0.1747974040664735,0.0,0.048805260502172,0.0,0.0,0.0,0.1162009148553243,0.0,0.162958052234736,0.0,0.0,0.0,0.0,0.0,0.0,0.0,0.0,0.0651788201707649,0.0,0.0,0.0284720750701875,0.0,0.0,0.0,0.0311590483206639,0.0,0.0,0.0376295418242607,0.0838973977137701,0.0,0.0,0.0379883323849633,0.0330859964901668,0.0,0.0,0.0,0.0552013585593708,0.0,0.0544155508985283,0.0328421169666956,0.0,0.0421684332836147,0.0,0.0454107714363794,0.0,0.0,0.0,0.0376295418242607,0.0184951129887345,0.0,0.0,0.0,0.0,0.0366034488402388,0.0,0.0,0.0,0.0,0.0,0.0580990262999132,0.0584944141522072,0.0395706727956961,0.0,0.0,0.0,0.0,0.1754832424566218,0.0330992967676766,0.0,0.0,0.0,0.0,0.0,0.0,0.0,0.0426610323024464,0.0,0.0,0.0,0.0,0.0,0.0,0.0661985935353532,0.0,0.044247728527848,0.0,0.0,0.0,0.0,0.0,0.1060174476579463,0.0,0.0,0.0,0.0,0.0,0.0235561065824904,0.0,0.0,0.0,0.0391211353670205,0.0,0.0,0.0,0.0,0.0,0.0,0.0,0.0,0.048805260502172,0.0,0.0,0.0282845849923716,0.0,0.1952210420086882,0.0,0.0,0.0,0.0,0.0391211353670205,0.0383562072094355,0.0,0.0,0.0,0.0,0.0,0.0,0.0416919879956589,0.0,0.0369374929639189,0.0,0.0460291745261586,0.0651788201707649,0.0,0.0,0.0,0.0,0.0,0.0,0.0379883323849633,0.0,0.0,0.0460291745261586,0.0,0.0,0.0,0.0,0.0,0.0694919884643973,0.0,0.0,0.0,0.0,0.0,0.0,0.0,0.0,0.0,0.0448176164492626,0.0,0.0,0.0,0.0,0.0,0.0,0.0694919884643973,0.0,0.0,0.0,0.0,0.0,0.0403497778426234,0.0,0.047351019883392,0.0,0.0824613410754558,0.0,0.0416919879956589,0.0,0.0,0.0,0.0,0.0,0.0,0.0,0.0,0.0,0.0,0.0,0.0351503357554612,0.0,0.0,0.0,0.0,0.0,0.044247728527848,0.0407835497388903,0.0,0.0,0.0,0.0431709189847406,0.0,0.0,0.0,0.0,0.0,0.0,0.0,0.0,0.0,0.0,0.0,0.0,0.0,0.0,0.0,0.0,0.0,0.0,0.0,0.0,0.0833839759913179,0.0,0.0466750710573028,0.0,0.0480599546020272,0.0,0.0336277287995544,0.0,0.0,0.0,0.0,0.0,0.0,0.0,0.0,0.0,0.0,0.0,0.0,0.0,0.0,0.0,0.0,0.0,0.0,0.0,0.0,0.0,0.0,0.0,0.0366034488402388,0.0,0.0,0.0,0.0,0.0,0.048805260502172,0.0,0.0,0.0,0.0,0.0493487440302694,0.0,0.0,0.0725538239304045,0.0,0.0,0.0,0.1580770004718677,0.0,0.0517718601840614,0.2705942789161396,0.0,0.0,0.0379883323849633,0.0,0.0,0.0288544729137861,0.0,0.0,0.0,0.0745587953326562,0.0,0.0,0.0426610323024464,0.0416919879956589,0.0,0.0,0.0454107714363794,0.0,0.0,0.0,0.0,0.0,0.0421684332836147,0.0,0.0,0.0,0.0,0.0,0.0,0.0,0.0806995556852469,0.0,0.0372793976663281,0.0,0.0270358174727949,0.2347268122021235,0.0,0.0961199092040545,0.0,0.0,0.0,0.0,0.0,0.0460291745261586,0.0,0.0588952558018059,0.048805260502172,0.0,0.0,0.0,0.0,0.0,0.0,0.1098103465207166,0.0,0.0,0.0,0.0431709189847406,0.0,0.0,0.0,0.0,0.0,0.0,0.0,0.0,0.0961199092040545,0.0,0.0,0.0,0.0,0.0,0.0216663982887842,0.0,0.0,0.0,0.0,0.0,0.101070108009006,0.0341761063107841,0.0495908723350308,0.0454107714363794,0.0,0.0,0.0,0.0,0.0,0.0,0.0,0.0416919879956589,0.3324374366752708,0.0,0.0,0.0,0.0,0.0460291745261586,0.0,0.0,0.0,0.0,0.0,0.0,0.0675158937248767,0.0,0.0,0.0,0.0,0.0,0.0,0.0,0.0,0.0,0.0431709189847406,0.0732068976804777,0.0,0.0620072668148302,sport
Dokumen_194,0.0,0.0,0.0228739872372622,0.0,0.0,0.0,0.0,0.0,0.0,0.0,0.0,0.0,0.0,0.0,0.0,0.0,0.0410502252505055,0.0,0.0,0.0,0.0,0.0,0.0,0.0,0.0,0.0200642098948511,0.0,0.0,0.0,0.0,0.0428985048937162,0.0,0.0,0.0,0.0824416108487981,0.0,0.0,0.0,0.0,0.0,0.023943837244878,0.0,0.0,0.0,0.0,0.0,0.0,0.1387332772052139,0.0,0.0,0.0,0.0,0.0,0.0264787203119004,0.0,0.0,0.0,0.0,0.0,0.0,0.0,0.0409218059434805,0.0,0.0,0.1331889400679605,0.0,0.0,0.0,0.0,0.0,0.0,0.0,0.0,0.033764472781203,0.0,0.0,0.0,0.0,0.0,0.0,0.0,0.1179718791706154,0.0,0.1682088499154963,0.0,0.0,0.0428985048937162,0.0249178918537659,0.0,0.0,0.0788898793317847,0.0,0.0,0.0,0.1066918387444084,0.0,0.0342534501994046,0.0,0.0,0.0,0.0,0.0,0.0,0.0,0.0,0.0,0.0,0.0,0.0,0.0,0.0,0.0,0.0,0.0,0.0,0.0,0.0,0.0,0.0,0.0,0.0,0.0,0.0,0.0,0.0,0.0,0.0,0.0,0.0,0.2087821775330398,0.0686219617117868,0.0,0.0,0.0,0.0,0.0,0.0,0.0,0.0,0.3034544283866859,0.0,0.0,0.0,0.0478684318041945,0.0,0.0,0.0,0.0133107797256132,0.0,0.0,0.0,0.0,0.0,0.0,0.0,0.0,0.0,0.0,0.0,0.0535170252511652,0.0332972350169901,0.0,0.0,0.0,0.0,0.0,0.2375818371587609,0.0228739872372622,0.0,0.0,0.0,0.0211572581439659,0.014312596363312,0.0,0.1580592717411612,0.0,0.0,0.0,0.023943837244878,0.0,0.0,0.0,0.1187889744225232,0.0,0.0,0.0312295897141806,0.0,0.0291887927502509,0.0,0.0,0.0,0.0,0.0,0.0,0.0,0.0,0.0,0.0,0.0,0.0,0.0,0.0,0.0,0.0232186449655208,0.0,0.0,0.0,0.0511210482288815,0.0,0.0,0.0,0.0,0.0,0.0,0.0,0.0,0.0,0.0,0.0,0.0285879938630082,0.0,0.0,0.0,0.0,0.0,0.0,0.0,0.0577682026038343,0.0,0.0,0.0282999999860279,0.0,0.0,0.0,0.0,0.160117910660836,0.0,0.0,0.0,0.0,0.0267203658727153,0.0742235556623307,0.0332972350169901,0.0707249646239924,0.0,0.0,0.0,0.0,0.1600427371256066,0.0,0.0274805369495993,0.0,0.0316118543482322,0.0,0.0,0.0,0.0251350485373359,0.0,0.0,0.0,0.0,0.0,0.0,0.0,0.0520093705456082,0.0780344476430627,0.0,0.0,0.0353054393378857,0.0,0.0,0.0,0.0,0.0,0.062619469659772,0.023943837244878,0.0,0.0320085474251213,0.0,0.0,0.0,0.0,0.0,0.0312295897141806,0.0,0.0,0.0,0.067528945562406,0.0,0.0,0.1249183588567225,0.0,0.0,0.0,0.0,0.0,0.0,0.0,0.0,0.0,0.0508550936498134,0.0,0.0,0.0,0.0,0.0603194794131296,0.0,0.0,0.0,0.0,0.0,0.0,0.0,0.0,0.0,0.0401356383163893,0.0,0.0,0.0,0.0371117778311653,0.0,0.0,0.0371117778311653,0.0,0.0,0.0,0.0,0.0,0.0,0.0,0.0,0.0,0.0,0.0,0.0,0.3784683769938401,0.0,0.0201947844802968,0.0,0.0,0.2511162243261757,0.0,0.0371117778311653,0.0,0.0,0.0,0.0,0.0,0.0,0.0320085474251213,0.0320085474251213,0.0,0.0,0.1765271966894286,0.0624591794283612,0.0,0.0,0.0,0.0,0.0,0.0,0.0,0.0,0.0,0.0,0.0,0.0,0.0,0.0,0.0,0.0,0.0328498858470868,0.0,0.0,0.0,0.0,0.0,0.0,0.0478876744897561,0.0,0.0,0.0,0.0,0.0,0.0205965321949157,0.0,0.0,0.0,0.0298260253618628,0.0208731565532573,0.0,0.0,0.0291887927502509,0.0,0.0,0.0295025807971244,0.0,0.0301597397065648,0.0,0.0,0.0,0.0,0.0,0.0,0.0,0.0291887927502509,0.2135307820437635,0.0232186449655208,0.0,0.0,0.0,0.0,0.1076212389969324,0.0249269007661724,0.0,0.1382694210386518,0.0,0.0,0.0,0.0282999999860279,0.0,0.0,0.0,0.0,0.0,0.0,0.0,0.0,0.0,0.0,0.0353054393378857,0.0,0.0,0.0,0.0,0.0,0.0,0.0,0.0,0.0332972350169901,0.0,0.0,0.0392942998944238,0.0364745452195535,0.0,0.0220587634099883,0.0590051615942489,0.0,0.0,0.0,0.0695325788378038,0.0,0.0885077423913734,0.0,0.0,0.0,0.0313466910158629,0.0,0.0364745452195535,0.1314182416856905,0.1022565335111371,0.0,0.0,0.0247227949558188,0.0,0.0,0.0,0.0,0.0328498858470868,0.0,0.0656997716941736,0.0,0.1155460265504495,0.0,0.0,0.0,0.0332972350169901,0.0,0.0200642098948511,0.0,0.1331925909014037,0.0,0.0,0.0,0.0,0.0,0.109891353880112,0.1370138007976184,0.0312295897141806,0.0,0.0282999999860279,0.0,0.0,0.0,0.0,0.0,0.0,0.0,0.0291887927502509,0.2467063132093946,finance
Dokumen_150,0.0,0.0276512792768313,0.0642715951996832,0.0,0.0428558052298685,0.0,0.0,0.184101573672812,0.0,0.0,0.0552047902771243,0.0,0.0,0.0,0.0,0.0,0.0,0.0503992346994585,0.0,0.0,0.0,0.0,0.0,0.0,0.0,0.0,0.0,0.0,0.0,0.0,0.0,0.0,0.0,0.0,0.0,0.0307717085783414,0.0,0.1243450416407821,0.0,0.0,0.0336388360928824,0.0461509955308618,0.0,0.0,0.0,0.0,0.0,0.0389814374764255,0.0,0.0,0.0,0.0,0.0,0.0372001080449974,0.0,0.0,0.0,0.0,0.0700398954938761,0.0,0.0,0.0,0.1332350336502222,0.073068266927514,0.0,0.0,0.0,0.0,0.0,0.0,0.0,0.0,0.0,0.0,0.0,0.0,0.0,0.0,0.0,0.0541104280621779,0.0,0.036830973028942,0.1127735830310192,0.1417905544665371,0.0,0.0,0.0602683588261579,0.0175036455367718,0.0,0.0,0.0474997928292775,0.0,0.3864335319398703,0.0521385523469129,0.1049243889977324,0.0,0.0,0.0,0.0737364968276348,0.0,0.0,0.1564156570407389,0.0,0.0923019910617237,0.0,0.0,0.0888233557668148,0.0,0.0,0.0,0.0,0.0444116778834074,0.0,0.0,0.0,0.0,0.0,0.1180950627470271,0.0,0.0,0.0,0.0,0.0,0.0,0.0992016338006468,0.0,0.2208191611084973,0.0318995184454279,0.0,0.0,0.0,0.0289361877756146,0.0,0.0,0.0,0.0,0.0,0.0,0.0,0.0639487334909695,0.0,0.0,0.0,0.1008759570374882,0.0,0.0,0.0,0.1496031343277351,0.0,0.1106051171073254,0.0333774640996246,0.0,0.0,0.0,0.0,0.0,0.0,0.0,0.0,0.0751863797849569,0.0,0.0,0.0,0.0,0.1116003241349922,0.0,0.0,0.0,0.127114780753468,0.0,0.0885691153762253,0.0297239549200459,0.0,0.0496008169003234,0.0444116778834074,0.0,0.0,0.0,0.0,0.0,0.0512433005476368,0.0,0.0,0.0,0.0,0.0438746320775301,0.0,0.0,0.0,0.0,0.0,0.0386075660612719,0.0,0.4036660331145896,0.0706247515205571,0.0,0.0,0.0,0.0362260980211329,0.0,0.0,0.0,0.085711610459737,0.0652400184904416,0.0,0.0,0.0,0.0239400859141119,0.0,0.0948718080592902,0.0,0.0,0.0,0.077962874952851,0.0,0.0,0.0,0.0,0.0,0.0,0.0,0.0,0.0,0.0287456414917777,0.201596938797834,0.0,0.0,0.0,0.0,0.0,0.0397588344433895,0.0,0.0,0.0,0.033904917744004,0.0321357975998416,0.0,0.0,0.0,0.037887075261479,0.0375395972976886,0.0,0.0,0.0,0.0,0.0,0.0,0.0,0.0,0.0,0.0,0.0,0.0,0.0,0.0,0.0,0.0353123757602785,0.0,0.0,0.0,0.0,0.0,0.0,0.0,0.048712177951676,0.0730873659894851,0.0449689942924766,0.0,0.0,0.0,0.0,0.0,0.0,0.0,0.0,0.0,0.0353123757602785,0.0,0.0,0.0,0.0,0.0,0.0410075045629891,0.0,0.0,0.0,0.0838055127245305,0.0,0.0,0.0,0.0438746320775301,0.0,0.0,0.0,0.0,0.0,0.0,0.0,0.0,0.0,0.0,0.0,0.0,0.0,0.0,0.0423715935844893,0.0899379885849532,0.0,0.0,0.0,0.0,0.0,0.0,0.0,0.0,0.0,0.0,0.0488433620459196,0.0,0.0,0.0530916012145162,0.0,0.0,0.0,0.082896694427188,0.0,0.0,0.0,0.0,0.0,0.0,0.0,0.0,0.0,0.0,0.0,0.0,0.1134870803064967,0.0,0.0,0.0,0.0,0.0,0.0,0.0,0.0,0.0,0.0,0.0,0.0,0.0,0.0,0.0,0.0,0.0,0.0,0.0,0.0,0.0474359040296451,0.0,0.0867128678441642,0.0,0.0,0.0,0.037887075261479,0.0,0.0530916012145162,0.0512433005476368,0.0,0.0935589579587806,0.0,0.0,0.0,0.0250765797756308,0.0,0.0,0.0,0.0,0.0,0.0,0.0,0.0,0.0,0.0305561261786914,0.0578723755512292,0.0,0.0,0.0,0.0,0.0,0.0,0.0,0.0,0.0,0.0,0.0,0.0,0.0423715935844893,0.0359151995462141,0.0,0.0,0.0,0.0,0.041448347213594,0.0,0.0,0.0,0.0,0.0,0.0,0.0444116778834074,0.0,0.0,0.0,0.0,0.0,0.037887075261479,0.0,0.027476518277348,0.0,0.0,0.0,0.1465300861377589,0.0521385523469129,0.0,0.0,0.0,0.0,0.1127735830310192,0.0,0.0,0.0,0.0,0.0,0.0281883250827085,0.0,0.0,0.0,0.0,0.0467794789793903,0.0318995184454279,0.0,0.0,0.0,0.0,0.0,0.041448347213594,0.0,0.0461509955308618,0.0,0.0,0.0,0.0,0.0,0.0,0.0,0.0,0.0,0.0,0.0615434171566828,0.0718303990924283,0.0,0.0256794035615664,0.0,0.0,0.0,0.0401634387148107,0.0,0.0,0.0,0.0,0.1819050920523186,0.0,0.0,0.0,0.0,0.0,0.0,0.0281883250827085,0.0,0.0,0.0,0.0,0.0,0.0,0.0,0.0343082225978515,0.0,0.0,0.041448347213594,0.0397588344433895,0.0356107118081473,0.0,0.0,0.0,0.0461509955308618,0.0,0.0372001080449974,0.0,0.1732995665702121,finance
Dokumen_111,0.0,0.0,0.0,0.0,0.0,0.0,0.0,0.0,0.0,0.0,0.0,0.0,0.0,0.0,0.0,0.0,0.0,0.0,0.0,0.0,0.0,0.1091069865610158,0.0,0.0,0.0,0.0,0.0,0.0,0.0,0.1104425065813536,0.0,0.0,0.0,0.0,0.0,0.0,0.0,0.0,0.0,0.0,0.0,0.0,0.0,0.0,0.0,0.0,0.0,0.096938640245547,0.0,0.0,0.0,0.0,0.0,0.0925088484243387,0.1196714642997006,0.0,0.0,0.0,0.0870872480808672,0.0,0.0,0.0714843674219075,0.0,0.0605684730955641,0.2326614602860494,0.0,0.0,0.0,0.0,0.0,0.0,0.0,0.0,0.2359262424959565,0.0,0.0,0.0,0.0,0.0,0.0,0.0,0.0457954436198673,0.0,0.156712578424433,0.0,0.0,0.0,0.0870557735948473,0.0,0.0,0.0787479995078858,0.0,0.0,0.0,0.2236499125847385,0.0,0.0,0.0,0.0,0.0,0.0,0.0,0.0,0.0,0.0,0.0,0.1104425065813536,0.0,0.0,0.0,0.0,0.0,0.0,0.0,0.0,0.0,0.0,0.0,0.0,0.0,0.0,0.0,0.0,0.0,0.0,0.0,0.0,0.0,0.0,0.0,0.0,0.0719582159727762,0.0,0.0,0.0678988140040103,0.3937453668264964,0.0,0.0,0.0,0.0530090189190555,0.0,0.0,0.0,0.0,0.0,0.0,0.0,0.0465039431491367,0.0,0.0,0.0,0.0,0.0,0.0,0.0,0.0,0.0,0.0,0.0,0.0,0.0,0.0,0.0,0.0,0.0,0.0,0.0,0.0,0.0,0.0,0.0,0.0,0.0,0.0,0.0,0.0,0.0,0.0,0.0,0.0,0.0,0.0,0.0,0.0,0.0,0.0,0.0,0.0,0.0,0.0,0.0,0.0,0.0,0.0,0.0878144550752239,0.0,0.0,0.0,0.0,0.0,0.0,0.0,0.0,0.0,0.0,0.0,0.0,0.0,0.0,0.0,0.0,0.0,0.0,0.0,0.0,0.0,0.0,0.0,0.0,0.0,0.0,0.0,0.0,0.0,0.0,0.0,0.0,0.0,0.0,0.0,0.0,0.0,0.0,0.0,0.0,0.079914972977041,0.0,0.0,0.0,0.0,0.0,0.3889728570377349,0.0,0.0,0.0,0.1296576190125783,0.0,0.0,0.0,0.0,0.0,0.0,0.0,0.0,0.0,0.0,0.0,0.0,0.0,0.0,0.0,0.0,0.0,0.0,0.1817054192866925,0.0,0.0,0.0,0.0,0.0,0.0,0.0,0.0,0.0,0.0,0.0,0.0,0.0,0.0,0.0,0.0,0.0885563541094533,0.0,0.0,0.0,0.0,0.0,0.0,0.0,0.0,0.0,0.0,0.0,0.0,0.0,0.0,0.0,0.0,0.0,0.0,0.0888363579251553,0.0,0.0,0.0,0.0,0.0,0.1118284353305017,0.0,0.0,0.0,0.0,0.0,0.0,0.0,0.0,0.0,0.0,0.0,0.0,0.0,0.0,0.0,0.0,0.0,0.0,0.0,0.0,0.0,0.0,0.0,0.0,0.1372827081541413,0.0,0.0,0.0,0.0,0.0,0.0,0.0,0.0,0.0,0.0,0.0,0.0,0.0,0.0,0.0,0.0,0.0,0.0,0.0,0.0,0.0,0.0,0.0,0.0,0.0,0.0,0.0,0.0,0.0,0.0,0.0,0.0,0.0,0.0,0.0,0.0,0.0,0.0,0.0,0.0,0.0,0.0623601822515844,0.0,0.0,0.0,0.0843144028674813,0.0,0.1030733261630235,0.0,0.0,0.0654221844957457,0.0,0.1439164319455525,0.0,0.0,0.0,0.0,0.0729246599902692,0.0,0.0,0.0,0.0942171914760611,0.0,0.0,0.0,0.0,0.0,0.0,0.0,0.0,0.0,0.0,0.1147678239276235,0.0,0.0,0.0,0.0,0.0,0.0,0.0,0.0,0.0870872480808672,0.0,0.0,0.0942171914760611,0.0,0.068328324785325,0.0,0.0,0.0,0.0,0.0,0.0,0.0,0.0,0.0,0.0,0.0,0.0,0.0,0.0,0.0,0.1401968773455187,0.3542254164378134,0.0,0.0,0.0,0.0,0.0,0.0,0.0,0.0,0.0,0.0,0.1030733261630235,0.0,0.0,0.0,0.0,0.0,0.0,0.0,0.0,0.0,0.0,0.0,0.0,0.0765227703421824,0.0,0.1179631212479782,0.0,0.0,0.0,0.0,0.0,0.0,0.0,0.0,0.0,0.0,0.0,0.0,0.0,0.0,0.0,0.0,0.0,0.0,0.0,0.0,0.0,0.0,0.0,0.0,0.0426586686277102,0.0,0.0,0.0,0.0,0.0,0.0,0.0,0.0933530868276498,0.0,0.0,0.0,0.0,0.0391781446061082,finance
Dokumen_86,0.0,0.0424634689579812,0.0,0.0,0.0658127291988477,0.0,0.0739012480714056,0.0353400984657209,0.0690579077406444,0.0,0.0,0.0,0.0,0.0718382297478825,0.0,0.0,0.0,0.0,0.0,0.0,0.0,0.0,0.0,0.2543303918920701,0.0,0.0,0.0708730813675849,0.0,0.0,0.0,0.0,0.0,0.0,0.0,0.0,0.0,0.0,0.0,0.0581823585146934,0.0,0.0,0.0,0.0,0.0,0.0,0.1075587461378847,0.0,0.0598629467969904,0.0,0.0616781204239308,0.0,0.0,0.0,0.0,0.0,0.0604520075526367,0.0,0.0,0.0,0.0,0.0,0.0,0.068202049036989,0.037403116789244,0.0,0.0,0.0,0.0,0.0,0.0,0.0,0.0,0.0665815338070706,0.0,0.0,0.0,0.0,0.0,0.0,0.0,0.0750076901425017,0.0848407878844769,0.0,0.072581558196593,0.0,0.0,0.0,0.1075198729810651,0.0,0.0,0.0243148000269507,0.0,0.0,0.0,0.1150929321914262,0.0,0.0,0.0,0.0566177682551936,0.0,0.0,0.0,0.0,0.0,0.0424634689579812,0.0,0.0,0.0815316187555599,0.0,0.0739012480714056,0.0,0.0,0.0,0.0,0.0,0.0,0.0690579077406444,0.0,0.0,0.2543303918920701,0.1033168598032705,0.0,0.0,0.0,0.0,0.0,0.0,0.0489873975710394,0.0508626442503584,0.0,0.0,0.0,0.0516584299016352,0.0,0.1257895637901996,0.0,0.0,0.0,0.0,0.0654697873061583,0.0,0.0,0.0,0.0,0.0,0.0,0.0,0.0861533564181055,0.0,0.0424634689579812,0.0512570466089827,0.0,0.0,0.0,0.0708730813675849,0.0,0.0,0.0,0.0,0.0577310451371522,0.0,0.0,0.0,0.0,0.0,0.0,0.046598077732898,0.0,0.0,0.0,0.0453378888762114,0.0456464319216279,0.0308791881761858,0.0,0.068202049036989,0.0,0.0,0.0456464319216279,0.0,0.0,0.0,0.0,0.0,0.0718382297478825,0.0708730813675849,0.0,0.0,0.0,0.0,0.0,0.0,0.0,0.0,0.0,0.0542284484170523,0.0690579077406444,0.0,0.0,0.0,0.0616781204239308,0.0,0.0,0.0,0.0,0.0,0.0,0.0,0.0,0.0,0.0,0.0,0.0,0.0,0.0,0.0,0.0,0.0,0.0,0.0,0.0,0.0,0.0,0.0718382297478825,0.1324321717208347,0.0,0.0,0.0673773194583474,0.0,0.0,0.0,0.0610567784329236,0.0598629467969904,0.0739012480714056,0.0,0.0,0.0,0.0,0.0,0.0,0.0,0.0,0.0,0.0,0.0,0.0,0.0,0.0556316318456221,0.0,0.0,0.0,0.0,0.0,0.0,0.0718382297478825,0.0739012480714056,0.0,0.0,0.0,0.0,0.0,0.0,0.0,0.0,0.0,0.074806233578488,0.0,0.1381158154812889,0.0,0.0,0.0,0.0,0.0,0.0,0.0,0.0,0.0,0.0542284484170523,0.0,0.0,0.0,0.0,0.054686596605456,0.0,0.0,0.2217037442142169,0.0,0.0,0.0,0.0,0.0,0.0,0.0718382297478825,0.0,0.0,0.1547940199612862,0.0,0.0,0.0,0.0,0.0,0.0274297542994279,0.0,0.0,0.0,0.2418080302105469,0.0,0.0,0.445559285467546,0.0,0.0,0.0,0.1347546389166949,0.0699473379737645,0.1273026529907274,0.0,0.0,0.0,0.0,0.0,0.0,0.0,0.0,0.0,0.0,0.0,0.0,0.0,0.0,0.0,0.0,0.0,0.0,0.0,0.0,0.0,0.0,0.0,0.0,0.0,0.0,0.0,0.1601360846224779,0.0,0.0,0.0,0.0,0.0,0.0,0.0,0.0,0.0,0.0,0.0,0.0,0.0,0.0,0.0,0.0,0.0,0.0,0.0,0.0,0.1713821936469166,0.1259486680251928,0.0,0.0,0.0,0.0,0.0,0.0,0.0,0.0,0.0,0.0770191177206801,0.0,0.0,0.0,0.0,0.0,0.0,0.0,0.0,0.0404004506344581,0.0469243792475163,0.0,0.0658127291988477,0.0,0.0533390181839322,0.0,0.0,0.0,0.0,0.0,0.0,0.0616781204239308,0.0,0.0,0.0,0.1103083836217454,0.0610567784329236,0.0,0.0,0.0,0.0,0.0,0.0,0.0,0.0,0.0,0.0,0.068202049036989,0.0,0.0,0.0537793730689423,0.0629743340125964,0.0,0.0,0.0,0.0421950922871469,0.0,0.0,0.0,0.0,0.0,0.0,0.0,0.0,0.0,0.0,0.0,0.0,0.0718382297478825,0.0,0.0,0.0,0.0,0.0,0.0,0.0,0.0,0.0,0.0673773194583474,0.0,0.0,0.0,0.0475914145121162,0.0,0.0,0.0,0.0,0.0,0.0,0.0,0.0,0.0,0.0581823585146934,0.1014449453483633,0.0,0.0,0.0,0.0,0.0,0.0394353022541604,0.0,0.0,0.0708730813675849,0.0,0.0,0.0,0.0,0.0,0.0,0.0,0.0,0.0,0.0,0.0,0.0,0.0,0.0,0.0,0.0,0.0,0.0,0.0,0.0,0.1580591766516986,0.0,0.0,0.0,0.0,0.0,0.0718382297478825,0.0,0.0,0.0,0.0,0.0571273978823055,0.0,0.0241938527321976,sport
Dokumen_75,0.0,0.084672951130054,0.0,0.0,0.0,0.0,0.0736802352698979,0.1057032257520092,0.0,0.0608741789504432,0.0,0.0,0.0,0.0,0.0,0.0,0.0,0.0,0.0,0.0671758174469446,0.0,0.0,0.0,0.0,0.0,0.1294762159973255,0.4946278732795515,0.0,0.0,0.0,0.0461380082137071,0.0,0.0,0.0,0.0591114885070701,0.1884564797568196,0.0,0.0,0.0580083554174624,0.0,0.0515039375945091,0.0,0.0,0.0,0.0,0.0,0.0,0.0,0.0,0.0,0.0,0.0,0.0,0.0,0.0,0.0,0.0,0.0,0.0,0.0,0.0,0.0,0.0,0.0,0.0,0.0,0.0,0.0,0.0,0.0,0.0,0.0,0.0663824117123914,0.0,0.0,0.0,0.0,0.0,0.0,0.0828476972993801,0.0,0.112782744990933,0.0,0.0723644921262159,0.0,0.0,0.0,0.0535991593117605,0.0,0.0,0.0484841659181515,0.0,0.0,0.0,0.0458994917843497,0.0,0.0,0.0,0.0,0.0,0.0,0.0,0.0,0.0,0.0,0.0,0.0,0.0,0.0,0.0,0.0,0.0,0.0,0.0,0.0,0.0,0.0,0.0,0.0,0.0,0.1545118127835275,0.0,0.0,0.0,0.0,0.0,0.0,0.0,0.0,0.0,0.0,0.0,0.0,0.0,0.0,0.0,0.0,0.0,0.0,0.0652739900566631,0.0,0.0,0.0,0.1287081044683866,0.0,0.0,0.0,0.1431595030719001,0.0,0.042336475565027,0.0,0.0,0.0,0.0,0.0,0.0,0.0,0.0,0.0,0.0863375876407217,0.0,0.0,0.0,0.0,0.0569565498035746,0.0,0.0464587191703109,0.0,0.0,0.0,0.0,0.0455099193990236,0.061573678635751,0.0,0.0,0.0,0.0,0.0,0.0,0.0,0.0,0.0,0.0,0.0,0.0,0.0,0.0,0.0,0.0,0.0,0.0,0.0,0.0,0.2060157503780366,0.0,0.0,0.0,0.0,0.0,0.0,0.0,0.0,0.0,0.0,0.0591114885070701,0.0,0.0,0.0366543208428218,0.0,0.0,0.0,0.0,0.0,0.0,0.0,0.0,0.0,0.0,0.0,0.0,0.0,0.0,0.0,0.0,0.0,0.0,0.0,0.0621305990227464,0.0,0.0,0.0608741789504432,0.0,0.0,0.0,0.0,0.0,0.0,0.0,0.0,0.0,0.0,0.0,0.0,0.0,0.0,0.0,0.0,0.0,0.0,0.0585531948738962,0.0,0.0,0.0,0.0,0.0,0.0,0.0,0.0,0.0,0.0,0.0,0.0,0.0,0.0,0.1118737714224864,0.0,0.0688513796771228,0.0,0.0,0.0,0.0,0.0,0.0,0.0,0.0,0.0,0.0,0.0,0.0,0.1432467734261444,0.0,0.0,0.0,0.0,0.0,0.0,0.0641567069312683,0.0726284296560101,0.0,0.0,0.0,0.0,0.0,0.0,0.0,0.0,0.0,0.0671758174469446,0.0,0.0,0.0546954429842527,0.0,0.0,0.1269219352530559,0.0,0.0,0.0,0.0,0.0,0.0,0.0,0.0,0.0,0.0,0.0,0.0,0.0,0.0,0.0,0.0,0.0,0.0,0.0,0.0,0.0,0.0,0.0,0.0,0.0,0.0,0.0,0.0,0.0,0.0,0.0,0.0,0.0,0.0,0.313957204171544,0.0,0.0,0.0,0.0,0.0,0.0828476972993801,0.0,0.0,0.0,0.0,0.0,0.0,0.0,0.0,0.0,0.0,0.0,0.0,0.0,0.0,0.0,0.0663824117123914,0.0,0.1139130996071493,0.1255719995832807,0.0,0.0,0.0,0.0,0.0,0.0,0.0,0.0,0.0,0.0,0.0,0.0,0.0,0.1038226627587529,0.1030078751890183,0.0634609676265279,0.0,0.0,0.0805592540164025,0.0,0.0886075609336309,0.0,0.0,0.0,0.0,0.0,0.0,0.0,0.0,0.0,0.0,0.1269219352530559,0.0,0.0,0.0,0.1217483579008864,0.0,0.0,0.0,0.0,0.0,0.1255719995832807,0.0,0.0,0.0,0.0,0.0,0.0,0.0,0.0,0.0627859997916403,0.0495703032028071,0.0,0.0,0.0,0.0,0.0,0.0,0.0747833683595056,0.0,0.0,0.0,0.0,0.0,0.0,0.2749306972338241,0.0,0.0,0.0,0.0,0.0431587386657751,0.0,0.0,0.0,0.0,0.0,0.0,0.0,0.0,0.0,0.0,0.0,0.0,0.0,0.0,0.0,0.0,0.0,0.0,0.0,0.0,0.0580083554174624,0.0,0.0,0.0,0.0,0.0,0.0,0.0393173650493507,0.0,0.0,0.0,0.1229873254494789,0.0706611247542216,0.0,0.0,0.0,0.0,0.0,0.1297490737033669,0.1149526738204983,0.0,0.0,0.0,0.0431587386657751,0.0,0.0,0.0747833683595056,0.0,0.0,0.0,0.0,0.0787932384512028,0.0,0.0,0.0,0.0,0.0,0.0,0.0,0.0,0.0,0.0,0.0,0.0627859997916403,0.1447289842524318,sport
Dokumen_6,0.0,0.0,0.0,0.0,0.0,0.0,0.0,0.0,0.0,0.0,0.0,0.0,0.0,0.0,0.0,0.0,0.0,0.0,0.1365767592099079,0.0,0.0,0.0,0.0336981987782818,0.0,0.0,0.0,0.0,0.0509775608521227,0.1053844138348523,0.0,0.0,0.0,0.0,0.0,0.0,0.0227660323717783,0.0,0.0,0.0,0.0,0.0,0.0,0.0,0.0,0.0,0.0,0.0,0.0,0.0,0.0,0.0,0.0,0.0,0.0275219967662812,0.0,0.029123678270916,0.0,0.0,0.0,0.0,0.0336981987782818,0.0212670740424846,0.0,0.0720780919476299,0.0,0.0,0.0,0.0,0.0,0.0,0.0,0.0,0.0,0.0,0.0576797785035171,0.0,0.0,0.0,0.0,0.0,0.0,0.0,0.0,0.0,0.0,0.5682159074905481,0.0,0.0258996707901202,0.0,0.0,0.0117140264132665,0.0,0.0,0.0,0.0665373342742512,0.0,0.0,0.0,0.0,0.0,0.0,0.0,0.0219908659996649,0.0,0.0,0.0,0.0,0.0,0.0,0.0,0.0,0.0,0.0,0.0,0.0,0.0,0.0,0.0,0.0,0.0,0.0248872378824791,0.0,0.0,0.2055750957184059,0.0,0.0,0.0,0.0,0.024503855986349,0.0,0.0,0.0,0.0,0.0,0.080801392354639,0.0,0.0,0.0,0.0,0.0,0.0,0.0,0.0,0.024877237453388,0.0,0.1491487683577393,0.0,0.0,0.0,0.0,0.0,0.0,0.0,0.0,0.0,0.0,0.0,0.0,0.0,0.0,0.0,0.0,0.0,0.0297143768801609,0.0,0.0,0.0,0.0,0.0,0.0,0.0,0.0,0.0446295620998489,0.0,0.0,0.160495237557046,0.0,0.0,0.0497744757649583,0.0,0.0,0.0252845639578448,0.0,0.0,0.0,0.0,0.0,0.0,0.0,0.0,0.0,0.0,0.0,0.0,0.0,0.0332697021740746,0.0,0.0626961007857245,0.0268013886246409,0.0,0.0,0.0,0.0,0.0,0.0,0.0,0.0,0.0,0.0,0.0,0.5423210651527616,0.0,0.0,0.0,0.0332697021740746,0.0,0.0,0.0,0.0400328683010269,0.0,0.0,0.0,0.0,0.0212670740424846,0.0,0.07339298696038,0.0,0.0,0.0,0.0,0.0,0.0,0.0,0.0722722015030749,0.0,0.0,0.0356030553787109,0.0,0.0,0.0,0.0,0.0,0.0,0.0,0.0,0.0,0.0,0.0392791030384953,0.0,0.0282935122568409,0.0,0.0,0.0985721375013562,0.0,0.0,0.0657147583342374,0.0,0.14678597392076,0.0,0.0,0.0,0.0,0.0,0.0,0.0,0.0,0.0,0.0,0.03669649348019,0.0,0.0,0.0,0.0,0.0,0.0867822825867674,0.0,0.0,0.0,0.0,0.0,0.0,0.0,0.0,0.0,0.0,0.0209904703329896,0.0,0.0,0.0,0.0,0.0,0.0,0.0,0.0,0.0,0.0,0.0,0.0,0.0,0.0,0.0132147032267081,0.0,0.0,0.0,0.0,0.0,0.0,0.0,0.0,0.0,0.0,0.0,0.0,0.0,0.0,0.0,0.0,0.0,0.0,0.0,0.0,0.0,0.0,0.0,0.0,0.0,0.0,0.0,0.0,0.0,0.0,0.0,0.0,0.0,0.0,0.0,0.0,0.1679237626639169,0.0,0.0,0.0,0.0,0.0,0.0,0.0,0.0,0.0,0.1944121430855357,0.0,0.0,0.0,0.0,0.0,0.0,0.0,0.0,0.0,0.0,0.0,0.0,0.0,0.0,0.0,0.0,0.0,0.0,0.0,0.0,0.0,0.0,0.0,0.0,0.0,0.0927628417986701,0.0,0.0,0.0,0.0,0.0497744757649583,0.0306649990532391,0.0297143768801609,0.0,0.0389270687248389,0.0,0.0,0.0,0.0,0.0,0.0,0.0,0.0,0.0,0.0,0.0,0.0,0.0,0.0,0.0,0.0,0.0,0.0,0.0,0.0,0.0306649990532391,0.0341441898024769,0.0,0.0,0.0,0.0,0.026571374593203,0.0,0.0,0.0,0.0,0.0,0.0,0.0,0.0,0.0203281303985227,0.0,0.0,0.0,0.0,0.0,0.0,0.0,0.1441994462587928,0.0,0.0,0.0,0.0,0.0,0.0,0.0,0.0,0.0,0.0,0.0275219967662812,0.0,0.0,0.0,0.0,0.0,0.0,0.0,0.0,0.0,0.0,0.0,0.0,0.0,0.0,0.0,0.0613299981064782,0.0,0.0,0.0,0.1084083022546123,0.0,0.0,0.0,0.0,0.0,0.0,0.0,0.0,0.0,0.0,0.0,0.0,0.0,0.0,0.0,0.0,0.0,0.0,0.0,0.0,0.0,0.0,0.0,0.0,0.0,0.0634125756584427,0.0882451076479518,0.0,0.05076494886804,0.0,0.0,0.1533249952661955,0.0,0.0,0.0,0.0,0.0,0.0,0.0,0.0,0.0,0.0116557582060931,sport
Dokumen_167,0.0,0.0,0.0611138465566951,0.0,0.0407502427276724,0.0,0.0,0.0656461572721035,0.0,0.0,0.0,0.0,0.0,0.0,0.0,0.0,0.1096764259355,0.0,0.0,0.0,0.0,0.0417190132621891,0.0,0.0,0.0990801307426572,0.0,0.0,0.0,0.0,0.0,0.0,0.0,0.0,0.0,0.0,0.0292598537581243,0.0,0.0,0.0,0.0,0.0319861154984429,0.0877670719249774,0.0,0.077985503043741,0.0,0.0665987426134524,0.0,0.0,0.0444811411863431,0.0,0.0,0.0,0.0,0.0,0.0,0.0,0.0,0.0,0.0,0.0,0.0,0.1093333201296324,0.0,0.0463188840969646,0.0,0.0,0.0,0.0,0.0,0.0,0.0,0.0,0.0,0.0451053152040038,0.0,0.0,0.0,0.0457585308107909,0.1441025321881792,0.0,0.0,0.0350214185167078,0.0,0.0449413988763079,0.0,0.0,0.0286536472455861,0.0332873364724679,0.0,0.0,0.0451660650622467,0.0427596080112986,0.0,0.0,0.1282748332160051,0.0335774319442543,0.0,0.0,0.0,0.0,0.0,0.0,0.0282635776255132,0.0,0.0,0.0,0.295607713071624,0.0,0.0,0.0,0.0,0.0422296732959462,0.0,0.0,0.0,0.0,0.0,0.0,0.0,0.0,0.0,0.0,0.0,0.0,0.0,0.0,0.0,0.0,0.0,0.0,0.0,0.0,0.0,0.0,0.0259623293723368,0.0,0.0,0.0,0.0,0.0608068474715774,0.0,0.0,0.0,0.095919787590385,0.0,0.0,0.0,0.0355632335221349,0.0,0.0788782058498958,0.0317375850575763,0.0,0.0,0.0,0.0,0.0,0.0,0.0,0.0,0.0,0.0444811411863431,0.0,0.0,0.0,0.0707448348805152,0.0,0.0,0.0305569232783475,0.1611592841683751,0.0,0.0280725324562015,0.0282635776255132,0.0191199244998804,0.0,0.0,0.0,0.0,0.0,0.0319861154984429,0.0,0.0,0.0,0.0,0.0,0.0,0.2085950663109456,0.0,0.0,0.0,0.0444811411863431,0.0,0.0367107251790705,0.0,0.2878750394859863,0.1343097277770172,0.0,0.0,0.0,0.034446261819595,0.1527606229893776,0.0,0.0,0.0,0.0,0.1835536258953529,0.0,0.0,0.0910555110738156,0.0,0.0,0.0,0.0,0.0,0.0,0.0,0.0,0.0,0.0,0.0,0.0,0.0,0.0,0.0,0.0273333300324081,0.0,0.0,0.0,0.231514320164237,0.0,0.0,0.0,0.0,0.0,0.0,0.0,0.0,0.0,0.0,0.0,0.0,0.0,0.0,0.0,0.0,0.0,0.0991538323552661,0.0,0.0,0.0,0.0,0.0,0.0,0.0422296732959462,0.0,0.0,0.0,0.0335774319442543,0.0,0.0,0.0,0.0,0.0,0.0457585308107909,0.0,0.0,0.0,0.0,0.049576916177633,0.0,0.0433103297080004,0.0,0.0,0.0,0.0,0.0557681034582199,0.0,0.0,0.0,0.0,0.0,0.0,0.0,0.0389927515218705,0.0,0.0,0.0269778274153243,0.0,0.0,0.0,0.0,0.0,0.0,0.0,0.0,0.0,0.0,0.0310173449639262,0.0,0.0,0.0,0.0,0.0,0.0,0.0,0.0,0.0,0.0,0.0,0.0,0.0,0.0,0.0,0.0,0.0,0.0,0.0,0.0,0.1393308688284503,0.0,0.0,0.0,0.0,0.0,0.0,0.0,0.0,0.0,0.0,0.0,0.0,0.0,0.0,0.0402898210420937,0.0,0.0451053152040038,0.0,0.0,0.0,0.0,0.0,0.2875383210665437,0.0,0.0,0.0,0.0,0.0,0.0,0.0,0.0,0.0,0.0,0.0915170616215819,0.0902106304080076,0.0,0.0417190132621891,0.0,0.0,0.0,0.0,0.4289314698098794,0.0412262748688191,0.0,0.0,0.0,0.0,0.0,0.0,0.0,0.0,0.0,0.0,0.0,0.0,0.0238445341805081,0.0,0.0,0.0350568625125281,0.0644782484108826,0.0319861154984429,0.0,0.0,0.0,0.0500306913177015,0.0290548632074526,0.0,0.0,0.0,0.0,0.0,0.0278840517291099,0.0,0.0,0.0389927515218705,0.0,0.0,0.0,0.0824525497376383,0.0,0.0,0.0,0.0,0.0982777291484507,0.0,0.0,0.0,0.0,0.1630009709106898,0.0,0.0,0.0,0.0,0.0,0.0,0.0,0.0,0.0,0.0,0.0,0.0,0.0,0.0,0.0,0.0,0.0,0.0,0.0,0.0,0.0,0.0,0.0,0.0,0.0,0.0,0.0,0.0268033953170557,0.0,0.0,0.0,0.0,0.0,0.0,0.0417190132621891,0.0,0.0,0.0,0.0294678813161264,0.0394119349888595,0.0,0.0,0.0,0.0,0.0,0.0,0.0,0.0,0.0360256330470448,0.041875446657652,0.0,0.0,0.0292598537581243,0.0,0.0,0.0488354808699927,0.0,0.0,0.0,0.0381901557473444,0.0,0.0,0.0,0.0877670719249774,0.0,0.0514519110259353,0.0,0.0,0.0943277260729336,0.0,0.0,0.0,0.0,0.0,0.0,0.0,0.0,0.0,0.0,0.081556535393429,0.0,0.0,0.0,0.0,0.0,0.0,0.0,0.0,0.0,0.0,0.0707448348805152,0.0,0.164785129213129,finance
Dokumen_145,0.0,0.0,0.0,0.0,0.0,0.0,0.0,0.0,0.0,0.0,0.0,0.0,0.0,0.0,0.0,0.0,0.0,0.0,0.0,0.0,0.0,0.0,0.0,0.0,0.0,0.0,0.0,0.0,0.0,0.0,0.0,0.0,0.0,0.0,0.0,0.0,0.0,0.0,0.0,0.0,0.0,0.0,0.0,0.0,0.0,0.0,0.0,0.0,0.0,0.0,0.0,0.0,0.0,0.0,0.0,0.0,0.0,0.0,0.0,0.0,0.0,0.0,0.0,0.0,0.0,0.0,0.0,0.0,0.0,0.0,0.1147670537029184,0.0,0.0,0.0,0.0,0.0,0.0,0.0,0.0771135913981677,0.0,0.0,0.0,0.0,0.0961979672996744,0.0,0.0,0.0,0.0356261062799253,0.0,0.0,0.0322262899282937,0.0,0.0,0.0,0.0610166350928198,0.0,0.0,0.0,0.0,0.0,0.0,0.0,0.0,0.0,0.0,0.0,0.0,0.0,0.0,0.0,0.0,0.0,0.0,0.0,0.0,0.0,0.0,0.0,0.0,0.0,0.0,0.0,0.0,0.0,0.0,0.0,0.0,0.0,0.0,0.0852869219984903,0.0654077082558012,0.0,0.0,0.0,0.0,0.0,0.4494450533615056,0.1123612633403764,0.0,0.0,0.0,0.0,0.0,0.0342197054413304,0.0,0.0,0.0,0.0,0.0,0.0,0.0,0.0,0.0,0.0,0.0,0.0,0.0,0.0,0.0,0.0382577153912664,0.0,0.0,0.0,0.0,0.0,0.0712779733643958,0.0,0.0,0.0,0.0,0.0,0.0,0.0818531651350701,0.0,0.0,0.0,0.0,0.0,0.0,0.0,0.0,0.0,0.0,0.0,0.0,0.0,0.0,0.0,0.0,0.0,0.0,0.0,0.0,0.0,0.0,0.0,0.0,0.0,0.0,0.0,0.08259350901924,0.0,0.0,0.0,0.0,0.0,0.0,0.0,0.0,0.0,0.0,0.3236931320325142,0.0,0.0,0.0,0.0,0.0,0.0,0.0,0.0,0.0,0.0,0.0,0.0,0.0,0.0,0.0893003861454447,0.0,0.0,0.0,0.0,0.0,0.0,0.0,0.0,0.0,0.0,0.3370837900211292,0.0,0.0,0.0,0.0,0.0,0.0,0.0785800448722857,0.0,0.0,0.0,0.0,0.0,0.0,0.0,0.0,0.0,0.0,0.0,0.0,0.0,0.0,0.0,0.2085964626750506,0.0,0.0,0.0,0.0,0.0,0.0,0.0,0.0,0.0,0.0,0.0,0.0,0.0,0.0,0.0,0.0,0.0915278001145239,0.0,0.0,0.0,0.0,0.0,0.1786007722908894,0.0,0.0,0.0,0.0,0.0,0.0,0.0,0.0,0.0,0.0,0.0,0.0,0.0,0.0,0.0,0.0,0.0727095607395854,0.0,0.0,0.0,0.0,0.0862411714816537,0.0,0.0,0.0,0.0,0.0,0.0,0.0,0.0,0.0,0.0,0.0,0.0,0.0,0.0,0.0,0.0,0.0,0.0,0.0,0.0,0.0,0.0,0.0,0.0,0.0,0.0,0.0,0.0,0.0,0.0,0.0,0.0,0.0,0.0,0.0,0.0,0.0,0.0,0.0,0.0,0.0,0.0764063509069271,0.0,0.0,0.0,0.0,0.0,0.0,0.0,0.0,0.0,0.0,0.0,0.0,0.0,0.0,0.0,0.0,0.0,0.0,0.0,0.0,0.0,0.0,0.0,0.0,0.0,0.0,0.0,0.5294740182832335,0.0,0.0,0.0,0.0,0.0,0.0,0.0,0.0,0.0,0.0872267133508613,0.0,0.0,0.0852869219984903,0.0,0.0,0.0,0.0,0.0,0.0,0.0,0.0,0.0,0.0,0.0,0.0,0.0,0.0,0.0843620387453918,0.0,0.0,0.0,0.0663932501250087,0.0,0.0,0.0,0.0,0.0,0.0,0.0,0.0,0.0,0.0,0.0,0.0,0.0,0.0,0.0,0.0,0.0,0.0,0.0,0.0,0.0,0.0,0.0,0.0,0.0,0.0,0.0,0.0,0.0,0.0,0.0,0.0,0.0,0.0,0.0,0.0,0.0,0.0,0.0,0.0,0.0,0.0,0.0,0.0952127764663736,0.0,0.0,0.0,0.0,0.0,0.0,0.0,0.0,0.0,0.0,0.0,0.0,0.0,0.0,0.0817467957297889,0.0,0.1878671809541318,0.0,0.0939335904770659,0.0,0.0,0.0,0.0,0.1009551964903388,0.0,0.0,0.0,0.0,0.0,0.0,0.0,0.0,0.0,0.0,0.0349146805440799,0.0,0.0,0.0,0.0,0.0724803870665466,0.0,0.0,0.0,0.0,0.0,0.0,0.0,0.0,finance
Dokumen_131,0.0,0.1440242494171144,0.0,0.0,0.0372030718699847,0.0299076616971564,0.0,0.0,0.0,0.0,0.3354624743280116,0.0,0.0,0.0,0.0,0.0,0.0,0.0,0.0,0.0,0.0,0.0,0.0,0.0,0.0,0.0,0.0,0.0,0.0,0.0,0.1046377765098154,0.0380875142047704,0.0,0.0,0.0,0.0267128824125882,0.0,0.0,0.0,0.0,0.0,0.0,0.0345145953349942,0.0355985643317777,0.0,0.0304007736157158,0.0,0.0,0.0,0.0,0.0,0.0,0.0,0.0645867361840948,0.0,0.0,0.0,0.0,0.0,0.0,0.0,0.0,0.0,0.1691479273399944,0.0,0.0,0.0,0.0,0.0,0.0,0.0,0.0,0.0,0.0,0.0,0.0,0.0,0.0,0.0,0.1409195883718799,0.0,0.079932306095267,0.0,0.1230882061370557,0.0,0.0,0.1046377765098154,0.0303897863730914,0.0,0.0,0.0824690235994159,0.0,0.0,0.0,0.1561452568888103,0.0,0.0,0.0437515137251321,0.0,0.0,0.0,0.0,0.0,0.0400636225220044,0.0,0.0,0.269876061063492,0.0,0.0,0.0,0.2875392637097242,0.0,0.0,0.0,0.0,0.0,0.0,0.0,0.0,0.0,0.0,0.0,0.0,0.0,0.0,0.0,0.0,0.0276919327726467,0.0287519851034635,0.0,0.0,0.0,0.0,0.0,0.0,0.0,0.0,0.0,0.0,0.0,0.0,0.0,0.0,0.0583801962494075,0.0,0.0,0.0,0.016233787139562,0.0,0.0,0.0,0.0,0.0,0.0,0.0,0.0,0.0,0.0,0.0,0.0489519029413935,0.0,0.0,0.0,0.0,0.0,0.0,0.0526825632671223,0.0,0.0,0.0,0.0,0.025803328749029,0.0,0.0,0.0385537230090702,0.0,0.2765325227350455,0.0,0.0,0.0,0.0,0.0296680410898807,0.0289749355793396,0.0,0.0,0.0,0.0,0.0,0.0,0.0,0.0,0.0,0.0,0.1752109937134855,0.0,0.0,0.0,0.0,0.0,0.0,0.0,0.0311779406028149,0.0372030718699847,0.0,0.0,0.0,0.0,0.0207823591706912,0.0,0.0,0.0,0.0,0.0,0.0,0.0,0.0,0.0,0.0,0.0,0.0,0.0,0.048949304441194,0.0,0.0,0.0,0.0,0.0,0.3170426719747561,0.0,0.0,0.1035437860049828,0.0,0.0,0.0,0.0,0.0,0.0,0.0,0.0,0.0,0.0,0.0,0.0,0.0287519851034635,0.0,0.0,0.0,0.0,0.0,0.0,0.0,0.0417754054078981,0.0,0.0,0.0,0.0,0.1226185200593492,0.0,0.0452614132380663,0.0,0.0,0.0,0.0,0.0,0.0634304727524979,0.0,0.0,0.0,0.0,0.0395403119340268,0.0400636225220044,0.0,0.0,0.0,0.0,0.0,0.0,0.0,0.0,0.0,0.0,0.0,0.0,0.0,0.0,0.0,0.0727514626377536,0.0,0.0,0.0,0.0,0.0,0.0,0.0,0.0,0.0,0.0566347799015904,0.0,0.0,0.0,0.0155056800257343,0.0,0.0,0.035981259295175,0.0,0.0,0.0,0.0,0.0,0.2348659806197998,0.0,0.0,0.0395403119340268,0.0,0.0,0.0,0.0,0.0,0.0,0.0,0.0,0.0437515137251321,0.0,0.0,0.0,0.0,0.0395403119340268,0.0,0.0,0.0,0.0,0.0,0.0367827283355043,0.0,0.0,0.0,0.0,0.0246294987476675,0.0,0.0,0.0,0.0,0.0,0.0,0.0,0.0,0.0,0.0,0.0,0.0,0.0,0.0,0.0,0.0,0.0,0.0,0.0,0.0,0.0,0.0,0.0,0.0,0.0,0.0,0.0,0.0,0.0,0.0,0.0,0.0,0.0,0.0400636225220044,0.0,0.0217689480956478,0.0,0.0,0.0,0.0294328174400276,0.0,0.0,0.0,0.0,0.022837844393176,0.0,0.0,0.0,0.0,0.0,0.0,0.0509136785975509,0.0,0.0,0.0711971286635555,0.0,0.0,0.035981259295175,0.037637667022653,0.0735654566710087,0.0,0.0345145953349942,0.0,0.0299076616971564,0.0,0.0,0.0,0.0,0.0372030718699847,0.0283173899507952,0.0,0.0,0.0385537230090702,0.0,0.0,0.0304007736157158,0.0,0.0281054953869797,0.0,0.0,0.0238523317605684,0.0,0.0,0.0,0.0,0.0,0.0,0.0,0.0,0.0,0.0,0.0259801498867531,0.0,0.0,0.0,0.0,0.0489405007476378,0.0,0.0,0.0,0.0,0.0,0.0,0.0,0.0,0.0,0.0452614132380663,0.0269028018749828,0.0,0.0,0.0,0.0363757313188768,0.0,0.0,0.0,0.0,0.0,0.0,0.1146909918061235,0.0,0.0,0.0267128824125882,0.0311779406028149,0.0,0.0,0.0,0.0,0.0,0.0,0.0,0.0,0.0,0.0,0.0,0.0,0.0,0.0,0.0,0.0,0.0,0.0244702503738189,0.0,0.2707354757862794,0.0,0.0,0.0,0.0,0.0,0.0595658517763532,0.0,0.3047001136381635,0.0,0.0,0.0,0.0,0.0,0.0,0.0,0.0,0.0,0.0,0.1230882061370557,finance
Dokumen_126,0.0236946631214894,0.0,0.0118335910078344,0.0,0.0,0.0380594093629044,0.0,0.0084741273340664,0.0,0.0,0.0,0.0,0.0,0.0,0.0,0.0,0.0,0.0371177300758322,0.0,0.0,0.0,0.0,0.0,0.0,0.0255801003159716,0.0,0.0,0.0,0.0,0.0,0.0,0.0161562646768494,0.0,0.0,0.0,0.0,0.0185588650379161,0.3815704179680941,0.0,0.1837483635482013,0.0,0.0169945060184006,0.0,0.0151004821256625,0.0,0.0,0.0,0.0,0.0,0.0443689974467884,0.0,0.0,0.0,0.0,0.0177206236963649,0.0,0.0,0.0255243335409527,0.0,0.0,0.0,0.0,0.0163540248351115,0.0,0.0,0.3925264714086499,0.0,0.0,0.0,0.0,0.0,0.0,0.0,0.0349353138430565,0.0,0.0,0.0255243335409527,0.0,0.0139514244740449,0.0,0.0179859350963128,0.054250114053149,0.0,0.0812194976011244,0.0182648580303419,0.0,0.0221930421003671,0.0,0.0,0.0,0.0291519719067285,0.0,0.0,0.0191993462212052,0.0220783122851171,0.0,0.0,0.0,0.0271525093814074,0.0,0.0,0.0,0.0109454611968574,0.0,0.0,0.0,0.0,0.0,0.0,0.0,0.0,0.0,0.0,0.0,0.0,0.0,0.0,0.0,0.374328425321832,0.0,0.0,0.0,0.0,0.0,0.0,0.0,0.0,0.0,0.0,0.0,0.0,0.0,0.0,0.0,0.0100542709946396,0.0,0.0,0.0,0.0,0.1255908926693626,0.0177206236963649,0.0167725239714204,0.0,0.0123820879648494,0.0,0.0,0.0,0.0068861769325326,0.1740410745490622,0.0,0.0122908186052174,0.0349353138430565,0.0,0.1562964498216525,0.0,0.0,0.0,0.0,0.0,0.0069216024977335,0.0,0.0,0.0,0.0,0.0,0.0,0.0,0.0,0.0,0.0,0.0,0.0,0.0074044551073171,0.0,0.0,0.0,0.0,0.0,0.0,0.0,0.0,0.0,0.0122908186052174,0.0,0.0339890120368013,0.0,0.0,0.0151004821256625,0.0,0.0,0.0,0.0426502076219784,0.0,0.0,0.0130033247491004,0.0,0.0,0.0,0.0,0.0,0.0,0.0,0.0,0.0,0.0,0.0,0.0,0.0,0.0,0.0524029707645848,0.0,0.0,0.0,0.0,0.0,0.0,0.0,0.0,0.0,0.0,0.0182648580303419,0.0207637052407206,0.0,0.0,0.0,0.0,0.0,0.0298857071039141,0.0,0.0,0.0,0.0,0.0,0.0,0.0624252328715796,0.0118335910078344,0.0,0.0,0.0,0.0,0.0,0.0,0.0,0.012196245699285,0.0,0.0,0.0,0.0,0.0165592493803057,0.0,0.0,0.0,0.0,0.0,0.0354412473927298,0.0,0.0,0.0,0.0,0.0,0.0,0.0,0.0,0.0,0.0,0.0134567376812788,0.0,0.0,0.0,0.0,0.0,0.0,0.0,0.0,0.0,0.0123870654545295,0.0130033247491004,0.0,0.0312055804603088,0.0,0.0,0.0,0.0,0.0,0.0,0.0,0.0,0.0,0.0,0.0,0.0,0.0,0.0869739528481316,0.0,0.0,0.200913438333761,0.0240237913423766,0.0,0.0,0.0371177300758322,0.0263092906660656,0.0,0.0,0.0,0.0,0.0,0.0,0.0,0.0,0.0,0.0,0.0,0.0,0.0,0.0191993462212052,0.0,0.0406568972052514,0.0,0.0,0.0,0.0782011764633129,0.0185588650379161,0.0191993462212052,0.0797018555966777,0.0,0.0,0.0,0.2598241105308256,0.0,0.0365297160606838,0.0524029707645848,0.0,0.0,0.0,0.0,0.0,0.0,0.0,0.0,0.0,0.0,0.0191993462212052,0.0,0.0,0.0,0.0,0.0,0.0,0.0424737122876965,0.0,0.0,0.0,0.0,0.0,0.0161562646768494,0.0151004821256625,0.0,0.0305256334374475,0.0,0.0,0.015965444921605,0.0,0.0,0.0,0.0139514244740449,0.0,0.2737041176215954,0.0,0.0,0.0344518738071975,0.0,0.0,0.0,0.0,0.0,0.03193088984321,0.0,0.0124850465743159,0.0,0.0,0.0,0.0,0.0096875384589588,0.0,0.0213107523097051,0.0,0.0,0.0,0.0,0.0,0.0,0.0,0.0,0.0279028489480898,0.0,0.0,0.0,0.0,0.0132253067960806,0.0,0.0,0.0126864697876348,0.0165592493803057,0.0,0.0,0.0,0.0,0.0,0.0,0.0,0.0,0.0,0.0185588650379161,0.0,0.0453014463769876,0.011922012549959,0.0418542734221348,0.0,0.0,0.0,0.0,0.0,0.0,0.0,0.0,0.0,0.0,0.0,0.0,0.0,0.0,0.0,0.3674967270964027,0.0,0.0415199416399483,0.0,0.0,0.0,0.0597763916975083,0.0,0.0,0.0,0.0,0.0,0.0,0.0342355333538641,0.0152628167187237,0.0996273194958472,0.0,0.0,0.0,0.0,0.0,0.0,0.0157810948935082,0.0139514244740449,0.0162168456720305,0.0,0.0188696813479825,0.0113312829033425,0.0132253067960806,0.0,0.0378244302950429,0.0,0.0,0.0339890120368013,0.0,0.0,0.0,0.0,0.0,0.0,0.0,0.0,0.0,0.0,0.0172259369035987,0.0,0.0,0.0,0.0,0.0,0.137811272661151,0.0,0.0,0.0,0.0189503375402787,0.0177206236963649,0.1130938527379463,0.0,0.0,0.0,0.0,0.0,0.0138234702169596,0.0,0.0,0.0,0.0151004821256625,0.029006963428973,finance
Dokumen_31,0.0,0.0,0.0,0.0,0.0,0.0,0.0,0.0,0.0,0.0,0.0,0.0,0.0,0.0,0.0,0.0,0.0,0.0,0.0418689897063824,0.0,0.0,0.0,0.0413220974324937,0.0,0.0,0.0,0.0,0.0312553758475647,0.0,0.0,0.0,0.0,0.0,0.0,0.0,0.0,0.0,0.0,0.0,0.0,0.0,0.0,0.0,0.0,0.0,0.0,0.0,0.0,0.0,0.0,0.0,0.0,0.0,0.0337485881484564,0.0,0.0357126349399721,0.0413220974324937,0.0,0.0,0.0,0.0,0.0,0.0,0.1546738870572392,0.0,0.0,0.0,0.0,0.0,0.064613320210405,0.0,0.0,0.0,0.0,0.0353646413401642,0.0,0.0,0.0,0.0,0.0,0.0,0.0,0.0,0.0,0.0,0.0,0.0,0.0317592262690494,0.0,0.0346946517194308,0.0143642140626154,0.0,0.0,0.0,0.1087877021902237,0.0,0.0,0.0,0.0,0.0,0.0,0.0,0.0,0.0,0.0501714476185358,0.0,0.0,0.0,0.0,0.0,0.0,0.0,0.0,0.0,0.5755285157167666,0.0,0.0,0.0,0.0,0.0,0.0610354799894077,0.0384402502096767,0.0,0.2205739516525548,0.0,0.0,0.0,0.0,0.0300476215717586,0.0,0.0,0.0262514152551485,0.0,0.0,0.0743114571833901,0.0,0.0,0.0,0.0,0.0193384695423607,0.0,0.0,0.0,0.0610109541262904,0.0,0.1828922660990125,0.0,0.0169653222513419,0.0,0.0,0.0,0.0,0.0777590709534403,0.0,0.0,0.0,0.0,0.0,0.0,0.0170525994351054,0.0,0.0,0.0,0.0364369735209465,0.0,0.0,0.0,0.0,0.0,0.0,0.0,0.0,0.0364843855224698,0.0,0.0,0.1124604380602722,0.0,0.0539321827520776,0.0,0.0,0.0,0.0,0.0,0.0,0.0,0.0,0.0,0.0,0.0,0.0,0.0,0.0,0.0,0.0,0.0,0.0407966575256001,0.0436579098168811,0.0768805004193535,0.0,0.0,0.0,0.0,0.0,0.0295934424729135,0.0,0.0,0.0,0.0,0.049089926002317,0.0,0.0,0.0,0.0,0.0,0.0,0.0,0.0,0.0,0.0,0.0364369735209465,0.0,0.0,0.0,0.0,0.0,0.0,0.0,0.0,0.0,0.0,0.0,0.0,0.0,0.0443115516621561,0.0,0.0,0.0436579098168811,0.0,0.0,0.0,0.0,0.0,0.0,0.0300476215717586,0.0,0.0,0.0,0.1444968854415803,0.0,0.0346946517194308,0.0,0.0,0.0,0.0,0.0,0.0,0.0,0.0449987279437787,0.0,0.0,0.0,0.0,0.0,0.0,0.0,0.0331530678708114,0.0,0.0,0.0,0.0,0.0,0.0,0.0,0.0,0.0532079764865024,0.0,0.0,0.0,0.0,0.0,0.0,0.0,0.0,0.0,0.0,0.0257393656545428,0.0,0.0,0.0,0.0340565787316033,0.0,0.0,0.0,0.0,0.0,0.0,0.0,0.0,0.0,0.0,0.016204404807163,0.0,0.0,0.0,0.0357126349399721,0.0,0.0,0.0,0.0,0.0,0.0,0.0,0.0,0.0,0.0,0.0,0.0,0.0,0.0,0.0,0.0,0.0,0.0,0.0,0.0,0.0,0.0,0.0,0.1349961838313363,0.0,0.0,0.0,0.0,0.0,0.0,0.0,0.0,0.0772180969636286,0.0,0.0,0.0,0.0,0.0,0.0,0.0,0.0,0.0,0.1702828936580166,0.0,0.0,0.0,0.0,0.0,0.0,0.0,0.0,0.0,0.0,0.0,0.0,0.0,0.0,0.0,0.0744054496195679,0.0,0.5755285157167666,0.0,0.0,0.0,0.0,0.0,0.0,0.0,0.0454998228497611,0.0,0.0,0.0,0.0,0.0,0.0376026649668271,0.0,0.0,0.0238669748670048,0.0,0.0,0.0,0.0,0.0315105645217935,0.0,0.0,0.0,0.0,0.0,0.0,0.0,0.0,0.0,0.0,0.0,0.0,0.0418689897063824,0.0,0.0,0.0,0.0418689897063824,0.0,0.0388795354767201,0.0,0.0436579098168811,0.0,0.0,0.0,0.0,0.0,0.0,0.0,0.0,0.0,0.024927177576315,0.0,0.0,0.0,0.0,0.0,0.0,0.0,0.0707292826803284,0.0,0.0,0.0,0.0,0.0,0.0,0.0,0.0,0.064613320210405,0.0,0.0,0.0,0.0,0.0578796012552771,0.0,0.0,0.0,0.0,0.0,0.0,0.0,0.0,0.0,0.0,0.0,0.0,0.0,0.0,0.0,0.0,0.0,0.0,0.0,0.0,0.0,0.0,0.0,0.0,0.0,0.0,0.0,0.0,0.051155082710189,0.0,0.0,0.0,0.0,0.0,0.0,0.0,0.0,0.0,0.0,0.0,0.0,0.0,0.1166386064301604,0.036069909454821,0.0,0.0311250191305873,0.0,0.0,0.0752053299336542,0.0,0.0,0.0,0.0323066601052025,0.0,0.0,0.0,0.0,0.0,0.0142927632248457,sport
Dokumen_69,0.0,0.0,0.0,0.0,0.0,0.1137371983829223,0.0529565257727573,0.0,0.0989717214937038,0.0,0.0,0.0,0.0,0.0,0.0,0.0,0.0,0.0,0.0,0.0,0.0,0.0,0.0,0.0,0.0,0.0,0.0,0.0758247989219482,0.0,0.0,0.0663219549210937,0.0,0.0,0.0,0.0,0.0338625426165084,0.0,0.0,0.0416926053160304,0.0,0.0370176559375946,0.0,0.0,0.0,0.0,0.0,0.0,0.0,0.0,0.0,0.0,0.0,0.0,0.0409366363523626,0.0,0.0,0.0,0.0,0.0,0.0,0.0,0.0,0.0,0.1072100496228265,0.0,0.0,0.0,0.0833852106320608,0.0,0.0783751895438355,0.0,0.0507865869384342,0.047711328334225,0.0,0.0,0.0,0.0,0.0,0.0,0.0,0.0,0.0405304239322561,0.0,0.0866847596753011,0.0,0.0,0.0331609774605468,0.0,0.0,0.0841684004416742,0.0348472419042913,0.0,0.0,0.0,0.3134007010420152,0.0,0.0,0.0,0.0,0.0,0.0,0.0,0.0654190967426275,0.0,0.3042868485930351,0.0,0.0,0.0,0.0,0.0,0.0,0.0,0.0,0.0,0.0,0.0,0.0,0.0433190017695358,0.0,0.0,0.0740353118751893,0.0466275666764253,0.0,0.0,0.0,0.0,0.0,0.0,0.0364474078774981,0.0,0.0,0.0636853094599177,0.0370176559375946,0.0,0.0300463048128009,0.0,0.0,0.0,0.0420842002208371,0.0703720012035293,0.0,0.0,0.0424854651064016,0.0370027811473479,0.0595454968510485,0.0,0.0,0.0411574685464639,0.0,0.0,0.0,0.0,0.0,0.0,0.0,0.0,0.0,0.0,0.0,0.0413692009198521,0.1029563955790617,0.0,0.0,0.0,0.0,0.0,0.1335659339359912,0.0,0.0,0.0,0.0,0.0327095483713137,0.0221275630272708,0.0,0.0,0.0,0.0,0.294385935341824,0.0,0.0,0.0,0.0376086447818519,0.0367300306912446,0.0,0.0,0.0482815763943215,0.3816906266738003,0.0451264630732353,0.0,0.0,0.0,0.0,0.0446554039407247,0.0,0.0,0.0494858607468519,0.0,0.0,0.0,0.0,0.0,0.0395226664817073,0.0,0.0717929880562208,0.0,0.0,0.0,0.0526894486502499,0.0,0.0,0.0,0.0875047430203205,0.0,0.0,0.0,0.0,0.1691711505898867,0.0,0.0,0.0,0.0,0.0,0.0,0.0,0.0,0.0,0.0,0.0,0.0,0.0507865869384342,0.0437523715101602,0.0428968896685607,0.0,0.0,0.0,0.0,0.0,0.0,0.0,0.0416926053160304,0.0,0.0,0.0,0.0728948157549962,0.0849709302128032,0.0,0.0797295856970281,0.0,0.0,0.0,0.0,0.1059130515455147,0.0,0.0,0.0,0.0,0.0,0.0,0.0,0.0,0.0,0.0,0.0529565257727573,0.0,0.0536050248114132,0.0,0.0,0.0,0.0545829222262627,0.0,0.0,0.0,0.0,0.0,0.0968109647235406,0.0,0.0,0.0,0.0,0.0,0.0,0.0,0.0,0.0,0.0,0.0312215446496746,0.0,0.0,0.0,0.0826204505390557,0.0,0.0,0.0,0.0,0.0,0.0,0.0,0.0482815763943215,0.0,0.0,0.0589672513687938,0.0,0.0522005568090896,0.0912231714615968,0.0433190017695358,0.0,0.0,0.0,0.0,0.0,0.0,0.0482815763943215,0.0,0.1824463429231937,0.0,0.0,0.0,0.0,0.0,0.1147511160334508,0.0,0.0,0.0,0.0,0.0,0.0,0.0,0.0,0.0545829222262627,0.0,0.0,0.0,0.0,0.0433190017695358,0.0,0.0,0.1612481566893855,0.0,0.0,0.0,0.0,0.0,0.0,0.0,0.0,0.0,0.0,0.0,0.0,0.0,0.0494858607468519,0.0,0.0,0.0,0.0,0.0,0.0,0.0456115857307984,0.0,0.0,0.0,0.0,0.0,0.0451264630732353,0.0,0.0,0.0,0.0,0.0,0.0,0.0,0.0,0.0,0.0,0.0529565257727573,0.0,0.0,0.0373104638987658,0.0,0.0456115857307984,0.0,0.0,0.028950356876077,0.0,0.0,0.0,0.0,0.07644388058025,0.0,0.0,0.0545829222262627,0.0,0.0,0.0,0.0,0.0,0.0,0.0,0.0,0.0,0.0,0.0,0.0,0.0,0.0,0.0,0.0,0.0358964940281104,0.0,0.0,0.0,0.0461116375599984,0.05546153631687,0.0385374919949441,0.0902529261464706,0.0356278862235843,0.0,0.0,0.0302363701629115,0.0,0.0,0.0537493855631285,0.0,0.0,0.0,0.0,0.0,0.0,0.0,0.0329336954034161,0.0545829222262627,0.0,0.0,0.0,0.0310196737035607,0.0,0.1721266740501762,0.2046831817618134,0.0,0.0,0.0,0.0,0.0,0.0,0.0,0.0,0.0,0.0,0.0,0.0,0.107498771126257,0.0,0.0,0.0,0.0,0.0416926053160304,0.1211565434290952,0.0,0.0563903835299622,0.0,0.0395226664817073,0.0522005568090896,0.0847762380749412,0.038221940290125,0.0,0.0,0.0,0.0,0.0,0.0,0.0,0.0,0.0,0.0,0.0826204505390557,0.0,0.0,0.0,0.0310196737035607,0.0,0.0,0.0,0.0,0.0,0.0,0.0522005568090896,0.0755085566249064,0.0,0.0,0.0,0.0,0.0,0.0,0.1175627843157533,0.0,0.0,0.0,0.0,0.0,0.0693478077402409,sport
Dokumen_190,0.0,0.1422865833469782,0.0,0.0,0.0,0.0,0.0,0.023683518983383,0.0,0.0,0.0,0.0,0.0,0.0,0.0,0.0,0.0,0.0,0.0,0.0,0.0,0.0,0.0,0.0,0.0,0.0580200348220871,0.0,0.0,0.0,0.0,0.0310125935782251,0.0,0.0,0.0457062824723003,0.0,0.0316687067786386,0.0,0.0,0.0,0.0,0.0,0.0,0.0818356164164614,0.0422028771793011,0.0,0.0360407825187068,0.0,0.0,0.0,0.0,0.0,0.0,0.0,0.0382844946945808,0.0,0.0,0.0,0.0,0.0,0.0,0.0,0.0,0.0,0.0250660712610915,0.0,0.0,0.0,0.0,0.0,0.0,0.0,0.0,0.0,0.0,0.0,0.0,0.0,0.0,0.0,0.0,0.0,0.0189522996790381,0.0,0.0,0.0,0.0,0.0310125935782251,0.0360277569020921,0.0527370475799636,0.0,0.0162948054197987,0.092559689414261,0.0,0.0,0.0308522699454595,0.03634173483615,0.0,0.0,0.0,0.0,0.0,0.0,0.0,0.0,0.0,0.0,0.0,0.0,0.0,0.0,0.0,0.2742376948338021,0.0,0.0,0.0,0.0,0.0,0.040512514979131,0.0,0.0,0.0,0.0,0.0,0.0,0.0,0.0,0.0,0.0,0.0,0.0,0.0,0.0,0.0,0.0,0.0561994193805347,0.0325900552520958,0.0,0.0,0.0,0.021937615029673,0.0,0.0,0.0,0.0173027501127192,0.0,0.0,0.0,0.05773652991345,0.0,0.0569146333387913,0.0343504203185367,0.0,0.0,0.0,0.0,0.0,0.0,0.0,0.0,0.0580335523723502,0.0,0.0962862103860241,0.0,0.0,0.0382844946945808,0.0,0.0,0.0330725591234595,0.087213459048244,0.0,0.1215345512302729,0.0,0.0413879910420467,0.102093370759587,0.0,0.0,0.0,0.0,0.0692388226599799,0.0,0.0,0.0351721120716378,0.0,0.0,0.0,0.0,0.0,0.0,0.0,0.0,0.0,0.1191989407333626,0.0,0.0692388226599799,0.0,0.0,0.0,0.0,0.0,0.0,0.0,0.0,0.0,0.0,0.0,0.0,0.0,0.0246379416709754,0.0,0.0,0.0,0.0,0.0,0.0802355000930724,0.0,0.0,0.0,0.0,0.0,0.0,0.0,0.0,0.0,0.0887507389376212,0.0,0.0,0.0,0.0,0.0,0.0,0.0,0.0,0.0,0.0,0.0,0.0,0.0,0.0,0.043606729524122,0.0,0.0386338800909298,0.0,0.0,0.0340861076495545,0.0,0.0,0.0,0.0,0.0,0.0,0.0,0.0,0.0,0.048143105193012,0.0,0.0,0.0,0.0,0.0,0.0,0.0,0.048143105193012,0.0,0.0,0.0,0.0,0.0,0.1609751881602624,0.0,0.0,0.0,0.0,0.0,0.0,0.0,0.0,0.0,0.0,0.0,0.0,0.0,0.0,0.0,0.0,0.0,0.0291988098437917,0.0,0.0,0.0,0.0,0.0,0.0,0.0,0.0,0.0518683771328946,0.0,0.0,0.0,0.1981026298828824,0.0,0.0,0.6420194230179749,0.0,0.0,0.0,0.0,0.0,0.0,0.0,0.0,0.0,0.0,0.0,0.0,0.0,0.0,0.0,0.0,0.0,0.0,0.0,0.0,0.0,0.0,0.0,0.0,0.0,0.0,0.0,0.0,0.0,0.0,0.043606729524122,0.0,0.0488186650952433,0.0,0.0,0.0,0.0,0.0,0.0,0.0,0.0,0.0,0.0,0.0,0.0,0.0,0.0,0.0,0.0,0.0,0.0,0.0,0.0903071634613048,0.0,0.0,0.0,0.0,0.4062133025544228,0.044620278050217,0.0,0.0,0.0,0.0,0.0,0.0,0.0,0.102093370759587,0.0,0.0,0.0,0.0,0.0258075644354876,0.0,0.0,0.0758859226478561,0.0,0.0,0.042656570434649,0.0,0.0,0.0,0.1886810407905317,0.0297796803718124,0.0,0.0,0.0,0.0,0.0301796401755557,0.0,0.0,0.0,0.0,0.0413342067322322,0.0,0.044620278050217,0.0,0.0,0.0,0.0,0.0709123750925238,0.0,0.0,0.0,0.0,0.0,0.0,0.0,0.036962130992164,0.0,0.0,0.0,0.0,0.0,0.0,0.0,0.0,0.0565549227406691,0.0,0.0,0.0,0.0,0.0,0.0,0.0,0.0,0.0,0.0,0.0,0.0,0.0,0.0,0.0,0.0870300522331307,0.0,0.0,0.0,0.0,0.0,0.0656587848189276,0.0,0.0,0.0,0.0,0.0,0.0,0.0,0.0,0.0,0.0,0.0,0.0,0.0,0.0,0.0,0.0679843405432686,0.0,0.0,0.0,0.0,0.0,0.0528559211830031,0.0,0.0,0.0,0.0,0.0,0.0,0.0,0.0,0.0,0.0,0.0,0.0,0.0,0.0,0.0,0.0290100174110435,0.0,0.0,0.0,0.0,0.0,0.0,0.0,0.0353083105145599,0.0,0.0,0.0,0.0,0.036648767407884,0.0,0.0,0.0,0.0,0.0,0.0382844946945808,0.0,0.0324275027711068,finance
Dokumen_36,0.0,0.0,0.0,0.0,0.0,0.0,0.0,0.0,0.0,0.0525468887566385,0.0,0.0,0.0,0.0,0.0,0.0,0.0,0.0,0.0,0.0579864939023569,0.0780814123031781,0.0,0.0,0.0,0.0,0.0,0.0,0.0455330435405181,0.0,0.0,0.0,0.0,0.0,0.0,0.0,0.0,0.1998290203609695,0.0,0.0,0.0,0.0,0.0,0.0,0.0,0.0,0.0,0.0,0.0,0.0,0.0,0.0,0.0,0.0,0.0,0.0,0.0,0.1805949354845977,0.0,0.0462837838252476,0.0,0.0,0.0,0.0,0.0,0.0,0.0,0.0,0.0500730958779487,0.0,0.0,0.0,0.0,0.0,0.0,0.0,0.0,0.0,0.0,0.0,0.0,0.0,0.0730159624764485,0.0,0.1249307664841772,0.0,0.0,0.0398265541623522,0.2082017531347365,0.0,0.0,0.0837035379165789,0.0,0.0,0.0,0.1584826624596906,0.0466702685525151,0.0,0.0,0.0,0.0586962754292483,0.0,0.0,0.0785687696562082,0.0,0.0,0.0,0.0,0.0,0.0,0.0,0.0,0.0,0.0,0.0,0.0,0.0,0.0,0.0,0.0,0.0,0.0,0.0,0.0,0.0,0.0,0.6803406436298008,0.0,0.0,0.0437735789193044,0.0,0.0424719739706929,0.0764864796150599,0.0,0.0,0.0,0.0,0.0,0.0,0.0,0.0,0.0,0.0,0.0,0.0444405859047985,0.0,0.0,0.0,0.0,0.0,0.0365450526022647,0.0441130107955989,0.0,0.0,0.0,0.0,0.0,0.0,0.0,0.0505434039593236,0.0,0.0,0.0,0.0,0.1061632603559448,0.0,0.0,0.0,0.0424719739706929,0.0,0.0,0.0,0.0,0.026575350151694,0.0,0.0,0.0409582822468529,0.0,0.0,0.0,0.1020506515036198,0.0,0.0,0.0441130107955989,0.0,0.0,0.0,0.0,0.0,0.0525468887566385,0.0,0.0,0.0,0.0,0.0,0.0,0.0,0.0,0.1120000344927541,0.0,0.0,0.0536314367030621,0.0,0.0,0.0862238554548035,0.0510253257518099,0.0,0.0536314367030621,0.0,0.0,0.0,0.0,0.0,0.0,0.0,0.0,0.0626932154076458,0.0,0.0,0.0,0.0530816301779724,0.0,0.0,0.0,0.0379914061076758,0.0,0.0,0.0,0.0,0.0,0.0,0.0525468887566385,0.0,0.0,0.0,0.044810114932667,0.0,0.0636011391536328,0.0,0.0,0.0500730958779487,0.0,0.0,0.0,0.0,0.0510253257518099,0.0,0.0,0.0,0.0,0.0505434039593236,0.0,0.0,0.0,0.0,0.0,0.0,0.0,0.0,0.0,0.0,0.0,0.0,0.0,0.0594328474077681,0.0,0.0,0.0,0.0,0.0,0.0,0.0,0.0,0.0547798173832376,0.0,0.0,0.0444584506266728,0.0,0.0,0.0,0.0,0.0,0.0,0.0541971818496558,0.0,0.0,0.0,0.0,0.0,0.0,0.0,0.0,0.0,0.0,0.0,0.0,0.0,0.0,0.0,0.0,0.0,0.0472133736756982,0.0,0.0,0.0,0.0,0.0,0.0,0.0,0.0,0.0,0.0,0.0,0.0,0.0547798173832376,0.0,0.0,0.0,0.0,0.0,0.0,0.0,0.0,0.0,0.0,0.0,0.0,0.0,0.0,0.0,0.0,0.0,0.0,0.0,0.0520264088200071,0.0,0.0,0.0,0.0374972824761258,0.1355046964606927,0.0,0.0,0.0,0.0,0.0,0.071514537178041,0.0,0.0,0.0,0.0,0.1782985422233043,0.0,0.0,0.0,0.0,0.0,0.0,0.0,0.0,0.0,0.0,0.0,0.0,0.0,0.0,0.0,0.0,0.0,0.0,0.0,0.0,0.0,0.0,0.0,0.0,0.0,0.0,0.0,0.0,0.0,0.0,0.0530816301779724,0.0,0.0347695708763795,0.1211526483829663,0.0764864796150599,0.0,0.0,0.0,0.0,0.0,0.0,0.0,0.0,0.0500730958779487,0.0,0.0547798173832376,0.0,0.0,0.0,0.0,0.0,0.0,0.0,0.0,0.0,0.0,0.0,0.0,0.0636011391536328,0.0474669849266965,0.0,0.0,0.0,0.0,0.0,0.0,0.0,0.2188826720503565,0.0,0.0,0.0,0.0,0.0,0.0,0.0618256574277477,0.0,0.0,0.0,0.0,0.0395535869022883,0.0,0.0,0.0,0.0,0.0,0.0,0.0,0.0983303442639235,0.0,0.0,0.0421596978535406,0.0,0.0,0.1354504502506797,0.0,0.0,0.0,0.0,0.0,0.0,0.0,0.0,0.0,0.0,0.0,0.0,0.0291019626592314,0.0,0.0,0.0406691385739717,0.0,0.0,0.0339389416510124,0.045904804132084,0.0,0.0,0.0,0.0,0.0,0.0,0.0,0.0,0.0,0.0,0.0,0.0,0.0,0.0,0.037254834129156,0.0,0.0,0.0,0.0,0.0,0.0,0.0,0.0680147084865201,0.0,0.0,0.0547798173832376,0.0,0.0,0.0,0.0,0.0,0.0,0.0579864939023569,0.0,0.0,0.1457525608982067,sport
Dokumen_123,0.0,0.0,0.0,0.0,0.0,0.0,0.0,0.0,0.0,0.0,0.0,0.0,0.0,0.0,0.0,0.0,0.0,0.0,0.0,0.0,0.0,0.0,0.0,0.0,0.0,0.0421263756646048,0.0,0.0,0.0,0.0,0.0,0.0,0.0,0.0,0.0,0.0,0.0,0.0,0.0,0.0,0.0,0.0,0.0,0.0,0.0,0.0,0.181933279489562,0.0,0.0,0.0,0.0,0.0,0.0,0.0,0.0,0.0,0.0,0.0,0.0,0.0,0.0,0.0,0.0,0.0,0.0,0.0,0.0,0.0,0.0,0.0,0.0,0.0,0.0,0.0,0.0,0.0,0.0,0.0,0.0,0.0,0.0,0.0,0.0,0.0235445078202646,0.0,0.0,0.0,0.026158530001999,0.0765811563060268,0.0,0.0236622089800871,0.0,0.0,0.0,0.044801569589319,0.0,0.0,0.0,0.0,0.0,0.7946239154180292,0.0,0.0,0.0,0.0,0.0,0.0,0.0,0.0,0.0,0.0,0.0,0.0,0.0,0.0,0.0,0.0,0.0,0.0,0.0,0.0,0.0,0.0,0.0,0.0,0.0,0.0,0.0,0.0,0.0,0.0,0.0,0.0,0.0,0.0,0.0,0.0,0.0,0.0,0.0,0.0,0.0,0.0,0.0251258777597877,0.0,0.0,0.0,0.0,0.0,0.0,0.0,0.0,0.0,0.0,0.068970900872049,0.0,0.0,0.0,0.0,0.0280907935323343,0.0,0.0,0.0,0.0,0.0,0.0,0.0,0.0480257226351865,0.0,0.0,0.0,0.0,0.0,0.0,0.0,0.0,0.0,0.0,0.0,0.0,0.0,0.0,0.0,0.0,0.0,0.0,0.0,0.0,0.0,0.0,0.0,0.0,0.0606444264965206,0.0,0.0,0.0,0.0,0.0,0.0,0.0600227258029009,0.0606444264965206,0.0,0.0,0.0,0.0,0.0,0.0,0.0,0.0,0.0,0.0,0.1188361203324194,0.0,0.058256270078478,0.0,0.0,0.0,0.0,0.0,0.0,0.0,0.0,0.0,0.0,0.0,0.0,0.0,0.0,0.1723763077721005,0.0,0.0,0.0,0.0,0.0,0.0,0.0,0.0,0.2475043543959728,0.0,0.0,0.0,0.0,0.0,0.0,0.0,0.0,0.0,0.0,0.0,0.0,0.0,0.0,0.0,0.0,0.0,0.0,0.0,0.0,0.0,0.0,0.0765811563060268,0.0,0.0,0.0,0.0,0.0,0.0,0.0,0.0,0.0,0.0,0.0,0.0,0.0,0.0,0.0,0.0,0.0,0.0,0.0,0.0,0.0,0.0,0.0,0.0,0.0424005272044641,0.0,0.0,0.0,0.0,0.1967068877935716,0.0,0.0,0.0,0.0,0.0,0.0,0.0,0.0,0.0,0.0533871204193409,0.0,0.0,0.0,0.0,0.0,0.0,0.0,0.0,0.0,0.0,0.0,0.0,0.0,0.0,0.0,0.0,0.0,0.0,0.0,0.0,0.0,0.0,0.0,0.0,0.0,0.0,0.0,0.0,0.0,0.0,0.0,0.0,0.0,0.0,0.0,0.0,0.0,0.0,0.0,0.0,0.0,0.0,0.0,0.0,0.0,0.0,0.0,0.0,0.067204445147626,0.0,0.0,0.0,0.0,0.0,0.0,0.0,0.0,0.0,0.0,0.0,0.0,0.0,0.0,0.0,0.0,0.0,0.0,0.0,0.0,0.0,0.0,0.0,0.0,0.0,0.0,0.0,0.0,0.0,0.0,0.0,0.0,0.0,0.0,0.0,0.0,0.0,0.0,0.0,0.0,0.0,0.0,0.0,0.0,0.0600227258029009,0.0,0.0,0.0,0.0,0.0,0.0,0.0,0.067204445147626,0.0,0.0,0.0,0.0,0.0487493584530143,0.0,0.0,0.0,0.0,0.0,0.0,0.0,0.0,0.0,0.0,0.0,0.0,0.0,0.0,0.0,0.0,0.0699101453916865,0.0,0.0,0.0699101453916865,0.0,0.0,0.0,0.0,0.0,0.0,0.0,0.0,0.0,0.0,0.0,0.0,0.0,0.0,0.0,0.0,0.0,0.0,0.0,0.0,0.0,0.0,0.0,0.0,0.30971486249602,0.0,0.0,0.0,0.0,0.0,0.0,0.0,0.0,0.0,0.0,0.0,0.0,0.0,0.0,0.0,0.0,0.0,0.0,0.0,0.0,0.0,0.0,0.0,0.0,0.1506394642411983,0.0,0.0,0.0,0.0,0.0,0.0,0.0,0.0,0.0256361644280268,0.0,0.0,0.0,0.0,0.0532188492545172,0.0,0.0,0.0,0.0,0.0,0.0,0.0,0.0,finance
Dokumen_135,0.0,0.0,0.0365353052249866,0.0,0.0,0.0,0.0,0.0261632186257363,0.1022508264829507,0.0,0.0,0.0,0.0,0.0,0.0,0.0,0.0,0.0,0.0,0.0,0.0,0.0,0.0,0.0,0.0,0.0,0.0,0.0,0.0,0.0,0.1370386329003732,0.0498812288572061,0.0,0.0,0.0877861646757045,0.0,0.0,0.0,0.0,0.0,0.0,0.0,0.0,0.0,0.0,0.0,0.0461349150136747,0.0,0.0,0.0456619596190725,0.0,0.0,0.0,0.0422929381977797,0.0547110674262101,0.0447542355180032,0.0,0.0,0.0,0.0,0.0,0.0,0.0,0.0,0.1595512796097173,0.0,0.0,0.043073953725891,0.0531837598699057,0.0,0.0,0.0,0.0,0.0,0.0,0.0,0.0,0.0,0.0,0.0,0.0,0.083746534509682,0.0,0.2149362630821216,0.0,0.0,0.0685193164501866,0.0795998332076979,0.0582586948535195,0.0,0.1620080619206265,0.0,0.0,0.0,0.1022476454089835,0.0,0.0,0.0,0.0,0.0,0.0,0.0,0.0,0.0,0.0,0.0,0.0,0.0,0.0,0.0,0.0,0.0,0.0,0.0,0.0,0.0,0.0,0.0,0.0,0.0,0.0,0.0,0.0,0.0,0.0,0.0,0.0,0.0362666785945759,0.0376549737883711,0.0952787923627672,0.0365353052249866,0.0,0.0,0.0,0.1241671642566305,0.0,0.0,0.0,0.0,0.0484690318656851,0.2188442697048404,0.0,0.0438930823378522,0.0382287475390106,0.0,0.0,0.0603600346071753,0.0212605434729641,0.0,0.0,0.0,0.1078601037961976,0.0487229209068562,0.0,0.0,0.0,0.0,0.0,0.0,0.0641097515707538,0.0531837598699057,0.0,0.1063675197398115,0.0,0.0,0.0,0.0689956026267114,0.0,0.0,0.0,0.0,0.0,0.0,0.0,0.0,0.0,0.0,0.0,0.0,0.0,0.0,0.0,0.0,0.0,0.0,0.0,0.0,0.0466215811532004,0.0,0.0,0.0,0.2633584940271137,0.0,0.0,0.0401467684943209,0.0,0.0,0.0,0.0,0.0,0.0,0.0,0.0487229209068562,0.0,0.0,0.0,0.0,0.0816527123623153,0.0,0.0,0.0,0.0,0.0,0.0443181381101603,0.0,0.0,0.0,0.0,0.0,0.0,0.0,0.0,0.0,0.0,0.0,0.0,0.0,0.1384047450410243,0.0,0.0,0.0,0.0,0.0,0.0,0.0385466243542484,0.0730706104499732,0.0,0.0,0.0,0.0,0.0,0.0,0.0,0.0,0.0,0.0,0.0,0.0,0.0511254132414753,0.0,0.0438930823378522,0.0,0.0,0.0,0.0,0.0,0.0,0.0,0.0,0.0,0.0,0.0,0.0547110674262101,0.0,0.0830715785461219,0.0,0.0,0.0,0.0563913492183222,0.0,0.0524692347503876,0.0,0.0,0.0,0.0333394933630058,0.0,0.0,0.0,0.0,0.0,0.0,0.0404859478327095,0.0,0.0,0.0,0.0,0.0,0.0,0.0481724189253056,0.0,0.0,0.0,0.0,0.0,0.0,0.0563913492183222,0.0,0.0,0.0,0.0572990733193916,0.0406139591989121,0.0,0.0,0.0,0.0,0.0,0.0,0.0,0.0,0.2460733702301006,0.0,0.0,0.0,0.0,0.0,0.19231904535212,0.0,0.0,0.0,0.0,0.0,0.0,0.1185530197634053,0.0,0.0,0.0563913492183222,0.0,0.0,0.0,0.0,0.0,0.0,0.0,0.0,0.0,0.0,0.0,0.0,0.0,0.0,0.1718972199581748,0.0,0.1185530197634053,0.0,0.0,0.0,0.0731554562578442,0.0,0.0,0.0,0.0511254132414753,0.0,0.0539300518980988,0.1691740476549668,0.0,0.0466215811532004,0.0,0.0,0.0,0.0,0.0,0.0,0.0,0.0,0.043073953725891,0.0,0.0,0.0,0.0,0.0,0.0,0.0,0.0,0.0,0.0,0.0,0.0,0.0,0.0,0.0,0.0,0.0,0.0,0.0,0.0,0.0,0.0,0.0,0.0952787923627672,0.1333579734520235,0.0,0.0,0.0,0.0,0.0,0.0471227767667837,0.0,0.0,0.0,0.045201963550645,0.0,0.0,0.0,0.0,0.0,0.0,0.0,0.0370858072065372,0.0,0.0,0.0,0.0,0.0,0.0,0.0,0.0,0.043073953725891,0.0,0.0,0.0,0.0,0.0,0.0,0.0,0.0,0.0,0.0,0.0,0.0,0.0,0.0,0.0,0.0,0.0,0.0,0.0,0.0,0.0,0.0,0.0,0.0,0.0,0.0,0.0,0.0,0.0704663901146908,0.0942455535335675,0.0,0.0,0.0,0.0,0.0,0.0942455535335675,0.0,0.0,0.0,0.0250341340182318,0.0,0.0582586948535195,0.1049534023586442,0.0408321210500685,0.0539300518980988,0.0291950073497495,0.0,0.0,0.0,0.0,0.0524692347503876,0.0,0.0,0.1574077042511628,0.0,0.1845550276725755,0.0,0.0,0.0,0.0,0.0,0.0,0.0531837598699057,0.0,0.0,0.0,0.0,0.0,0.0539300518980988,0.0390051431101081,0.0,0.3491686020004427,0.0,0.045201963550645,0.0404859478327095,0.0,0.0,0.0,0.0,0.0,0.0,0.0,0.268670328852652,finance
Dokumen_112,0.0,0.0,0.0,0.0,0.0,0.0,0.0,0.0,0.0,0.0,0.0,0.0,0.0,0.0,0.0,0.0,0.0,0.0,0.0,0.0,0.0,0.0,0.0,0.0,0.1030574530497568,0.083638050346424,0.0,0.0,0.0,0.1317746315143841,0.0894116272429867,0.0,0.0,0.1317746315143841,0.0,0.0,0.0,0.0,0.11241537405648,0.0,0.0,0.0,0.117969102000005,0.0,0.0,0.0,0.0,0.0,0.0,0.0,0.0,0.0,0.0,0.0,0.0,0.1168006113017679,0.0,0.0,0.1039082721017811,0.0,0.0,0.0,0.0,0.1445347171232056,0.2776003474188527,0.0,0.0,0.0,0.0,0.0,0.0,0.0,0.0,0.0,0.0,0.0,0.0,0.0,0.0,0.0,0.0,0.054640897738051,0.0,0.0467454581455398,0.0,0.0,0.0,0.0519353591373372,0.0,0.0,0.0469791429896726,0.0,0.0,0.0,0.0889494022164044,0.0,0.0,0.0,0.0,0.0,0.0,0.0,0.0881944432953431,0.0,0.0,0.0,0.0,0.0,0.0,0.0,0.0,0.0,0.0,0.0,0.0,0.0,0.0,0.0,0.0,0.0,0.0,0.0,0.0,0.0,0.0,0.0,0.0,0.0,0.0,0.0,0.0,0.0858570462384452,0.0,0.4113311164586275,0.3240542603603956,0.0,0.0,0.0,0.0,0.0,0.0,0.0,0.0,0.0997702458812242,0.0,0.0,0.0,0.0,0.0,0.0820445727624065,0.0,0.0,0.0,0.0,0.0,0.0,0.0,0.0,0.0,0.0,0.0,0.0,0.1388001737094263,0.0,0.0,0.1039082721017811,0.0,0.0,0.0,0.0,0.0,0.0,0.0,0.0,0.1317746315143841,0.0,0.0,0.0,0.0,0.0,0.0,0.0,0.0,0.0,0.0,0.0,0.0,0.0,0.0,0.0,0.0,0.0,0.0,0.0,0.0,0.0,0.0,0.0,0.0,0.0,0.0,0.0,0.0,0.0,0.0,0.0,0.0,0.0,0.0,0.0,0.0,0.0,0.0,0.0,0.0,0.0,0.0,0.0,0.0,0.0,0.0,0.0,0.0,0.0,0.0,0.0,0.0,0.0,0.0,0.0,0.0,0.0,0.0,0.0,0.0,0.0,0.0,0.0,0.0,0.0,0.0,0.1547011698419703,0.0,0.0,0.0,0.1547011698419703,0.2149741214673738,0.0,0.0,0.0,0.0,0.0,0.0,0.0,0.0,0.0,0.0,0.0,0.0,0.0,0.0,0.0,0.0,0.0,0.0,0.0,0.0,0.0,0.0,0.0,0.0,0.0,0.0,0.0,0.0870101602724028,0.0998103526362931,0.0,0.0,0.0,0.0,0.0,0.1056611380187629,0.0,0.1301811539303666,0.0,0.0,0.0,0.0,0.0,0.0,0.0,0.0,0.0,0.0,0.0,0.0,0.193574748946413,0.0,0.0,0.0,0.0,0.0,0.0,0.0,0.0,0.0,0.0,0.0,0.0,0.0,0.0,0.0,0.1351467414403629,0.0,0.0,0.0,0.0,0.0,0.0,0.0,0.0,0.0,0.0,0.0,0.0,0.0,0.0,0.0,0.0,0.0,0.0,0.1637990556379039,0.0,0.0,0.0,0.0,0.0,0.0,0.0,0.0,0.0,0.0,0.0,0.0,0.0,0.0,0.0,0.0,0.0,0.0,0.0,0.0,0.0,0.0,0.0,0.0,0.0,0.0,0.0,0.0,0.0,0.0,0.0,0.0,0.0,0.0,0.0,0.0,0.0,0.0,0.0,0.0,0.0,0.0,0.0,0.0,0.0,0.0,0.0,0.0,0.0,0.0,0.0780585711212793,0.0,0.0,0.0,0.0,0.0,0.0,0.0,0.0,0.0,0.0,0.0,0.0,0.0,0.0,0.0,0.0,0.0,0.0,0.1022228410644662,0.0,0.0,0.0,0.0,0.0,0.0,0.0,0.0,0.1317746315143841,0.0,0.0,0.1039082721017811,0.0,0.0,0.11241537405648,0.0,0.0,0.117969102000005,0.0,0.0,0.1449239556411666,0.0,0.0,0.0,0.0,0.0,0.0,0.0,0.0,0.0,0.0,0.0,0.0,0.0,0.0,0.0,0.0,0.0,0.0,0.0,0.0,0.0,0.0,0.0,0.0,0.0,0.0,0.0,0.0,0.0,0.1229820835702358,0.0,0.0,0.0,0.1306692929907665,0.0,0.0,0.0,0.0,0.0,0.0,0.2061149060995137,0.0,0.0,0.0,0.0,0.0,0.0,0.0,0.0,0.0,0.0,0.0,0.0,0.0,0.0,0.0,0.0,0.0,0.0,0.0,0.0,0.0,0.0,0.1017965005198425,0.0,0.0,0.0,0.0,0.0,0.0,0.0,0.0,0.0,0.0,0.0,0.0,0.1402363744366195,finance
Dokumen_127,0.0,0.0351855206179097,0.0,0.0,0.0,0.0,0.0,0.2342643771162493,0.0,0.0,0.0,0.0,0.0,0.0,0.0,0.0,0.0,0.0,0.0,0.0,0.0,0.0,0.0,0.0,0.0,0.0358688971838282,0.0,0.0876782890273797,0.0,0.0,0.0383449452890622,0.0,0.0,0.0,0.0982542108129082,0.0,0.0,0.0527419241931476,0.0482102999437728,0.0,0.0,0.0,0.0,0.0,0.0,0.0445619561088607,0.0,0.0,0.0,0.0,0.0,0.0,0.0,0.0,0.0,0.0,0.0579588423376137,0.0,0.0,0.0,0.0,0.0,0.0,0.0,0.0,0.0,0.0,0.0,0.0,0.0,0.0,0.0,0.0,0.0,0.0,0.0,0.0,0.0,0.0,0.0,0.0,0.0234332189102973,0.0717506989670856,0.0601415752192387,0.0,0.0,0.0383449452890622,0.0,0.0,0.0,0.080589637979431,0.0,0.3512331684651311,0.0,0.1144401483337399,0.0,0.0,0.0641316914812875,0.0,0.0,0.0,0.0,0.0,0.0,0.0,0.0,0.1695380519864682,0.0,0.0,0.0,0.0,0.0,0.0,0.0,0.0,0.0,0.0,0.0500909466497448,0.0,0.0,0.0,0.0,0.0,0.0,0.1262314519512159,0.0,0.0702466336930262,0.0405912924579747,0.0,0.0,0.0,0.0,0.0,0.0,0.0,0.0,0.0,0.0,0.0,0.0542487132502166,0.0,0.0,0.0,0.0855746559537515,0.0,0.0,0.0,0.1427745199786189,0.0,0.1055565618537291,0.0424719391639467,0.0,0.0,0.0,0.0,0.0,0.0,0.0,0.0,0.0,0.0,0.0,0.0,0.0,0.0,0.0,0.0386114857090044,0.0,0.0539167307506787,0.0,0.037567284608918,0.0,0.0255867063831412,0.5049258078048636,0.0,0.0,0.0,0.0,0.0,0.0,0.0,0.0,0.0849438783278935,0.0,0.0,0.0,0.0,0.0,0.0,0.0,0.0,0.1473813162193622,0.0,0.2568271686222468,0.134802189035252,0.0,0.0,0.0,0.0,0.0,0.0516362650348674,0.0,0.0,0.0,0.0,0.0,0.0,0.0913893760312896,0.0,0.0,0.0,0.0,0.0,0.0,0.0,0.0,0.0,0.0,0.0,0.0,0.1893471779268238,0.0,0.0,0.0731561351110038,0.0,0.0,0.0,0.0,0.0,0.0,0.0,0.0,0.0,0.0,0.0,0.0,0.0,0.0,0.0,0.0964205998875456,0.0,0.0,0.0,0.0421451346738364,0.0,0.0,0.0460967503914724,0.0,0.0,0.0,0.0,0.0,0.0,0.0595256481859607,0.0,0.0,0.0449340630117506,0.0,0.0,0.0898681260235013,0.0,0.0,0.0,0.0,0.0619849564464126,0.0465008688600976,0.0,0.0,0.0,0.0,0.0,0.0621518847323172,0.0,0.0,0.0,0.0,0.0,0.0,0.0,0.0,0.0,0.0,0.0,0.0,0.0,0.0,0.0,0.0,0.0,0.0,0.0558293074295709,0.0,0.0,0.0,0.0,0.0,0.041508097920656,0.0,0.0,0.0,0.0227284818958559,0.0,0.0,0.0,0.0,0.0539167307506787,0.0,0.0,0.0,0.0,0.0,0.0,0.0,0.0,0.0,0.0,0.0,0.0,0.0,0.0,0.0,0.0,0.0,0.0,0.0,0.0,0.0,0.0641316914812875,0.0,0.0,0.0,0.0,0.0,0.0,0.0,0.0,0.0,0.0,0.0,0.0,0.0641316914812875,0.0,0.0,0.0,0.0,0.0,0.0,0.0,0.0,0.0572218543671631,0.0,0.0,0.0,0.0,0.0,0.0,0.0,0.0,0.0,0.0,0.0551699139996995,0.0,0.0,0.0,0.0482102999437728,0.0,0.0,0.0,0.0,0.0,0.0,0.0,0.0,0.0319092836858875,0.0,0.0,0.0,0.0431431099583792,0.0,0.0,0.0511069121554244,0.0,0.0334760895342345,0.0,0.0,0.0,0.0,0.0,0.0,0.0,0.0,0.0,0.0521809635946588,0.0,0.0511069121554244,0.0,0.0,0.0,0.0914022806307188,0.0,0.0,0.0438391445136898,0.0,0.0,0.0,0.0,0.0,0.0,0.0,0.0,0.0,0.0,0.0,0.0,0.0,0.0,0.0,0.0,0.0,0.0,0.0,0.0,0.0,0.0,0.0595256481859607,0.137708173510868,0.0,0.0,0.1435013979341712,0.0,0.0,0.0,0.0793697064528837,0.0,0.0,0.0,0.0,0.0,0.0,0.0,0.0,0.0,0.0,0.0,0.0,0.0,0.0,0.0,0.0587259196412225,0.0,0.0,0.0,0.0,0.0,0.0545328772465191,0.0,0.0280193250318257,0.0,0.0,0.0,0.1371034209460782,0.0,0.0,0.0441970750413,0.0,0.0,0.1533207364662732,0.0,0.0,0.0,0.0,0.0,0.0,0.0,0.0,0.0,0.0,0.0,0.0358688971838282,0.0,0.0793697064528837,0.0,0.0,0.0,0.0,0.0,0.0436563047045711,0.0612350792696359,0.0,0.0,0.0505920639347811,0.0,0.0,0.0,0.0,0.0,0.0,0.0473361523530826,0.0521809635946588,0.16037753391797,finance
Dokumen_114,0.0,0.0099453685078844,0.0462332821892988,0.0,0.0154139984427514,0.0,0.0,0.016554007996582,0.0,0.0143001072762225,0.0,0.0,0.0,0.0,0.0,0.0,0.0,0.0,0.0,0.0,0.0,0.0157804411069146,0.0,0.0,0.024985061498997,0.0202770568233691,0.0,0.0247827196870932,0.0,0.0,0.0325151884596768,0.0157804411069146,0.0,0.0319472020214294,0.0277720584156526,0.0110676970264178,0.0,0.0,0.0,0.0,0.0120989201899369,0.0,0.0286002145524451,0.0147492179433954,0.0,0.0,0.0,0.0,0.0168252308473369,0.0144456317757895,0.0,0.0,0.0,0.0,0.0,0.0,0.0,0.0,0.0125956662613429,0.0,0.0,0.020677958134892,0.0,0.0175203669855877,0.2187280010153802,0.0,0.0,0.0,0.0336504616946738,0.0,0.0,0.0,0.0,0.0170613280259604,0.0,0.0,0.0,0.0173084103418398,0.0272537788497242,0.0,0.0,0.0198705598180242,0.0,0.1529939321420687,0.0,0.0,0.0650303769193536,0.0818422411336951,0.0,0.0,0.0683372279460724,0.0,0.0,0.0,0.1078236565580025,0.0508033767709428,0.0,0.0181271526927672,0.0132604467606989,0.0,0.0,0.0,0.0,0.0331983669156841,0.0099453685078844,0.0,0.0159736010107147,0.0,0.0,0.0,0.0,0.0159736010107147,0.0,0.0,0.0,0.0,0.0,0.0,0.0,0.0,0.0,0.0,0.0,0.0,0.0,0.0,0.0,0.0458933509712385,0.0238250784859708,0.0452136426687507,0.0,0.0208150261520057,0.0120989201899369,0.8476401265978167,0.0196407813906662,0.0,0.0,0.0,0.0,0.0613347121062449,0.0173084103418398,0.0,0.0,0.0604702924277811,0.0,0.0,0.0,0.0403559529541511,0.0,0.0497268425394223,0.0,0.0,0.0,0.0,0.0,0.0,0.0,0.0,0.0,0.0540847492985025,0.0,0.0168252308473369,0.1009513850840216,0.0,0.0936586497628795,0.0251913325226859,0.0,0.0115583205473247,0.0,0.0,0.0318557590777346,0.0,0.0144644285157374,0.0,0.0,0.0,0.0190955193597291,0.0,0.0,0.0,0.0,0.0,0.0240098244284551,0.0,0.0,0.0157804411069146,0.0,0.0,0.0,0.0168252308473369,0.0,0.0,0.0,0.0604946009496848,0.0,0.0,0.0,0.0,0.0,0.0,0.014595256091824,0.0258353250817288,0.0,0.0,0.0,0.0,0.0,0.0172211183535188,0.0,0.0,0.0,0.0,0.0,0.0,0.0,0.0,0.0,0.0,0.0,0.0,0.0,0.0,0.0,0.010338979067446,0.0,0.0,0.0,0.014595256091824,0.0,0.0,0.0,0.0,0.0,0.0,0.0121946220938922,0.0,0.0,0.0,0.0,0.0,0.0,0.0,0.0168252308473369,0.0,0.0277720584156526,0.0187527351398945,0.1172653538862875,0.0,0.0,0.0,0.0,0.0,0.0479208030321442,0.0,0.0,0.0,0.0,0.0,0.0187527351398945,0.0,0.0,0.0,0.0,0.0,0.0613212844495571,0.0,0.0161740516664762,0.0,0.0178399848132577,0.0,0.0,0.0,0.0,0.0,0.0105472925106832,0.0,0.0254016883854714,0.0,0.0304796829286047,0.0336504616946738,0.0,0.0512325882957387,0.0,0.0157804411069146,0.0,0.0102045082908486,0.0,0.0,0.0,0.0,0.0,0.0,0.0,0.0,0.0,0.0,0.0351974325773214,0.0,0.0692336413673592,0.0,0.0321216119741042,0.0,0.0170613280259604,0.0298155526878159,0.0,0.0,0.0,0.0,0.0,0.0,0.0,0.0,0.0327647302194267,0.0,0.0,0.0,0.0,0.0,0.0,0.0,0.0190955193597291,0.0,0.0,0.0,0.0,0.0535199544397732,0.0,0.0181271526927672,0.0,0.0,0.0,0.0,0.0152398414643023,0.0,0.0341226560519209,0.0,0.0,0.0102045082908486,0.0,0.0,0.0181271526927672,0.0,0.0187527351398945,0.0,0.0,0.0,0.0,0.0,0.0,0.0,0.0161740516664762,0.0,0.0,0.0356799696265155,0.0157804411069146,0.0,0.0,0.0149077763439079,0.0170613280259604,0.0,0.0,0.0,0.0,0.0,0.0,0.0,0.0,0.0,0.0,0.0,0.0,0.0497975503735262,0.0,0.0180386465515161,0.0,0.0,0.0530417870427959,0.0121946220938922,0.0,0.0447233290317238,0.0144456317757895,0.0,0.0094621890133816,0.0,0.0104075130760028,0.0308279968855029,0.0,0.0124925307494985,0.0,0.0316418775320496,0.0,0.0,0.0147492179433954,0.0,0.0,0.0,0.0,0.0304796829286047,0.0775059752451864,0.0143001072762225,0.016599183457842,0.0123913598435466,0.0,0.0,0.0,0.0,0.0,0.0,0.0,0.0,0.0159736010107147,0.0753560711145845,0.0,0.0377869987840289,0.0,0.0,0.0136268894248621,0.0,0.0296475360339816,0.0,0.0,0.0,0.0175675501248039,0.0,0.0,0.0,0.0,0.0,0.0,0.0215282217176238,0.0,0.0,0.0,0.0,0.0202770568233691,0.0640407353696734,0.0,0.0,0.0,0.0,0.0114733377428096,0.0,0.0,0.0,0.0,0.0,0.0,0.0,0.016599183457842,0.0301424284458338,0.0,0.0,0.0298155526878159,0.0,0.0,0.0,0.0079198064399779,0.0,0.0,0.0110676970264178,0.0129176625408644,0.0,0.0092361416238867,0.0124925307494985,0.0,0.0,0.0144456317757895,0.0,0.0,0.0,0.0,0.0,0.0389239240477846,0.0,0.0,0.0,0.0168252308473369,0.0362543053855344,0.0,0.0,0.0,0.0,0.0,0.0,0.0,0.0,0.1048872734583561,0.0,0.0315608822138292,0.0,0.0,0.0128081470739346,0.0,0.0,0.0,0.0,0.0,0.0,0.0294984358867909,0.1416610482796932,finance
Dokumen_107,0.0,0.018650941773128,0.0,0.0,0.0,0.0,0.0,0.062088768055478,0.0,0.0,0.0,0.0,0.0,0.0,0.0,0.0,0.0,0.0339945643157791,0.031129103351801,0.0,0.0,0.0,0.0,0.0,0.023427735575931,0.0,0.0,0.0,0.0,0.0,0.0,0.0,0.0,0.0,0.0,0.0415113774092319,0.0,0.0279571408879033,0.0,0.0,0.0,0.0,0.0268175551209459,0.0,0.3586429882183116,0.0,0.0,0.0262931965399091,0.0,0.0541809259079149,0.0,0.0,0.0,0.0,0.0649182889935427,0.0,0.0,0.0,0.0,0.0,0.0,0.0,0.0,0.0328566351496151,0.0,0.0,0.0,0.0,0.1577650946791666,0.0,0.3422988424226041,0.0,0.0,0.0,0.0,0.0,0.0,0.0,0.0,0.0,0.0,0.0745280889032159,0.0,0.1381445262347916,0.0,0.0,0.0,0.0354189190079179,0.0,0.0,0.0747573741522764,0.0303318369377526,0.0,0.0,0.0909926798977482,0.0,0.0324591444967713,0.0,0.0,0.0,0.0,0.0703354874992891,0.0,0.0,0.0,0.1166996479427055,0.0,0.0,0.0,0.0,0.0,0.0,0.0,0.0,0.0,0.0,0.0303318369377526,0.0,0.0,0.0,0.0,0.0,0.0,0.0,0.0,0.0,0.0,0.0215164027371061,0.0,0.0282636423878229,0.0216757743418356,0.0195176197070738,0.0226895821709715,0.0,0.0,0.0213595410260012,0.0,0.0,0.0,0.0287558511094447,0.0,0.0307224953530035,0.0,0.0907218593000714,0.0,0.0,0.0358105805153021,0.0252270366905044,0.0,0.018650941773128,0.0450265706135608,0.0319957812857468,0.0,0.0,0.0,0.0345638914282593,0.0,0.0,0.0,0.0760704474535734,0.0315530189358333,0.0,0.0,0.0,0.0,0.0,0.020466957972651,0.0216757743418356,0.0,0.0,0.0,0.0,0.0135628566108294,0.0,0.0,0.0,0.0,0.0,0.0,0.0,0.1036916742847779,0.0,0.0225132853067804,0.0315530189358333,0.0,0.0,0.0,0.0,0.0,0.0,0.0,0.1041640727580096,0.0,0.0907583286838863,0.0,0.0,0.0,0.0,0.0244347047417042,0.0,0.0,0.0,0.0,0.0,0.0,0.0,0.0,0.0,0.0,0.1279831251429874,0.0,0.0,0.0,0.0262931965399091,0.0,0.0,0.0,0.0,0.0,0.0,0.0,0.0,0.0,0.0775563807123498,0.0,0.0,0.0295936835327932,0.0,0.0,0.0,0.0268175551209459,0.0,0.0,0.0,0.0228690557256047,0.0867030973673426,0.0,0.0,0.0,0.0,0.0253206673143875,0.0,0.0,0.0,0.0,0.0,0.0488694094834084,0.0,0.0,0.0,0.0,0.0,0.0,0.0,0.0,0.0,0.0,0.0,0.0,0.0,0.0,0.0,0.0,0.0,0.0657132702992302,0.0,0.0303318369377526,0.0,0.0,0.0,0.0,0.0,0.0,0.0,0.0,0.0226895821709715,0.0,0.0,0.0285798757036573,0.0,0.0,0.0,0.0,0.0,0.0,0.0382738336553615,0.0847909271634687,0.0,0.0857396271109719,0.0,0.0,0.0,0.0,0.0,0.0,0.2676482165315652,0.0440047555833177,0.0,0.0,0.0339945643157791,0.0,0.0,0.0,0.0,0.0,0.0285798757036573,0.0,0.0,0.0,0.0,0.0,0.0,0.0,0.0,0.0,0.0,0.2234156297974459,0.032945119551324,0.0,0.0,0.0,0.0339945643157791,0.0351677437496445,0.0,0.0,0.0,0.0,0.0,0.0,0.0,0.0,0.0,0.0,0.0,0.0,0.0,0.0,0.0,0.0,0.0,0.0,0.0,0.0,0.0,0.0,0.1976707173079444,0.0,0.0,0.3111990611805482,0.0,0.0,0.0,0.0,0.0,0.0,0.1936185304650634,0.0,0.0,0.0,0.0,0.0,0.0,0.0,0.0,0.0,0.0,0.0,0.0,0.0669120541328913,0.0,0.0,0.0,0.0,0.0169142926293602,0.0,0.3801740279059735,0.0,0.0,0.0,0.0279571408879033,0.0,0.0,0.01774481621219,0.0,0.0195176197070738,0.0289064791534805,0.0,0.0,0.0282636423878229,0.0395595071866767,0.0334560270664456,0.0,0.0,0.0,0.0,0.0,0.0292441559927671,0.0,0.0242250019899793,0.0,0.0,0.0,0.0303318369377526,0.0,0.0,0.0,0.0,0.0,0.0,0.0,0.0,0.0,0.0339945643157791,0.0,0.0829793701993129,0.0,0.0255550431349496,0.0,0.0,0.0268175551209459,0.0,0.0,0.0,0.0,0.0,0.0,0.0,0.0315530189358333,0.0,0.0201863615921358,0.0,0.0,0.0,0.0345638914282593,0.0,0.0,0.0,0.0,0.0,0.0,0.0215164027371061,0.0,0.0,0.0,0.0,0.04180650911232,0.0279571408879033,0.0364977848946148,0.031129103351801,0.0,0.0,0.0,0.0,0.0,0.0,0.0511100862698993,0.1336709281153673,0.0,0.0,0.0,0.0,0.0319957812857468,0.0,0.023427735575931,0.0,0.0,0.0,0.0,0.0,0.0,0.0,0.0,0.0,0.0,0.0,0.0,0.0,0.0,0.0,0.0,0.0,0.032945119551324,0.0841436902229324,0.0,0.0,0.0639915625714937,0.0809938048298067,0.0,0.0,0.0,0.0,0.0240196233159419,0.0,0.0,0.0,0.0,0.0,0.0501833598478504,0.0553195801328752,0.0850120161444871,finance
Dokumen_13,0.0,0.0,0.0,0.0,0.0,0.0279208910604159,0.0390002587032584,0.0,0.0,0.0,0.0,0.0,0.0,0.0,0.0,0.0,0.0,0.0,0.0,0.0,0.0,0.0,0.0,0.0,0.0,0.0,0.4488262778613162,0.0,0.0,0.0,0.1953733453533405,0.1066720640658996,0.0,0.0,0.0312887619816311,0.0,0.2042254691820079,0.0,0.0307048540214946,0.0,0.0272619500068694,0.0,0.0,0.0,0.0,0.0,0.0,0.0631835178092308,0.0379115321874461,0.0,0.0343392459484098,0.0,0.0,0.0,0.0,0.0,0.0,0.0,0.0,0.0,0.0,0.0232963542228516,0.0,0.0,0.0,0.0,0.0,0.0307048540214946,0.0,0.0,0.0,0.0,0.0,0.0,0.0,0.0,0.0,0.0,0.0,0.0,0.0,0.0596979124156928,0.0,0.0893755624087403,0.0,0.0,0.0488433363383351,0.1560404346536361,0.0,0.0,0.064158827903205,0.0364442595717539,0.0,0.0,0.1214770859091616,0.0,0.0,0.0,0.0,0.0,0.0,0.0,0.0,0.0,0.0,0.0,0.0,0.0,0.0,0.0,0.0,0.0,0.0,0.0,0.0,0.0,0.0,0.0,0.0,0.0,0.0,0.0,0.0408450938364016,0.0,0.0401980314331569,0.0,0.0,0.0258523533543561,0.0268419862433055,0.0,0.0,0.0,0.0545239000137388,0.0,0.066383527450682,0.0,0.0,0.0,0.0,0.224579443613488,0.0,0.0,0.0,0.0408764930221975,0.4385275937039697,0.0,0.0430270706780202,0.0,0.0,0.0,0.0,0.0,0.0,0.0,0.0374021898217763,0.0,0.0,0.0,0.0309932472340682,0.0304666802566437,0.0,0.0,0.0,0.0325496891546378,0.0,0.0,0.0,0.0,0.0,0.0,0.0,0.0,0.0,0.0,0.0,0.0,0.0,0.0,0.0,0.0,0.0,0.0,0.0,0.0,0.0,0.0,0.1054121727752078,0.0,0.0,0.0,0.0,0.0,0.0,0.0,0.0,0.0,0.0,0.0,0.0,0.0,0.0328868308631132,0.0,0.0347316659962564,0.0264362613144926,0.0,0.0,0.0,0.0776071352229422,0.0,0.0,0.0,0.1288871415092061,0.0390002587032584,0.0,0.0,0.0,0.0,0.0,0.0438527593703969,0.0325496891546378,0.0,0.0,0.0,0.0,0.0,0.0,0.0,0.0,0.0,0.0,0.0,0.0,0.0,0.0,0.0,0.0260438412666461,0.0390002587032584,0.0,0.0343392459484098,0.0,0.0,0.1267640714667446,0.0379115321874461,0.053683972486611,0.0,0.0,0.0587174937009808,0.0,0.0364442595717539,0.0,0.0,0.0,0.0719851863385261,0.0,0.0,0.0,0.0,0.0,0.0,0.0572364763122225,0.0,0.0,0.0,0.0,0.098694627571055,0.0,0.0,0.0,0.0401980314331569,0.0,0.0,0.0,0.0,0.0,0.0237657374889727,0.0,0.0,0.0,0.0,0.0,0.0,0.057720037776703,0.0,0.0,0.0,0.0,0.0,0.1537740771548829,0.2060354756904592,0.0,0.0,0.0,0.0,0.0,0.0,0.0,0.0528725226289853,0.0,0.0,0.0,0.0144756352803522,0.0,0.0,0.0671820372431644,0.0,0.0,0.0,0.0,0.0,0.0,0.0408450938364016,0.0,0.0,0.0671820372431644,0.0,0.0,0.0,0.0,0.0,0.1690187619556594,0.0,0.0,0.0,0.0,0.1007730558647466,0.0,0.0,0.0,0.0,0.0,0.0,0.0,0.0,0.0638052535027862,0.0,0.0,0.0,0.0229933572998674,0.0553943769749986,0.0,0.0408450938364016,0.0,0.0,0.0467389239704844,0.0,0.0,0.0,0.0,0.0,0.0,0.0,0.0,0.0,0.0,0.0,0.0332337461443626,0.0,0.0,0.0,0.0,0.0,0.0,0.1205924584278278,0.199402476866176,0.0,0.0,0.0,0.0,0.0,0.0,0.0,0.0374021898217763,0.0456975945035401,0.0,0.0,0.0,0.0298791653291179,0.0549551815628741,0.0,0.0,0.0,0.0,0.0213207228239186,0.0,0.0234507788066752,0.0694633319925128,0.0,0.0,0.0,0.0475314749779455,0.0,0.0,0.0,0.0614097080429893,0.0,0.0671820372431644,0.0,0.0,0.0,0.0322217853773015,0.0,0.0,0.0,0.0,0.0,0.0,0.1041949979887693,0.0264362613144926,0.0,0.0,0.0,0.0,0.0,0.0567624909544483,0.0,0.0262384429396395,0.0,0.0,0.0,0.0,0.0,0.0,0.0,0.0,0.0,0.0,0.0,0.0,0.0,0.0,0.0,0.0,0.0,0.0,0.0,0.0,0.0,0.0,0.0,0.0,0.0,0.0,0.0,0.0,0.0,0.0,0.0,0.0,0.0,0.0,0.0,0.0,0.0,0.0,0.0,0.0,0.0,0.0,0.0,0.0498766829251978,0.0,0.0384435192887207,0.0208113804582488,0.0,0.0,0.0,0.0650993783092756,0.0,0.0,0.0,0.0,0.0,0.0,0.0,0.0912697414959733,0.0,0.0,0.0,0.0,0.0,0.0,0.0,0.0,0.0,0.0,0.0,0.125119986618171,0.0390002587032584,0.0,0.0,0.0,0.0,0.0,0.0,0.0,0.0,0.0,0.0,0.0,0.140447312356592,sport
Dokumen_32,0.0,0.0,0.0,0.0,0.0,0.0,0.0,0.0,0.0,0.0,0.0,0.0,0.0,0.0,0.4939861314002771,0.0,0.0,0.0,0.1062903942551697,0.0,0.0,0.0,0.0349673434392325,0.0,0.0,0.0,0.0,0.0528974824363427,0.0,0.0,0.0,0.0,0.0,0.0,0.0,0.1417406926578608,0.0,0.0,0.0290859176520902,0.0,0.0,0.0,0.0,0.0,0.0,0.0268848231043997,0.0,0.0,0.0,0.0,0.0,0.0,0.0,0.0,0.0,0.0302205369198893,0.0,0.0,0.0,0.0,0.0349673434392325,0.0,0.0,0.0934908795927141,0.0,0.0,0.0,0.0,0.0,0.05467670565942,0.0,0.0,0.0,0.0,0.0,0.0,0.0,0.0,0.0,0.0,0.0,0.0,0.0,0.0,0.0,0.0,0.0,0.0268751065729029,0.0,0.0293591051170579,0.0243104023063049,0.0,0.0,0.0,0.0690432694758228,0.0,0.0,0.0,0.0,0.0,0.0,0.0,0.0,0.0,0.0424557887601624,0.0,0.0,0.0,0.0,0.0,0.0,0.0,0.0,0.0,0.0,0.0,0.0,0.0,0.0,0.0,0.0,0.0325286835492241,0.0,0.1599881129070492,0.0,0.0,0.0,0.0244892687081708,0.0,0.0,0.0,0.0,0.0,0.0,0.0838445418232201,0.0,0.0,0.0,0.0,0.0163644865118856,0.0,0.0,0.0,0.0516283325156592,0.0,0.154766022985918,0.0,0.0,0.0,0.0,0.0,0.0,0.0329004129568515,0.0,0.0,0.0,0.0,0.0,0.0,0.0144301508884712,0.0,0.0,0.0,0.0308334824744704,0.0,0.0,0.0,0.0,0.0,0.0,0.0,0.0,0.0154368015904532,0.0,0.0,0.0475828068432918,0.0,0.0456381760340266,0.0258245433240006,0.0,0.0,0.0,0.0,0.0,0.0,0.0,0.0,0.0,0.0305228676687874,0.0,0.0,0.0,0.0,0.0,0.0,0.0345227087565172,0.0738878818481985,0.0325286835492241,0.0,0.0,0.0,0.0551442162927618,0.0,0.0,0.0,0.0,0.0,0.0,0.4569464885482057,0.0,0.0,0.0,0.0,0.0,0.0,0.0,0.0,0.0,0.0,0.0,0.0,0.0,0.0,0.0441360730811775,0.0,0.0,0.0,0.0,0.0,0.0,0.0,0.0,0.0,0.0374970619007709,0.0520576285552265,0.0,0.0,0.0,0.0,0.0,0.0,0.0,0.0,0.0,0.0296390386287619,0.0,0.0,0.081516872457721,0.0,0.0293591051170579,0.0,0.0,0.0,0.0,0.0,0.0,0.0,0.0380785601918983,0.0,0.0271093201672235,0.0,0.0,0.0,0.0,0.0,0.0280545950552657,0.0,0.0,0.0,0.0,0.0,0.0,0.0,0.0,0.022512671223304,0.0,0.0,0.0,0.0,0.0,0.0,0.0,0.0,0.0,0.0,0.0217810153567529,0.0,0.0,0.0,0.028819158727814,0.0,0.0,0.0,0.0,0.0,0.0,0.0,0.0,0.0,0.0,0.0137123965947297,0.0,0.0,0.0,0.0604410738397786,0.0,0.0,0.0,0.0,0.0,0.0,0.0,0.0,0.0,0.0,0.0,0.0,0.0,0.0,0.0,0.0,0.0,0.0,0.0,0.0,0.0,0.0,0.0,0.0761571203837967,0.0,0.0,0.0,0.0,0.0,0.0,0.0,0.0,0.0871240614270116,0.0,0.0,0.0,0.0,0.0,0.0,0.0,0.0,0.0,0.028819158727814,0.0,0.0,0.0,0.0,0.0,0.0,0.0,0.0,0.0,0.0,0.0,0.0,0.0,0.0,0.0,0.0,0.0,0.0,0.0,0.0,0.0,0.0,0.0,0.0,0.0,0.0770051875808579,0.0,0.0,0.0,0.0,0.0258245433240006,0.0,0.0,0.0,0.0,0.0,0.0,0.0,0.0,0.0,0.0,0.0,0.0,0.0,0.0,0.0,0.0,0.0,0.0,0.0,0.0,0.0,0.0,0.0,0.0,0.0,0.0354301314183899,0.0,0.065800825913703,0.0250423896848424,0.0369439409240992,0.0,0.0,0.0643375141806007,0.0,0.0,0.0,0.0,0.0,0.0,0.0,0.0,0.0,0.0,0.0,0.0,0.0,0.0,0.0897781794377933,0.0,0.0,0.0,0.0,0.0,0.0,0.0,0.0,0.0,0.0,0.0,0.0,0.0,0.0,0.0,0.0,0.0,0.0,0.0,0.0,0.0,0.0,0.0,0.0,0.0,0.0,0.0318199070672412,0.0,0.0,0.0,0.1124911857023128,0.0,0.0472468975526202,0.0,0.0,0.0,0.0,0.0,0.0,0.0,0.0,0.0,0.5627460109751863,0.0,0.0,0.0,0.0,0.0,0.0,0.0,0.0,0.0,0.0,0.0,0.0,0.0,0.0987012388705545,0.0305228676687874,0.0,0.0131692157600414,0.0,0.0,0.0,0.0,0.0,0.0,0.0,0.0,0.0,0.0,0.0,0.0,0.0120947384434026,sport
Dokumen_136,0.0,0.0,0.0157680267401154,0.0,0.0,0.0507134127037148,0.0,0.0112916076205641,0.0,0.0,0.0,0.0,0.0,0.0,0.0,0.0,0.0,0.0494586436171935,0.0,0.0,0.0,0.0,0.0,0.0,0.0340849794056629,0.0,0.0,0.0,0.0,0.0,0.0,0.021527904190392,0.0,0.0,0.0,0.0,0.0,0.366073243180175,0.0,0.0306051340202046,0.0,0.0226448442535984,0.0,0.0,0.0,0.0,0.0,0.0,0.0,0.0591208144433836,0.0,0.0,0.0,0.0,0.0236123817453903,0.0,0.0,0.0,0.0,0.0,0.0,0.0,0.0217914157027928,0.0,0.0,0.0980688347256087,0.0,0.0,0.0,0.0,0.0,0.0,0.0,0.0465506170094051,0.0,0.0,0.0,0.0,0.0185899980845881,0.0,0.0,0.0722872075330334,0.0,0.1082233794581376,0.02433756326682,0.0,0.0295717911030909,0.0,0.0,0.0,0.0466133134648373,0.0,0.0,0.0511655007188048,0.029418915885961,0.0,0.0,0.0,0.0361801834881581,0.0,0.0,0.0,0.01458461127486,0.0,0.0,0.0,0.0,0.0,0.0,0.0,0.0,0.0,0.0,0.0,0.0,0.0,0.0,0.0,0.427530212172082,0.0,0.0,0.0,0.0,0.0,0.0,0.0,0.0,0.0,0.0,0.0,0.0,0.0,0.0,0.0,0.0,0.0,0.0,0.0,0.0,0.1464289650992335,0.0236123817453903,0.0223490575519714,0.0,0.0164988881227134,0.0,0.0,0.0,0.0,0.2029180133154241,0.0,0.0,0.0465506170094051,0.0,0.0297517054693989,0.0,0.0,0.0,0.0,0.0,0.009222898881367,0.0,0.0,0.0,0.0,0.0,0.0,0.0,0.0,0.0,0.0,0.0,0.0,0.0,0.0,0.0,0.0,0.0,0.0,0.0,0.0,0.0,0.0,0.0163772735002138,0.0,0.0452896885071969,0.0,0.0,0.0201210947537771,0.0,0.0,0.0,0.0568305608846542,0.0,0.0,0.0,0.0,0.0,0.0,0.0,0.0,0.0,0.0,0.0,0.0,0.0,0.0,0.0,0.0,0.0,0.0698259255141076,0.0,0.0,0.0,0.0191269672578297,0.0,0.0,0.0,0.0,0.0,0.0197069381477945,0.02433756326682,0.0,0.0,0.0,0.0,0.0,0.0,0.0398221155733531,0.0,0.0,0.0,0.0,0.0,0.0,0.0998164706411092,0.0,0.0,0.0,0.0,0.0,0.0,0.0,0.0,0.0162512569673926,0.0,0.0,0.0,0.0,0.0220648733636336,0.0,0.0,0.0,0.0,0.0,0.0472247634907806,0.0,0.0,0.0,0.0,0.0,0.0,0.0,0.0,0.0,0.0,0.0179308376850818,0.0,0.0,0.0,0.0,0.0,0.0,0.0,0.0,0.0,0.0165055205295898,0.0,0.0,0.0207904104009176,0.0,0.0,0.0,0.0,0.0,0.0,0.0139211366340825,0.0,0.0,0.0,0.0,0.0,0.0,0.1352062572421248,0.0,0.0,0.2433756326682003,0.0320112283781616,0.0,0.0,0.0494586436171935,0.0262924583793717,0.0,0.0,0.0,0.0,0.0,0.0,0.0,0.0,0.0,0.0,0.0,0.0,0.0,0.0,0.0,0.0541745140488718,0.0,0.0,0.0,0.1042015260427409,0.0247293218085967,0.0255827503594024,0.1062011514047771,0.0,0.0,0.0,0.2720225398945644,0.0,0.04867512653364,0.0465506170094051,0.0,0.0,0.0,0.0,0.0,0.0,0.0,0.0,0.0,0.0,0.0255827503594024,0.0,0.0,0.0,0.0,0.0,0.0,0.0565953843310095,0.0,0.0,0.0,0.0,0.0,0.021527904190392,0.0201210947537771,0.0,0.0406748047977972,0.0,0.0,0.0,0.0,0.0,0.0,0.0185899980845881,0.0,0.2865541966175374,0.0,0.0,0.022953221345884,0.0,0.0,0.0,0.0,0.0,0.0425472812563897,0.0,0.0,0.0,0.0,0.0,0.0,0.0,0.0,0.0283961573497799,0.0,0.0,0.0170424897028314,0.0,0.0,0.0,0.0,0.0,0.0185899980845881,0.0,0.0,0.0,0.0,0.0176224605927962,0.0,0.0,0.0169044709012382,0.0220648733636336,0.0,0.0,0.0,0.0,0.0,0.0,0.0,0.0,0.0,0.0,0.0,0.0201210947537771,0.0158858467019258,0.0743599923383525,0.0,0.0134818646892594,0.0,0.0,0.0,0.0,0.0,0.0,0.0,0.0,0.0,0.0,0.0,0.0,0.0,0.3978667422626601,0.0,0.0553245037447467,0.0,0.0,0.0,0.1062011514047771,0.0,0.0,0.0,0.0,0.0,0.0,0.0304121155349744,0.0,0.1327514392559714,0.0,0.0,0.0,0.0,0.0,0.0,0.0,0.0185899980845881,0.0216086271722262,0.0,0.0251434784145793,0.0150987110929749,0.0176224605927962,0.0,0.0504003077279762,0.0,0.0,0.0,0.0,0.0,0.0,0.0,0.0,0.0,0.0,0.0,0.0,0.0,0.022953221345884,0.0,0.0,0.0,0.0,0.0,0.1836308041212277,0.0,0.0,0.0,0.033667934934431,0.0236123817453903,0.1291674251423524,0.0,0.0,0.0174730580213817,0.0,0.0,0.0184195015594085,0.0,0.0,0.0,0.0201210947537771,0.0386512069493348,finance
Dokumen_117,0.0,0.0,0.0,0.0,0.0,0.0,0.0,0.0749308088179131,0.0,0.0,0.0,0.0,0.0,0.0,0.0,0.0,0.0,0.0,0.0,0.0,0.0,0.0,0.0,0.0,0.0,0.0,0.0,0.0,0.0,0.0,0.0,0.0,0.0,0.0,0.0,0.0,0.0,0.0,0.0,0.0,0.0,0.0,0.0,0.0,0.0,0.0,0.0,0.0,0.0,0.0,0.0,0.1321292516097318,0.0,0.0,0.0,0.1281750198002246,0.0,0.0,0.0,0.0,0.0,0.0,0.0,0.0,0.3046339366754848,0.0,0.0,0.0,0.0,0.0,0.0,0.0,0.0,0.0,0.0,0.0,0.0,0.0,0.0,0.0,0.0,0.1199239981952171,0.0,0.0512976769264943,0.0,0.0,0.0,0.0569929866938908,0.0,0.0,0.1031082374618999,0.0,0.0,0.0,0.0,0.1149793485938246,0.0,0.0,0.0,0.0,0.0,0.0,0.0,0.0,0.0,0.0,0.0,0.0,0.0,0.0,0.0,0.0,0.0,0.0,0.0,0.0,0.0,0.0,0.0,0.0,0.0,0.0,0.0,0.0,0.0,0.0,0.0,0.0,0.0,0.0,0.0,0.0,0.0,0.0,0.0889029192037545,0.0,0.0,0.0,0.0,0.0,0.156691139273845,0.0,0.0,0.1094861841798051,0.0,0.0,0.0,0.060889668856359,0.0,0.0,0.0,0.0,0.0,0.0,0.0,0.0,0.0,0.0,0.0,0.0,0.0,0.0,0.3046339366754848,0.0,0.0,0.0,0.0,0.0,0.0,0.1697664531599273,0.0,0.0,0.0654724419606946,0.0,0.0,0.0,0.0,0.0,0.0,0.0,0.0,0.0,0.0,0.0,0.0,0.0,0.0,0.0,0.0,0.0,0.0,0.0,0.1321292516097318,0.0,0.0,0.0,0.0,0.0,0.0,0.0,0.0,0.0,0.0,0.0,0.0,0.0,0.0,0.0,0.0,0.0,0.0,0.0,0.0,0.0,0.0,0.0,0.0,0.0,0.0,0.0,0.0,0.0,0.0,0.1871952856456666,0.0,0.0,0.0,0.0,0.0,0.0,0.0,0.0,0.0,0.0,0.0,0.0,0.0,0.0,0.0,0.0,0.0,0.0,0.0,0.0,0.0,0.0,0.0,0.0,0.0,0.0,0.0,0.0,0.0,0.0,0.0,0.0,0.0,0.0,0.0,0.0,0.0,0.0,0.0,0.0,0.0,0.0,0.0,0.0,0.0,0.0,0.0,0.0,0.0,0.0,0.0,0.0,0.1149793485938246,0.0,0.1379646122452915,0.0,0.0,0.0,0.0,0.0,0.0,0.0,0.0,0.0,0.0,0.0,0.0,0.0,0.0,0.0,0.0,0.0,0.2124256628668386,0.0,0.470073417821535,0.0,0.0,0.0,0.0,0.0,0.0,0.0,0.0,0.0,0.0,0.0,0.0,0.0,0.1483077534183432,0.0,0.0,0.0,0.0,0.0,0.0,0.0,0.0,0.0,0.0,0.0,0.0,0.0,0.0,0.0,0.0,0.0,0.0,0.0,0.0,0.0,0.0,0.0,0.0,0.0,0.0,0.0,0.0,0.0,0.0,0.0,0.0,0.0,0.0,0.0,0.0,0.0,0.0,0.0,0.0,0.0,0.0,0.0,0.0,0.0,0.0,0.0,0.0,0.0,0.0,0.0,0.0,0.0,0.0,0.0,0.0,0.0,0.0,0.0,0.0,0.081650943769306,0.0,0.0,0.1200453692267404,0.0,0.0,0.0,0.0,0.0,0.0,0.0,0.0,0.0,0.0,0.0,0.0,0.0,0.0,0.0,0.0,0.0,0.0,0.0,0.0,0.0,0.0,0.0,0.0,0.2243552414913577,0.0,0.0,0.0,0.0,0.0,0.0,0.0,0.0,0.0,0.0,0.0,0.0,0.0,0.0,0.0,0.0,0.0,0.0,0.0,0.0,0.1590371032891353,0.0,0.0,0.0,0.0,0.0,0.0,0.0,0.0,0.0,0.0,0.0,0.0,0.2319014996022407,0.0,0.0,0.0,0.0,0.0,0.0,0.0,0.0,0.0,0.2018139924335776,0.0,0.0,0.0,0.0,0.0,0.0,0.0,0.0,0.0,0.0,0.071697138523963,0.0,0.0,0.1001946465305962,0.0,0.0,0.0,0.0,0.0,0.0,0.0,0.0,0.0,0.0,0.0,0.0,0.0,0.0,0.0,0.0,0.0,0.0,0.0,0.0,0.0,0.0,0.0,0.0,0.0,0.0,0.0,0.0,0.0,0.0,0.0,0.0,0.0,0.0,0.2444626480565462,0.0,0.0,0.0,0.0,0.1025953538529887,finance
Dokumen_186,0.0,0.0332983725204912,0.0,0.0,0.0516080486882017,0.0,0.0289753916530691,0.0,0.0270764023036969,0.0,0.0664790100002174,0.0,0.0,0.0,0.0,0.1669416548096749,0.0347248626680176,0.0,0.0,0.0,0.0,0.0,0.0,0.0,0.0,0.0509176450718067,0.0,0.0,0.0,0.0,0.0907208597521174,0.0,0.0,0.0,0.0,0.0,0.0,0.0249565760061115,0.0,0.0,0.0202543702257399,0.0,0.0,0.0,0.0,0.0,0.0244333970125006,0.2816546200584315,0.0,0.0,0.0,0.0,0.0,0.0,0.0,0.0237021787962156,0.0,0.0,0.0632578652537829,0.0,0.0,0.0173081156417908,0.0,0.0439953310517837,0.0,0.0,0.6941611251448073,0.0228122889566573,0.0281665181161326,0.0,0.0,0.0,0.0,0.0,0.0,0.0,0.0,0.0,0.0,0.0,0.0294092083095952,0.0887055855847847,0.0,0.066401916579856,0.0,0.0,0.0725766878016939,0.0526958358521966,0.0,0.0,0.0762672752769983,0.0812292069110908,0.0,0.0,0.0631763065345559,0.0,0.0,0.0,0.0221988403786065,0.0,0.0,0.0,0.0,0.0,0.0,0.0,0.0,0.0,0.0,0.0,0.0,0.0,0.0,0.0,0.0,0.0,0.0,0.0237021787962156,0.0,0.0,0.0,0.0,0.0,0.0,0.0,0.0,0.0,0.0,0.0199423565382936,0.0,0.0386987433387658,0.0348456919561991,0.0,0.0,0.147959688305996,0.0,0.0,0.0,0.0,0.0,0.0289753916530691,0.0274251323999441,0.0464922112263668,0.0911080413902354,0.0,0.0,0.0,0.0112597432816878,0.0,0.0,0.0,0.0,0.0,0.0,0.0,0.0308542417465004,0.0,0.0,0.0,0.0565883421134412,0.0,0.0,0.0563330362322652,0.0,0.0,0.0210859550845943,0.0,0.0,0.0,0.0,0.0,0.0,0.0121071916196771,0.0,0.1871858451342249,0.0,0.0319671270405126,0.0,0.0,0.0,0.0,0.0,0.0,0.0,0.0,0.0,0.0261054592347054,0.0,0.0,0.0,0.0,0.0464922112263668,0.073300191037502,0.0,0.0,0.0,0.0,0.0,0.0218121934756601,0.0,0.073300191037502,0.0,0.0,0.0589227649430673,0.0,0.0,0.0,0.0288292592527029,0.0,0.0,0.0,0.0,0.0579507833061382,0.0234712183382026,0.0,0.0,0.0,0.0,0.0,0.0,0.0,0.0,0.0,0.0,0.0,0.0,0.0,0.0244333970125006,0.0,0.0,0.0478785978407083,0.0,0.0,0.0,0.0,0.1160962300162976,0.0,0.0,0.0255124743657947,0.0,0.0226030680637446,0.0,0.0,0.0,0.0,0.0,0.0872487739026404,0.0,0.0,0.0,0.0,0.0,0.0802225050575249,0.0,0.0,0.0,0.0,0.0,0.0313932842192462,0.0,0.0,0.0,0.0,0.0,0.0293302207011891,0.0,0.0,0.0,0.0,0.0,0.0,0.0,0.0,0.0,0.0,0.0,0.0,0.0,0.0,0.0281665181161326,0.0,0.1072083081252857,0.0,0.0,0.0,0.0170830029167716,0.0,0.0,0.0,0.0,0.0,0.0,0.0,0.0,0.0,0.0,0.0196409216476891,0.0,0.0579507833061382,0.0,0.032264186107064,0.0,0.0,0.0,0.0,0.0,0.0,0.0,0.0,0.0,0.0,0.0,0.0,0.0,0.0,0.0679024059003272,0.0,0.0,0.2490061770420487,0.0,0.0,0.0,0.0,0.0,0.0249565760061115,0.0,0.0,0.0,0.0,0.0,0.0,0.0997185150003261,0.0,0.0,0.0,0.0,0.0588184166191904,0.0,0.0,0.0,0.0,0.0,0.0,0.0,0.0,0.0,0.0,0.0,0.0,0.0,0.0,0.0,0.0,0.0597305629852547,0.0,0.0246911390500886,0.0,0.0,0.0,0.0,0.0261054592347054,0.0,0.0,0.0,0.0,0.0,0.0,0.0,0.0895958444778821,0.0,0.0,0.0555762005075037,0.0,0.0,0.0,0.0,0.0,0.0204145813655431,0.0,0.0,0.0241829162882575,0.0,0.0792015636165455,0.0,0.0348456919561991,0.0,0.0,0.0,0.0,0.0706273829521524,0.0298652814926273,0.0,0.0,0.0,0.0,0.0,0.0,0.0,0.0216249975573401,0.0478785978407083,0.0,0.0207439330065427,0.0,0.0,0.0,0.0,0.0516080486882017,0.0,0.0,0.0,0.0,0.0,0.0,0.0632578652537829,0.0493822781001772,0.0584818551841485,0.0228122889566573,0.0,0.0,0.0718178967610624,0.0,0.0294092083095952,0.0,0.0,0.0,0.0,0.0,0.0,0.0,0.0,0.0,0.0,0.0,0.0,0.0339450967145378,0.0,0.0,0.0,0.0,0.0,0.0,0.0,0.0,0.0,0.0,0.0,0.0,0.0,0.0833643007612556,0.0,0.0882276249287856,0.0,0.0,0.0,0.0,0.0,0.0265165302743184,0.0,0.0,0.0,0.0,0.0,0.0618475794437134,0.0209132996072851,0.0,0.0,0.0,0.0,0.0277881002537518,0.0,0.0,0.0,0.0,0.0,0.0,0.0,0.0281665181161326,0.0303460189846693,0.0,0.0,0.0,0.0,0.0,0.0,0.0,0.0,0.0619722490128913,0.0,0.0,0.0,0.0239392989203541,0.0214416616250571,0.0,0.0,0.0452061361274893,0.0,0.0,0.0,0.0,0.1517758093253853,finance
Dokumen_104,0.0,0.0202605777653506,0.0235464630697466,0.0532027274667365,0.0,0.025243520089737,0.0,0.1011708413048027,0.0,0.0,0.0,0.0,0.0,0.0,0.0,0.0,0.3380565365678675,0.0369284040611503,0.0,0.0,0.0,0.0,0.0,0.0,0.0254496241678318,0.0413081613111281,0.0,0.025243520089737,0.0,0.0,0.0220798422843776,0.0,0.0,0.0,0.0,0.0,0.0,0.0,0.0,0.0,0.0,0.0,0.0,0.0,0.0,0.0256597305159713,0.0,0.0,0.0,0.0,0.0,0.0,0.0333739450702686,0.0,0.0,0.0,0.0,0.0,0.0256597305159713,0.0,0.0,0.0,0.0650824321318411,0.0,0.0,0.0,0.0,0.0,0.0,0.0,0.12394677616914,0.0,0.0,0.0,0.0,0.0,0.0,0.0,0.0,0.0792953211816678,0.0,0.0404800508010306,0.0,0.2655028728296121,0.0,0.0,0.0,0.0,0.0,0.0,0.0348039321009637,0.0,0.0,0.0764056652729659,0.0219656976702874,0.0,0.0352604725956042,0.0,0.0,0.0,0.0,0.0382028326364829,0.0,0.0,0.0,0.0,0.0,0.0,0.0,0.0,0.0,0.0,0.0,0.0,0.0,0.0,0.0,0.0,0.0,0.0,0.0,0.0,0.0,0.0,0.0,0.0,0.0,0.0,0.0,0.0,0.0,0.0,0.0,0.0,0.0,0.0,0.0,0.0,0.0,0.0,0.0,0.1001218352108059,0.0,0.0,0.0,0.0,0.0,0.041106316094482,0.0,0.0,0.0244562539125364,0.0695142393117133,0.0,0.0,0.0,0.0,0.0,0.0,0.0,0.0413177853168446,0.0,0.0,0.0,0.0,0.0,0.0,0.0222333219774732,0.0235464630697466,0.0,0.1146084979094489,0.0,0.0,0.0,0.0363433893228929,0.0976236481977617,0.0,0.0,0.0,0.0,0.0,0.0,0.0,0.0,0.0342761454974944,0.0,0.0642954263514143,0.031768020289848,0.0,0.0,0.0,0.1167034448198185,0.1131537657529962,0.0,0.0,0.0,0.0,0.0,0.0,0.0,0.0294284566460235,0.0297332693926,0.0,0.0,0.0,0.0,0.0,0.0,0.0,0.0,0.0347571196558566,0.0,0.0,0.0,0.0,0.0,0.0,0.0,0.0,0.0,0.0,0.0,0.0,0.0,0.0,0.0,0.0,0.0,0.0,0.0,0.0,0.0,0.0,0.0,0.0,0.0,0.0,0.0,0.0,0.0,0.0,0.0,0.1146084979094489,0.0,0.0,0.0,0.0,0.0,0.0,0.0,0.0,0.0,0.0,0.0,0.0,0.0,0.0,0.0,0.0,0.0,0.0,0.0,0.0,0.0352604725956042,0.0,0.0535384019467306,0.0,0.0658991431659171,0.0,0.0,0.0,0.0,0.0,0.0,0.0,0.0,0.0,0.0,0.3294957158295857,0.0,0.0,0.0,0.0,0.0,0.0,0.0,0.0207884940231222,0.0,0.0,0.0,0.0,0.0,0.0,0.0,0.0,0.0,0.4361206718747155,0.0239012534430193,0.0,0.0,0.0738568081223006,0.0523501902887815,0.0,0.0,0.0,0.0,0.0,0.0,0.0,0.0,0.0,0.0,0.0,0.0,0.0,0.0,0.0,0.0,0.0,0.0,0.0,0.2334068896396371,0.1107852121834509,0.1910141631824149,0.0,0.0,0.0,0.0,0.0,0.0,0.0,0.0,0.0,0.0,0.0,0.0,0.0,0.0,0.0,0.0,0.0,0.0,0.0764056652729659,0.0,0.0,0.0,0.0,0.0,0.0,0.0,0.0,0.0,0.0,0.0,0.0,0.0,0.0,0.0,0.0,0.0,0.0,0.0635360405796961,0.0,0.0,0.0,0.0,0.0,0.0,0.0750937318526557,0.0,0.0,0.0,0.0,0.0,0.0,0.0,0.0,0.0,0.0,0.0246477657605804,0.0,0.0,0.0,0.0,0.0,0.0,0.0,0.0,0.0508992483356636,0.1842173113281373,0.0644604289797365,0.0,0.0,0.0,0.0,0.0,0.0303699316606269,0.0,0.0310464104848734,0.0263156972261265,0.0291319959932177,0.0,0.0,0.0329495715829585,0.0,0.0,0.0,0.0,0.0478025068860386,0.0,0.0,0.0,0.0,0.0,0.0,0.0,0.1423344247940368,0.0,0.0,0.0201325273129671,0.0,0.0,0.0,0.0,0.0,0.0,0.0792953211816678,0.0,0.0,0.0,0.0,0.0,0.0,0.0,0.0375468659263278,0.0413081613111281,0.0,0.0382028326364829,0.0,0.0396476605908339,0.0,0.0,0.0,0.0,0.0,0.0764056652729659,0.0454145447061757,0.0,0.0,0.0,0.0,0.0,0.0,0.0,0.0,0.0,0.0,0.0322682571563818,0.0,0.0,0.0,0.0263156972261265,0.0,0.0,0.0,0.0,0.0,0.0,0.0,0.0,0.0,0.3381564464125325,0.0,0.0,0.0,0.0,0.0,0.0,0.0,0.0,0.0,0.0,0.0,0.0914055601032194,0.0,0.0,0.0347571196558566,0.0754147110130799,0.0,0.0,0.0,0.0,0.0,0.0,0.0260925937149313,0.0,0.0,0.0,0.0,0.0,0.0808052221655341,finance
Dokumen_60,0.0,0.0,0.0,0.0,0.0,0.0,0.0,0.0,0.0,0.0,0.0,0.0,0.0,0.0,0.0,0.0,0.0,0.0,0.3999114318474202,0.0,0.0,0.0,0.0657812988684244,0.0,0.0,0.0407099684977478,0.0,0.0497559259481546,0.1028589638893689,0.0,0.0,0.0,0.0,0.0,0.0,0.088881853261626,0.0,0.0,0.054717037491268,0.0,0.0,0.0,0.0,0.0,0.0,0.0,0.0,0.0,0.0,0.0,0.0,0.0,0.0,0.0,0.0,0.056851507022437,0.0,0.0,0.0,0.0675595697865794,0.0657812988684244,0.166059410219542,0.0,0.1407016006840281,0.0,0.0,0.0,0.0,0.0,0.0514294819446844,0.0,0.0,0.0,0.0,0.0,0.0,0.0,0.0,0.0,0.0,0.0,0.0,0.0,0.0,0.0,0.0,0.0,0.0,0.0,0.0552309634722731,0.0914664759993434,0.0,0.0,0.0,0.0649428223241364,0.0,0.0,0.0,0.0,0.0,0.0,0.0,0.0429277463230984,0.0,0.1198030785773172,0.0,0.0,0.0,0.0,0.0,0.0,0.0,0.0,0.0,0.0,0.0,0.0,0.0,0.0,0.0,0.0,0.0611936408056419,0.0,0.3511351537745615,0.0,0.0,0.0,0.0,0.0,0.0,0.0,0.0,0.0,0.0,0.1182975811504858,0.3201370315287482,0.0,0.0,0.0552309634722731,0.0,0.0,0.0,0.0,0.0485621502415958,0.0,0.2911490840133885,0.0,0.0,0.0,0.0,0.0,0.0,0.061892945953138,0.0,0.0,0.0,0.0,0.0,0.0,0.0542926041814186,0.0,0.0675595697865794,0.0,0.0,0.0,0.0,0.0,0.0,0.0,0.0,0.0,0.0,0.0871201034266898,0.0,0.0,0.1790275457097059,0.0,0.0429277463230984,0.0,0.0,0.0,0.0987145615355994,0.0,0.0,0.0,0.0,0.0,0.0,0.0,0.0,0.0,0.0,0.0,0.0,0.0509986209029288,0.0,0.0,0.0,0.0523182312148551,0.0,0.0,0.0518692273424077,0.0,0.0,0.0,0.0,0.0586053904065544,0.0,0.0,0.0,0.0,0.0,0.0,0.0,0.0,0.0,0.0,0.0,0.0,0.1160091860757031,0.0,0.0,0.0,0.0,0.0,0.0,0.0,0.0,0.0,0.0,0.0,0.0,0.0,0.0705402582231898,0.0,0.0,0.0,0.0,0.0,0.0,0.0,0.0,0.0,0.0478332828609732,0.0,0.0,0.0,0.0766756239186335,0.0,0.0,0.0,0.0,0.0641399587332953,0.0,0.0,0.0,0.0,0.1432683699758652,0.0,0.0509986209029288,0.0,0.0,0.0,0.0,0.0,0.0527768918210838,0.0,0.0,0.0,0.0,0.0,0.0,0.0,0.0,0.0,0.0,0.0,0.0,0.0,0.0,0.0,0.0,0.0,0.0,0.0,0.0409749022921986,0.0,0.0,0.0,0.0542152050156575,0.0,0.0,0.0,0.0,0.0,0.0,0.0,0.0,0.0,0.0,0.0257960476799687,0.0,0.0,0.0,0.0,0.0,0.0,0.0,0.0,0.0,0.0,0.0,0.0,0.0,0.0,0.0,0.0,0.0,0.0,0.0,0.0,0.0,0.0,0.0,0.0,0.0,0.0,0.0,0.0,0.0,0.0,0.0,0.0,0.0,0.0,0.0,0.0,0.2048745114609932,0.0,0.0,0.0,0.0,0.0,0.0,0.0,0.0,0.0,0.0542152050156575,0.0,0.0,0.0,0.0,0.0,0.0,0.0,0.0,0.0,0.0,0.0,0.0,0.0,0.0,0.0,0.0,0.0,0.0,0.0,0.0,0.0,0.0,0.0,0.0,0.0,0.144863771749733,0.0,0.0,0.0,0.0,0.0485816717958242,0.0,0.0,0.0,0.0759884277111765,0.0,0.0,0.0,0.0,0.0,0.0,0.0,0.0,0.0,0.0,0.0,0.0,0.0,0.0,0.0,0.0,0.0,0.0,0.0,0.0,0.0,0.0666519053079033,0.0,0.0,0.0,0.0,0.0,0.0,0.0,0.0,0.0,0.0,0.0,0.0,0.0,0.0,0.0,0.0,0.0,0.0,0.0,0.0,0.0,0.1125950610407622,0.0,0.0,0.0432219150723559,0.0,0.0,0.0,0.0,0.0,0.2057179277787379,0.0,0.0,0.0,0.0,0.0,0.0,0.0,0.0,0.0,0.0,0.0,0.0,0.0,0.0,0.0,0.0,0.0,0.0598602756424218,0.0,0.0,0.0,0.0705402582231898,0.0,0.0,0.0,0.0,0.0,0.1003243296498747,0.0,0.0,0.0,0.0,0.0,0.0,0.0,0.0,0.0,0.0,0.0,0.0,0.0,0.0,0.0,0.0,0.0,0.0,0.0,0.247571783812552,0.0574202579595776,0.0,0.099096818067351,0.0,0.0,0.1197205512848436,0.0574202579595776,0.0,0.0,0.0,0.0,0.0,0.0,0.0,0.0,0.0227528752838639,sport
Dokumen_2,0.0,0.0,0.0,0.0,0.0,0.0,0.1191821736429381,0.0,0.0,0.0984676140007805,0.0,0.0,0.0,0.0,0.0,0.0,0.0,0.0,0.0,0.1086608899963567,0.0,0.0,0.1128056155722231,0.0,0.0,0.0,0.0,0.0,0.0881942811882581,0.0,0.0,0.0,0.0,0.0,0.0,0.0,0.0,0.0,0.0,0.0,0.0,0.0,0.0984676140007805,0.0,0.0,0.0,0.0,0.0,0.0,0.0,0.0,0.0,0.0,0.0921306152718761,0.0,0.0,0.0,0.0,0.0,0.0,0.0,0.0,0.0,0.0,0.0,0.0,0.0,0.0,0.0,0.0,0.0,0.0,0.0,0.0,0.1930845907512473,0.1228424867338255,0.0,0.0,0.0,0.0,0.0,0.0,0.0,0.1560718408779431,0.0,0.1463167572663149,0.0,0.0,0.0,0.0,0.0784260291816812,0.0,0.0,0.0,0.1484903293244482,0.0,0.0,0.0,0.0,0.0,0.0,0.0,0.0,0.0,0.0,0.0,0.0,0.0,0.0,0.0,0.0,0.0,0.0,0.0,0.0,0.0,0.0,0.0,0.0,0.0,0.0833106899183811,0.0,0.0,0.1720420234580846,0.0,0.0,0.0,0.0,0.0,0.0,0.0,0.0,0.0833106899183811,0.0,0.0,0.0,0.0,0.0,0.0,0.2111691415968904,0.0,0.0,0.0,0.0416386066081732,0.0,0.0,0.0,0.0926276127716038,0.0,0.0,0.0,0.0,0.0,0.0,0.0,0.0,0.0,0.1228424867338255,0.0,0.0465520652606314,0.0,0.0,0.0,0.0,0.0,0.0,0.0,0.0795882313445064,0.0,0.0,0.0,0.0,0.0,0.0,0.0,0.1535034488948165,0.0,0.0,0.0833106899183811,0.0956163571103637,0.0,0.0,0.0,0.0,0.0,0.0,0.0,0.0,0.0,0.0,0.0,0.0,0.0,0.0,0.0,0.1113712118070179,0.0,0.0,0.0,0.0,0.0,0.0,0.0,0.0,0.0,0.0,0.0,0.059290549432297,0.0,0.0,0.1396487824510368,0.0,0.0,0.0,0.0,0.0,0.0,0.0,0.0,0.0,0.0,0.0,0.0,0.1423841905952961,0.0,0.2456849734676511,0.0,0.0,0.0,0.0,0.0,0.0,0.0,0.0,0.0,0.0,0.2383643472858762,0.0,0.0,0.0,0.0,0.0,0.0,0.0,0.0,0.0,0.0,0.0,0.0,0.0,0.0,0.0,0.0,0.0,0.0,0.0,0.0,0.0,0.0,0.0,0.0,0.0,0.0,0.1113712118070179,0.0,0.0,0.0,0.0,0.0,0.0,0.0,0.0,0.0,0.1113712118070179,0.0,0.0833106899183811,0.0,0.0,0.0,0.0,0.1099909495882482,0.0,0.0,0.0,0.0,0.0,0.0,0.0,0.0,0.0,0.0,0.0,0.1949845733116999,0.0,0.0,0.0,0.0,0.0,0.0,0.0,0.0884731401758953,0.0,0.0,0.0,0.0,0.0,0.0,0.0,0.0,0.0,0.0,0.0,0.0,0.205303797836915,0.0,0.0,0.0,0.0,0.0,0.0,0.0,0.0,0.0,0.0,0.0,0.0,0.0,0.0,0.0,0.0,0.0,0.0,0.0,0.0,0.0,0.0,0.0,0.070266157032388,0.0846407495102726,0.0,0.0,0.0,0.0,0.0,0.0,0.0,0.0,0.0,0.0,0.0,0.0,0.0,0.0,0.0,0.0,0.0,0.0,0.1026518989184575,0.0,0.0,0.0,0.0,0.2763918458156285,0.0,0.0,0.0,0.0,0.0,0.0,0.0,0.1291274988044554,0.0,0.0,0.0621052154162719,0.1191821736429381,0.0,0.0,0.0,0.0,0.205303797836915,0.0,0.0,0.0,0.0,0.0,0.0,0.0,0.0,0.0,0.0,0.0,0.0,0.0,0.0,0.0,0.0,0.0,0.0,0.0,0.0,0.0,0.0853243695624517,0.0,0.0,0.0,0.0,0.0,0.0,0.0,0.0,0.0,0.0,0.0,0.0,0.0,0.0,0.0,0.0,0.0680489565073037,0.0,0.0,0.0,0.0,0.0,0.0,0.0,0.1930845907512473,0.0,0.0,0.0,0.0,0.0,0.0,0.0,0.0,0.0881942811882581,0.0,0.0921306152718761,0.0,0.0,0.0,0.0,0.0,0.0,0.0,0.0,0.0,0.0,0.0,0.0,0.0,0.0,0.0,0.0,0.0,0.0,0.0,0.0,0.0,0.0,0.0,0.0,0.0,0.0,0.0,0.0,0.0,0.0,0.0,0.0,0.0,0.0,0.0,0.2098768628449641,0.0,0.0,0.0,0.0,0.0,0.0,0.0,0.0,0.0,0.0,0.0,0.0,0.0424842537150858,0.0,0.0,0.0,0.0,0.0,0.0,0.1763885623765162,0.0,0.1142985823730611,0.0,0.0,0.0,0.0390179602194857,sport
Dokumen_19,0.0,0.0303133317387814,0.0,0.0,0.0,0.0,0.0,0.0,0.0492982631400127,0.0435865091796891,0.0,0.0,0.0,0.358981331558298,0.0,0.0,0.0,0.0,0.0,0.0,0.0,0.0,0.0,0.0,0.0,0.0,0.0,0.037768676076131,0.0,0.0486872925942219,0.0,0.0,0.0,0.0973745851884438,0.0,0.033734171969611,0.0,0.0,0.0,0.0,0.0,0.0,0.0,0.0,0.0,0.038391398925879,0.0,0.0,0.0,0.0,0.0,0.0,0.0,0.0815628965732063,0.0,0.0,0.0,0.0,0.0,0.0,0.0,0.0,0.0,0.1335045293189165,0.0,0.0,0.0,0.0,0.0,0.0,0.0,0.0,0.0475304578617398,0.0,0.1282028112385617,0.0,0.0,0.1055115422112704,0.0415345514222083,0.0,0.0,0.0201883878953822,0.0,0.0863561435166836,0.0,0.0,0.0,0.0767550475306628,0.0,0.0419246618167755,0.0867878458197133,0.0,0.0,0.0,0.1314579451908688,0.0,0.0,0.0,0.0,0.0,0.0,0.0,0.0,0.0,0.0606266634775629,0.0,0.0,0.0,0.0,0.0,0.0,0.0,0.0,0.0,0.0,0.0,0.0985965262800255,0.1294643469447853,0.0,0.0,0.0368773244659403,0.0,0.0,0.2665393041961013,0.0,0.0,0.0,0.069941117390099,0.0,0.0,0.0352295849888781,0.0317219413436988,0.0368773244659403,0.0,0.0,0.0,0.0,0.0,0.0,0.0701052256273339,0.0,0.0,0.0,0.0552937590975512,0.0,0.0,0.0,0.0410014433205438,0.0,0.0303133317387814,0.0,0.0,0.0,0.0,0.0,0.0,0.0,0.0,0.0419246618167755,0.0206061865152933,0.0,0.0,0.0,0.1320901969138616,0.0,0.0,0.3991787830913057,0.0,0.0,0.0,0.0647305789925244,0.0977566459467466,0.0661310367225457,0.0,0.0,0.0,0.0,0.0325855486489155,0.0,0.0,0.0,0.037466072910795,0.0,0.0,0.0,0.0,0.0475304578617398,0.0,0.1743460367187564,0.0,0.0,0.0,0.0,0.0,0.0,0.0,0.0,0.046450804672305,0.0397136680701904,0.0,0.0,0.0,0.0,0.0,0.0,0.0,0.044486118274369,0.0,0.0,0.0,0.0,0.0,0.0,0.0,0.0,0.0,0.0,0.0,0.0,0.0,0.0,0.0,0.0512830473654711,0.031513050729427,0.0,0.0,0.0,0.0,0.0,0.0505940583651127,0.0435865091796891,0.0427342704128539,0.1582673133169057,0.0,0.0,0.0352295849888781,0.0,0.0,0.0,0.0830691028444167,0.0,0.0,0.0,0.0,0.0,0.0,0.0,0.0,0.0,0.0,0.0,0.0,0.0,0.0,0.0,0.0,0.0,0.0543760019983553,0.0,0.0,0.0,0.0,0.0,0.0,0.0,0.0,0.0,0.0,0.0,0.0,0.0,0.0535456252172733,0.0454386752428712,0.0,0.1285919477267579,0.0,0.0,0.0,0.0,0.0,0.0,0.0,0.0899107833060758,0.0,0.0,0.0311031858504196,0.0,0.0,0.0,0.0411536209530303,0.0,0.3076982841928268,0.0,0.0,0.0,0.0,0.0,0.0,0.0,0.0,0.0,0.0,0.0,0.0,0.0863095646298569,0.0,0.0,0.0,0.0,0.0,0.0,0.0,0.0,0.0,0.0,0.0,0.0,0.0,0.0,0.0,0.0,0.0,0.0,0.0,0.0,0.0,0.0,0.0,0.0,0.0,0.0,0.0,0.0,0.0431547823149284,0.0,0.0,0.0,0.0933095575512588,0.112398218732385,0.0,0.0,0.0,0.0,0.0,0.0,0.0,0.0,0.2057681047651519,0.0,0.0,0.0,0.0,0.0,0.0,0.0,0.0,0.0,0.0,0.0,0.0,0.0,0.0,0.0,0.0,0.0,0.0,0.0,0.0,0.0,0.0,0.0,0.0,0.0,0.0824722799262643,0.0,0.0,0.0404176397629556,0.0,0.221263946795642,0.0454386752428712,0.0880601312759077,0.0,0.0288406079986173,0.0,0.0,0.0469816324901145,0.0,0.0,0.0,0.0,0.0,0.0,0.0,0.0,0.0,0.0,0.0,0.0,0.0,0.0,0.0,0.0,0.0,0.0,0.0,0.0,0.0,0.0,0.0,0.1181185160450575,0.0,0.0,0.0,0.0,0.0,0.0,0.0,0.0,0.0,0.0,0.0,0.0,0.0,0.0,0.0512830473654711,0.0,0.0,0.0,0.0,0.0328088459545269,0.0,0.0512830473654711,0.0,0.0561766113364648,0.0,0.0,0.0,0.0,0.0,0.0,0.1049116760851485,0.0,0.0,0.0,0.0,0.0,0.0,0.0,0.0,0.0,0.0535456252172733,0.0,0.0,0.0454386752428712,0.0,0.0,0.0,0.0535456252172733,0.0,0.033734171969611,0.0,0.0,0.0844548569947769,0.0,0.0,0.0,0.0880601312759077,0.0,0.0,0.0,0.0,0.0,0.0,0.0,0.0,0.0,0.0,0.0,0.0309020801836361,0.0,0.0,0.0,0.0,0.0,0.0435865091796891,0.0,0.0564167315315516,0.0,0.0,0.0908773504857424,0.0,0.0,0.0512830473654711,0.0,0.0,0.0,0.0,0.0,0.0,0.0518136861100101,sport
Dokumen_100,0.0,0.177406460763549,0.0,0.0,0.0,0.0,0.0,0.0295292021386325,0.0,0.0,0.0,0.0608683291848265,0.0,0.0,0.0,0.0,0.0,0.0,0.0592195731407245,0.0,0.0,0.0,0.0,0.2125113929567362,0.0,0.0,0.2368782925628981,0.0,0.0456945972293409,0.0,0.0,0.0,0.0,0.0,0.0,0.078970666866831,0.0,0.0,0.0,0.0,0.0,0.0,0.0510173437696651,0.0,0.0,0.0,0.0,0.0500198113001063,0.0,0.0,0.1087399158567559,0.0,0.0,0.0,0.0,0.0,0.0,0.0,0.0,0.0600260242501697,0.0,0.0,0.0,0.0625060055990387,0.0,0.0,0.0,0.0,0.0,0.3198621806053864,0.0,0.0,0.0,0.0,0.0,0.0,0.0,0.0,0.0,0.0,0.0,0.0,0.0,0.1010785480032474,0.0,0.0,0.0,0.134760917527902,0.0,0.0,0.020316769792045,0.0,0.0,0.0,0.1923368981388164,0.0,0.0617498249110565,0.0,0.0,0.0,0.0,0.0,0.0,0.0,0.0,0.0,0.0,0.2725022006668299,0.0,0.0,0.0,0.0,0.0608683291848265,0.0,0.0,0.0,0.0,0.0,0.0,0.2125113929567362,0.0431643454590088,0.0,0.0,0.0,0.0,0.0,0.0,0.0,0.0,0.0,0.0,0.0,0.0431643454590088,0.0,0.0350354188523664,0.0,0.0,0.0,0.0,0.0820570966382022,0.0,0.0,0.0,0.0647205011203639,0.0,0.0,0.0681255501667074,0.0479915636352768,0.0,0.0,0.0,0.0,0.0,0.0,0.0,0.0,0.0,0.0,0.0,0.0723576804624521,0.0,0.0,0.0,0.0,0.0477340628056531,0.0,0.0778721122116369,0.0,0.0,0.0,0.0,0.0381408873670376,0.0,0.0,0.0,0.0,0.0,0.0,0.0,0.0,0.0,0.0,0.0,0.0,0.0,0.0,0.0,0.0,0.0,0.0,0.0,0.0,0.0,0.0,0.0,0.0,0.0,0.0,0.0,0.0515365198344254,0.0520703224849918,0.0,0.0,0.0418570174083607,0.0495400707146597,0.0,0.0,0.0,0.0,0.0,0.0,0.0,0.0,0.0500198113001063,0.0,0.0,0.0,0.0,0.0,0.0,0.0,0.0,0.0,0.0,0.0,0.0,0.0,0.0,0.0,0.0,0.0510173437696651,0.0500198113001063,0.3087491245552828,0.0,0.0,0.0,0.0,0.0,0.1087399158567559,0.0972311170637663,0.0,0.0,0.0,0.0,0.0,0.0,0.0,0.0,0.0,0.0,0.0,0.0,0.0569877329072997,0.0,0.0,0.0,0.0,0.0,0.0,0.0,0.0,0.0,0.0,0.0,0.0625060055990387,0.0,0.0,0.0669026264470235,0.0,0.0584460477406427,0.0,0.0626743370938331,0.0531852758785274,0.0,0.0,0.0431643454590088,0.0,0.0,0.0,0.0,0.0,0.0,0.0,0.0,0.0,0.0,0.0537683600678502,0.0,0.0,0.0,0.0,0.0,0.2525600703177804,0.0,0.0,0.0,0.0,0.0,0.0,0.0,0.022919538837915,0.0,0.121736658369653,0.1063705517570549,0.0,0.0,0.0,0.1063705517570549,0.0,0.0,0.0646707862135988,0.1125972236763645,0.0584460477406427,0.0,0.0,0.0,0.0,0.0,0.0,0.0,0.0,0.0,0.0,0.0,0.0,0.0,0.0,0.0,0.0636462804427294,0.0,0.0,0.0,0.0,0.0,0.0,0.0,0.0,0.0,0.0,0.0,0.0,0.0,0.0,0.0,0.0,0.0,0.0,0.0,0.0,0.0,0.0,0.0,0.0,0.0,0.0,0.0,0.0,0.0531852758785274,0.0,0.0,0.0,0.0,0.2386703140282657,0.1052391996251777,0.0,0.0,0.0,0.0,0.0,0.0,0.0,0.0,0.0,0.0643550299645919,0.0,0.0,0.0,0.0870115469049254,0.0,0.0,0.0,0.0,0.1012724744754688,0.1568348182587891,0.0,0.0,0.0,0.0,0.0,0.0752574561103406,0.0,0.0,0.0,0.0,0.0,0.0,0.0,0.0,0.0,0.0510173437696651,0.0,0.0,0.0,0.0531852758785274,0.0,0.0,0.0,0.0,0.0,0.0,0.0569877329072997,0.0,0.0,0.0,0.0,0.0415438079472566,0.0,0.0,0.0,0.0,0.0,0.0,0.0,0.0,0.0600260242501697,0.0,0.0,0.0,0.0,0.0768045069105041,0.0,0.0,0.0,0.1315077323835245,0.0361704132218273,0.0,0.0,0.0,0.0,0.0,0.0,0.0,0.0,0.0,0.0,0.0,0.0,0.0,0.0592195731407245,0.0,0.0,0.0,0.0,0.0,0.0,0.0,0.0847645713279492,0.0,0.0,0.0,0.0,0.0,0.0,0.0,0.0646707862135988,0.0,0.0,0.0,0.0,0.0,0.0,0.0,0.0,0.0,0.0,0.0,0.0,0.0,0.0361704132218273,0.0,0.0,0.0,0.0,0.0,0.0,0.0,0.0660349232153536,0.0,0.0,0.0531852758785274,0.0,0.0,0.0,0.0456945972293409,0.0,0.0,0.0,0.0,0.0,0.1415099672045464,sport
Dokumen_92,0.0,0.0,0.040373012817016,0.0,0.0,0.0432828046025733,0.0,0.1156457245293623,0.0,0.0,0.0,0.059594922311343,0.0,0.0,0.0,0.0,0.0,0.0,0.0,0.0,0.0,0.0,0.0,0.2774206799746593,0.0,0.0708274071193438,0.0,0.0,0.0,0.0,0.0,0.0,0.0,0.0,0.0,0.0386592733843016,0.0,0.0,0.0,0.0,0.0,0.0,0.0,0.0515187619716513,0.0,0.0,0.0,0.0,0.0,0.0,0.0,0.0,0.0,0.0,0.0,0.0989105367018188,0.0,0.0,0.0,0.0,0.0572233166435743,0.0361138742169141,0.0,0.0,0.0,0.0,0.0,0.0,0.0,0.0,0.0,0.0,0.0,0.0,0.1958934512170554,0.0,0.0,0.0,0.0,0.0,0.0,0.0,0.0,0.0791711327880314,0.0,0.0,0.0,0.0,0.0,0.0,0.0397834582808359,0.0,0.0,0.0,0.1129878475952464,0.0,0.0,0.0,0.0,0.0557955107490728,0.0,0.0,0.0746859080893224,0.0579806593658256,0.1389559974893424,0.0,0.0,0.0,0.0,0.0,0.0,0.0,0.238379689245372,0.0,0.0,0.238379689245372,0.0,0.0494552683509094,0.0,0.2774206799746593,0.0845226359487737,0.0,0.0,0.0,0.0,0.0,0.0,0.0,0.0,0.0,0.0,0.0363532623178529,0.0,0.0,0.0343024540448964,0.0397840007931775,0.0,0.0,0.0480455534577569,0.0267801354428452,0.0,0.0,0.0970073174367519,0.0844886722509384,0.0,0.0,0.0,0.0469875474610064,0.0,0.0347389993723356,0.0419329497488581,0.0,0.0,0.0,0.0,0.0,0.0,0.0,0.0480455534577569,0.023614636180199,0.0,0.0,0.0,0.0,0.0467354337239932,0.0,0.0762429746244711,0.0,0.1064650028087314,0.0,0.0,0.0373429540446612,0.0505239974497717,0.0,0.0,0.0,0.0,0.1493718161786449,0.0,0.0,0.0,0.0,0.0,0.0587702389691912,0.0579806593658256,0.0,0.0,0.0,0.0,0.0,0.0,0.0,0.0,0.0,0.1774553122248987,0.0564956814063151,0.0,0.0,0.0455117603717072,0.0,0.0,0.0,0.0,0.0,0.0,0.0,0.0,0.0601530671487469,0.0,0.0,0.0,0.0,0.0,0.0,0.0,0.0,0.064378250559001,0.0,0.0,0.0,0.0,0.0,0.0,0.0,0.0,0.1869442708147774,0.0,0.0,0.0,0.0,0.0,0.0489733628042638,0.0,0.0,0.0,0.0,0.0,0.0,0.0,0.0475984879596853,0.0471619426322461,0.0,0.0,0.0,0.0485036587183759,0.0,0.0,0.0,0.0,0.0,0.0,0.0,0.0,0.0587702389691912,0.0,0.0,0.0887276561124493,0.0,0.0,0.0443638280562246,0.0,0.0,0.0,0.0,0.0,0.0,0.0,0.0,0.0,0.0,0.0,0.0,0.0,0.0,0.1105245283625202,0.0,0.0,0.0,0.0,0.0,0.0557955107490728,0.0,0.0515187619716513,0.0,0.0,0.0,0.0526434893805272,0.0,0.0,0.0,0.0,0.0,0.0,0.0,0.0,0.0,0.0409813401163247,0.1102416131234731,0.0,0.0,0.0673201394592172,0.0,0.059594922311343,0.1041452074185835,0.0989105367018188,0.0,0.1694870442189453,0.1562178111278752,0.0623147569382591,0.0,0.2532713174044965,0.0551208065617365,0.0,0.0520726037092917,0.0,0.0,0.0,0.0,0.0,0.0,0.0,0.0,0.0,0.0,0.0520726037092917,0.0,0.0,0.0,0.0,0.0,0.0,0.0,0.0,0.0,0.0,0.0,0.0,0.0,0.0429360221617231,0.0,0.0,0.0,0.0,0.0,0.0,0.0,0.0,0.0,0.0,0.0,0.0,0.0,0.0,0.0,0.0,0.0,0.0,0.0520726037092917,0.0,0.0,0.0,0.0,0.0934708674479865,0.0,0.0,0.0,0.0,0.0,0.0,0.0,0.0,0.0,0.0,0.0315043394688749,0.0,0.0,0.0,0.042595603061842,0.0,0.0520726037092917,0.0504583407637744,0.0,0.0330512617944918,0.0767768635595806,0.0727065246357058,0.0,0.0485036587183759,0.0,0.0,0.1105245283625202,0.0,0.0,0.0,0.0,0.0,0.0,0.0,0.0,0.0,0.0,0.0,0.0,0.0,0.0,0.0,0.0,0.0,0.0,0.0,0.0,0.0,0.0,0.0,0.0,0.1030375239433026,0.0,0.0,0.0,0.0690388854443006,0.0,0.059594922311343,0.0,0.0,0.0,0.0,0.0,0.0,0.0,0.0,0.0375988521764247,0.0,0.0,0.0,0.0,0.0,0.0447386351555961,0.0,0.0467354337239932,0.0,0.0,0.040076169357634,0.0,0.0,0.0,0.0,0.0,0.0520726037092917,0.0,0.0,0.0,0.0,0.0,0.0,0.0,0.0538408287036744,0.0,0.055327492536712,0.0,0.0,0.0386592733843016,0.1804846831139039,0.0,0.0322616821911262,0.0436361928189654,0.1266356587022482,0.0579806593658256,0.0504583407637744,0.0,0.0,0.0,0.0,0.0,0.0,0.0,0.0943238852644923,0.0,0.0,0.0,0.0,0.0587702389691912,0.0,0.0,0.0,0.0,0.0,0.0,0.0215511425594572,0.0,0.0,0.0,0.0999000524312795,0.0,0.0,0.0,0.0,0.0,0.0,0.1869417348959731,0.0,0.0989639159850392,sport
Dokumen_106,0.0,0.0637948977275587,0.0370706161684384,0.0,0.0,0.0397423953319446,0.0,0.026546558990899,0.0,0.0,0.0,0.0,0.0,0.0,0.0,0.0,0.0,0.0,0.0,0.0,0.0,0.0,0.0,0.0,0.0,0.0325169641838112,0.0,0.0,0.0,0.0,0.0,0.0,0.0,0.0,0.0,0.0,0.0,0.0,0.0,0.0,0.0388044633800657,0.0,0.0,0.0,0.204454311498073,0.2019883024736113,0.0,0.0,0.0,0.138992979649152,0.0,0.0,0.0,0.0,0.0,0.0,0.0,0.0,0.0,0.0,0.0,0.0,0.0,0.0,0.0,0.0,0.0,0.0,0.0,0.0,0.1951368811133713,0.0,0.0,0.0,0.0,0.0,0.0,0.0,0.0,0.0,0.0,0.0637301840738853,0.0,0.1090427418127414,0.0,0.0,0.0,0.080766120489291,0.0,0.0,0.0182646427511643,0.0518744967109612,0.0,0.0,0.0864548047826985,0.0,0.0,0.0,0.0425297888283315,0.0,0.0,0.0,0.0,0.0,0.0,0.1330556958089451,0.0,0.0,0.0,0.0,0.0,0.0,0.0,0.0,0.0,0.0,0.0,0.0,0.0,0.0,0.0,0.0,0.0,0.0,0.0,0.0,0.0,0.036798053652613,0.0,0.0483374029438368,0.0370706161684384,0.0333796697304615,0.0,0.0,0.031496611692004,0.0,0.0636821160160812,0.0,0.0,0.0245895971757176,0.0,0.0525426134728517,0.0,0.0775777411953628,0.0,0.0,0.0,0.0431441008506829,0.0,0.0,0.0385029547335435,0.1094404571987051,0.0,0.0,0.0,0.0,0.0,0.0,0.0,0.130098160039895,0.0539630019891916,0.0,0.0539630019891916,0.0,0.0429126092942325,0.0,0.0,0.0370706161684384,0.0,0.0,0.1021699141055821,0.0,0.0695869190606797,0.0,0.0,0.0,0.0,0.0,0.0776089267601315,0.0,0.0,0.0394239787000976,0.0385029547335435,0.0539630019891916,0.0,0.0,0.0,0.0,0.0,0.0,0.0,0.1336085956673529,0.0,0.0,0.0,0.0,0.0,0.0,0.0,0.046330993216384,0.0,0.0,0.0,0.0,0.0,0.0,0.0,0.0276163593949776,0.0,0.0,0.0,0.0,0.0,0.0449674821946748,0.0,0.0,0.0,0.0,0.0,0.0,0.0,0.0,0.0,0.0,0.0,0.0,0.0,0.0,0.0,0.0,0.0,0.0,0.0,0.0,0.07822280981236,0.0,0.0,0.0,0.0,0.0,0.0,0.0,0.0,0.0,0.0,0.0,0.0,0.0,0.0,0.0,0.0,0.0555126874740194,0.0512315980052176,0.0,0.0555126874740194,0.0,0.0407349941677317,0.0,0.0,0.0,0.0591122943161286,0.0,0.0,0.0,0.0,0.0,0.0,0.0,0.0,0.0,0.0,0.0,0.0,0.0,0.0,0.0388044633800657,0.0,0.0,0.0977564709471169,0.0,0.0,0.0,0.0,0.0,0.0,0.0,0.1933496117753473,0.0,0.0,0.0,0.0506120826851858,0.0,0.0,0.0,0.0,0.2860879427747498,0.0,0.0,0.0,0.1162772250430081,0.1030225752372952,0.0,0.0,0.0,0.0,0.0488782354735584,0.0,0.0,0.0,0.0,0.0,0.0,0.0,0.0,0.0,0.0,0.0,0.0,0.3407571858301217,0.0,0.0,0.0,0.0,0.0624197019903058,0.0,0.0572175885549499,0.0,0.0,0.0,0.0,0.0,0.0,0.0488782354735584,0.0,0.0,0.204454311498073,0.0,0.0,0.0,0.0,0.0,0.0,0.1804350667468705,0.0,0.0,0.0,0.0,0.0,0.0,0.0,0.0,0.0,0.0,0.0572175885549499,0.0,0.0473046750110086,0.0719526415540768,0.0,0.0,0.0,0.0,0.0,0.0,0.0,0.0437050681688994,0.0,0.0,0.0,0.2860879427747498,0.0,0.0,0.0,0.0,0.0289273748626117,0.0,0.2500715464373122,0.0,0.0,0.0,0.0478132140830661,0.0,0.0,0.0,0.0,0.066759339460923,0.0494368033446179,0.0,0.0801337548116824,0.0,0.0,0.0,0.0,0.0473046750110086,0.0,0.0,0.0,0.0,0.0,0.0,0.0,0.0,0.0,0.0,0.0478132140830661,0.0,0.0473046750110086,0.0,0.0,0.0,0.0,0.0,0.0,0.0,0.0,0.0946093500220173,0.0,0.0,0.0,0.0316958513178361,0.0,0.0,0.0,0.0,0.0,0.0539630019891916,0.0,0.0,0.0,0.0,0.0,0.0,0.0,0.0,0.0,0.0,0.0,0.0,0.0,0.0624197019903058,0.0,0.0,0.0,0.1273642320321625,0.0,0.0,0.0714988552752157,0.0,0.0,0.1064760154653408,0.0,0.0,0.0,0.0,0.0478132140830661,0.0,0.0,0.0254009311701175,0.0,0.0,0.0,0.0,0.0,0.0,0.0,0.0,0.0,0.0,0.0,0.0,0.0,0.0,0.0,0.0,0.0,0.0,0.0,0.0,0.0,0.0,0.0,0.0,0.2253752714436172,0.0,0.0,0.0,0.1094404571987051,0.0593649627364113,0.0,0.0,0.0,0.0,0.0410791431214147,0.0,0.0,0.0,0.0,0.0,0.0,0.0,0.0726951612084943,finance
Dokumen_77,0.0,0.0693960148670602,0.0,0.0,0.0,0.0288211539955888,0.0,0.0,0.0,0.0,0.0,0.0,0.0,0.3130714145243559,0.0,0.0,0.0,0.0,0.0,0.0,0.0,0.0,0.0,0.0,0.0,0.0,0.1930408077401815,0.0,0.0,0.0743062295674783,0.0,0.0,0.0,0.0,0.0322976163422803,0.0,0.0,0.0,0.0950846437082574,0.0,0.0281409664780348,0.0,0.0,0.1029159399036795,0.0,0.0585927035577568,0.0,0.0,0.0,0.0,0.0,0.0,0.0,0.093360572040872,0.0,0.0,0.0,0.0,0.0585927035577568,0.0,0.0,0.0,0.0,0.0,0.0,0.0,0.0,0.0,0.0,0.0297905624464834,0.0,0.1544326461921452,0.0362703379581733,0.0,0.0,0.0,0.0,0.0,0.0,0.0,0.0,0.046217079620369,0.0,0.052718474023132,0.0,0.0,0.0,0.0878572910668431,0.0,0.031992573210632,0.0397365138922011,0.0,0.0,0.0,0.1003151308415632,0.0,0.0,0.0,0.0,0.0743062295674783,0.0,0.0,0.0,0.0,0.0925280198227469,0.0,0.0,0.0,0.0,0.0,0.0,0.0743062295674783,0.0,0.0,0.0,0.0,0.0,0.1646563708293048,0.0,0.0,0.0281409664780348,0.0,0.0,0.0,0.0,0.0,0.0,0.0266859197137377,0.0277074616777742,0.0,0.0806507455107878,0.0968276414733607,0.0,0.0,0.0228413181523775,0.0264913705095862,0.0,0.0,0.031992573210632,0.0534970698900883,0.0,0.0381038621749743,0.0322976163422803,0.0,0.0,0.0,0.0,0.0312880681758822,0.0,0.0693960148670602,0.0,0.0,0.0358515311003312,0.0,0.0,0.0,0.0,0.0,0.0,0.141520625785181,0.0,0.0,0.0,0.0,0.0311201906802906,0.0,0.0,0.0,0.0,0.0,0.0246978472531924,0.0248659262969153,0.0336429194998614,0.0,0.0,0.0,0.0,0.0994637051876615,0.0281409664780348,0.0,0.0,0.0,0.0558446252870256,0.0,0.0,0.0,0.0,0.0,0.0,0.0,0.0,0.0,0.0678944246214577,0.2251277318242788,0.0,0.0376193444220646,0.0,0.0,0.0606107421331623,0.0,0.0,0.0300452852676372,0.0,0.0,0.0,0.0,0.0,0.040054724445882,0.0,0.0,0.0,0.0,0.0402577575164848,0.0,0.0,0.0,0.0,0.0,0.0,0.0,0.0,0.0,0.0391339268155444,0.0721425198579524,0.0,0.0,0.0,0.0,0.0482459432410888,0.0772163230960726,0.0,0.0326103828997165,0.0,0.0,0.0,0.0537671636738585,0.0,0.0,0.0,0.0316948812360858,0.0314041944327766,0.0,0.0,0.0277074616777742,0.0,0.0,0.0,0.0,0.0,0.0,0.0,0.0,0.0371531147837391,0.0391339268155444,0.0,0.0,0.0,0.0,0.0,0.0295409858945752,0.0,0.0,0.0,0.0,0.0,0.0305710505351454,0.0,0.0,0.0,0.0381038621749743,0.0386081615480363,0.0,0.0,0.0,0.0245320243722271,0.0,0.0,0.0,0.0,0.0,0.0,0.0,0.068610626602453,0.0,0.0,0.0237347400618812,0.0350542467899853,0.0,0.0,0.0314041944327766,0.0,0.2348035608932669,0.0,0.0,0.0843241526121745,0.0,0.0545773096398643,0.0,0.0,0.0,0.0298847563780291,0.0,0.0,0.1386964217533666,0.0,0.0,0.0,0.2427187380683915,0.08298830089252,0.0,0.3372966104486982,0.1101115282753018,0.0,0.1040223163150249,0.0,0.0,0.0,0.0,0.0,0.0,0.0,0.0,0.0,0.0,0.0,0.0,0.0,0.0,0.0,0.0,0.0,0.0,0.0354464581173283,0.0,0.0,0.0,0.1225814778680381,0.0,0.0,0.0,0.0,0.0,0.0,0.0,0.0,0.0,0.0,0.0,0.0,0.0,0.0,0.0,0.0,0.0,0.0,0.2058318798073591,0.0,0.0,0.0,0.0,0.0,0.0,0.0,0.0,0.0316948812360858,0.0,0.0,0.0,0.0,0.0,0.0,0.0,0.0,0.0,0.0,0.0,0.1233702783119325,0.0,0.1407048323901742,0.0,0.0,0.0,0.0,0.0766862670383919,0.0242069103683401,0.0,0.0,0.0290564681416655,0.0,0.0245320243722271,0.04149415044626,0.0,0.0,0.0,0.0671984000513764,0.0,0.0,0.0,0.0300452852676372,0.0,0.0772163230960726,0.0,0.0,0.0,0.0,0.0,0.0,0.0,0.0,0.0,0.0,0.0350542467899853,0.0,0.0292963517788784,0.0,0.0,0.0,0.0,0.0,0.0665214470671829,0.0,0.0,0.0408604926226793,0.0872342461407688,0.0,0.0,0.0,0.0,0.0,0.0250363237452891,0.0,0.0391339268155444,0.0,0.0,0.0,0.0297905624464834,0.0,0.0,0.0,0.0,0.0,0.0,0.0,0.0,0.0,0.0259254569482246,0.0693482108766833,0.0,0.0,0.0350542467899853,0.0,0.0,0.0,0.0,0.0717030622006625,0.0,0.0921036770394242,0.0,0.0,0.1287121851041372,0.0901358558029117,0.0396830669606897,0.1074120449361908,0.0,0.0421620763060872,0.0,0.0,0.0,0.0,0.0,0.0,0.0,0.0,0.0,0.0,0.0,0.0,0.0,0.0235812769809919,0.0,0.0,0.0,0.0,0.0,0.0,0.0,0.0287009496815313,0.0,0.0,0.0,0.0,0.0,0.0391339268155444,0.0,0.0,0.0,0.0367038427584339,0.1867211440817441,0.0,0.1581554220693962,sport
Dokumen_132,0.0,0.0,0.0503313415709309,0.0,0.0,0.0539588569342988,0.0,0.0,0.0,0.0,0.0,0.0,0.0,0.0,0.0,0.0,0.0,0.0,0.0,0.0,0.0,0.0,0.0,0.0,0.0,0.0882975574912905,0.0,0.0,0.0,0.0,0.0,0.0,0.0,0.0,0.0,0.0,0.0,0.0,0.0,0.0,0.0526854124027645,0.0,0.0,0.0,0.1850604935708301,0.1096970409009533,0.0,0.0,0.0,0.125808593755162,0.0,0.0,0.0,0.0,0.0753704233584878,0.0,0.0,0.0,0.0,0.0,0.0,0.0,0.0,0.0,0.0,0.0,0.0,0.0,0.0,0.0,0.0883134409543944,0.0,0.0,0.0,0.0,0.0,0.0,0.0,0.0,0.0,0.0,0.0288424813193147,0.0,0.0246748325730131,0.0,0.0,0.0,0.0548286974680289,0.0,0.0,0.0495963686604459,0.0,0.0,0.0,0.0469524033827188,0.0,0.0,0.0,0.1154866872852674,0.0,0.0,0.0,0.0,0.0,0.0,0.1806517497116637,0.0,0.0,0.0,0.0,0.0,0.0,0.0,0.0,0.0,0.0,0.0,0.0,0.0,0.0,0.0,0.0,0.0,0.0,0.0,0.0,0.0,0.0,0.0518738063337927,0.0656284299986712,0.0,0.0,0.0,0.0,0.0,0.0,0.0,0.0,0.0,0.0333856715226748,0.0,0.0713379085396221,0.0,0.0263321209220243,0.0,0.0,0.0,0.0,0.0,0.0,0.0,0.1485889796899726,0.0,0.0,0.0,0.0,0.0,0.0,0.0,0.0,0.0732663917149354,0.0,0.0732663917149354,0.0,0.0,0.0,0.0,0.0,0.0,0.0,0.0924784348832211,0.0,0.0,0.0,0.0,0.0,0.0,0.0,0.0,0.0,0.0,0.0,0.0,0.0,0.0,0.0,0.0,0.0,0.0,0.0,0.0,0.2418699070548956,0.0,0.0,0.0,0.0,0.0,0.0,0.0,0.0,0.0,0.0,0.0,0.0,0.0,0.1953824000407247,0.0,0.0,0.0,0.0,0.0,0.0,0.0,0.0,0.0,0.0,0.0,0.0,0.0,0.0,0.0,0.0,0.0,0.0450216521342953,0.0,0.0,0.0,0.0,0.0,0.0,0.0,0.0,0.0,0.0,0.0531021515991934,0.0,0.0,0.0,0.0,0.0,0.0,0.0,0.0,0.0,0.0,0.0,0.0,0.0,0.0,0.0,0.0,0.0753704233584878,0.0,0.0,0.0753704233584878,0.0,0.0553065235287765,0.0,0.0816598150095168,0.0,0.0,0.0,0.0,0.0,0.0,0.0,0.0,0.0,0.0,0.0,0.0,0.0,0.0,0.0,0.0,0.0526854124027645,0.0,0.0,0.0663627265817765,0.0,0.0,0.0,0.0,0.0,0.0,0.0,0.0,0.0,0.0,0.0,0.0687167974136101,0.0,0.0,0.0,0.0,0.0776851935867211,0.0,0.0,0.0,0.1578713637768532,0.1119002586895206,0.0,0.0,0.0,0.0,0.0,0.0,0.0,0.0,0.0,0.0,0.0,0.0,0.0,0.0,0.0,0.0,0.0,0.4626512339270753,0.0,0.0,0.0,0.0,0.0847481824244557,0.0,0.1553703871734422,0.0,0.0,0.0,0.0,0.0,0.0,0.0,0.0,0.0,0.1850604935708301,0.0,0.0,0.0,0.0,0.0,0.0,0.1633196300190336,0.0,0.0,0.0,0.0,0.0,0.0,0.0,0.0,0.0,0.0,0.0776851935867211,0.0,0.0642262795164445,0.0,0.0,0.0,0.0,0.0,0.0,0.0,0.0,0.0593390383476422,0.0,0.0,0.0,0.1553703871734422,0.0,0.0,0.0,0.0,0.0,0.0,0.2716207653785531,0.0,0.0,0.0,0.1298334615580368,0.0,0.0,0.0,0.0,0.0906401744764681,0.0671211027086016,0.0,0.0543994112002632,0.0,0.0,0.0,0.0,0.0,0.0,0.0,0.0,0.0,0.0,0.0,0.0,0.0,0.0,0.0,0.0649167307790184,0.0,0.0642262795164445,0.0,0.0,0.0,0.0,0.0,0.0,0.0,0.0,0.1284525590328891,0.0,0.0,0.0,0.0430339412706516,0.0,0.0,0.0,0.0,0.0,0.0,0.0,0.0,0.0,0.0,0.0,0.0,0.0,0.0,0.0,0.0,0.0,0.0,0.0,0.0847481824244557,0.0,0.0,0.0,0.1729243624439087,0.0,0.0,0.048537543730542,0.0,0.0,0.0,0.0,0.0,0.0,0.0,0.0,0.0,0.0,0.0344872320744256,0.0,0.0,0.0,0.0,0.0,0.0,0.0,0.0,0.0,0.0,0.0,0.0,0.0,0.0,0.0,0.0,0.0,0.0,0.0,0.0,0.0,0.0,0.0,0.0,0.3059954470982779,0.0,0.0,0.0,0.0742944898449863,0.0268669054330941,0.0,0.0,0.0,0.0,0.0,0.0,0.0,0.0,0.0,0.0,0.0,0.0,0.0493496651460263,finance
Dokumen_171,0.0,0.0361986623330438,0.0,0.0,0.0,0.0,0.0,0.1506311569178461,0.0,0.0,0.0,0.0,0.0,0.0,0.0,0.0,0.0,0.0,0.0,0.0574368721121623,0.0,0.1148737442243247,0.0,0.0,0.0,0.0,0.0,0.0,0.0,0.0,0.0,0.0,0.0,0.0,0.0,0.0,0.0,0.0,0.049598480795282,0.0,0.0440370536499242,0.0,0.0,0.0,0.0,0.0,0.0,0.0,0.0,0.0,0.0,0.0,0.0,0.0,0.0,0.0,0.0,0.0,0.0916901710565281,0.0,0.0,0.0752626133127565,0.0581399260139258,0.0,0.0,0.0,0.0,0.0,0.0,0.0,0.0,0.0,0.0,0.0,0.0,0.0,0.0,0.0,0.0,0.0,0.0,0.0482159231305154,0.0,0.0412488723639054,0.0,0.0,0.0,0.0229142582532803,0.0,0.0,0.0829101585404642,0.0,0.0,0.0,0.1766030549268566,0.0462279069813208,0.0,0.0,0.0,0.0,0.0,0.0,0.0389120299491857,0.0,0.0361986623330438,0.0,0.0,0.0,0.0,0.0,0.0,0.0,0.0,0.0,0.0,0.0,0.0,0.0,0.0,0.0,0.0,0.0,0.0,0.0,0.0,0.0,0.0,0.0417600894784016,0.0,0.0,0.0420694057035689,0.0,0.0,0.0,0.0,0.0,0.0,0.0,0.0,0.1953376805177938,0.0,0.0,0.0,0.0440193582578326,0.0,0.0,0.0695029306183017,0.0,0.0,0.0,0.0,0.0,0.1683093364681905,0.0,0.0,0.0,0.0,0.0,0.0,0.0738206272474366,0.0,0.0,0.0,0.0,0.0,0.0,0.119169826861618,0.0420694057035689,0.0,0.0,0.0,0.0,0.0789703714749035,0.0,0.0,0.0,0.0,0.0,0.0,0.0,0.0,0.0,0.0,0.0,0.0,0.0,0.0,0.0,0.0,0.0,0.0,0.0,0.0,0.0,0.0,0.0,0.0,0.0,0.047424073106429,0.0,0.0,0.0,0.0,0.0,0.0,0.0,0.0,0.0,0.0,0.0,0.0,0.0,0.0,0.0,0.0,0.0,0.0,0.0,0.0,0.0,0.0,0.0,0.0,0.0,0.0,0.0,0.0574368721121623,0.0,0.0,0.0,0.0,0.0,0.0,0.0,0.0887707694503073,0.0,0.0,0.0,0.0,0.0,0.0,0.0,0.0,0.0,0.0,0.0,0.0,0.0,0.0,0.0,0.0,0.0,0.0,0.0,0.0,0.0,0.0462279069813208,0.0,0.0,0.0,0.0,0.0,0.0,0.0,0.0,0.0,0.0,0.0,0.0,0.059627725443559,0.0604168901854483,0.0,0.0,0.0,0.0,0.0880741072998484,0.0,0.0,0.0,0.0,0.0,0.0,0.0,0.0,0.0,0.0,0.0,0.0,0.0,0.0,0.0,0.0,0.0,0.0,0.0,0.0,0.0427032936938253,0.0,0.0,0.0,0.0233829321562463,0.0,0.0,0.0,0.0,0.0,0.0,0.0,0.0,0.0,0.0,0.0,0.0,0.0,0.0,0.0,0.0,0.0,0.0,0.0,0.0,0.0,0.0,0.0,0.0,0.0,0.0,0.0,0.0,0.0,0.0,0.0,0.0,0.0,0.0,0.0,0.0,0.0,0.0,0.0,0.0,0.0,0.4095316890139723,0.0,0.0,0.0,0.0,0.0,0.0,0.0,0.0,0.3779897955451211,0.0620989812167767,0.0,0.0,0.0,0.0,0.0,0.0,0.0,0.0,0.0,0.0,0.0,0.0,0.0,0.0,0.0,0.0,0.0,0.0,0.0,0.5905336691814923,0.0328280885190826,0.0,0.0,0.0965294416783663,0.0887707694503073,0.0880741072998484,0.0,0.0,0.0,0.1033200282388622,0.0400014365583118,0.0,0.0,0.0,0.0,0.0,0.0383895156644405,0.0,0.0,0.0,0.0,0.0,0.0,0.0,0.0,0.0470170717232101,0.0520488259643578,0.0,0.0,0.0,0.0,0.0,0.0,0.0,0.0,0.0,0.0,0.0,0.0,0.0,0.045845085528264,0.0,0.0,0.0,0.0,0.0,0.0,0.0,0.0,0.0,0.0,0.0,0.0,0.0,0.0,0.0,0.0,0.0,0.0,0.0,0.0,0.0,0.0,0.0,0.0,0.0,0.0,0.0,0.0,0.0,0.0,0.0,0.0405700614234019,0.0,0.0,0.0,0.0,0.0,0.0,0.0,0.0,0.0,0.0,0.0288261213082803,0.0,0.0,0.0,0.0,0.0,0.0,0.0,0.0,0.1208337803708967,0.0,0.0,0.0,0.0,0.0,0.0,0.0,0.0,0.0,0.0,0.0,0.0,0.0369017162348072,0.0,0.0,0.0,0.0,0.0,0.0,0.0,0.0224566782721534,0.0,0.1148737442243247,0.0,0.0,0.0,0.0,0.0,0.0,0.0,0.0,0.0,0.0,0.1031221809097635,finance
Dokumen_50,0.0,0.0,0.0,0.0,0.0,0.0,0.0,0.0405111808348668,0.0,0.0,0.0,0.0,0.0,0.0823498417525932,0.0,0.0,0.0,0.0,0.0,0.0,0.0,0.0,0.0,0.0,0.0,0.0496222737079736,0.0,0.0,0.0626885238159691,0.1563632056388247,0.0,0.0,0.0,0.0,0.0,0.0,0.0,0.0,0.2000873921848919,0.0,0.0592172655495103,0.0,0.069990812127753,0.0,0.0,0.0,0.0,0.0,0.0,0.0,0.0,0.0,0.0,0.0,0.0,0.0,0.0801822683182758,0.0,0.0,0.0,0.0,0.1012067290859566,0.0,0.0857521339113675,0.0,0.0,0.0,0.0,0.0,0.0,0.0,0.0,0.076323968336912,0.2505162055323551,0.0,0.0,0.0,0.0,0.0,0.0,0.0,0.0648366520256385,0.0,0.0277339788421045,0.0,0.0,0.0,0.2465050866738714,0.0,0.0,0.0278726235528425,0.0,0.0,0.0,0.0791602308637226,0.0621633378398296,0.0,0.0,0.0,0.0,0.0,0.0,0.0523255717534907,0.0,0.0486768669165177,0.0,0.0,0.0,0.0,0.0,0.0,0.0,0.0,0.0,0.0,0.0,0.0,0.2078926473991909,0.0,0.0,0.0592172655495103,0.0,0.0,0.1222875263519417,0.0,0.0,0.0,0.1123107975239428,0.0,0.0,0.0565713407818466,0.1528163974610546,0.0,0.0,0.0,0.0557460072830514,0.0,0.0,0.0,0.0750495473393397,0.0,0.0,0.0,0.0887902054481883,0.0,0.0,0.0,0.0329198686752386,0.0,0.0,0.0,0.0,0.0,0.0,0.0812434696069512,0.0,0.0,0.0,0.0,0.0661784463222582,0.0,0.0,0.0,0.0707030709739587,0.0,0.0616485522725678,0.3204987935320578,0.0,0.0,0.0,0.0519718816493068,0.0523255717534907,0.0353975351102301,0.0,0.0781816028194123,0.054555150754816,0.0,0.0523255717534907,0.0,0.0,0.0,0.0,0.0,0.0,0.0,0.0,0.0,0.0,0.0,0.0,0.0,0.0,0.0,0.0,0.0,0.0,0.0,0.0745902712602928,0.0637718397989969,0.0,0.0,0.0,0.0754426696461172,0.0,0.0,0.0,0.142870792134245,0.0,0.0,0.0,0.0,0.0,0.0,0.0,0.0,0.0835054018441183,0.0,0.0,0.0,0.0707030709739587,0.0,0.0,0.0823498417525932,0.1012067290859566,0.0,0.0,0.0,0.0,0.0,0.0,0.0,0.0686222950214245,0.0,0.0,0.0,0.1131426815636933,0.0847147278734101,0.0,0.0,0.0,0.0660841027811086,0.0,0.0823498417525932,0.0,0.0679641378006636,0.0,0.0,0.0,0.0,0.0,0.0,0.0,0.0,0.0,0.0,0.0,0.0621633378398296,0.0,0.0,0.0,0.0,0.0,0.0,0.0,0.0,0.0,0.0,0.0,0.0,0.0,0.0,0.0,0.0,0.0,0.1548688176205112,0.0,0.0,0.0,0.0,0.0,0.0,0.0,0.0,0.0772361960279565,0.0,0.0499452073222174,0.0,0.0,0.0,0.0,0.0,0.0823498417525932,0.0,0.0,0.0,0.0,0.0,0.0,0.0,0.0,0.0314433684376386,0.0,0.0,0.0,0.1385950982661273,0.0,0.0,0.0,0.0,0.0,0.0,0.0,0.0801822683182758,0.0,0.0,0.0,0.0,0.0,0.0,0.0,0.0,0.0,0.0,0.0,0.0729650032111258,0.0,0.0,0.0,0.0,0.0,0.0,0.0,0.0745902712602928,0.1385950982661273,0.0,0.0,0.0,0.0499452073222174,0.0601626723409661,0.0,0.0,0.0,0.0,0.0,0.0,0.0,0.0,0.3304205139055431,0.0,0.0,0.0,0.0,0.0,0.0,0.0,0.0,0.0,0.0,0.0,0.0,0.0,0.0,0.0,0.0721889509055603,0.0666957973949639,0.0,0.0,0.0,0.0,0.0,0.0,0.0812434696069512,0.0,0.0441444073613834,0.0,0.0,0.0,0.0,0.0,0.0729650032111258,0.0,0.0,0.0926239615914016,0.0,0.0509387991536848,0.0,0.0,0.0,0.0,0.051622939206837,0.0,0.0,0.0,0.0,0.0,0.0,0.0,0.0,0.0632245391285051,0.069990812127753,0.1624869392139025,0.0,0.0,0.0,0.0,0.0,0.0,0.0,0.0,0.0,0.0,0.0,0.0,0.0,0.0,0.0,0.0,0.0,0.0,0.0,0.0,0.0,0.0,0.0,0.0,0.0,0.0,0.0,0.0,0.0526841404955125,0.0,0.0823498417525932,0.0,0.0,0.0,0.0,0.0,0.0654864713656721,0.0,0.0,0.0561553987619714,0.0,0.0,0.0,0.0,0.0,0.0,0.0,0.0,0.0,0.0,0.0,0.0,0.0729650032111258,0.0,0.0,0.0,0.0,0.0,0.0,0.0,0.0,0.0,0.0,0.0,0.0,0.0,0.0,0.0,0.0,0.0,0.0,0.0,0.0,0.0,0.0873164796115098,0.0,0.0,0.0496222737079736,0.0823498417525932,0.0,0.0,0.0,0.1508853392922345,0.069990812127753,0.0,0.0301978213886323,0.0,0.0,0.0,0.0,0.0,0.0823498417525932,0.0626885238159691,0.0,0.0,0.0,0.0,0.0,0.0832019365263137,sport
Dokumen_64,0.0,0.049299422200682,0.0,0.0,0.0,0.0,0.0,0.1230879019751719,0.0,0.0,0.0,0.0,0.0884332182025533,0.0,0.0,0.0,0.0,0.0,0.0,0.0782240123154841,0.0,0.0,0.0812077635483494,0.0,0.0619257644687855,0.0,0.0,0.0614242579431102,0.1904708457124788,0.0,0.0,0.0,0.0,0.0791815104355522,0.0,0.0,0.0,0.0,0.0,0.0,0.0,0.0,0.0,0.0,0.0,0.0,0.0,0.0,0.0,0.0,0.0,0.0,0.0,0.0,0.0,0.0,0.0,0.0,0.0,0.0,0.1624155270966988,0.0512505588672709,0.0,0.0,0.0,0.0,0.0,0.0,0.0,0.1269805638083192,0.0,0.0,0.0,0.0,0.0,0.0,0.0,0.0,0.0,0.0,0.0,0.0,0.0,0.0280886839858983,0.0,0.0,0.0,0.0312072220141881,0.0,0.0681832541977489,0.0846873057008097,0.0,0.0,0.0,0.1068968729245212,0.0,0.0,0.0,0.0,0.0,0.0,0.0,0.0,0.0,0.147898266602046,0.0,0.0,0.0,0.0,0.0,0.0,0.0,0.0,0.0884332182025533,0.0,0.0,0.0,0.0,0.0,0.0,0.0,0.0755442473573982,0.0,0.1857772934063567,0.0,0.0,0.0,0.0,0.0590507331283449,0.0,0.0572948628441107,0.0,0.0,0.0,0.0,0.0564589737002335,0.0,0.0,0.0681832541977489,0.0380046986856982,0.0,0.0,0.0,0.0299752641104499,0.0,0.0,0.0,0.0,0.0,0.0,0.0,0.0,0.0764075475360644,0.0,0.0,0.0,0.0,0.0,0.0,0.0,0.0,0.0,0.0,0.0,0.0,0.0,0.0,0.0,0.0,0.0,0.0,0.0,0.0358502536996795,0.0,0.0,0.1657586599541934,0.0,0.1589843770055009,0.0,0.0688333686242915,0.0,0.0,0.0,0.0,0.0,0.0,0.0,0.0,0.0,0.0,0.0,0.0,0.0,0.0,0.0,0.0,0.085798191227257,0.0,0.0645874530124733,0.0,0.0,0.0,0.0,0.0,0.0,0.0,0.0,0.0,0.0,0.0,0.0,0.0,0.0,0.0,0.080175148982073,0.0845733984607344,0.0,0.0,0.0,0.0,0.0,0.0,0.0,0.0512505588672709,0.0,0.0,0.0,0.0,0.0,0.0,0.0,0.0,0.0,0.0,0.0,0.0,0.0,0.0,0.0,0.0,0.0,0.0,0.0,0.0,0.0,0.0,0.0,0.0,0.0,0.1363665083954978,0.0,0.0,0.0,0.0,0.0,0.0,0.0,0.0,0.0,0.1888751371051857,0.0,0.0,0.0,0.080175148982073,0.0,0.0,0.0,0.0,0.0,0.0,0.0,0.0,0.0,0.1603502979641461,0.0,0.0,0.0,0.0,0.0,0.0,0.0,0.0,0.0,0.0,0.0,0.0,0.0,0.0,0.0,0.0669292888005003,0.0,0.0,0.0,0.0,0.0,0.0,0.0,0.0,0.0,0.0,0.0636910300195482,0.0,0.0,0.0,0.0,0.0,0.0,0.0,0.0,0.0,0.0,0.0,0.0,0.0,0.0,0.0,0.0,0.0,0.0,0.0,0.0,0.0,0.0,0.0,0.0,0.0,0.0,0.0,0.0,0.0,0.0,0.0,0.0,0.0,0.0,0.0,0.0,0.101167968222008,0.1218642518445295,0.0,0.0,0.0,0.0,0.0,0.0,0.0,0.0,0.1338585776010006,0.0,0.0,0.0,0.0,0.0,0.0,0.0,0.0,0.0,0.0,0.0,0.0,0.0,0.0,0.0,0.6580099367362711,0.0,0.0,0.0,0.0,0.0,0.0,0.0,0.0,0.0,0.0,0.0,0.0,0.0,0.0604490243582174,0.0,0.0,0.0,0.0,0.0,0.0,0.0,0.0,0.0,0.0,0.0,0.0,0.0,0.0,0.0,0.0675488067139695,0.0,0.0,0.0,0.0,0.0,0.0,0.0,0.0,0.0,0.0,0.0822825371252939,0.0,0.0764075475360644,0.0,0.0,0.0,0.0,0.0,0.0,0.0,0.0,0.0,0.0,0.0,0.0,0.0,0.0,0.0,0.0,0.0,0.0,0.0,0.0694999433805584,0.0,0.0,0.0,0.0,0.0,0.0,0.0,0.0,0.0,0.0,0.0,0.0,0.0,0.0,0.0,0.0,0.0,0.0,0.0,0.0,0.0,0.0,0.0,0.0,0.0,0.0,0.0,0.0,0.0,0.0,0.0,0.0,0.0,0.0,0.0,0.0,0.0619257644687855,0.0,0.0,0.0,0.0,0.0,0.0,0.0,0.0,0.0,0.0,0.0,0.0,0.0,0.0,0.0,0.0,0.0,0.0,0.0,0.0764075475360644,0.0,0.0,0.0611680759458983,0.0,0.0,0.1477963857184397,0.0,0.0,0.0,0.1269805638083192,0.0669292888005003,0.0822825371252939,0.0,0.0,0.0,0.0561773679717966,sport
Dokumen_137,0.0,0.0838283633117365,0.1623729164898064,0.0,0.0,0.0,0.0,0.0465106076093857,0.0,0.0,0.0,0.0,0.0,0.0,0.0,0.0,0.0,0.2037222372111446,0.0,0.0,0.0,0.0,0.0,0.0,0.0,0.0569709905649233,0.0,0.0,0.0,0.0,0.0,0.0,0.0,0.0,0.0,0.0,0.0,0.0418853087423389,0.0382864927398315,0.0,0.1359738691844589,0.0,0.0,0.0,0.358211934714177,0.1415565562566023,0.0,0.0,0.0,0.0405868543335334,0.0428182882672139,0.0,0.0,0.0,0.0486301977090842,0.0,0.0,0.0,0.0,0.0,0.0,0.0290486870966187,0.0,0.0246128585357503,0.0,0.0,0.0,0.0,0.0945452859560534,0.0,0.2849061941416103,0.0,0.0,0.0,0.0,0.0,0.0,0.0486301977090842,0.0,0.0,0.0,0.0,0.0,0.0318411900317142,0.0,0.0,0.0,0.0707526979202391,0.0,0.0,0.0480005506033521,0.0,0.0,0.0,0.0605888771131907,0.0,0.0,0.0,0.037256925098705,0.0,0.0,0.0,0.0600746284262529,0.0,0.0,0.0582796932371275,0.0,0.0,0.0,0.0,0.0,0.0,0.0,0.0,0.0,0.0,0.0,0.0,0.0,0.0,0.0,0.0,0.0,0.0,0.0,0.0,0.0,0.0,0.0,0.2540670504921156,0.0,0.0,0.0679869345922294,0.0,0.0,0.0,0.0,0.0,0.0,0.0215409670591346,0.0,0.0,0.0,0.0679596154288205,0.0,0.0,0.0,0.0944876860506581,0.0,0.0558855755411576,0.0,0.0,0.0,0.0,0.0,0.0,0.0,0.0,0.0,0.037989509138724,0.0,0.0,0.0,0.0,0.0,0.0707782781283011,0.0,0.0,0.0,0.0,0.0895028388816511,0.0,0.0,0.2004948973271376,0.0,0.0313171963583479,0.0,0.0,0.0,0.0,0.0,0.0345361748079975,0.0674586796739916,0.0,0.0,0.0,0.0,0.0,0.0803559691929394,0.0,0.0,0.0,0.0,0.1359738691844589,0.0,0.0,0.0,0.0,0.0,0.0,0.0,0.0,0.0,0.0,0.0,0.0,0.0,0.0725774095162346,0.0,0.0,0.0,0.0,0.0,0.0393923920658714,0.0,0.0,0.0,0.0,0.0,0.0,0.0,0.0,0.0,0.0580973741932374,0.0,0.0,0.0,0.0,0.0,0.0,0.0,0.0,0.0,0.0,0.0342623540637937,0.0,0.0,0.0,0.0,0.0,0.0,0.0,0.0,0.0334698061325271,0.0,0.0,0.0,0.0,0.0,0.0,0.0,0.0,0.0448798797772502,0.0,0.0,0.0,0.0713692998913913,0.0,0.0,0.0,0.0,0.0,0.0486301977090842,0.0,0.0492257170715007,0.0,0.0,0.0,0.0,0.0,0.0,0.0,0.0,0.0,0.0,0.0,0.0,0.0,0.0,0.0472726429780267,0.0,0.0359861311461295,0.0,0.0,0.0,0.0,0.0,0.0,0.0,0.0,0.0,0.0,0.0,0.0,0.0,0.0,0.0,0.0,0.0,0.0,0.0180499573350089,0.0,0.0,0.0,0.0,0.0,0.0,0.0,0.0,0.0,0.0,0.0,0.0,0.0,0.0,0.0,0.0,0.0,0.0,0.0,0.0,0.0,0.0,0.0,0.0,0.0,0.0460283549149483,0.0,0.0,0.0,0.0,0.0,0.0,0.0,0.0,0.0,0.0493582841497768,0.0,0.0,0.0,0.0,0.0,0.0,0.0,0.0,0.0,0.0,0.0,0.0,0.0,0.0,0.0,0.0,0.0,0.0,0.0,0.0,0.0,0.0,0.0,0.0,0.0,0.0,0.0,0.0382864927398315,0.0,0.0,0.0,0.0,0.0,0.0,0.0,0.0,0.0253409449764429,0.0,0.4819486221195783,0.0,0.0,0.0,0.0,0.0,0.0,0.0,0.0,0.0,0.0433076046242409,0.0,0.0350993666221546,0.0,0.0,0.0,0.0,0.0414398185896865,0.0,0.0,0.0,0.0,0.0,0.0,0.0,0.0,0.0348151139922665,0.0,0.0,0.0,0.0414398185896865,0.0,0.0659277993099764,0.0,0.0,0.0,0.0,0.0,0.0,0.1243194557690594,0.0,0.0,0.0,0.0,0.0,0.0,0.2961497048986609,0.0,0.0,0.0,0.0,0.0,0.0,0.0,0.0604862987285615,0.0,0.0,0.0,0.0,0.0,0.0,0.0,0.0,0.0,0.0,0.0,0.0443371722653674,0.0,0.0,0.0,0.0313171963583479,0.0,0.0,0.0466375338590693,0.0,0.0,0.0,0.0,0.0,0.0,0.0,0.1112585573681483,0.0,0.0,0.0310961136204338,0.0,0.0479359882678748,0.051900247841128,0.0,0.0,0.0,0.0,0.0,0.0932750677181387,0.0,0.0,0.0,0.0,0.0,0.0,0.0,0.0,0.0,0.0,0.0,0.0,0.0,0.0,0.0,0.0,0.0479359882678748,0.0520048660266216,0.0,0.0,0.0,0.0401779845964697,0.0359861311461295,0.0,0.0,0.0,0.0,0.0,0.0,0.0,0.1751265451744281,finance
Dokumen_88,0.0,0.0981704782491224,0.0,0.0,0.0,0.0,0.0,0.0,0.0,0.1882079910473013,0.0,0.0,0.0,0.0,0.0,0.0,0.0,0.0,0.0,0.0,0.0,0.0,0.0,0.0,0.0411044838693132,0.0,0.0,0.0815431974547451,0.0,0.0,0.0,0.0,0.0,0.0,0.0,0.0,0.0,0.0,0.089673784725428,0.0,0.1194281318386994,0.0,0.0470519977618253,0.0485297177326236,0.0,0.0414438332027646,0.0,0.0,0.0,0.0,0.0,0.0,0.0,0.0440239112885739,0.0,0.0,0.0,0.0,0.0414438332027646,0.0,0.0,0.0,0.0,0.0288238490896829,0.0,0.0,0.0,0.089673784725428,0.0,0.0,0.0,0.0,0.0,0.0561373109015805,0.0,0.0,0.0,0.0569502919757205,0.044836892362714,0.0,0.0,0.0,0.0,0.1118666068360516,0.0,0.0,0.0,0.1035721371300038,0.0,0.0,0.0749505588608263,0.0,0.0,0.0,0.1064324556950967,0.0417899027599289,0.0,0.0,0.0,0.0,0.0,0.0,0.0351763697288951,0.0546167051631255,0.0,0.0,0.0,0.0,0.0,0.0,0.0,0.0,0.0,0.0,0.0,0.0,0.0,0.0,0.0,0.0,0.2786656409569653,0.0,0.0,0.0,0.0,0.0,0.0,0.0,0.0,0.0,0.0,0.0342440984881624,0.0,0.0,0.0,0.0,0.0,0.0,0.0,0.0252263906224657,0.0,0.0,0.0,0.0397933806930218,0.0,0.0,0.0,0.0442613977503118,0.0,0.0327234927497074,0.0395000605047177,0.0,0.050717061503101,0.0,0.0,0.0,0.0,0.0,0.0452580197656075,0.1112227452994957,0.0,0.0,0.0,0.0,0.0,0.0828876664055293,0.0,0.0,0.0501440284760118,0.0,0.174692990744094,0.0703527394577902,0.0713890020196062,0.0,0.0,0.0,0.0,0.0,0.0,0.0,0.0,0.0,0.0,0.0,0.2184668206525021,0.0,0.0,0.0,0.0,0.0,0.0,0.0,0.0480231332325485,0.0,0.0417899027599289,0.0532178834823197,0.0,0.0,0.0,0.0,0.0,0.0425033055501189,0.0,0.0,0.0456895464199534,0.0,0.0,0.028331536490401,0.0,0.0,0.0,0.0,0.0,0.0,0.0,0.0,0.4851449387650415,0.0,0.0,0.0,0.0,0.0,0.0,0.0680371986789085,0.0,0.0,0.0,0.0,0.0,0.109233410326251,0.0,0.0461319989524608,0.0,0.0,0.0,0.0,0.0,0.0,0.0,0.089673784725428,0.0,0.0,0.0,0.0,0.0,0.0,0.0428712336986883,0.0,0.0,0.0,0.0,0.0569502919757205,0.0,0.0,0.0,0.0,0.0,0.0,0.0,0.0,0.0,0.0,0.0,0.0,0.0,0.0,0.0,0.0,0.0,0.0539033023729354,0.0,0.0,0.0,0.0,0.0347040182300699,0.0398093772795664,0.0,0.0,0.0,0.0553604744970985,0.0,0.0,0.0,0.0,0.0,0.0,0.0,0.0,0.0,0.0,0.0,0.0,0.0465859450345767,0.0,0.0,0.0,0.0,0.051922776892573,0.0,0.0,0.0,0.0,0.0,0.0,0.0931718900691535,0.0,0.0,0.1471542791151645,0.0586993446475833,0.0,0.1192884404925461,0.051922776892573,0.0,0.0,0.0,0.0,0.0,0.0,0.0,0.0,0.0,0.0,0.0,0.0,0.0,0.0,0.0,0.0,0.0,0.0,0.0,0.0,0.0,0.0465859450345767,0.0,0.0,0.0,0.0671522936138938,0.0404449361034075,0.0,0.0,0.0,0.0,0.0,0.0,0.0,0.0,0.0,0.0,0.0,0.0,0.0,0.0,0.0,0.0,0.0970594354652473,0.0,0.0490514263717215,0.0,0.0,0.0,0.0,0.0,0.145589153197871,0.0,0.0,0.0,0.0,0.0586993446475833,0.0553604744970985,0.0,0.0,0.0,0.0296765031469224,0.0,0.0,0.043631176973242,0.0,0.0398093772795664,0.0,0.0,0.0,0.1245347010843419,0.144644761416932,0.0342440984881624,0.0,0.0456895464199534,0.0411044838693132,0.0,0.0,0.0,0.0,0.0,0.134510677088142,0.0,0.0,0.0,0.0,0.1700132222004759,0.0,0.0,0.0407715987273725,0.0,0.0,0.0,0.0485297177326236,0.0,0.0,0.0,0.1275099166503569,0.0,0.0495891900799779,0.0,0.0,0.0,0.0,0.0,0.0,0.0650333489191852,0.0,0.0,0.0,0.0,0.0,0.0,0.0,0.0,0.0,0.0,0.14166968408104,0.0,0.0,0.0,0.0,0.0,0.0421429640921615,0.0,0.0440239112885739,0.0,0.0,0.1510040313314201,0.051922776892573,0.0,0.0,0.0,0.0,0.0,0.0,0.0,0.0,0.0,0.0,0.0,0.0,0.0,0.0,0.052117471245484,0.0,0.0,0.0728326362392342,0.0,0.0,0.0303899059371124,0.0,0.0,0.0546167051631255,0.0475308206332665,0.0,0.0,0.0,0.0,0.0,0.0,0.2005761139040474,0.0,0.0,0.0,0.0,0.0667181031470971,0.0,0.0,0.0,0.0,0.0,0.0,0.0,0.0609023290855567,0.0,0.0,0.0,0.0,0.0,0.0,0.0,0.0444256747653312,0.0,0.0,0.1320717338657219,0.0,0.0932221723633763,sport
Dokumen_105,0.0200989821525153,0.0345482630511351,0.0200756713228746,0.0,0.0,0.0322838685487168,0.0,0.0431290370761358,0.0,0.0,0.0,0.0,0.0,0.0,0.0,0.0,0.0,0.0314850897229865,0.0,0.0137045407113979,0.0,0.0,0.0,0.0,0.0433966059845756,0.0352192627392942,0.0,0.0,0.0,0.0,0.0,0.0274090814227959,0.0,0.0,0.0241186734019661,0.0096117531476036,0.0157425448614932,0.4142935705024995,0.0,0.1558644265408344,0.0,0.01441557836899,0.0,0.0256179477363247,0.0,0.0109387196401068,0.0,0.0121761179886471,0.0,0.0376359724228037,0.0,0.0,0.0,0.0,0.0150315072039011,0.0,0.0,0.0216509988626591,0.0,0.0,0.0,0.0,0.0138722906334377,0.0,0.0,0.4578204358223648,0.0,0.0,0.0,0.0,0.0,0.0,0.0,0.0444507849187758,0.0,0.0,0.0216509988626591,0.0,0.0118342864833424,0.0,0.0152565574215417,0.0862830430846003,0.0,0.0885784944131086,0.1084520752970703,0.0,0.0376504662504154,0.0,0.0640247783548843,0.0,0.034619396953806,0.0140463722167026,0.0,0.0325716651940912,0.046819784090302,0.0220601230509583,0.0,0.0,0.0690962937925843,0.0,0.0,0.0,0.0092844801430061,0.0,0.0,0.0,0.0,0.0,0.0,0.0,0.0,0.0,0.0,0.0,0.0,0.0,0.0,0.0,0.294843562496119,0.0,0.0,0.0,0.0,0.0,0.0,0.0,0.0,0.0099640322552869,0.0,0.0,0.0200756713228746,0.0,0.0,0.0,0.0170570572995016,0.0098913911559282,0.0,0.0,0.0,0.0998741163254293,0.0150315072039011,0.0142272822460378,0.0,0.0105030978385457,0.0,0.0,0.0,0.0467295598359488,0.1291764469947031,0.0172741315255675,0.0208513573305059,0.0444507849187758,0.0,0.1325783590743638,0.0,0.0,0.0,0.0,0.0,0.0058712446914926,0.0,0.0,0.0,0.0,0.0116197075856999,0.0,0.0284341344460062,0.0100378356614373,0.026470112763992,0.0,0.0,0.0,0.0125616481895534,0.0,0.0,0.0,0.0,0.0,0.0,0.0,0.0,0.0,0.0208513573305059,0.0,0.0288311567379801,0.0,0.0,0.0128089738681623,0.0,0.0146118894626438,0.0165835239140449,0.0482373468039322,0.0,0.0420292799633571,0.0110300615254791,0.0,0.0,0.0,0.0113154689085123,0.0125453241409345,0.0,0.0,0.0,0.0,0.0,0.0,0.0,0.0,0.0,0.0592677132250345,0.0,0.0,0.0,0.0121761179886471,0.0140463722167026,0.0,0.0,0.0,0.0,0.0,0.0309863072277343,0.0176127990895487,0.0,0.0179577945361768,0.0,0.0,0.0137045407113979,0.0253505310717882,0.0,0.0,0.0124189432359072,0.0,0.0,0.0,0.0529521620509803,0.0401513426457493,0.0,0.0,0.0,0.0,0.0117257493703094,0.0,0.0,0.0103454572610194,0.012059336700983,0.0,0.0113154689085123,0.0,0.0140463722167026,0.0,0.0,0.0,0.0,0.0,0.0300630144078023,0.0,0.0110300615254791,0.0,0.0,0.0,0.0,0.0,0.0,0.0,0.0,0.0114146687420851,0.0421391166501078,0.0,0.0,0.0,0.0,0.0,0.0,0.0,0.0,0.0105073199908392,0.0220601230509583,0.0280927444334052,0.026470112763992,0.0,0.0,0.0,0.0,0.0,0.0,0.0088621159804243,0.0,0.0,0.0,0.0,0.0,0.0,0.0737755973598509,0.0,0.0157425448614932,0.1859178433664062,0.0407563298917101,0.0,0.0,0.0472276345844798,0.0446336764385578,0.0,0.0148169283062586,0.0,0.0,0.0,0.0,0.0,0.0,0.0,0.0,0.0,0.0,0.0,0.0162858325970456,0.0,0.0344871858745226,0.0,0.0,0.0,0.0663340956561797,0.0157425448614932,0.0162858325970456,0.0845088071597834,0.0,0.0,0.0,0.2361381729223992,0.0,0.0309863072277343,0.0444507849187758,0.0,0.0,0.0,0.0,0.0,0.0,0.0,0.0,0.0,0.0,0.0162858325970456,0.0,0.0,0.0,0.0,0.0200989821525153,0.0,0.0360282980536346,0.0,0.0,0.0,0.0,0.0,0.0274090814227959,0.0768538432089743,0.0,0.0258933481564062,0.0296338566125172,0.0,0.0135426779815781,0.0,0.0,0.0,0.0118342864833424,0.0,0.248752858710674,0.0,0.0,0.0292237789252877,0.0,0.0,0.0,0.0078328408049204,0.0,0.0270853559631563,0.0115160489654307,0.010590432410196,0.0,0.0,0.0,0.0,0.0082174480215264,0.0,0.0180768314001046,0.0133863031934862,0.0,0.0216983029922878,0.0,0.0,0.0154931536138671,0.0,0.0,0.0236685729666849,0.0,0.0,0.0135426779815781,0.0,0.0112183576484314,0.0,0.01441557836899,0.0107612895162389,0.0140463722167026,0.0,0.0,0.0256179477363247,0.0,0.0101890824729275,0.0,0.0,0.0,0.0,0.0157425448614932,0.0,0.0512358954726495,0.0101128391754332,0.0355028594500274,0.0,0.0085824779720998,0.0,0.0,0.0,0.0,0.0,0.0,0.0,0.0,0.0146118894626438,0.0,0.0,0.0,0.0,0.3312119063992731,0.0,0.0528288941089413,0.0,0.0,0.0,0.05070528429587,0.0,0.0099640322552869,0.0,0.0,0.0,0.0,0.0387203577071667,0.0129466740782031,0.0845088071597834,0.0,0.0,0.0,0.0,0.0129466740782031,0.0,0.0133863031934862,0.0118342864833424,0.0343898212501523,0.0,0.016006194588721,0.0096117531476036,0.0112183576484314,0.0,0.0481268215672362,0.0,0.0157425448614932,0.0288311567379801,0.0,0.0,0.0,0.0,0.0,0.0,0.0,0.0,0.0,0.0,0.0146118894626438,0.0157425448614932,0.0088048156848235,0.0,0.0,0.0,0.1558644265408344,0.0,0.0,0.0,0.021432814866555,0.0150315072039011,0.0822272442683879,0.0129466740782031,0.0,0.0111232488257503,0.0,0.0,0.0351772481109284,0.0,0.0,0.0116197075856999,0.0128089738681623,0.0885784944131086,finance
Dokumen_119,0.0,0.0,0.0,0.0,0.0,0.0,0.0,0.0,0.0,0.0,0.0,0.0,0.0,0.0,0.0,0.0,0.0,0.0,0.0,0.0,0.0,0.1445188427213528,0.0,0.0,0.0,0.0,0.0,0.0,0.0,0.0,0.0,0.0,0.0,0.0,0.0,0.0,0.0,0.0,0.0,0.0,0.0,0.0,0.0,0.0,0.0,0.0,0.0,0.128401127598126,0.0,0.0,0.0,0.4009944028791327,0.0,0.0,0.0,0.0,0.0,0.0,0.0,0.0,0.0,0.0,0.0,0.0,0.3081742613026558,0.0,0.0,0.0,0.0,0.0,0.0,0.0,0.0,0.0,0.0,0.0,0.0,0.0,0.0,0.0,0.0,0.0606588516689811,0.0,0.2075753458841328,0.0,0.0,0.0,0.1153106693594151,0.0,0.0,0.0,0.0,0.0,0.0,0.0987459726770198,0.0,0.0,0.0,0.0,0.0,0.0,0.0,0.0,0.0,0.0,0.0,0.0,0.0,0.0,0.0,0.0,0.0,0.0,0.0,0.0,0.0,0.0,0.0,0.0,0.0,0.0,0.0,0.0,0.0,0.0,0.0,0.0,0.1050739634911421,0.0,0.0,0.0,0.0953130356218131,0.0,0.0,0.0899361107047386,0.1043079394532404,0.0,0.0,0.0,0.0,0.0,0.0,0.0,0.0,0.0,0.0,0.0,0.0,0.0,0.0,0.0,0.0,0.0,0.0,0.0,0.0,0.0,0.0,0.0,0.0,0.0,0.0,0.3081742613026558,0.0,0.0,0.0,0.099949067744691,0.0,0.0,0.0,0.0,0.0,0.0,0.0,0.0,0.0,0.0,0.0,0.0,0.0,0.0,0.0,0.0,0.0,0.0,0.0,0.0,0.0,0.0,0.0,0.0,0.0,0.1336648009597109,0.0,0.0,0.0,0.0,0.0,0.0,0.0,0.0,0.0,0.0,0.0,0.0,0.0,0.0,0.0788563538229442,0.0,0.0,0.0,0.0,0.0,0.0,0.0,0.0,0.0,0.0,0.0,0.0,0.0,0.0,0.0,0.0,0.0,0.0,0.0,0.0,0.0,0.0,0.0,0.0,0.0,0.0,0.0,0.1058522444325001,0.0,0.0,0.0,0.0,0.0,0.3434788117665602,0.0,0.0,0.0,0.0,0.1193253029010728,0.0,0.0,0.0,0.0,0.0,0.0,0.0,0.0,0.0,0.0,0.0,0.0,0.0,0.0,0.0,0.0,0.0,0.0,0.0,0.0,0.0,0.0,0.0,0.0,0.0,0.0,0.0,0.0,0.0,0.0,0.0,0.0,0.0,0.0,0.1172982795594254,0.0,0.0,0.0,0.0,0.0,0.0,0.0,0.0,0.0,0.0,0.0,0.0,0.0,0.0,0.107447191291513,0.0,0.0,0.0,0.0,0.0,0.0,0.1365268923836549,0.0,0.0,0.0,0.0,0.0,0.0,0.0,0.0,0.0,0.0,0.0,0.0,0.0,0.0,0.0,0.0,0.0,0.0,0.0,0.0,0.0,0.1633803479833529,0.0,0.0,0.0,0.0,0.0,0.1818393004282511,0.0,0.0,0.0,0.0,0.0,0.0,0.0,0.0,0.0,0.0,0.0,0.0,0.0,0.0,0.0,0.0,0.0,0.0,0.0,0.0,0.0,0.0,0.0,0.0,0.0,0.0,0.0,0.0,0.0,0.0,0.0,0.0,0.0,0.0,0.0,0.0,0.0,0.0,0.0,0.1520169662681747,0.0,0.0,0.0,0.0,0.0,0.0,0.0,0.0,0.0,0.0,0.0,0.0,0.0,0.0,0.0,0.0,0.0,0.0,0.0,0.0,0.0,0.0,0.0,0.0,0.0,0.0,0.0,0.0,0.0,0.0,0.0,0.0,0.0,0.0,0.0,0.0,0.0,0.0,0.0,0.0,0.0,0.1153523592313308,0.0,0.0,0.0,0.0,0.0,0.0,0.0,0.0,0.0,0.0,0.0,0.1782345759363726,0.0,0.0,0.0,0.0,0.0,0.0,0.0,0.0,0.0928496474228587,0.0,0.0,0.0,0.0,0.3081742613026558,0.0,0.0,0.0,0.0,0.0,0.0,0.0,0.0,0.0,0.0,0.0,0.0,0.0,0.0,0.0,0.0,0.0725303718399362,0.0,0.0,0.0,0.0,0.0,0.0,0.1144078339982115,0.0,0.0,0.0,0.0,0.0,0.0,0.0,0.0,0.0,0.0,0.0,0.0,0.0,0.0,0.0,0.0,0.0,0.0,0.0,0.0,0.0,0.0,0.0,0.0,0.1445188427213528,0.0,0.0,0.0,0.0,0.0,0.0,0.0,0.0,0.0,0.0,0.1037876729420664,finance
Dokumen_10,0.0,0.0471573283755692,0.0,0.0,0.0,0.05875533166003,0.0,0.0,0.0,0.0,0.0,0.0,0.0,0.0,0.0,0.0,0.0,0.0,0.0,0.0,0.0,0.0,0.0,0.0,0.0592350473820012,0.0480732225433191,0.0,0.0,0.3036579272901192,0.0,0.0,0.0,0.0859523798810693,0.0,0.0,0.0524790029270738,0.0859523798810693,0.0,0.0,0.0,0.0573686889464519,0.0,0.0,0.0,0.0,0.0,0.0,0.0,0.0,0.0,0.0,0.0692054078943405,0.0776792303306572,0.0,0.0,0.0,0.0,0.0,0.0,0.0797791389462954,0.0,0.0,0.0,0.1246128333824191,0.0,0.0,0.0,0.0,0.0,0.0,0.0,0.0,0.0,0.0,0.0,0.0,0.0,0.0,0.0,0.0,0.0,0.0628126558677101,0.0,0.2149456906766386,0.0,0.0,0.0,0.1492562336959811,0.0,0.0,0.0270025279939288,0.0,0.0,0.0,0.1789412278916823,0.0,0.0,0.0,0.0,0.0,0.1007553837747384,0.0,0.1520763964030798,0.0,0.0,0.0,0.0,0.0,0.0,0.0,0.0,0.0,0.0,0.0,0.0,0.0,0.2300744507339582,0.0671342978112076,0.0,0.0,0.0,0.0,0.0,0.0592350473820012,0.0,0.0,0.0,0.0,0.0,0.0,0.0548053616201521,0.0,0.0,0.0,0.0,0.0,0.0,0.0,0.0,0.0363533683709429,0.0,0.0,0.0,0.0860184547628237,0.0922815613384216,0.0,0.0,0.0,0.0,0.0,0.0,0.0,0.0,0.0,0.078707304255967,0.0,0.0,0.0,0.0,0.0320562817853085,0.0,0.0,0.0,0.1369918873701689,0.0,0.0,0.0,0.0,0.0,0.0,0.0,0.0,0.1371701420094831,0.0,0.0,0.105704221396819,0.0,0.0506921321343599,0.1147373778929038,0.0,0.0,0.0,0.056922937240325,0.0,0.0,0.0,0.0,0.0699354391230587,0.0,0.0,0.0,0.0,0.0,0.0,0.0,0.0,0.0,0.2890471912645481,0.0,0.0,0.0692054078943405,0.0,0.0730875870078708,0.1112623016237719,0.0,0.0,0.0,0.0408281469182169,0.0,0.0,0.0,0.0,0.0,0.0,0.0,0.0,0.0873918753190436,0.0,0.0,0.0,0.0,0.0,0.0,0.0,0.0,0.0,0.0,0.0,0.0,0.078707304255967,0.0,0.0,0.0,0.0,0.0,0.0,0.0,0.0,0.0,0.0,0.0,0.0,0.0,0.0,0.0658425113827686,0.0,0.0,0.0,0.0,0.1304412897510054,0.0,0.082070200767539,0.0,0.0,0.0,0.1514820386203734,0.0,0.0,0.0,0.0,0.0,0.0,0.0,0.0766914835779861,0.0,0.0,0.0,0.0,0.0,0.0,0.0,0.0,0.0,0.0,0.0,0.0,0.0,0.0,0.0,0.0,0.0,0.0,0.0,0.0,0.0,0.0,0.0,0.0,0.072261797816137,0.0,0.0,0.0,0.0,0.0,0.0,0.0,0.0,0.0,0.0,0.0,0.0609236109296333,0.0,0.0,0.0,0.0,0.0,0.0,0.0,0.0,0.0,0.0,0.0,0.0,0.0,0.0,0.0,0.0,0.0,0.0,0.0,0.0,0.0,0.0,0.0,0.0,0.0,0.0,0.0,0.0,0.0,0.0,0.0,0.0,0.0,0.0,0.0,0.0,0.0483860751867837,0.0582845831142018,0.0,0.0,0.0,0.0,0.0,0.2768446840152651,0.0,0.0,0.0,0.0,0.0,0.0,0.0,0.0,0.0,0.0,0.0,0.0,0.0,0.0,0.0,0.0,0.0,0.0634421898937047,0.0,0.0,0.0,0.0,0.0,0.0,0.0,0.0,0.078707304255967,0.0,0.0,0.0,0.0,0.0,0.0,0.0,0.0,0.0,0.0,0.0,0.1042226843588558,0.0,0.0,0.0,0.0592350473820012,0.0,0.0,0.0,0.0,0.0699354391230587,0.0,0.0,0.0,0.0,0.0,0.0,0.0,0.0,0.05875533166003,0.0,0.0,0.0,0.0,0.0,0.0,0.0,0.0612508680599821,0.0,0.0,0.0,0.059724078552176,0.0699354391230587,0.0552148716824774,0.0,0.2824437593219129,0.0468592856789776,0.0,0.0,0.0,0.0,0.0,0.0,0.0,0.0,0.0,0.0,0.0,0.0,0.0,0.0,0.0,0.0480732225433191,0.0607315854580238,0.0,0.0,0.0,0.0,0.0,0.0,0.0,0.0,0.0,0.0,0.0,0.0,0.0,0.0,0.0,0.0,0.0,0.0,0.0,0.0,0.0,0.0,0.0,0.0,0.0,0.0,0.0437944318639973,0.0592350473820012,0.0,0.0,0.0,0.078707304255967,0.0,0.0,0.0,0.0,0.0,0.0,0.0,0.0,0.0,0.0,0.0480732225433191,0.0,0.0,0.0,0.0,0.0,0.0678059193177287,0.0,0.0877654214203725,0.0,0.0,0.070687265518807,0.2034177579531862,0.0,0.0,0.1214631709160477,0.0640211651378104,0.0,0.0748251251424367,0.0,0.0699354391230587,0.1880774793420587,sport
Dokumen_68,0.0,0.092960842141749,0.0720248968801756,0.0,0.0,0.0386079626050502,0.0,0.0773663903435819,0.0,0.0,0.0,0.1063165177568188,0.0555843325705392,0.0524226470360819,0.0,0.0,0.0,0.0,0.0,0.0,0.0,0.0,0.0,0.0,0.0,0.0315887788532275,0.0,0.0,0.0,0.0,0.0,0.0,0.0,0.0,0.0,0.0,0.0,0.0,0.0,0.0,0.0,0.0,0.0,0.0,0.0,0.0,0.0,0.0,0.0,0.0,0.0,0.0,0.0,0.0,0.0,0.0441137576145219,0.0,0.0,0.0,0.0,0.0,0.0322133262410452,0.0,0.0,0.0,0.0,0.0,0.0,0.0,0.0798131067960208,0.0,0.0517183474861715,0.0971733367634075,0.0,0.087367802394125,0.1111686651410785,0.0,0.0,0.0,0.0,0.0547355033542995,0.0206370094453416,0.0,0.0176550258361611,0.0,0.0,0.0,0.0588455099439954,0.0,0.0428563016714896,0.0177432849339292,0.0,0.0,0.0,0.117581775810885,0.0,0.0,0.0,0.0,0.0497692100202261,0.0,0.0,0.0666193139079843,0.0,0.1859216842834981,0.0,0.0,0.0,0.0,0.0,0.0,0.0,0.1594747766352283,0.0555843325705392,0.0646288338344267,0.2657912943920472,0.0503937574080438,0.0,0.0,0.0,0.2261808215493861,0.0474830233961051,0.1694371986936225,0.0389231824520265,0.0,0.0,0.0,0.0,0.0,0.0,0.0,0.0324268587728208,0.0,0.0,0.0,0.0354870537851183,0.0,0.0,0.0857126033429792,0.1194384787710911,0.0,0.0,0.0,0.0188408279498403,0.0,0.0,0.0,0.0209562838168035,0.0,0.030986947380583,0.0374039014035406,0.0,0.0,0.0,0.0,0.0,0.0679496411872248,0.1667529977116178,0.2999941117004274,0.0210640922867273,0.0,0.0,0.0,0.0,0.0,0.0,0.0,0.0,0.0474830233961051,0.0,0.0,0.0333096569539921,0.0450670565853874,0.0,0.0,0.0,0.0,0.1332386278159686,0.0,0.0,0.0,0.0,0.0,0.0,0.0,0.0,0.0,0.0,0.0,0.0,0.0,0.0,0.0,0.0,0.0,0.0,0.1078561945852352,0.0,0.0,0.0,0.0,0.0402477725301542,0.0,0.0,0.0,0.0,0.0,0.0,0.0,0.0,0.0,0.0,0.0,0.0,0.0,0.0,0.0,0.0,0.0,0.0,0.0,0.0,0.0524226470360819,0.0,0.0,0.0,0.0,0.0,0.0,0.0,0.0,0.0,0.0,0.0,0.0,0.0360124484400878,0.0,0.0,0.0,0.0,0.0,0.0,0.1048452940721638,0.0,0.0432649283982822,0.0,0.0,0.0,0.0503937574080438,0.0428563016714896,0.0,0.0,0.0,0.0,0.0,0.0497692100202261,0.0,0.0,0.0,0.0,0.0,0.0,0.0,0.0,0.081882741113189,0.0,0.0,0.0,0.0,0.0,0.0,0.0,0.046448402667428,0.0,0.0985871155333427,0.0,0.0,0.0,0.0,0.0,0.0995384200404523,0.0,0.0,0.0,0.0,0.0,0.0,0.0,0.0,0.0420681269212168,0.0,0.0524226470360819,0.0,0.0,0.0,0.0,0.0,0.1475021356427449,0.0,0.0,0.0600490991901596,0.0,0.0,0.0,0.0,0.0,0.0503937574080438,0.046448402667428,0.0,0.0,0.0,0.2458368927379082,0.0,0.046448402667428,0.0,0.0,0.0,0.0,0.0,0.0,0.0,0.0,0.0,0.0,0.0,0.0,0.0,0.0,0.0,0.0,0.0,0.0,0.0,0.0,0.0,0.0,0.0,0.0,0.0,0.0,0.0,0.0,0.0,0.0,0.0,0.0,0.0,0.0,0.0,0.0,0.0,0.0,0.0,0.0,0.0,0.0,0.0,0.0,0.0,0.0,0.0,0.0,0.2084384196119607,0.1838175186588293,0.0,0.0646288338344267,0.0,0.0,0.0,0.0,0.1752846110914587,0.0,0.0,0.0281016530994116,0.1617842918778528,0.0,0.0,0.0379949835795388,0.0,0.0,0.0,0.0,0.0294814971240473,0.0,0.0,0.0,0.0,0.0,0.0,0.0,0.0,0.0584282036971529,0.0,0.0,0.0,0.0,0.0,0.0,0.0804955450603085,0.0,0.0,0.0386079626050502,0.0,0.0,0.0,0.0,0.0960512942866364,0.0,0.0,0.0,0.0,0.0,0.0,0.0,0.0,0.0362815363462565,0.0,0.0,0.0307911043658367,0.0,0.1063165177568188,0.0,0.0,0.0584282036971529,0.0,0.0,0.0436839011970625,0.0,0.0,0.0670758326383458,0.0,0.0524226470360819,0.0,0.0,0.0315887788532275,0.0,0.0,0.0833753678447842,0.0,0.0,0.0357476661256189,0.1475021356427449,0.0,0.0,0.0,0.0,0.0,0.0,0.0,0.0469576287411356,0.0,0.0,0.0,0.0,0.0,0.0,0.0493517410089819,0.0,0.0,0.0,0.0402477725301542,0.0,0.0,0.1167695473560797,0.0564790662312075,0.0517183474861715,0.0,0.0,0.0,0.0631889224421888,0.0,0.0,0.0,0.1424490701883153,0.0420681269212168,0.0555843325705392,0.0,0.0,0.0,0.0,0.0,0.0,0.0,0.0,0.0,0.0,0.0192234702365419,0.0,0.0,0.0,0.0,0.0,0.0524226470360819,0.1995327669900519,0.0,0.0,0.0491673785475816,0.0833753678447842,0.0,0.0529650775084833,sport
Dokumen_87,0.0,0.0,0.0,0.0,0.0,0.0516130791663502,0.1441876217778154,0.0689515384942158,0.0,0.0,0.0,0.1421293038383639,0.1486159001302344,0.0700812487636684,0.0,0.0,0.0,0.0,0.0,0.0,0.0,0.0,0.0,0.0,0.0,0.0422294789393184,0.0691397054660277,0.0,0.0,0.0,0.0,0.0,0.0,0.0,0.0,0.0,0.0,0.0,0.0,0.0,0.0503949956643208,0.0,0.0,0.0,0.0,0.0,0.0,0.0,0.0,0.0,0.0,0.0,0.0,0.0,0.0,0.0,0.0,0.0,0.0,0.0,0.0682366034087897,0.0,0.0,0.0,0.0,0.0,0.0,0.0,0.0,0.1066982021744017,0.0,0.1382794109320554,0.0649531182794415,0.0,0.0583988508754949,0.1486159001302344,0.0,0.0,0.0,0.0,0.0731731921918602,0.0,0.0,0.0236021324276393,0.0,0.0,0.0451446012185688,0.104890209459068,0.0,0.0572924739275996,0.0474402433163468,0.0,0.0,0.0,0.157189271175201,0.0,0.0,0.0,0.0,0.0,0.0,0.0,0.0890600718280575,0.0,0.1656996806216711,0.0,0.0,0.0,0.0,0.0,0.0,0.0,0.1421293038383639,0.1486159001302344,0.0863990972859269,0.1421293038383639,0.0,0.0,0.0,0.0,0.2015799826572834,0.0,0.0755040753238696,0.0,0.0,0.0,0.0,0.0,0.0,0.0,0.0,0.0,0.0,0.0,0.0,0.0474408902414408,0.0,0.0,0.0572924739275996,0.1596714056989476,0.0,0.0,0.0,0.1007494909257392,0.0,0.0,0.0,0.0,0.0,0.0,0.0,0.0,0.0,0.0,0.0,0.0,0.1816770413812291,0.1486159001302344,0.0,0.028159545062861,0.0,0.0,0.0,0.0,0.0,0.0,0.0,0.0,0.0,0.0,0.0,0.0,0.0,0.0,0.0,0.0,0.0,0.1335901077420863,0.0,0.0,0.0,0.0,0.0,0.0,0.0,0.0,0.0,0.0,0.0595634844160678,0.0,0.0,0.0,0.0,0.0,0.0,0.0,0.2162814326667231,0.0,0.0,0.0,0.0607928522479952,0.0538052600992827,0.0,0.0,0.0,0.0,0.0,0.0,0.0,0.0,0.0,0.0,0.0,0.0,0.0673689263843979,0.0,0.0,0.0,0.0,0.0,0.0,0.0,0.0700812487636684,0.0,0.0,0.0,0.0,0.0,0.0,0.0,0.0,0.0,0.0,0.0,0.0,0.0,0.0,0.0,0.0,0.0,0.0,0.0,0.0,0.0,0.0,0.0,0.0,0.0,0.0,0.0,0.0,0.0,0.0,0.0,0.0,0.0,0.0,0.0,0.0,0.0,0.0,0.0,0.0,0.0,0.0364883313723472,0.0,0.0,0.0,0.0743079500651172,0.0,0.0,0.0,0.0,0.0,0.1317962475994249,0.0,0.0,0.0,0.0,0.0,0.133067999629933,0.0533491010872008,0.0,0.0,0.0720938108889077,0.0,0.0,0.0,0.0,0.0562388020154375,0.0,0.0700812487636684,0.1179470093967444,0.0,0.0,0.0,0.0,0.1314588820621316,0.0,0.0,0.0267588920457936,0.0,0.0710646519191819,0.0,0.0589735046983722,0.0,0.0,0.0,0.0,0.0,0.0,0.0,0.0,0.1241891528205577,0.0,0.0,0.0,0.0,0.0,0.0,0.0,0.0,0.0,0.0,0.0,0.0,0.0,0.0,0.0,0.0,0.0,0.0,0.0,0.0,0.0,0.0,0.0,0.0,0.0,0.0,0.0,0.0,0.0,0.0,0.0,0.0,0.0,0.0,0.0,0.0,0.0,0.0,0.0,0.0,0.0,0.0,0.0,0.0,0.0,0.0,0.0,0.0,0.167190619657311,0.3686048486844733,0.0,0.0863990972859269,0.0,0.0,0.0,0.0,0.0781097809749308,0.0,0.0,0.0,0.0720938108889077,0.0,0.1104660823481081,0.0,0.0,0.0,0.0,0.0,0.0,0.0,0.0,0.0,0.0,0.0,0.0,0.0,0.0,0.0,0.0,0.0,0.0,0.0620945764102788,0.0,0.0,0.1076105201985655,0.0,0.0,0.0,0.0,0.0,0.0691397054660277,0.0,0.0,0.0488686713162122,0.0,0.0,0.0,0.0,0.0,0.0,0.0,0.048502994754538,0.0,0.0,0.0411631072975967,0.0,0.1421293038383639,0.0,0.0731731921918602,0.0,0.0,0.0,0.0,0.0,0.0,0.0,0.1486159001302344,0.0700812487636684,0.0,0.0,0.0422294789393184,0.0,0.0,0.0,0.0,0.0,0.0,0.0,0.0,0.0,0.0,0.0,0.0,0.0,0.0,0.0,0.0,0.0,0.0,0.0,0.0,0.0,0.0,0.0,0.0,0.0,0.0,0.0,0.0,0.0,0.0,0.0,0.0,0.0,0.0,0.0,0.0,0.0,0.0,0.1904331293524609,0.0562388020154375,0.0,0.0,0.0,0.0,0.0,0.0,0.0,0.0,0.0,0.0595634844160678,0.0,0.0,0.0,0.0,0.0,0.0,0.0,0.0700812487636684,0.1066982021744017,0.0,0.0,0.1314588820621316,0.0,0.0,0.0472042648552786,sport
Dokumen_57,0.0,0.0656840905266383,0.0,0.0,0.0339338680877268,0.0,0.0762088196037723,0.01822179773034,0.0,0.0,0.0,0.0375604588766931,0.0,0.0,0.0,0.0,0.0,0.0,0.0,0.0,0.0,0.0,0.0360657241962688,0.0,0.0825067990196998,0.0,0.0,0.054559077830477,0.0563941893298284,0.0351658313445901,0.0477213886730393,0.0,0.0,0.0,0.0,0.0,0.0,0.0,0.0,0.0,0.0,0.0,0.0,0.0,0.0,0.0277293188381266,0.0,0.0,0.0,0.0,0.0,0.0,0.0721314483925376,0.0,0.0,0.0311698128143477,0.0,0.0,0.0554586376762533,0.0,0.0,0.0,0.0,0.0192855158363234,0.0,0.0,0.0,0.0,0.0,0.0,0.0,0.0365430490936161,0.0,0.0,0.0925982571159158,0.0,0.0,0.0,0.0299995533220494,0.0,0.0,0.0145816578827887,0.0,0.037423961161118,0.0,0.6081369018659329,0.0,0.0138596485473378,0.0,0.0302813220467032,0.0376110469845907,0.0,0.0,0.0,0.1780300753223552,0.0,0.0,0.0,0.0,0.0,0.0,0.0,0.0,0.0730860981872322,0.0218946968422127,0.0,0.0,0.0,0.0,0.0381044098018861,0.0,0.0,0.0375604588766931,0.0,0.0,0.0375604588766931,0.0,0.0311698128143477,0.0,0.0,0.0266357339566441,0.0,0.1197206053770644,0.0,0.0,0.0,0.0,0.0,0.0,0.0,0.0,0.0458242132505795,0.0532714679132882,0.0,0.0,0.0,0.0,0.0,0.0302813220467032,0.0506355644240082,0.0,0.0,0.0611400974446428,0.0266250309300575,0.0,0.0,0.0,0.014807250145453,0.0,0.0437893936844255,0.0264287756999163,0.0,0.0,0.0,0.0,0.0,0.0480117249388581,0.0,0.1211252881868131,0.0297668504877172,0.0,0.0,0.0,0.0,0.0,0.0,0.120132764753774,0.0,0.0,0.0,0.0467535675614653,0.0235358724423032,0.0159216964709181,0.0,0.0,0.0,0.0,0.0235358724423032,0.1065429358265765,0.0,0.0,0.0270609748647534,0.0,0.0,0.0,0.0,0.034330273380111,0.0,0.0,0.0,0.0,0.0,0.0321314094305915,0.0,0.0,0.0,0.0,0.0,0.0,0.0636040239583695,0.0321314094305915,0.0,0.0,0.0258290116078901,0.0305700487223214,0.0,0.0,0.0379122367698334,0.0,0.0,0.3571832445876224,0.1259265610422774,0.0,0.0,0.0,0.0,0.0,0.0,0.0,0.0,0.0,0.0,0.0,0.0455224584509371,0.0,0.1178240078825532,0.0,0.0,0.0,0.0,0.0,0.0,0.0,0.0,0.0,0.0,0.0381044098018861,0.0,0.0,0.0,0.0,0.0,0.0370406916959028,0.0,0.0,0.0,0.0,0.0,0.0,0.0,0.0,0.0,0.0,0.0,0.0381044098018861,0.0,0.0,0.1178240078825532,0.0,0.0279608677164321,0.0,0.0,0.0,0.0,0.0771420633452938,0.0289358352160661,0.0,0.0,0.0392746692941844,0.0360657241962688,0.0,0.0,0.0328194217622617,0.0,0.1393189836120046,0.0266357339566441,0.0,0.0,0.0,0.0,0.0351658313445901,0.0,0.0,0.0,0.0,0.0,0.0,0.0,0.0,0.0297244150689374,0.0,0.0,0.0,0.0,0.0,0.0,0.0,0.208443542618885,0.0,0.0,0.0282862502560322,0.0,0.0,0.0,0.218188689700434,0.0,0.0,0.0656388435245235,0.0,0.0,0.0,0.0694811808729616,0.0,0.0,0.0,0.0,0.0,0.0,0.0,0.0,0.0,0.0,0.0,0.0,0.0328194217622617,0.0,0.0,0.0,0.0,0.0,0.0,0.0,0.0335504620587721,0.0623396256286954,0.0,0.0,0.0,0.0,0.0270609748647534,0.0,0.0,0.0,0.0,0.0,0.0,0.0,0.0,0.0297244150689374,0.0,0.0,0.0356071228197366,0.0,0.0,0.0,0.0,0.0,0.0,0.0328194217622617,0.0,0.0,0.0,0.0,0.0294556023968564,0.0,0.0,0.0,0.0,0.0,0.0,0.0,0.0,0.0,0.0,0.0397120224731908,0.0,0.0,0.0,0.0,0.0,0.0,0.0,0.0,0.0,0.0,0.0458242132505795,0.0,0.0611400974446428,0.0275022663398999,0.0,0.0,0.0,0.0,0.0,0.0299995533220494,0.0636040239583695,0.0328194217622617,0.0,0.0,0.0,0.0,0.0,0.0,0.0,0.0,0.0,0.0,0.0,0.0,0.0762088196037723,0.0284381926137794,0.0,0.0331792297282107,0.0,0.0277293188381266,0.032470355952558,0.0256357371868382,0.0,0.0,0.0652689554004959,0.0314816402605693,0.0375604588766931,0.0,0.0,0.0412840862080474,0.0,0.0,0.0,0.0,0.0,0.023697155499348,0.0785493385883688,0.0,0.0,0.0,0.0,0.0,0.0,0.0589112047937128,0.0,0.0,0.0252585162076181,0.1737029521824041,0.0,0.0,0.0,0.0,0.0,0.0,0.0365430490936161,0.0,0.0,0.0,0.0,0.0,0.0,0.0,0.0523062853573057,0.0,0.0,0.0,0.0284381926137794,0.0375604588766931,0.0203333361339427,0.0,0.0,0.0365430490936161,0.0636040239583695,0.0,0.0,0.0,0.0,0.0,0.0,0.0,0.1486220753446873,0.0,0.0,0.0,0.022319937750322,0.0,0.0,0.0,0.0,0.0,0.0,0.0,0.0271657642112966,0.0,0.0,0.0328194217622617,0.0,0.0,0.0,0.0,0.0,0.0,0.0347405904364808,0.0,0.0,0.0873225760426087,sport
Dokumen_143,0.0210859755719227,0.0181224060308304,0.0,0.4044984423575528,0.0,0.0112897402535085,0.0,0.0075411598402271,0.0,0.0,0.0,0.0,0.0,0.0,0.0,0.0,0.0,0.0,0.0,0.0143775246165286,0.0,0.0,0.0,0.0,0.0682915010385688,0.0831347151477585,0.0,0.0,0.0,0.0,0.0,0.0,0.0,0.0,0.0,0.0,0.0,0.0,0.0,0.0,0.0,0.0,0.0,0.0,0.0,0.0,0.0,0.0127740461940422,0.0,0.0263227656376115,0.0,0.0,0.0,0.0121903123474484,0.0,0.0,0.0,0.0,0.0,0.0,0.0,0.0,0.029107024346173,0.0,0.0,0.0,0.0,0.0,0.0,0.0,0.0,0.0,0.0,0.0,0.0,0.0,0.0,0.0,0.0,0.0,0.0,0.0120693484207132,0.0,0.0980909689554613,0.0162539702834238,0.0,0.0098748385067898,0.0057358679188289,0.0,0.0,0.0518849130158063,0.0,0.0,0.0,0.0147356838687563,0.0,0.0,0.0,0.012081563400948,0.0,0.0,0.0,0.0,0.0,0.0,0.1133925798170556,0.0,0.0,0.2657174070633607,0.0157696539708093,0.0180903677951556,0.0,0.0,0.0,0.0,0.0,0.0,0.0,0.0,0.0,0.0,0.0,0.0,0.0,0.0,0.0,0.0,0.0,0.0,0.0,0.0,0.0,0.0440931965553261,0.0,0.0089473360097781,0.0,0.0,0.0,0.0,0.0209557196590855,0.0157696539708093,0.014925936229923,0.0,0.0,0.0,0.0,0.0,0.0183841092619248,0.0193599811254777,0.0,0.0,0.0155445378251455,0.0,0.0,0.0,0.0,0.0,0.0,0.0,0.0061595617729379,0.0,0.0,0.0,0.0,0.0,0.0,0.0,0.0,0.0,0.051256725196915,0.0,0.0,0.0,0.0,0.0,0.0,0.0,0.0,0.0110232991388315,0.0,0.0,0.0111992866953894,0.0546882434115521,0.0,0.0,0.0,0.0,0.0134379794974676,0.0,0.0,0.0,0.0379545905102508,0.0,0.0,0.0,0.0,0.0,0.0,0.0,0.0131613828188057,0.0664885259933546,0.0117692534645249,0.0140436595243643,0.0,0.0,0.2043980054333544,0.0,0.0,0.0,0.0,0.0,0.0,0.0,0.0,0.0147361423174585,0.0,0.0,0.0,0.0,0.0,0.0,0.0,0.0,0.0,0.0330312165930056,0.0,0.0,0.0,0.0,0.0,0.0,0.0,0.0,0.0,0.0111104929295907,0.0,0.0,0.0,0.0,0.0,0.0,0.0,0.0,0.0108534878747044,0.0,0.0,0.0,0.0,0.0,0.0,0.0126515301700836,0.0,0.0,0.0,0.0315393079416187,0.0,0.0,0.0,0.0,0.0,0.0,0.0,0.0,0.0,0.0079813835975575,0.0,0.0,0.0,0.0,0.0,0.0,0.0,0.0,0.0,0.0,0.0110232991388315,0.0,0.0736807115872927,0.1110798839249132,0.0,0.0,0.0,0.0,0.0,0.0,0.0,0.0,0.0,0.0,0.0,0.0,0.0,0.0,0.0,0.0,0.1300317622673904,0.0106894340466673,0.0,0.0,0.0165156082965028,0.0,0.0,0.0,0.0,0.0,0.1110798839249132,0.0147361423174585,0.0,0.0,0.0177317500942256,0.0,0.0,0.0,0.0,0.0,0.0,0.0723614711806225,0.0,0.0387199622509555,0.0,0.0173978850020614,0.0,0.0,0.0177317500942256,0.0,0.0,0.0,0.0,0.0,0.0,0.0,0.0,0.0,0.0,0.0,0.0,0.0,0.0,0.0,0.0,0.0,0.0,0.1025134503938301,0.0,0.0,0.1440518008300262,0.0,0.0,0.0,0.0,0.0,0.0,0.0,0.0,0.0,0.0268759589949352,0.1839582048900189,0.0,0.0,0.0,0.0,0.0,0.0,0.0,0.0,0.0,0.0,0.0167922049751646,0.0,0.0,0.0,0.0,0.0,0.0,0.0,0.0852462801144094,0.0,0.0,0.0,0.0135824417017292,0.0,0.5289092628815794,0.0,0.0,0.0094822618983386,0.0702182976218219,0.0,0.0,0.0823880975276477,0.0192192292576192,0.0,0.0,0.0134379794974676,0.0,0.0,0.0,0.0,0.0,0.0,0.0260575915451185,0.0,0.0,0.0,0.0271648834034584,0.0,0.0,0.0,0.0106894340466673,0.0,0.0,0.0,0.0,0.0165156082965028,0.0,0.0,0.0318283400917317,0.0124154284931123,0.0,0.0,0.0,0.0,0.0,0.0,0.0,0.0,0.0,0.0,0.0,0.0,0.0,0.0,0.0,0.0,0.0,0.0,0.0,0.0,0.0,0.0,0.0,0.0,0.0,0.4341688270837351,0.0,0.0,0.0203108921276207,0.0,0.0,0.0,0.0137313495879412,0.0,0.015329430213479,0.0271648834034584,0.0135824417017292,0.0842619571461863,0.0,0.028862871773345,0.0,0.1679220497516469,0.020167508039541,0.0,0.0,0.0,0.0113819168397614,0.0,0.0,0.0,0.0756173947111103,0.0453704368266661,0.0,0.0,0.0,0.0,0.0,0.0,0.0,0.015329430213479,0.0,0.0,0.0,0.0,0.048017266943342,0.0,0.0,0.0,0.0,0.005621327081197,0.0,0.0,0.0,0.0130287957725592,0.0,0.0,0.0,0.0,0.0,0.0,0.0,0.0,0.046464143189429,finance
Dokumen_166,0.0,0.0,0.0,0.0,0.0,0.0,0.0,0.0230402251706841,0.0,0.0,0.0,0.0,0.0,0.0,0.0,0.0,0.4619255087231662,0.0,0.0,0.0,0.0,0.0,0.0,0.0,0.0,0.0282220447824868,0.0,0.0,0.0,0.0,0.0,0.0,0.0,0.0,0.0,0.0,0.0,0.0,0.0,0.0,0.101037227560543,0.1386186081088553,0.0398063951252331,0.0410565589405891,0.0,0.0,0.0,0.0,0.0,0.0,0.0,0.0,0.0,0.0372446079034074,0.0,0.0,0.0,0.0,0.0,0.0,0.0,0.0,0.0,0.0731556733277482,0.0,0.0,0.0,0.0379323968901868,0.0,0.0,0.0,0.0,0.0,0.0,0.0,0.0,0.0,0.0,0.0,0.1083503130810054,0.0,0.018437515658619,0.0,0.0315467041064926,0.0,0.0,0.060340453601558,0.0,0.0,0.0,0.0475566134721867,0.1350683625602335,0.0,0.0,0.0750356447313494,0.0,0.0,0.0,0.1107370538760606,0.0,0.0,0.0,0.0,0.0,0.0,0.0,0.0,0.0,0.0,0.0,0.0,0.0,0.0,0.0,0.0,0.0,0.0,0.0,0.0,0.0,0.0,0.0,0.0,0.0,0.0,0.0,0.0,0.0,0.0,0.0,0.0,0.0,0.0,0.0,0.0273364629195883,0.031704841322785,0.0,0.0,0.0,0.0213417436127666,0.0,0.0,0.0,0.0336655426036006,0.0,0.0,0.0,0.0187227617471482,0.0,0.083053069640078,0.0334173911994255,0.0,0.0429070705988418,0.0,0.0,0.0,0.0,0.0,0.0,0.0752763199338065,0.0,0.0,0.0,0.0,0.0,0.0350618396337674,0.0303799437494044,0.0321742393818212,0.0424222797253154,0.0,0.0,0.0,0.0603957102177306,0.0,0.0,0.0,0.0,0.0,0.0336790758535143,0.0,0.0513045992840833,0.0684335281786169,0.0,0.0936708759235649,0.0,0.0,0.0,0.0,0.0,0.0,0.053155110942336,0.0773074991243387,0.0,0.0336790758535143,0.0,0.0,0.0,0.0,0.0725388654804694,0.0,0.0,0.0,0.0,0.0,0.0,0.0,0.0,0.0479374474916285,0.0,0.0,0.0,0.0,0.0,0.0390280682132561,0.0,0.0,0.0,0.0,0.0,0.0,0.0,0.0,0.0,0.0575600557395239,0.2018380949584973,0.0,0.0,0.0,0.0,0.0,0.0,0.0,0.0,0.0,0.0339454757992974,0.0321742393818212,0.0,0.0,0.0,0.0,0.0375845032630825,0.0,0.0,0.0331602578142606,0.0,0.0,0.0,0.0,0.0,0.0,0.0,0.0,0.0,0.0,0.0,0.0,0.0,0.0,0.0,0.0,0.0,0.0468354379617824,0.0,0.0,0.0731556733277482,0.0,0.0450227875200778,0.0522009220097734,0.0,0.0,0.0,0.0,0.0,0.0,0.0,0.0,0.0353546174580594,0.0,0.0,0.0,0.0,0.0,0.0,0.0,0.0,0.0284057092186751,0.0419528816662792,0.0474926482469015,0.0,0.0,0.0,0.0,0.0,0.0,0.0,0.0,0.0,0.0,0.0,0.0,0.0,0.0,0.0,0.0,0.0,0.0,0.0,0.0,0.0,0.0,0.0,0.0,0.0,0.0,0.0,0.0,0.0,0.0489017899056635,0.0,0.0,0.053155110942336,0.0,0.0,0.0,0.0,0.0,0.0,0.0,0.0,0.0,0.0,0.0,0.0,0.0,0.0,0.0,0.0,0.0,0.0,0.0,0.0,0.0,0.0,0.0,0.0,0.0,0.0,0.0,0.0,0.0,0.0,0.048180437233681,0.0474926482469015,0.0,0.175708464788034,0.0,0.0,0.0,0.0,0.5080881874180139,0.0434082981577548,0.0,0.0,0.0,0.0,0.0,0.0,0.0,0.0,0.0,0.0,0.0,0.0,0.0,0.0,0.0,0.0,0.0,0.0,0.0,0.0,0.0,0.0,0.0917780349343998,0.0,0.0,0.0,0.0,0.0,0.0880796944537133,0.0,0.0,0.0,0.0,0.0,0.0,0.0,0.0848445594506309,0.0,0.0,0.0,0.0,0.0,0.0,0.0,0.0,0.0,0.0,0.0,0.0,0.0,0.0,0.0,0.0,0.0,0.0,0.0,0.0,0.027509386492985,0.0,0.0,0.0,0.0,0.0,0.0,0.0,0.0,0.0,0.0,0.0299634430526359,0.0,0.0,0.0,0.0,0.1128881791299472,0.0,0.0,0.0,0.0,0.0,0.0638753551667304,0.0,0.0,0.0,0.1044018440195469,0.0,0.0,0.0,0.0,0.0,0.0,0.0468354379617824,0.0,0.0,0.0,0.0,0.0440918292954801,0.0,0.0,0.0924255557912848,0.0,0.0,0.0,0.0,0.0,0.0,0.0,0.0,0.0,0.0,0.4158558243265661,0.0,0.0,0.0,0.0,0.0993203016994827,0.0468354379617824,0.0,0.0282220447824868,0.0,0.0,0.0,0.0,0.0,0.0,0.0,0.051523894647329,0.0,0.0,0.0,0.0,0.0356533103842435,0.0,0.0,0.0,0.0,0.0,0.0,0.0,0.047320056159739,finance
Dokumen_177,0.0,0.0,0.0,0.0,0.2129747542433778,0.0,0.0,0.0,0.0744921289476177,0.0,0.0,0.0,0.0,0.0,0.0,0.0,0.0,0.0834874417176241,0.0,0.0,0.0,0.0,0.0,0.0,0.0,0.1400837430266788,0.0,0.0,0.0,0.0,0.0998358630824561,0.0,0.0,0.0735689220477926,0.0,0.0,0.0,0.0,0.0,0.0,0.0,0.0,0.0,0.0,0.0,0.0,0.0,0.0,0.0,0.0,0.0,0.0,0.0,0.0616227978622343,0.1594331910952174,0.0,0.0,0.0,0.0,0.0,0.0,0.0476177879087179,0.0,0.0403463975388775,0.0,0.0,0.0,0.0,0.0,0.0,0.0,0.0,0.0,0.0,0.0,0.0,0.0,0.0,0.0,0.0,0.0,0.0610113175823722,0.0,0.1565861164721457,0.0,0.0,0.049917931541228,0.0869855224178367,0.0,0.0,0.0524563016228516,0.0,0.0,0.0,0.1241496857675162,0.0,0.0,0.0834874417176241,0.0,0.0,0.0,0.0,0.0,0.0,0.0,0.0,0.0,0.0,0.0,0.0,0.0,0.0,0.0,0.0,0.0,0.0,0.0,0.0,0.0,0.0,0.0,0.0,0.0,0.0,0.0,0.0,0.0,0.0528422545087089,0.0,0.0,0.0,0.0479334320223875,0.0,0.0,0.0,0.0,0.0,0.0,0.0,0.2471757977051447,0.0,0.0,0.0639542830485557,0.1671032434142761,0.0,0.0,0.0,0.0619552213066385,0.0,0.0,0.0,0.0,0.0,0.0,0.0,0.0,0.0,0.0,0.0,0.0311369732977472,0.0,0.0,0.0774912366856759,0.0,0.0,0.0,0.0,0.0532336561292063,0.0,0.0,0.0,0.0,0.0,0.0,0.0,0.0,0.0,0.0,0.0,0.0,0.0,0.0,0.0552905040188921,0.0,0.0,0.0,0.0,0.0,0.0,0.0774912366856759,0.0,0.0,0.0,0.0557234724793035,0.0,0.0,0.0,0.0,0.0,0.0,0.0,0.1189886372986377,0.0,0.0,0.0,0.0,0.0,0.0793145586193121,0.0,0.0,0.0,0.0,0.0797165955476087,0.0,0.0744921289476177,0.0,0.0,0.0,0.0,0.0,0.0,0.0,0.0,0.0,0.1669748834352482,0.0,0.0726792938483718,0.0,0.0,0.0,0.0,0.0,0.0,0.0,0.1123284851832795,0.0,0.0,0.0,0.0,0.0,0.0621851692824918,0.0,0.0,0.0548650658277117,0.0,0.0,0.0,0.0,0.0,0.0,0.0,0.0,0.0,0.0,0.0797165955476087,0.0,0.0,0.0,0.0,0.0,0.0,0.0,0.0,0.0,0.0403463975388775,0.0,0.0,0.0,0.0,0.0,0.0764501400183872,0.0,0.0,0.0,0.0,0.0557234724793035,0.0,0.0,0.0,0.0,0.0,0.058989928008525,0.0679298340064783,0.0,0.0,0.0,0.0,0.0,0.3509473874913735,0.0,0.0,0.0,0.0,0.0,0.0,0.0,0.0540357633787243,0.0,0.0,0.0,0.0591764465830132,0.0,0.0,0.0686600995614712,0.0,0.1403789549965494,0.0,0.0,0.0,0.0,0.0,0.0,0.0,0.0,0.0,0.0,0.0,0.0,0.0,0.0,0.0,0.0,0.0,0.0,0.0,0.0,0.0754515491470294,0.0,0.0,0.0,0.0,0.0,0.0701894774982747,0.0,0.0,0.0,0.0,0.0,0.0,0.0,0.0,0.0,0.0,0.0,0.0,0.0,0.0,0.0,0.0,0.0,0.0,0.4782995732856521,0.1571572384626053,0.0,0.0,0.0,0.0,0.0,0.0,0.0,0.0,0.0,0.0,0.0,0.0,0.0,0.0,0.0,0.0,0.0,0.0,0.0,0.186811922774911,0.0,0.0,0.0,0.0,0.0,0.0,0.0,0.0,0.0,0.0,0.1012337912935523,0.0,0.0,0.0,0.0,0.0,0.0,0.0,0.0,0.0,0.0,0.0,0.0,0.0,0.0,0.0,0.0,0.0,0.0,0.0,0.0,0.0,0.0679298340064783,0.0,0.0,0.0,0.0,0.0735689220477926,0.0,0.0,0.0,0.0,0.0,0.0,0.0,0.0455154573668154,0.1317227689327913,0.0,0.0,0.0,0.0,0.0,0.0,0.0,0.0774912366856759,0.0,0.1487273969384624,0.0,0.0,0.0,0.0,0.0466945810088929,0.0,0.0,0.0,0.0,0.0,0.0,0.0,0.0,0.0,0.0,0.0513364204422536,0.0,0.0,0.0,0.0,0.0,0.0,0.0,0.0,0.0,0.0,0.0729518187195881,0.0,0.0,0.0,0.0,0.0,0.0,0.0,0.0,0.0,0.0,0.0,0.0,0.0,0.0,0.0,0.0,0.0,0.0,0.0,0.0,0.0,0.0466945810088929,0.0,0.0,0.0,0.0,0.0,0.0,0.0785786192313026,0.1420808148999622,0.0,0.0,0.0,0.0,0.0,0.0,0.0,0.0,0.0,0.0,0.0,0.0,0.1304884303934547,finance
Dokumen_179,0.0,0.0349590674741336,0.0,0.0,0.0,0.0,0.0,0.1163783286785337,0.0,0.0,0.0,0.0,0.0,0.0,0.0,0.0,0.0,0.1911568244850806,0.0,0.0,0.0,0.0554699913825082,0.0,0.0,0.0,0.0356380458453113,0.0,0.0,0.0,0.0,0.0,0.0,0.0,0.0,0.0,0.0,0.0,0.1048049569370518,0.0958000392823347,0.0,0.085058078430949,0.0,0.0502664546578127,0.0518451281986277,0.0,0.0,0.0,0.0,0.0,0.0,0.0,0.0,0.0,0.0,0.0,0.0,0.0,0.0,0.0,0.0,0.0,0.0,0.0,0.0307930113969719,0.0,0.0,0.0,0.0958000392823347,0.0,0.0,0.0,0.0,0.0,0.0,0.0,0.0,0.0,0.0,0.0958000392823347,0.0,0.0,0.1396944197445094,0.0,0.0398363370152866,0.0,0.0,0.0761963163318926,0.0663887322431446,0.0,0.0,0.0,0.113707151844641,0.0697945280893542,0.0,0.1137036143587052,0.1339346054679538,0.0,0.0,0.0,0.0,0.0,0.0,0.0,0.0,0.0,0.0,0.0,0.0,0.0,0.0,0.0,0.1122979395073719,0.0,0.0,0.0,0.0,0.0,0.0,0.0,0.0,0.0,0.0,0.0,0.0,0.0,0.0,0.0697945280893542,0.0,0.0837477792509426,0.0,0.0,0.0,0.0,0.0,0.0,0.0400360284766075,0.0,0.0,0.0,0.0808493548025231,0.0,0.0575858206563516,0.0,0.042511949788235,0.0,0.0,0.0,0.0945704177905306,0.0,0.1048772024224008,0.0421985908099352,0.0599724502098668,0.0,0.0,0.0,0.1295721607313229,0.0,0.0,0.0,0.0237642325489121,0.0,0.0,0.0,0.0,0.0470314980428331,0.0,0.0,0.0406287718329646,0.0,0.0,0.0,0.0375795179400129,0.0508440619425583,0.0627095147183099,0.0,0.0,0.0,0.0,0.0,0.0,0.0647860803656614,0.0,0.0,0.0,0.058347961069334,0.0,0.0,0.0,0.0,0.0591425425808625,0.0,0.1952436982659184,0.0513039353053466,0.085058078430949,0.0,0.0,0.0,0.0,0.0458000728417107,0.0,0.0,0.0,0.0,0.0,0.0,0.0,0.0,0.0302670654196184,0.0,0.0599724502098668,0.0,0.0,0.0,0.0,0.0,0.0,0.0,0.0,0.0,0.0,0.0,0.0,0.0,0.0,0.0,0.0,0.0554699913825082,0.0,0.0,0.0,0.0,0.0,0.0,0.0,0.0,0.0,0.0,0.0,0.0,0.0479000196411673,0.047460708842549,0.0,0.0,0.0837477792509426,0.0,0.0,0.0,0.0,0.0568535759223205,0.0,0.0,0.0,0.0,0.0,0.0,0.0,0.0446448684893179,0.0,0.0,0.0,0.0,0.0,0.0,0.0,0.0307930113969719,0.0,0.0,0.0659179328106749,0.0,0.0,0.1166959221386681,0.0,0.0,0.0,0.037074896747977,0.0,0.0446448684893179,0.0,0.0,0.0,0.0,0.0,0.0518451281986277,0.0,0.0,0.0358699723994458,0.1059539612872824,0.0,0.0,0.0,0.0,0.0,0.0,0.0,0.0,0.0627095147183099,0.0,0.0,0.0,0.0637189414950268,0.0,0.0,0.0,0.0,0.0,0.0,0.0,0.0,0.0,0.0,0.0,0.0,0.0,0.0,0.0,0.0,0.0,0.0,0.0,0.0,0.0,0.0,0.0,0.068410943549542,0.0,0.0,0.0,0.0,0.0,0.0,0.0,0.0,0.0,0.0,0.0,0.0,0.0,0.0,0.0,0.0,0.0,0.0,0.0,0.0,0.0,0.0,0.0,0.0,0.0,0.0,0.0,0.0,0.0,0.0,0.0,0.0,0.0,0.0,0.0599724502098668,0.3564445661818389,0.054814841792505,0.0,0.0,0.0,0.0,0.0,0.0,0.4535025625596303,0.0,0.0,0.0,0.0,0.0,0.0634078326445684,0.0,0.0,0.1864477330033259,0.0,0.0,0.0,0.0,0.0,0.0,0.0772632373449758,0.0,0.0,0.0,0.0,0.0,0.0,0.0,0.0,0.0,0.0,0.0,0.0,0.0,0.0,0.3178490623161023,0.0,0.0,0.0,0.0,0.0,0.0,0.0518451281986277,0.0541819049921724,0.0,0.0,0.0,0.0,0.0,0.0,0.0442751564572868,0.0,0.0,0.0,0.0,0.0,0.0502664546578127,0.0,0.0,0.0617518767335133,0.0,0.0,0.068410943549542,0.0,0.0,0.0712889132363678,0.0378370371609594,0.0,0.0,0.0,0.0,0.0,0.0,0.1318358656213499,0.0,0.0,0.0,0.0806600957996528,0.0,0.0,0.0,0.0,0.0,0.0,0.0,0.0,0.0,0.0,0.0,0.0,0.0,0.0,0.0,0.0,0.0,0.0,0.0,0.0,0.0,0.0649321134705332,0.0,0.0,0.0,0.0,0.0,0.0,0.0,0.0,0.0,0.0,0.0,0.0,0.0,0.0,0.0,0.0356380458453113,0.0,0.0,0.0,0.0,0.0,0.0,0.0,0.173501335212485,0.0,0.0,0.0,0.0,0.0,0.0,0.0,0.0,0.0,0.0,0.0470314980428331,0.0518451281986277,0.0995908425382165,finance
Dokumen_56,0.0,0.0,0.0,0.0,0.0,0.0,0.0,0.0324963771910219,0.0,0.1122874122124757,0.0,0.0,0.0,0.0,0.0,0.0,0.0,0.0,0.0,0.0,0.0,0.0619556504451233,0.0,0.0,0.0490469729614684,0.0398049153408674,0.0651701179340234,0.0,0.1005722308503426,0.0,0.0851053375384771,0.0,0.0,0.0,0.0,0.0,0.0,0.0,0.0,0.0,0.0,0.0,0.0,0.0,0.0,0.0,0.0,0.0,0.0660576034582043,0.0,0.0,0.0,0.0,0.0,0.0,0.0,0.0643188665846004,0.0,0.0,0.0,0.0,0.0811838108608328,0.0,0.1031801701810843,0.0,0.0,0.0,0.0,0.0,0.0502861154251713,0.0,0.0,0.0,0.0,0.0,0.0,0.0,0.0679546163275438,0.0,0.0,0.0,0.0520092541517524,0.0,0.0889881577270807,0.0,0.0,0.0,0.0247170105603453,0.0,0.0540030834297991,0.0447165088555983,0.0,0.0,0.0,0.2539961233084476,0.049864833171128,0.0,0.0,0.0,0.0,0.0,0.0,0.041973388121381,0.0,0.2342792970035934,0.0,0.0,0.0,0.0,0.0,0.0,0.0,0.0,0.0,0.0,0.0,0.0,0.0555875994881702,0.0,0.0,0.0,0.0,0.0,0.245234864807342,0.0,0.0,0.0,0.0450455153830193,0.0,0.0,0.0453791666982589,0.0408609770646616,0.0,0.0,0.0,0.0447171186381305,0.0,0.0,0.0,0.0,0.0,0.0,0.0,0.1187063236885176,0.0,0.0,0.0,0.0792208309535677,0.0,0.1171396485017967,0.0,0.0,0.0605169584937859,0.0,0.0,0.0,0.0,0.0,0.0,0.0265427927461568,0.0,0.0660576034582043,0.0,0.0567150504029714,0.0,0.0989037873813626,0.385636118322721,0.0,0.0,0.0,0.0416896726927654,0.041973388121381,0.0567888483558819,0.0,0.0,0.087523726541969,0.0,0.2098669406069054,0.0,0.0545179926113655,0.0,0.0,0.0,0.0,0.0,0.0,0.1224477989867543,0.0579069612217333,0.1122874122124757,0.0,0.0,0.0,0.0,0.0,0.0,0.0,0.0,0.0,0.051155106258715,0.0,0.0,0.0,0.0,0.0,0.0545179926113655,0.0,0.0573024910048858,0.1352237978337879,0.0,0.0,0.0,0.0,0.0,0.0,0.0,0.0,0.0723609946352057,0.0,0.0,0.0,0.0,0.0,0.0,0.0405919054304164,0.0,0.0,0.0,0.0,0.0,0.0651701179340234,0.0,0.0550459388438888,0.0,0.0689720260248379,0.0,0.0,0.0,0.0,0.0,0.0,0.0,0.0,0.0,0.0467698660799047,0.0545179926113655,0.0,0.0,0.0,0.0,0.2700154171489956,0.0,0.0,0.0,0.0,0.0,0.0627140162853918,0.0,0.0700416329016427,0.0,0.0,0.0,0.0,0.0,0.0635010063749408,0.0,0.0516035700447319,0.0,0.0,0.0,0.0,0.0,0.0,0.0,0.0,0.2070488282003802,0.0475016170316509,0.0,0.0,0.0,0.0660576034582043,0.0,0.0,0.0,0.0,0.0,0.0,0.0,0.0,0.0,0.0530099070441532,0.0,0.0,0.0,0.0,0.0,0.0,0.0,0.0,0.0,0.0,0.0,0.0,0.0,0.0,0.0555875994881702,0.0,0.0635010063749408,0.0585294779670341,0.0,0.0,0.0,0.0,0.0,0.0,0.0,0.0,0.0,0.0,0.0,0.0,0.0,0.0,0.0,0.0,0.0,0.0,0.0,0.0,0.0,0.0700416329016427,0.0,0.0,0.0,0.0555875994881702,0.0,0.0,0.0,0.1602558367915721,0.0482599828719194,0.0,0.0,0.0,0.0,0.0,0.0,0.0,0.0,0.1060198140883064,0.0,0.0,0.0,0.0,0.0,0.0,0.0,0.0,0.0,0.1170589559340683,0.1339690909961723,0.0,0.0,0.0,0.0,0.0,0.0,0.0,0.0,0.0,0.0,0.0,0.0,0.0,0.0,0.0,0.0,0.0,0.0520618909627339,0.0,0.0475016170316509,0.0585294779670341,0.0567150504029714,0.0,0.0371495366312594,0.0,0.0,0.0,0.0,0.0,0.0,0.0,0.0,0.0,0.0,0.0,0.0,0.0,0.0612238994933771,0.0,0.0,0.0,0.0,0.0,0.0635010063749408,0.0585294779670341,0.0,0.0,0.0,0.0,0.0,0.0507160845205509,0.0,0.0591711520516029,0.0,0.0494518936906813,0.0,0.0,0.0,0.0,0.1163993051040702,0.0,0.0,0.0,0.0,0.0,0.0,0.0,0.0550459388438888,0.0,0.0,0.0422610169894989,0.0,0.0,0.0,0.1447219892704115,0.0,0.0,0.0,0.0525305120846137,0.0,0.0,0.0900910307660387,0.0,0.0,0.0,0.0,0.0,0.0,0.0,0.0,0.0,0.0689720260248379,0.0,0.0,0.0,0.0,0.0,0.0621879649705493,0.0689720260248379,0.0,0.0,0.0,0.0,0.1087861533212355,0.0,0.0,0.0,0.0,0.0,0.0,0.0,0.0,0.0,0.0,0.0,0.0,0.0,0.0,0.0,0.0796098306817348,0.0,0.0,0.0,0.0,0.0,0.0,0.0,0.0726702930377814,0.0,0.0,0.0,0.0,0.0,0.0,0.0,0.0530099070441532,0.0,0.0,0.0,0.0,0.1112351971588508,sport
Dokumen_109,0.0,0.1138995185545607,0.0330929704765562,0.0,0.0,0.0709561400011156,0.0,0.0,0.138925221556227,0.0,0.0,0.0,0.0,0.0,0.0,0.0,0.0,0.0,0.0475256146302719,0.0,0.0,0.0,0.0,0.0,0.0,0.0580558429799323,0.0,0.0,0.0,0.0,0.0,0.0,0.0,0.0,0.0397575022019575,0.0,0.0,0.0853657934818633,0.0780311028021518,0.0,0.0,0.0,0.0,0.0422289234802416,0.0,0.0,0.0,0.0,0.0,0.0,0.0,0.0,0.0,0.0,0.0,0.0,0.0,0.0,0.0,0.0,0.0,0.029601837709538,0.0,0.0,0.0481728176176114,0.0,0.0,0.0,0.0,0.0,0.0,0.0,0.0,0.0,0.0401425094719737,0.0,0.0,0.0,0.0390155514010759,0.0,0.0,0.0758559857917218,0.0580662863927077,0.0811187900387998,0.2043127592144862,0.0,0.0310317335847667,0.0,0.0,0.0,0.0652194482641198,0.0,0.3979435526349131,0.0,0.0771782775131248,0.1454566552905745,0.0495562231635116,0.0,0.0379663785375227,0.0,0.0,0.0,0.0612185809024648,0.0,0.0,0.0,0.0914689819316743,0.0,0.0,0.0,0.0,0.0,0.0,0.0,0.0,0.0,0.0,0.0,0.0,0.0,0.0,0.0,0.0,0.0,0.0,0.0,0.0568490789478447,0.0328496536876406,0.0,0.086301681162543,0.0,0.0,0.0,0.0,0.0281170519556258,0.0978305064565074,0.0,0.0,0.0,0.1756092339375244,0.0,0.0,0.0397575022019575,0.1211940018170829,0.0,0.0,0.0,0.0385147754005988,0.0,0.0284748796386401,0.0343716203277505,0.0,0.0,0.0,0.0475256146302719,0.0,0.0,0.0,0.0,0.096782281454677,0.0,0.0,0.0,0.0,0.1149243680757937,0.0,0.0312474389727615,0.0330929704765562,0.0,0.0,0.0304023896422036,0.0,0.1242406032619547,0.0,0.0,0.0319135443551753,0.0,0.0,0.0,0.0,0.0,0.0703876384068028,0.0,0.0,0.0,0.0,0.0,0.0,0.0,0.0,0.0,0.0,0.0,0.4503301055769809,0.0,0.0,0.0,0.0,0.0,0.0413597169168367,0.0,0.0,0.0,0.0,0.0,0.0,0.0,0.0,0.0,0.0,0.0,0.0,0.0,0.1204275284159212,0.0,0.0,0.0,0.0,0.0,0.0,0.0,0.0,0.0,0.118407350838152,0.0,0.0,0.2259072455725559,0.0,0.0593894662168026,0.0,0.0,0.0,0.0,0.0,0.0698295686252346,0.0,0.0,0.0,0.0436336422389919,0.0,0.0,0.0,0.0,0.0682142890664476,0.0,0.0,0.0,0.0,0.046308407185409,0.0,0.0,0.0,0.0,0.0,0.0,0.0,0.1090924914679309,0.0,0.0536915123437072,0.0,0.0,0.0,0.0495562231635116,0.0,0.0,0.0,0.0,0.0,0.0,0.0,0.0,0.1005963479287866,0.0,0.0,0.0603965322184167,0.0,0.0363641638226436,0.185233628741636,0.0872672844779839,0.0,0.0,0.036671385885315,0.0,0.0451814491145111,0.0,0.0,0.0,0.0,0.0436336422389919,0.0,0.0,0.0,0.0,0.0,0.0519003886792724,0.0,0.0671832089770446,0.0,0.0,0.0,0.0551810041449907,0.0,0.0,0.0,0.0,0.1309009267169759,0.046308407185409,0.0,0.0,0.0,0.0,0.0,0.0,0.0,0.0,0.0,0.0,0.0,0.0,0.0,0.0,0.0,0.0,0.0,0.0,0.0,0.0,0.0,0.0,0.0,0.0,0.0,0.0,0.0,0.0,0.0,0.0,0.0292168304395218,0.0,0.0,0.0,0.0,0.0,0.0,0.0,0.0,0.0,0.0,0.0,0.185233628741636,0.0,0.0,0.0,0.0,0.0451814491145111,0.0,0.0,0.0,0.0,0.0,0.0,0.0,0.0,0.0,0.0,0.0,0.0,0.0,0.0,0.0,0.0,0.0475256146302719,0.0,0.0774704761806237,0.0,0.0446478162956595,0.0,0.0,0.0,0.0,0.0,0.0,0.02709147409274,0.0,0.0,0.0,0.0,0.0,0.086301681162543,0.0301982661092083,0.0,0.0,0.0422289234802416,0.0,0.0,0.0,0.0892956325913191,0.0436336422389919,0.0369849428678362,0.0,0.0,0.0,0.0,0.0,0.0,0.0,0.0,0.0,0.0,0.0,0.0,0.0,0.0,0.0,0.0,0.0,0.0,0.0,0.0,0.0,0.0,0.0,0.0,0.0,0.0963456352352229,0.0,0.0,0.0,0.0,0.0308190451544009,0.0,0.0,0.0,0.0,0.0,0.0,0.0,0.0,0.0,0.0963456352352229,0.0656993073752812,0.0,0.0,0.0,0.0,0.0,0.0,0.0,0.0,0.0,0.0,0.0,0.0,0.0426828967409316,0.0,0.0780311028021518,0.0453508655734408,0.0,0.0,0.0633765034356119,0.0369849428678362,0.0,0.0,0.0,0.0,0.0,0.0,0.0475256146302719,0.0950512292605439,0.0,0.0,0.0,0.0,0.0,0.0,0.0,0.0481728176176114,0.0519003886792724,0.0290279214899661,0.0,0.0,0.0,0.0,0.0,0.0,0.0,0.0353301017037591,0.0,0.0,0.0,0.0,0.036671385885315,0.0,0.0,0.0,0.0,0.0,0.0383081226919312,0.0,0.0811187900387998,finance
Dokumen_26,0.0,0.0,0.0,0.0,0.0,0.0,0.0,0.0389482179153502,0.0,0.0672904947879934,0.0,0.0802836777676541,0.1678954404895221,0.0791727003700201,0.0,0.0,0.0,0.0,0.0,0.0,0.0,0.0,0.0770887541426453,0.0,0.0587847740615016,0.0,0.0,0.1749261146498017,0.0,0.0,0.0,0.0,0.0,0.0,0.0,0.0,0.0,0.0,0.0,0.0,0.0569326026899821,0.0,0.0,0.0,0.0,0.0,0.0,0.0,0.0,0.0,0.0,0.0,0.0,0.0,0.0,0.0,0.1541775082852906,0.0,0.0,0.0,0.0,0.0,0.0,0.164887457213377,0.0,0.0,0.0,0.0,0.0,0.0,0.0,0.0,0.0733793113330293,0.0,0.0,0.0,0.0,0.0,0.0,0.0,0.0,0.0,0.0,0.0533279469687694,0.0,0.0,0.0,0.059248666881323,0.0,0.0,0.0267972691399382,0.0,0.0,0.0,0.1268435799027663,0.0,0.0,0.0,0.0,0.0,0.0,0.0,0.0,0.0,0.1403965903508775,0.0,0.0,0.0,0.0,0.0,0.0,0.0,0.3211347110706167,0.083947720244761,0.0,0.3211347110706167,0.0,0.0,0.0,0.0,0.1138652053799643,0.0717125020683324,0.0,0.1175695481230033,0.0,0.0,0.0,0.0,0.0,0.0,0.0,0.0,0.0569326026899821,0.0,0.0,0.0,0.0,0.0,0.0647248722268573,0.1082310882075752,0.0,0.0,0.0,0.0569097254844497,0.0,0.0852990156110232,0.0,0.0316497863672337,0.0,0.0,0.0,0.0,0.0,0.0,0.0,0.0,0.0,0.0,0.0,0.0318126069833073,0.0,0.0,0.0,0.0,0.0,0.0,0.0,0.0,0.0,0.0,0.0,0.0,0.0340318618891731,0.0,0.0,0.1573510712016509,0.0,0.1509203925336742,0.0,0.1306840232714655,0.0,0.0,0.0,0.0,0.0,0.0,0.0,0.0,0.0,0.0,0.0,0.0,0.0,0.0,0.0,0.0761085157153624,0.0,0.1434250041366648,0.1839343703763189,0.0,0.0,0.0,0.0,0.0,0.0,0.0,0.0,0.0,0.366320343990815,0.0,0.0,0.0,0.081446346758014,0.0,0.0,0.0,0.0,0.0,0.0,0.0,0.0,0.0,0.0791727003700201,0.048651034821812,0.0,0.0,0.0,0.0,0.0,0.0,0.0,0.0,0.0,0.0,0.0,0.0,0.081446346758014,0.0,0.0,0.0,0.0635345102960755,0.0,0.0,0.0,0.0653420116357327,0.0,0.0,0.0,0.0,0.0,0.0,0.0,0.0,0.0,0.0,0.0751652763713336,0.0,0.0,0.0,0.0,0.0,0.0,0.0,0.0,0.0,0.0618489587161593,0.0,0.0,0.0,0.0,0.0,0.0,0.0,0.1522170314307249,0.1488938197472846,0.0,0.0,0.0,0.0,0.0,0.0751652763713336,0.0602699362511441,0.0,0.0,0.0,0.0480182699818719,0.0,0.0,0.0,0.0,0.0,0.0791727003700201,0.0666239785909002,0.0,0.0,0.0,0.0,0.0,0.0,0.0,0.0906907530708976,0.0,0.0,0.0,0.1332479571818005,0.0,0.0,0.0,0.0,0.0,0.0,0.0,0.0,0.0,0.0,0.0,0.0,0.0,0.0,0.0,0.0,0.0,0.0,0.0,0.0,0.0,0.0,0.0,0.083947720244761,0.0,0.0,0.0,0.0,0.0,0.0,0.0,0.0,0.0480182699818719,0.0,0.0,0.0,0.0,0.0,0.0,0.0,0.0,0.0,0.0635345102960755,0.0,0.0,0.0,0.0,0.0,0.0,0.0,0.0,0.0,0.0,0.0802836777676541,0.0,0.0,0.0,0.0629599361137934,0.0,0.0,0.0,0.0,0.0,0.0,0.0,0.0,0.0,0.0,0.0,0.0,0.0,0.0,0.0,0.0,0.0,0.0,0.0,0.089050434124597,0.0,0.0,0.0,0.0,0.0,0.0,0.0,0.0,0.0,0.0,0.1923678153124599,0.0,0.0,0.0,0.0,0.0,0.0,0.0,0.0,0.0,0.0,0.0,0.0,0.0,0.0,0.081446346758014,0.0,0.0,0.0,0.0,0.0,0.0,0.0,0.0,0.0,0.0,0.0,0.0802836777676541,0.0,0.0,0.0,0.0,0.0,0.0659747764756728,0.0,0.0,0.0,0.0,0.0791727003700201,0.0,0.0,0.0,0.0,0.0,0.0629599361137934,0.0,0.0,0.0,0.0,0.0,0.0,0.0,0.0,0.0,0.0,0.0,0.0,0.0,0.0,0.0,0.0,0.0,0.0,0.0,0.0,0.0,0.0,0.0,0.0,0.0,0.0,0.0,0.0,0.0,0.0,0.0,0.0,0.0,0.0,0.0,0.0717125020683324,0.0635345102960755,0.0,0.0,0.0,0.0,0.0,0.0,0.0,0.0,0.0,0.0672904947879934,0.0,0.0,0.0,0.0,0.0,0.0,0.0,0.0791727003700201,0.0602699362511441,0.0635345102960755,0.0,0.0,0.0,0.0694038271165475,0.1066558939375389,sport
Dokumen_70,0.0,0.0536521648708351,0.0311767693245052,0.0,0.0,0.0334237630698526,0.0466867408973461,0.0223259290392716,0.0,0.0,0.0,0.0,0.0,0.0,0.0,0.0,0.0,0.0,0.0,0.0,0.0,0.0,0.0,0.0,0.0673933116600669,0.0,0.0,0.0668475261397052,0.1381919268161583,0.0,0.058469770817168,0.0,0.0488951708596884,0.0,0.0,0.0298533887975626,0.0,0.0,0.1102692349991455,0.0,0.0,0.0,0.0385723119583893,0.0,0.0,0.0,0.0393684299153825,0.075636229682137,0.0,0.0,0.0,0.0393684299153825,0.0,0.0,0.0,0.0381902510037092,0.0,0.0,0.0,0.0,0.0,0.0278877856101042,0.0,0.0472584609289778,0.0,0.0,0.0,0.0735128233327637,0.0,0.0345479817040395,0.0,0.0447737118486533,0.0,0.0,0.0,0.0481205802346735,0.0,0.0,0.0367564116663818,0.0,0.0,0.0535977400227679,0.0,0.1069904114349587,0.0,0.0,0.0,0.0509438532722646,0.0,0.0371016437145695,0.0307215046688302,0.0,0.0,0.0,0.2035862630845725,0.0,0.0,0.0,0.0,0.0,0.0,0.0,0.0288369032408529,0.0,0.1341304121770878,0.0,0.0,0.0,0.0,0.0,0.0,0.0,0.0,0.0,0.0,0.0,0.0,0.0,0.0,0.0,0.0,0.0,0.0488951708596884,0.0336966558300334,0.0,0.0,0.0,0.0309475414464525,0.0642644381641824,0.0,0.0,0.0,0.0,0.0,0.0,0.030721923606654,0.0,0.0,0.0371016437145695,0.0,0.0,0.0,0.0,0.0489327584475758,0.0,0.0,0.0,0.0362846323843986,0.0,0.0536521648708351,0.0323813807837799,0.0,0.0,0.0,0.0,0.0,0.0,0.5774469628160823,0.1113049311437085,0.018235648357704,0.0,0.0453834394721288,0.0,0.0389648416287241,0.0,0.0339748478085976,0.0,0.0,0.0,0.0,0.05728396545485,0.0288369032408529,0.0195077714534539,0.0,0.0,0.0,0.0,0.1153476129634117,0.0652699053106936,0.0,0.0,0.0,0.0,0.0,0.0,0.0,0.0420625483130554,0.0,0.0385723119583893,0.0453834394721288,0.0,0.0,0.078736859830765,0.0,0.0342585488957611,0.0436269850609977,0.0,0.0,0.035145002952637,0.0,0.0,0.0,0.0,0.0,0.0,0.0,0.0,0.046451284355661,0.0,0.0,0.0,0.0771446239167787,0.0,0.0,0.0436269850609977,0.0,0.0,0.0,0.0,0.0389648416287241,0.0481205802346735,0.0,0.0,0.0,0.0,0.0,0.0,0.0,0.0,0.0,0.0,0.0378181148410685,0.0,0.0,0.0,0.0,0.0,0.0,0.0822141971109391,0.0,0.0,0.0,0.0,0.0,0.1498216034667589,0.0,0.070290005905274,0.0,0.0,0.0,0.0374554008666897,0.0,0.0,0.0,0.0,0.0,0.0,0.0,0.0,0.0,0.0,0.0453834394721288,0.0,0.0,0.1417753827869336,0.0,0.0,0.0,0.0,0.0441888781267254,0.0447737118486533,0.0,0.0402114046164701,0.0,0.0,0.0,0.0,0.0,0.0,0.0,0.0,0.0,0.0,0.0,0.0466867408973461,0.0,0.0,0.0,0.0411070985554695,0.0364193034838702,0.0,0.0,0.0,0.0,0.0,0.0,0.0,0.0,0.0,0.0,0.0693144359682746,0.0,0.0,0.0402114046164701,0.0,0.0,0.0,0.0,0.0,0.0,0.0,0.0,0.0441888781267254,0.2412684276988211,0.0,0.0,0.0,0.0,0.0,0.0,0.0,0.0,0.0,0.0,0.0402114046164701,0.0,0.0,0.0,0.096241160469347,0.0,0.0,0.0,0.0,0.0,0.0,0.0,0.0,0.0275250716357254,0.0994679142263845,0.0,0.0,0.0,0.0,0.0,0.0,0.0,0.0,0.0,0.0,0.0,0.0,0.0,0.0,0.0,0.0,0.0,0.0,0.1206342138494105,0.0,0.0,0.0,0.0,0.1082698368163055,0.0,0.0,0.0,0.0,0.0,0.0,0.0,0.0,0.0,0.0,0.0729846589943904,0.0,0.0,0.0,0.0328930936345065,0.0979048579660405,0.0,0.0389648416287241,0.0,0.0765683430306007,0.0296442400212352,0.0,0.0,0.0,0.1010899674901004,0.0,0.0,0.0,0.0,0.0,0.0367564116663818,0.0389648416287241,0.0,0.0,0.0,0.0,0.0,0.0,0.0,0.0,0.0,0.0,0.0,0.2494611592663486,0.0316465306467604,0.0,0.034843382617689,0.0,0.0406522528376183,0.0,0.0,0.0,0.0,0.0,0.0,0.053313073653268,0.0771446239167787,0.0,0.0,0.0,0.0,0.0453834394721288,0.0,0.0,0.0,0.0,0.0,0.0,0.0,0.0,0.0,0.0273471011888655,0.0,0.0505825820685826,0.0721798912108703,0.0,0.0,0.0309475414464525,0.0,0.0,0.0,0.0,0.0,0.0402114046164701,0.0,0.0,0.0,0.0,0.0,0.0,0.0,0.0,0.0,0.0640873327910278,0.0,0.0,0.0,0.0,0.0,0.0498261067734495,0.0673933116600669,0.0,0.0,0.0,0.0,0.0,0.0,0.0,0.0,0.0,0.1233212956664087,0.0364193034838702,0.0,0.0,0.0,0.0273471011888655,0.0,0.0,0.0,0.0,0.0,0.1542892478335574,0.0,0.0332843626657727,0.0,0.0,0.0,0.0,0.0,0.0,0.0,0.0,0.0,0.0851305637726222,0.0,0.0397837180285269,0.2139808228699175,sport
Dokumen_18,0.0,0.0,0.0,0.0,0.0,0.0,0.0,0.0,0.1321201866983936,0.0,0.0,0.0,0.0,0.2748788846027023,0.0,0.0,0.0,0.0,0.0,0.0,0.0,0.0,0.0,0.0,0.0,0.0,0.0,0.0,0.0,0.0,0.088535077839732,0.0,0.0,0.0,0.0,0.0452040783473693,0.0,0.0,0.0,0.0,0.0,0.0,0.0,0.0,0.0,0.0,0.0,0.0,0.0,0.0,0.0622444747005134,0.0,0.0,0.0,0.0,0.0,0.0,0.0,0.0514448022163965,0.0,0.0,0.0422277569291133,0.0,0.1788972086967915,0.0,0.0,0.0,0.0556566533870667,0.0,0.0,0.0,0.0,0.2547648767551115,0.0,0.0,0.0,0.0,0.0706931835316221,0.0,0.0,0.0,0.0541052241597654,0.0,0.0462871877314359,0.0,0.0,0.0,0.0514262093828435,0.0,0.0561794046452278,0.0,0.0,0.0,0.0,0.0660580381869018,0.0,0.0,0.0,0.0,0.1304827752068802,0.0,0.0,0.0,0.0,0.0812402464850228,0.0,0.0,0.0,0.0,0.0,0.0,0.0,0.0,0.0,0.0,0.0,0.0,0.0,0.0,0.0,0.1976637180721582,0.0,0.0,0.0,0.0,0.0,0.0,0.0,0.0486546890442225,0.0,0.0,0.0,0.1482477885541186,0.0,0.0,0.0465192159963585,0.0,0.0,0.0,0.1565693344359537,0.0,0.0,0.0,0.1975842909374238,0.0,0.0,0.0,0.0274711419904826,0.0,0.0812402464850228,0.0,0.0,0.0,0.0,0.0,0.0,0.0,0.0,0.0,0.082837397388939,0.0,0.0687197211506755,0.0,0.0,0.0546474887579122,0.0,0.0891504960297729,0.0,0.0,0.0,0.0433697641502002,0.0873298265891644,0.029538717870331,0.0,0.0,0.0,0.0,0.0873298265891644,0.0,0.0,0.0,0.0,0.0,0.0,0.0,0.0644524596625949,0.0,0.0,0.0,0.0,0.0,0.0,0.0,0.0988318590360791,0.0,0.0,0.0,0.0622444747005134,0.3192999249289723,0.0,0.0,0.0,0.0,0.0,0.0,0.0,0.0,0.1055049819429882,0.0,0.0,0.0,0.0,0.0,0.0,0.0,0.0,0.0,0.0,0.0,0.0,0.0,0.0,0.0687197211506755,0.0422277569291133,0.0,0.0,0.0,0.0,0.0,0.0,0.0,0.0572642870736686,0.2120795505948663,0.0,0.0,0.0472079445559581,0.0,0.0,0.0,0.0,0.0,0.0765922762854692,0.0,0.0,0.0,0.0,0.0,0.0,0.0,0.0,0.0,0.0,0.0,0.0,0.0,0.0,0.0,0.0,0.0,0.0,0.0,0.0,0.0,0.0,0.1073383252180748,0.0,0.0,0.0,0.0,0.0,0.0,0.0,0.0,0.0,0.1292357305772385,0.0,0.0518743831346076,0.0,0.0,0.0,0.0,0.0523126430397205,0.0602406084919246,0.1289049193251898,0.0,0.0,0.0,0.0,0.0,0.0551462033072742,0.0,0.3435986057533778,0.0,0.0,0.0,0.0,0.0,0.0,0.0,0.0,0.0524780488969047,0.0,0.0,0.0608882126269394,0.0,0.0,0.0,0.0,0.0,0.0,0.1480743877579365,0.0,0.0,0.0,0.0,0.0,0.0,0.0,0.0,0.0,0.0,0.0,0.0,0.0,0.0608882126269394,0.0,0.0,0.0,0.0,0.0,0.0,0.0810966234937521,0.0,0.0,0.0696840189024676,0.0,0.0,0.0,0.0,0.0,0.0,0.0,0.0,0.0,0.0,0.0717515947823161,0.0,0.0,0.0,0.0,0.0,0.0,0.0,0.0,0.0,0.0,0.0,0.0,0.0,0.0,0.0,0.0,0.0,0.0,0.0,0.0,0.0,0.0,0.0,0.0,0.0,0.0,0.0,0.0,0.0,0.0,0.0,0.0,0.0,0.0,0.0,0.0,0.0386466608615648,0.044887384730592,0.0,0.0,0.0,0.0,0.0,0.0,0.0728643067559101,0.0,0.0,0.0,0.0,0.0,0.0,0.0,0.0527599398653857,0.0,0.067796470009941,0.0,0.0,0.0,0.0,0.0602406084919246,0.0,0.0479192583622326,0.0706931835316221,0.0,0.0652413876034401,0.0,0.0,0.0514448022163965,0.0,0.0,0.0,0.0,0.0,0.0,0.0,0.0,0.0,0.0,0.0,0.0,0.0,0.0,0.0,0.0439641335898575,0.0,0.0687197211506755,0.0,0.0,0.0,0.0,0.0,0.0546474887579122,0.0,0.0,0.0468608471115386,0.0,0.0,0.0,0.0,0.0,0.0608882126269394,0.0,0.0,0.0,0.0,0.0,0.0,0.0,0.0,0.0,0.0323470682251443,0.0,0.0,0.0,0.0,0.0,0.0377234097208303,0.0,0.0740371938789682,0.0,0.1180013274688258,0.0,0.0,0.0,0.0,0.0,0.0,0.0,0.0,0.0,0.0,0.0,0.0,0.0687197211506755,0.0,0.0,0.0,0.0,0.0,0.0,0.2015970713259445,0.0,0.0,0.0,0.0,0.0,0.0687197211506755,0.0523126430397205,0.0,0.0,0.0,0.0,0.0,0.162005157060026,sport
Dokumen_148,0.0,0.1782744266154886,0.025898398920296,0.0,0.0,0.0,0.0,0.0927302329672118,0.0,0.0,0.0,0.0,0.0,0.0,0.0,0.0,0.0,0.0,0.0,0.0,0.0,0.0,0.0,0.0,0.0,0.0227171112096677,0.0,0.0,0.0,0.0357915918212605,0.0,0.0,0.0,0.0,0.0,0.0,0.0,0.2338240023987841,0.0,0.0,0.0271097051081818,0.0,0.0,0.0330481516321035,0.0,0.0,0.0,0.031415334102553,0.0,0.0,0.0,0.0,0.0,0.0,0.0,0.0,0.0,0.0,0.0282227498508577,0.0,0.0,0.0,0.0,0.0588860792835203,0.0,0.0,0.0,0.0,0.0,0.0,0.0,0.0,0.0,0.0,0.0,0.0,0.0,0.0,0.0305333821572831,0.261647176613256,0.0,0.1038879244266268,0.0908847907675042,0.0761798081261347,0.0,0.0,0.0,0.070531374437243,0.0,0.0,0.1148409569890476,0.0,0.3114287029990215,0.0,0.0966389557773769,0.0,0.0,0.0,0.0,0.0,0.0,0.1260561550039524,0.0239546829238195,0.0,0.0,0.0,0.0,0.0,0.0,0.0,0.0,0.0715831836425211,0.0,0.0,0.0,0.0,0.0,0.0,0.0,0.0,0.0,0.0,0.0,0.0,0.0,0.0,0.0889796294282918,0.0771239411281121,0.0,0.0675392790086075,0.0,0.0,0.0,0.0,0.0220042691098205,0.0255205606739566,0.0,0.0,0.0,0.1202520713000232,0.0387824609876302,0.0,0.0,0.1354940581297617,0.0,0.0,0.0855735703026456,0.0904244318312506,0.0,0.0445686066538721,0.0268990641204499,0.0764576613907156,0.0,0.0,0.0,0.0,0.0,0.0,0.0,0.1060378846748546,0.0,0.0,0.0,0.0,0.0599595037300214,0.0564454997017155,0.0489081897515051,0.0,0.1024424332519294,0.1260561550039524,0.0237927633496019,0.0239546829238195,0.0162050160454054,0.0399735447320427,0.0,0.0249753857320366,0.0,0.0,0.0,0.0,0.2477833827747038,0.055085025981827,0.0,0.0,0.0,0.0707175678770578,0.0,0.0,0.0,0.0,0.0,0.0,0.0,0.189767935757273,0.0284584190394451,0.0,0.0,0.0,0.0583895846967665,0.0971037443164778,0.0327031737060996,0.0,0.0345377063209757,0.0262886274906286,0.0311140292718744,0.0,0.0,0.0192934341605664,0.0,0.1146864920860734,0.0,0.0,0.0,0.031415334102553,0.0,0.0,0.0,0.0,0.0,0.0,0.0799470894640855,0.0,0.0,0.0,0.0,0.0,0.0,0.0327031737060996,0.1859116381028194,0.0,0.0,0.0,0.0,0.0,0.0819724248977442,0.025898398920296,0.0,0.0,0.0,0.0,0.0,0.0,0.0,0.0,0.0,0.0,0.0,0.0,0.0362407358837988,0.0,0.0,0.0,0.0,0.0,0.0,0.0,0.0284584190394451,0.0,0.0,0.0,0.0,0.0,0.0,0.0,0.0,0.1178029426248749,0.0362407358837988,0.0,0.0,0.0,0.07438663310681,0.0,0.0,0.0,0.0,0.0,0.0284584190394451,0.0,0.0,0.0,0.0,0.0,0.0330481516321035,0.0,0.0,0.0,0.0,0.0,0.0682949555012863,0.0,0.1414351357541157,0.0,0.0,0.0,0.0,0.0,0.0262886274906286,0.0,0.0,0.0,0.043184387426988,0.0,0.0,0.0,0.0,0.0,0.0,0.0,0.0,0.0,0.0,0.0,0.0,0.0,0.0,0.0,0.0,0.1180893243066645,0.0476121869325685,0.0,0.0,0.0,0.0420187183346508,0.0,0.0,0.0,0.1101224936093766,0.0,0.0,0.0,0.0,0.0,0.0,0.0,0.0,0.0,0.0,0.0228649504415273,0.0,0.0427867851513228,0.0,0.0,0.0,0.0,0.0,0.0,0.0,0.0,0.0,0.0,0.0,0.0,0.0,0.0799470894640855,0.0353587839385289,0.0,0.0,0.0,0.0764576613907156,0.0,0.0698823309418077,0.0,0.0,0.0,0.0,0.0,0.0,0.0412972304624506,0.0,0.0376998144865658,0.0,0.0,0.0,0.0,0.0,0.0,0.0,0.0546482832651628,0.0813291153245455,0.0,0.0,0.0,0.0424033136517433,0.0,0.0,0.0,0.0,0.0,0.0,0.0236330172581993,0.0,0.0,0.0,0.0,0.0323679147721592,0.0,0.0349411654709038,0.0,0.0578884754461159,0.0,0.0,0.0,0.0,0.033403428914112,0.0,0.0,0.0,0.0262886274906286,0.0,0.0,0.0,0.1013089185129112,0.0,0.0,0.0,0.0260919138364001,0.0,0.0,0.0,0.0,0.0,0.0,0.0,0.0,0.1130994434596974,0.0,0.0,0.0,0.1363271861512563,0.0,0.0,0.0,0.0,0.0,0.0,0.0,0.0420187183346508,0.0,0.0,0.0,0.0257079803760373,0.0353587839385289,0.0,0.0412972304624506,0.0,0.0249753857320366,0.033403428914112,0.0,0.037193316553405,0.0,0.0,0.0,0.1336137156564481,0.0,0.276301650567806,0.0305333821572831,0.0,0.0,0.0,0.0247990728017564,0.0289442377230579,0.0,0.0413903177854218,0.0,0.0,0.0,0.0323679147721592,0.0,0.037193316553405,0.0,0.0,0.0488660724328534,0.0,0.0,0.0,0.0399735447320427,0.0,0.1624679744100254,0.0227171112096677,0.0,0.0,0.0,0.0,0.0,0.0,0.0,0.1244212515797135,0.0,0.0353587839385289,0.033403428914112,0.032041842179949,0.028698849542407,0.0,0.0,0.0,0.0,0.0,0.0299797518650107,0.0330481516321035,0.1015730775015129,finance
Dokumen_90,0.0,0.1240679269563782,0.0,0.0,0.0,0.0772907673929098,0.0,0.0,0.0,0.0,0.0,0.0,0.3894674570559187,0.0,0.0,0.0,0.0,0.0,0.0,0.0,0.0,0.0492150344414079,0.0510922766761557,0.0,0.0,0.0,0.0,0.0386453836964549,0.0399452331594272,0.0996348984885049,0.0338020994696334,0.0,0.0565338090396149,0.0,0.0433068632928212,0.0,0.0,0.0,0.0,0.0,0.0,0.0,0.0,0.0459989213324319,0.0,0.0,0.0,0.0,0.0524734581261795,0.0,0.0950580934291618,0.0,0.0,0.0,0.0,0.0,0.0,0.0,0.0,0.0,0.0,0.1612227463877399,0.0,0.1092828088619123,0.0,0.0,0.0,0.0,0.0,0.0399452331594272,0.0,0.2070739037121052,0.0,0.0,0.0,0.0,0.0,0.0,0.0,0.0,0.0,0.0206570120397461,0.0,0.0883606905897725,0.0,0.0,0.0338020994696334,0.0589025464478093,0.0,0.0428978405011481,0.017760482761593,0.0,0.0,0.0,0.1008820653709502,0.0396105837692047,0.0,0.0565338090396149,0.0,0.0,0.0,0.0,0.0333419426182289,0.0,0.2481358539127564,0.0,0.0,0.0,0.0,0.0,0.0,0.1494523477327574,0.0,0.111276416301691,0.0,0.0,0.0,0.0,0.0,0.0,0.0,0.0475290467145809,0.0,0.0,0.0,0.0,0.0,0.1073469445520494,0.0,0.0,0.0,0.0324582887775201,0.0377333415344569,0.0777519420136742,0.0306272088989404,0.0355214499094867,0.0,0.0,0.1286935215034445,0.047821698207156,0.0,0.0,0.0,0.056577268740819,0.0,0.0,0.0,0.1258595752234146,0.0,0.0,0.0,0.0,0.0,0.0,0.0,0.0,0.0,0.0,0.1286935215034445,0.0,0.0,0.0,0.0,0.0,0.0417280900595008,0.0,0.0,0.0,0.0,0.0,0.0662331413740156,0.0,0.0225553691038895,0.0,0.0,0.0,0.0,0.2667355409458316,0.0,0.0,0.0,0.0,0.0,0.0,0.0,0.0,0.0,0.0,0.0,0.0,0.0,0.0,0.0,0.1132000246033709,0.0396105837692047,0.0,0.0,0.0,0.081271047863713,0.0450521161326639,0.0,0.0402867830210753,0.0,0.0365905034974588,0.0433068632928212,0.0,0.0,0.0,0.0,0.0,0.0,0.0445982635939588,0.0,0.0437262421844989,0.0,0.0,0.1149612284787658,0.0,0.0,0.0,0.0,0.0,0.0,0.0,0.0,0.0556382081508455,0.0492150344414079,0.0,0.0,0.2588423796401316,0.0,0.0437262421844989,0.0,0.0,0.0380318105358844,0.0,0.0,0.0,0.0,0.1274960239381366,0.0421089018058914,0.0,0.0,0.0371520685103827,0.0,0.0,0.0,0.0,0.0,0.0,0.0,0.0,0.0,0.0,0.0,0.0,0.0,0.0,0.0,0.0396105837692047,0.0,0.0,0.0,0.0,0.027320702215478,0.0,0.0,0.0,0.0,0.0,0.0,0.0,0.0,0.0,0.0328942239738423,0.0,0.0,0.0,0.0,0.0,0.0,0.0399452331594272,0.0,0.0,0.0,0.0318251703858702,0.0470031428164377,0.0,0.0,0.0421089018058914,0.0,0.0,0.0,0.0,0.0565338090396149,0.0,0.0,0.0492150344414079,0.0539803675529965,0.0,0.0801430697105866,0.0,0.0532097829664518,0.0,0.0,0.0,0.0,0.0,0.0,0.0,0.0,0.0,0.0,0.0,0.0,0.0,0.0,0.0,0.0,0.0,0.0,0.0,0.0,0.0,0.0,0.0,0.0,0.0,0.0,0.0,0.0,0.0,0.0,0.0,0.0,0.0,0.0,0.0,0.0,0.0,0.0,0.0,0.0,0.0,0.0,0.0,0.0,0.0,0.0,0.0,0.0504426019798614,0.0,0.0,0.0,0.0,0.0,0.0,0.0,0.0532097829664518,0.0,0.0,0.0,0.0,0.0,0.0,0.0,0.0,0.0,0.0,0.0,0.0,0.0517684759280263,0.0,0.0562577817245075,0.0539803675529965,0.0,0.0413558366090474,0.0380318105358844,0.0377333415344569,0.0,0.0,0.0,0.0295100723122775,0.1713770271193306,0.0324582887775201,0.0,0.1299205898784638,0.0,0.0,0.0328942239738423,0.0,0.0,0.0,0.0,0.0,0.0,0.0,0.0,0.0,0.0,0.0,0.0,0.0,0.0,0.0,0.0,0.0,0.0,0.0,0.0402867830210753,0.0996348984885049,0.0,0.0,0.078565123074139,0.0,0.0,0.0,0.0,0.0308209489018644,0.0,0.0,0.0547885561997722,0.0547885561997722,0.0,0.0,0.0,0.0,0.0,0.0,0.1342816929028516,0.0,0.0,0.0,0.0,0.031619396541939,0.1198356994782815,0.0,0.0,0.0,0.0,0.0715646297013662,0.0,0.0,0.0,0.0,0.0,0.0,0.0,0.0,0.0,0.1095771123995445,0.0,0.0,0.0464934231710894,0.0480721964044098,0.0,0.0246997877988347,0.0,0.0,0.0,0.0402867830210753,0.0,0.0288050901141243,0.0,0.0565338090396149,0.0,0.0450521161326639,0.0,0.0,0.0,0.0,0.0,0.0,0.0,0.1263267054176743,0.0,0.0,0.0,0.0632387930838781,0.0,0.0,0.0,0.0,0.0,0.0,0.0,0.0384842054924374,0.0,0.0,0.0,0.0,0.0,0.0,0.0,0.0,0.0,0.0,0.1251842701785026,0.0,0.2474099336513632,sport
Dokumen_196,0.0,0.0,0.0,0.0,0.0,0.0,0.0,0.0,0.0,0.0,0.0,0.0,0.0,0.0,0.0,0.0,0.0,0.0,0.0,0.0678608295088819,0.0,0.0,0.0,0.0,0.0,0.0,0.0,0.0,0.0,0.0,0.0233042456963222,0.0,0.0,0.0,0.0,0.0237972784118373,0.0,0.0,0.0,0.0,0.0,0.0,0.0614949313048826,0.0,0.0,0.0,0.0,0.0602925325487485,0.0,0.0,0.0,0.0,0.0,0.0,0.0,0.0,0.0,0.0,0.0270826510780246,0.0361768759898104,0.0,0.0,0.2404201711602438,0.0,0.0,0.0,0.0,0.0,0.0,0.0,0.0,0.0,0.0,0.0,0.0,0.0,0.0,0.0,0.0,0.0,0.0,0.0712080154013214,0.0,0.109653622002124,0.0,0.0,0.0,0.0270728630488755,0.0,0.0,0.048978573574495,0.0,0.0,0.0,0.127510742533217,0.0546176001382148,0.0,0.0,0.0,0.0,0.0,0.0,0.0,0.0,0.0,0.0,0.1373829549487107,0.0,0.0,0.0,0.1280777530321938,0.0,0.0,0.0,0.0,0.0,0.0,0.0,0.0,0.0,0.0,0.0,0.0,0.0,0.0,0.0,0.0,0.049338938701876,0.0,0.0,0.0,0.0,0.0,0.0,0.0422307497091828,0.0,0.0,0.0,0.0,0.1153943150698794,0.0372157874206283,0.0352246454370463,0.0,0.0130020579811162,0.0,0.0,0.0,0.0144619343682885,0.0,0.0,0.0,0.0,0.0,0.0,0.0,0.0,0.0,0.0,0.0,0.087217998050006,0.0,0.0,0.0,0.0,0.0,0.0,0.0469324727355572,0.0248521956628741,0.0,0.0,0.0,0.0459739977669683,0.0,0.0,0.0,0.0718994067793788,0.0,0.0,0.0,0.0,0.039628969147715,0.0,0.0258124375459259,0.0,0.0,0.1357216590177639,0.0,0.0,0.0,0.0,0.0,0.0,0.0,0.1560874163190128,0.0,0.0,0.0,0.0,0.0,0.0,0.0,0.0555499868096059,0.0,0.0252266603860794,0.0,0.0,0.0,0.0,0.0,0.0,0.0,0.0307474656524413,0.0,0.0,0.0,0.0,0.0,0.0,0.0,0.0,0.0,0.0,0.0,0.0,0.0,0.0,0.0,0.0,0.0,0.0,0.0307474656524413,0.0,0.0,0.0,0.0262203434375562,0.0,0.0,0.0,0.0,0.0292999420526894,0.0,0.0,0.0,0.0,0.0,0.0,0.0,0.0,0.0,0.0,0.0597142661756619,0.0,0.0,0.0,0.0,0.0,0.0546176001382148,0.0,0.0,0.0,0.0,0.0,0.0744315748412567,0.0,0.0188357636660271,0.0,0.0,0.1612852458979732,0.0,0.0,0.0,0.0377729784557698,0.0,0.0,0.0,0.0,0.0,0.0347767389761257,0.0,0.0,0.0,0.0550790360687773,0.0,0.0339304147544409,0.0,0.0,0.0,0.0,0.098304123092439,0.0,0.0339304147544409,0.0,0.0,0.0,0.0,0.0,0.0252266603860794,0.0,0.0,0.0,0.0414398916790104,0.0,0.0,0.0,0.0,0.0,0.0,0.0,0.0,0.0,0.0,0.0,0.0,0.0,0.1209639344234799,0.0,0.0,0.0,0.0,0.0,0.0,0.0,0.0,0.0,0.0,0.0,0.3874710998075092,0.0389762114389291,0.0,0.0,0.0,0.0,0.0,0.0,0.0,0.0,0.0,0.0,0.0,0.1231750533658715,0.0,0.0,0.0,0.0,0.0,0.0,0.0,0.0,0.0,0.0,0.0,0.2605105119443985,0.1100535654726558,0.0,0.0,0.0,0.0,0.0,0.0,0.0,0.0,0.497621054903187,0.0,0.0,0.0,0.0,0.0,0.0,0.0,0.0,0.0,0.0,0.3488534731254454,0.0,0.0,0.0,0.0,0.0,0.1300728469325106,0.0320540491224671,0.0310603660709903,0.0,0.0,0.0,0.0447555594724548,0.0,0.0,0.0,0.0324054661065544,0.0,0.0,0.0,0.0,0.0,0.0,0.0,0.0,0.0,0.0277749934048029,0.0,0.0,0.0266433603480724,0.0,0.0,0.0,0.0,0.0,0.0,0.0,0.0,0.0,0.0,0.0,0.0,0.0,0.0,0.0,0.0,0.0,0.0,0.0,0.0377729784557698,0.0,0.0,0.0361768759898104,0.0,0.0,0.0,0.0,0.0231445207030514,0.0,0.0,0.0,0.0,0.065398262002462,0.0,0.0,0.0,0.0,0.0,0.0,0.0,0.0,0.0,0.1209639344234799,0.0239664689264596,0.0,0.0,0.0,0.0,0.0,0.0,0.0320540491224671,0.0320540491224671,0.0331425057540183,0.0,0.0170288216573107,0.0,0.0,0.1189863920591866,0.0,0.0,0.0,0.0,0.0,0.0,0.0310603660709903,0.0356908387727418,0.0,0.0,0.0,0.0,0.0,0.0,0.0,0.0,0.0,0.0,0.0217994206674873,0.0,0.0,0.0,0.0,0.0,0.0,0.0366845218242186,0.0265322389524712,0.0,0.0,0.0,0.0307474656524413,0.0275395180343886,0.0,0.0,0.0,0.0,0.0,0.0,0.0,0.0487349431120551,finance
Dokumen_118,0.0,0.0,0.0,0.0,0.0,0.0,0.0,0.0578586495239452,0.0,0.0,0.0,0.0,0.0,0.0,0.0,0.0,0.0,0.0,0.0,0.0,0.0,0.0,0.0,0.0,0.0,0.0,0.0,0.0,0.0,0.1116600865125965,0.0,0.0,0.0,0.0,0.0,0.0,0.0,0.0,0.0,0.0,0.0,0.0,0.0,0.0,0.0,0.0,0.0,0.0,0.0,0.0,0.0,0.2040501145350258,0.0,0.0,0.0,0.098971753612955,0.0,0.0,0.0880473465865303,0.0,0.0,0.0,0.0,0.0612362138014749,0.4704529005695975,0.0,0.0,0.0,0.0,0.0,0.0,0.0,0.0,0.1192636126394201,0.0,0.0,0.0,0.0,0.0,0.0,0.0,0.0926006363810735,0.0,0.0396100663733002,0.0,0.0,0.0,0.0440077625540909,0.0,0.0,0.11942424221331,0.0,0.0,0.0,0.1507437028293766,0.0887825707173102,0.0,0.0,0.0,0.0,0.0,0.0,0.0,0.0,0.0,0.0,0.0,0.0,0.0,0.0,0.0,0.0,0.0,0.0,0.0,0.0,0.0,0.0,0.0,0.0,0.0,0.0,0.0,0.0,0.0,0.0,0.0,0.0,0.0,0.0,0.0,0.0,0.0,0.0,0.0686473684858445,0.0,0.0,0.0,0.0,0.0,0.241981578839858,0.0,0.0,0.1268114449471765,0.0,0.0,0.0,0.0470166286146766,0.0,0.0,0.0,0.0,0.0,0.0,0.0,0.0,0.0,0.0,0.0,0.0,0.0,0.0,0.2352264502847987,0.0,0.0,0.0,0.0,0.0,0.0,0.1310870370847421,0.0,0.0,0.0505552673545287,0.0,0.0,0.0,0.0,0.0,0.0,0.0,0.0,0.0,0.0,0.0,0.0,0.0,0.0,0.0,0.0,0.0,0.0,0.0,0.1020250572675129,0.0,0.0,0.0,0.0,0.0,0.0,0.0,0.0,0.0,0.0,0.0,0.0,0.0,0.0,0.0,0.0,0.0,0.0,0.0,0.0,0.0,0.0,0.0,0.0,0.0,0.0,0.0,0.0,0.0,0.0,0.1445449020979764,0.0,0.0,0.0,0.0,0.0,0.0,0.0,0.0,0.0,0.0,0.0,0.0,0.0,0.0,0.0,0.0,0.0,0.0,0.0,0.0,0.0,0.0,0.0,0.0,0.0,0.0,0.0,0.0,0.0,0.0,0.0,0.0,0.0,0.0,0.0,0.0,0.0,0.0,0.0,0.0,0.0,0.0,0.0,0.0,0.0,0.0,0.0,0.0,0.0,0.0,0.0,0.0,0.0887825707173102,0.0,0.1065308952690635,0.0,0.0,0.0,0.0,0.0,0.120990789419929,0.0,0.0,0.0,0.0,0.0,0.0,0.0,0.0,0.0,0.0,0.0,0.1640268158264685,0.0,0.3629723682597871,0.0,0.0,0.0,0.0,0.0,0.0,0.0,0.0,0.0,0.0,0.0,0.0,0.0,0.2290349313476047,0.0,0.0,0.0,0.0,0.0,0.0,0.0,0.0,0.0,0.0,0.0,0.0,0.0,0.0,0.0,0.0,0.0,0.0,0.0,0.0,0.0,0.0,0.0,0.0,0.0,0.0,0.0,0.0,0.0,0.0,0.0,0.0,0.0,0.0,0.0,0.0,0.0,0.0,0.0,0.0,0.0,0.0,0.0,0.0,0.0,0.0,0.0,0.0,0.0,0.0,0.0,0.0,0.0,0.0,0.0,0.0,0.0,0.0,0.0,0.0,0.0630476757608181,0.0,0.0,0.0926943543601804,0.0,0.0,0.0,0.0,0.0,0.0,0.0,0.0,0.0,0.0,0.0,0.0,0.0,0.0,0.0,0.0,0.0,0.0,0.0,0.0,0.0,0.0,0.0,0.0,0.1732383713867682,0.0,0.0,0.0,0.0,0.0,0.0,0.0,0.0,0.0,0.0,0.0,0.0,0.0,0.0,0.0,0.0,0.0,0.0,0.0,0.0,0.1228022513792722,0.0,0.0,0.0,0.0,0.0,0.0,0.0,0.0,0.0,0.0,0.0,0.0,0.179065297722447,0.0,0.0,0.0,0.0,0.0,0.0,0.0,0.0,0.0,0.1558328975951351,0.1042096641298742,0.0,0.0,0.0,0.0,0.0,0.0,0.0,0.0,0.0,0.0553617353818824,0.0,0.0,0.0773664001395841,0.0,0.0,0.0,0.0,0.0,0.0,0.0,0.0,0.0,0.0,0.0,0.0,0.0,0.0,0.0,0.0,0.0,0.0,0.0,0.0,0.0,0.0,0.0,0.0,0.0,0.0,0.0,0.0,0.1103098429729828,0.0,0.0,0.0,0.0,0.0,0.1887645268846733,0.0,0.0,0.0,0.0,0.1188301991199007,finance
Dokumen_154,0.0,0.0,0.0,0.0,0.0,0.0,0.0,0.0,0.0,0.0,0.0,0.0,0.0,0.0,0.0,0.0,0.0,0.0,0.0,0.0,0.0,0.0,0.0,0.0,0.0,0.0,0.0,0.0,0.0,0.0,0.0,0.0,0.0,0.0,0.0,0.0,0.0,0.0,0.0,0.0,0.0,0.0,0.0,0.0,0.0,0.0,0.0,0.0,0.0,0.0356798190471099,0.0,0.0,0.0,0.0,0.0,0.0,0.0,0.0,0.0,0.0,0.0,0.0255366402787993,0.0,0.0,0.0,0.0,0.0,0.0,0.0,0.0,0.0,0.0,0.0,0.0,0.0,0.0,0.0,0.0,0.0,0.0,0.0,0.0,0.0,0.0,0.0,0.0,0.0,0.0,0.0455227876253067,0.0,0.0,0.0,0.0,0.0,0.0266317777906738,0.0,0.0,0.0,0.0,0.0,0.6298067303312633,0.0,0.0,0.0,0.0,0.0,0.0,0.0,0.0,0.0,0.0,0.0,0.0,0.0,0.0,0.0,0.0,0.0,0.0,0.0,0.0,0.0,0.0,0.0,0.0,0.0,0.0,0.0,0.0,0.0,0.0285483384886084,0.0,0.0,0.0,0.0242557590017384,0.0,0.0,0.0,0.0,0.0,0.0,0.0,0.0,0.0448073672035252,0.0,0.0,0.0,0.0166127855722102,0.0,0.0,0.0,0.0,0.0,0.0,0.0,0.0,0.0,0.0,0.0,0.0834912457503698,0.0,0.0,0.0,0.0,0.0,0.0,0.0,0.0,0.0,0.0,0.0,0.0,0.0178631229174176,0.0,0.0,0.0,0.0,0.0,0.0,0.0,0.0,0.0303606792879883,0.0,0.0,0.0,0.0,0.0,0.0,0.0,0.0,0.0,0.0,0.0,0.0,0.0,0.0,0.0,0.0,0.0,0.0,0.0,0.0,0.0,0.0,0.0,0.0,0.0,0.0,0.0,0.0,0.0,0.0706407650269754,0.0,0.0346297697572941,0.0,0.0,0.0,0.0,0.0,0.0,0.0440636615843293,0.0,0.0,0.0,0.0,0.0,0.0,0.0,0.4611020116415804,0.0,0.0,0.0,0.0,0.0,0.0,0.0,0.0,0.1961681559796421,0.0,0.0,0.0,0.0,0.0,0.0,0.0,0.0,0.0,0.0,0.0,0.0,0.0,0.0,0.0,0.0,0.0,0.0,0.0,0.0,0.0,0.0,0.2731367257518402,0.0,0.0,0.0,0.0,0.0,0.0,0.0,0.0,0.0,0.0,0.0,0.0,0.0,0.0,0.0,0.0,0.0,0.0,0.0,0.0,0.0,0.0,0.0,0.0,0.0252045057587875,0.0,0.0,0.0376414679671032,0.0,0.0,0.0,0.0,0.0,0.0,0.0,0.0,0.0,0.0,0.0,0.095206079223894,0.0,0.0,0.0,0.0,0.0,0.0,0.0,0.0,0.0,0.0,0.0,0.0,0.0,0.0,0.0,0.0,0.0,0.0,0.0,0.0,0.0,0.0,0.0,0.0,0.0,0.0809268617324023,0.0,0.0,0.0,0.0,0.0,0.0,0.0,0.0,0.0,0.0,0.0,0.0,0.0,0.0,0.0,0.0,0.0,0.0,0.0,0.0,0.0,0.0,0.0399489095164157,0.0,0.0,0.0,0.0,0.0,0.0,0.0,0.0,0.0,0.0,0.0,0.0,0.0,0.0,0.0,0.0,0.0,0.0,0.0,0.0,0.0,0.0,0.0,0.0,0.0,0.0,0.0,0.0,0.0,0.0,0.0,0.0,0.0,0.0,0.0,0.0,0.0,0.0308557800379209,0.0372249690868582,0.0,0.0,0.046318098565353,0.0,0.0,0.0356798190471099,0.0,0.0,0.0,0.0,0.0,0.0,0.0,0.0399489095164157,0.0368212876114481,0.0,0.0,0.0,0.0289784954781607,0.0,0.0319058293277367,0.0,0.0,0.0447729485256047,0.0,0.0,0.0,0.0,0.0,0.0,0.0,0.0,0.0,0.0,0.0,0.0,0.0,0.0,0.0,0.0,0.0,0.0,0.0,0.0,0.0,0.0250415395288667,0.0,0.0,0.0,0.0,0.0,0.0,0.0,0.0,0.0,0.0,0.0,0.0,0.0,0.0,0.0,0.0,0.0831145638178253,0.2209277256686886,0.0368212876114481,0.0,0.0,0.0,0.0,0.0,0.0,0.0,0.0,0.0,0.0,0.0,0.0,0.0,0.0,0.0,0.0,0.0,0.0,0.0,0.0,0.0,0.0,0.0,0.4029565367304425,0.0,0.0,0.0,0.0,0.0,0.0,0.0,0.0,0.0,0.0,0.0,0.0,0.0,0.0316353328826133,0.0,0.0,0.0,0.0,0.0,0.0,0.0,0.0,finance
Dokumen_113,0.0,0.0,0.0,0.0,0.0,0.0,0.0,0.0,0.0,0.0,0.0,0.0,0.0,0.0,0.0,0.0,0.0,0.0,0.0,0.0,0.0,0.1061811733679105,0.0,0.0,0.0,0.1364373575723253,0.0,0.0,0.0,0.107480880080427,0.0,0.0,0.0,0.0,0.0,0.0,0.0,0.3009279348615148,0.0,0.0,0.0,0.0,0.0,0.0,0.0,0.0,0.0,0.0943391334541693,0.0,0.0,0.0,0.0,0.0,0.0,0.0,0.0,0.0,0.0,0.0847519162435816,0.0,0.0,0.0695674424669062,0.0,0.0,0.0,0.0,0.0,0.0,0.0,0.0,0.0,0.0,0.0,0.0,0.0,0.0,0.0,0.0,0.0,0.0,0.0,0.0445673929023984,0.0,0.0762550867872767,0.600195681319512,0.0,0.1458556973380766,0.0,0.0,0.0,0.0383181464893951,0.0,0.0,0.0,0.2539279353728421,0.0,0.0,0.0,0.0,0.0,0.0,0.0,0.0,0.0,0.0669189720736461,0.0,0.0,0.0,0.0,0.0,0.0,0.0,0.0,0.0,0.0,0.0,0.0,0.0,0.0,0.0,0.0,0.0,0.0,0.0,0.0,0.0,0.0,0.0,0.0801553889426595,0.0,0.0,0.0,0.0,0.0,0.0,0.0,0.0,0.0,0.0,0.051587528950398,0.0,0.2204626268816625,0.0,0.2441303089202881,0.0,0.0,0.0,0.0452568933067229,0.0,0.0,0.0,0.0,0.0,0.0,0.0,0.0,0.0,0.0,0.0,0.0909794298986344,0.0,0.0,0.0,0.0,0.0,0.0,0.0,0.0777719728848139,0.0,0.0,0.0,0.0,0.0,0.0,0.0,0.0,0.0,0.0,0.0814094823806473,0.0,0.0,0.0,0.0,0.0,0.0,0.0,0.0,0.0,0.0,0.0,0.0,0.0,0.0,0.0,0.0,0.0,0.0,0.0,0.0,0.0,0.0,0.0,0.0,0.0,0.0,0.0,0.0,0.0,0.0,0.0,0.0,0.0,0.0,0.0,0.0,0.0,0.0,0.0,0.0,0.0,0.0,0.0,0.0,0.0695674424669062,0.0,0.0,0.0,0.2946194102437273,0.0,0.0,0.0,0.0,0.0,0.0,0.0,0.0,0.0,0.0,0.0,0.0,0.0,0.0,0.0,0.0,0.0,0.0,0.0,0.0,0.0,0.0,0.0,0.0,0.0,0.0,0.0,0.0,0.0,0.0,0.0,0.0,0.0,0.0,0.0,0.0,0.0,0.0,0.0,0.0,0.0,0.0,0.0,0.0,0.0,0.0,0.0,0.0,0.0,0.0,0.0,0.0,0.0,0.0,0.0,0.0,0.0,0.0,0.0,0.0,0.0,0.0,0.0,0.0,0.0,0.0,0.0,0.0,0.0,0.0,0.0,0.0,0.0,0.0,0.0,0.0,0.0,0.0,0.0,0.0,0.0,0.0,0.0,0.0,0.0,0.0,0.0,0.0,0.0,0.0,0.0,0.0,0.0,0.0,0.0,0.0,0.0,0.0,0.0,0.1219713903874282,0.0,0.0,0.0,0.0,0.0,0.0,0.0,0.0,0.0,0.0,0.0,0.0,0.0,0.0,0.0,0.0,0.0,0.1182060167274993,0.0,0.0,0.0,0.0,0.0,0.0,0.0,0.0,0.0,0.0,0.0,0.0,0.0,0.0,0.0,0.0,0.0,0.0,0.0,0.0,0.0,0.0,0.0,0.0,0.0,0.0,0.0,0.1213758629326098,0.0,0.0,0.0,0.0,0.0,0.0,0.0,0.0,0.0,0.0,0.0,0.0,0.0,0.0,0.0,0.1419382242931338,0.0,0.0,0.0,0.0,0.0,0.0,0.0,0.0,0.0,0.0,0.0,0.0,0.0,0.0,0.0,0.0,0.0,0.0,0.0,0.086918518719903,0.0,0.0,0.0,0.1695038324871632,0.0,0.0,0.0,0.0,0.0,0.0,0.0,0.0,0.0,0.0,0.0,0.0,0.0,0.0,0.0,0.0,0.0,0.0,0.0,0.0,0.0,0.0861816267216536,0.0,0.0,0.0,0.0,0.0,0.0,0.0,0.0,0.0,0.0,0.0,0.0,0.0,0.0,0.0,0.0,0.0,0.0,0.1037155064204981,0.0916906630609093,0.0,0.0,0.0,0.0,0.0,0.0,0.0,0.0,0.0,0.0,0.0,0.0,0.0,0.0,0.0,0.0,0.0,0.0,0.0,0.0,0.0,0.1219713903874282,0.0,0.0,0.0,0.0,0.0,0.0,0.0,0.0,0.0,0.0,0.0,0.0,0.0,0.0,0.0,0.0,0.0,0.1116902097071662,0.0,0.0,0.0,0.0381275433936383,finance
Dokumen_184,0.0,0.0,0.0,0.0,0.0,0.0,0.0,0.0,0.0,0.0,0.0,0.0,0.0,0.0,0.0,0.0,0.0,0.0,0.0,0.0,0.0,0.0,0.0,0.0,0.0,0.1469765127154268,0.0,0.0598784749177698,0.0,0.0,0.0523741252295052,0.0,0.0,0.0771888541324765,0.0,0.0,0.0,0.0,0.0,0.0,0.0,0.0,0.0,0.0,0.0,0.060865739985367,0.0,0.0,0.0,0.0,0.0,0.0,0.0,0.0,0.0,0.0684176100114697,0.0,0.0,0.0,0.0,0.0,0.0,0.0,0.1693265094941141,0.0,0.0,0.0,0.0,0.0,0.0,0.0,0.0,0.0,0.0,0.0,0.0,0.0,0.0,0.0,0.0,0.0,0.0,0.0,0.1369090662096823,0.0,0.0,0.0,0.0912656134500087,0.2671872696381041,0.0,0.0550373948889057,0.0,0.0,0.0,0.1042067407656315,0.0,0.0,0.0,0.0,0.0,0.0,0.0,0.0,0.0,0.0,0.0,0.0,0.0,0.0,0.0,0.0,0.0,0.0,0.0,0.0,0.0,0.0,0.0684176100114697,0.0,0.0,0.0,0.0,0.0,0.0,0.0,0.0,0.0,0.0,0.0,0.0,0.0,0.0,0.0,0.0,0.0474548415474714,0.0,0.0,0.0,0.0,0.0,0.0,0.0,0.0671011303138999,0.1168836652029871,0.0,0.0,0.0,0.0,0.0,0.0961175377466712,0.0,0.0824450516460764,0.0,0.0,0.0,0.0,0.0,0.0,0.0,0.0326690567580328,0.0,0.0,0.0,0.0,0.129309850491844,0.0,0.0,0.0,0.0,0.0,0.0513119435640758,0.0,0.0,0.0,0.0,0.0,0.0,0.0,0.0,0.0,0.0,0.0,0.0,0.0,0.0,0.0,0.0,0.0,0.0,0.0,0.0,0.1342022606277999,0.0,0.0,0.0,0.0,0.0,0.0,0.0,0.0,0.0,0.0,0.0,0.1700837204601605,0.0,0.108408524614016,0.0,0.0416086013321676,0.0,0.0,0.0,0.0,0.1672780433472891,0.0,0.0,0.0,0.0,0.0,0.0,0.0,0.1724154728232483,0.0,0.0,0.0999216077302173,0.0,0.0,0.0,0.0705283106008628,0.0,0.0,0.0,0.0,0.0,0.0,0.0,0.0,0.0,0.0,0.0,0.0,0.0,0.0,0.0,0.0,0.0671011303138999,0.0,0.0,0.0,0.0,0.0,0.0,0.0,0.0,0.0,0.0,0.0,0.0,0.0,0.0,0.0,0.0,0.0,0.0,0.0,0.0,0.0,0.0,0.0,0.0,0.0,0.0,0.0,0.0,0.0,0.0,0.0,0.0,0.0,0.0,0.0,0.0,0.247570023949913,0.0,0.0,0.0,0.0,0.0,0.0,0.0,0.0,0.0,0.0,0.0,0.0,0.0,0.0,0.0566945734867201,0.0,0.0,0.0,0.0310441010703347,0.0,0.0,0.0,0.0,0.0,0.0,0.0,0.0,0.2821367355024731,0.0,0.0,0.0,0.0,0.0,0.0,0.0,0.0,0.0,0.0,0.0,0.0,0.0,0.0,0.0,0.0,0.0,0.0,0.0,0.0,0.0,0.0,0.147286250483036,0.0,0.0824450516460764,0.0,0.0,0.0,0.0,0.0,0.0,0.0,0.0,0.2004703560924618,0.0,0.0,0.0,0.0,0.0,0.0,0.0,0.0,0.0,0.0,0.0,0.0,0.0,0.0,0.0,0.0,0.0,0.0,0.0,0.0,0.0,0.0,0.0,0.0,0.0,0.0,0.0,0.0802118413866817,0.0,0.0435838624139384,0.0,0.0,0.1281562861193896,0.0,0.0584653257005154,0.0720384948188966,0.0,0.0,0.0,0.0,0.0,0.0,0.0671011303138999,0.0,0.0,0.2038697279476523,0.0862077364116241,0.0,0.0,0.0,0.0,0.0,0.0753548078616117,0.0,0.0,0.0,0.0,0.1197569498355397,0.0,0.0,0.0,0.0,0.0,0.0,0.0,0.0,0.0771888541324765,0.072828271813707,0.0,0.0,0.0712722968125468,0.0,0.0,0.0,0.0477550289125853,0.0,0.0,0.0,0.0,0.0,0.0,0.0,0.0,0.0,0.0,0.0,0.0,0.0,0.0,0.0,0.0,0.0,0.0906183982138615,0.0,0.0,0.1626083296745903,0.0,0.0,0.0,0.0,0.0,0.0,0.0,0.0,0.0,0.0,0.0,0.0,0.0,0.0,0.0,0.0,0.0,0.0,0.0,0.0,0.0,0.0,0.0,0.0,0.0,0.0,0.0,0.0,0.0802118413866817,0.0,0.0,0.0,0.0,0.0,0.0,0.0,0.0,0.0,0.0,0.0,0.216817049228032,0.0848912567140544,0.0,0.0,0.0,0.0,0.0298143699569556,0.0,0.3812772605033495,0.0,0.0,0.0,0.0,0.0,0.0,0.0,0.0,0.0,0.0,0.1916726926935552,finance
Dokumen_76,0.0,0.0541030964235634,0.0314388014164888,0.0,0.0,0.0337046805205351,0.0,0.1350814336530851,0.0,0.0,0.0,0.046407062471883,0.0,0.0,0.0,0.0,0.0,0.0,0.0,0.0,0.0,0.0,0.0,0.0,0.0,0.0,0.0451500224682515,0.0,0.0,0.0,0.0589611930105824,0.0429230312651017,0.049306121198221,0.0434484290365457,0.0,0.0,0.0,0.0,0.0,0.0,0.0,0.0,0.0,0.0,0.0,0.0,0.0,0.0,0.0457648746831513,0.0,0.0414525923081336,0.0,0.0,0.0,0.0,0.0385112294623725,0.0,0.0,0.0,0.0,0.0,0.0,0.0,0.0238278275874341,0.0,0.0,0.0,0.0370653391034265,0.0,0.0348383479002767,0.0,0.0,0.0,0.0,0.038135965598584,0.0,0.0,0.0,0.0,0.0,0.0,0.0180160713832519,0.0,0.077064025817276,0.0,0.0,0.0,0.1198680518415156,0.0,0.1496538909245925,0.046469565581636,0.0,0.0,0.0,0.1759691563829152,0.0,0.0,0.0,0.0360686096822286,0.0868968580730915,0.0,0.0,0.029079269407914,0.0,0.1352577410589087,0.0,0.0,0.0,0.0,0.0,0.0,0.0434484290365457,0.2320353123594151,0.0,0.0,0.4176635622469472,0.0,0.0385112294623725,0.0,0.0,0.0,0.0414525923081336,0.0,0.0,0.0,0.0,0.0,0.0624152938835025,0.0,0.0,0.0,0.0566171764308264,0.0,0.0678115757888687,0.0267116067285721,0.0929403985399117,0.0,0.0,0.1122404181934443,0.0625617437006907,0.0,0.0,0.0,0.0,0.0,0.0,0.0,0.0365895946475369,0.0,0.0270515482117817,0.0,0.0,0.0,0.0,0.0,0.0,0.0,0.0,0.0,0.05516674176065,0.0,0.0457648746831513,0.0,0.0,0.0,0.0,0.0,0.0,0.0414525923081336,0.0,0.0288827106416777,0.058158538815828,0.0393434577149292,0.0,0.0,0.0,0.0,0.1453963470395702,0.032909240373457,0.0,0.0,0.0,0.0326535373006972,0.0,0.0,0.0,0.0,0.0,0.0,0.0,0.0,0.0,0.0396993106407541,0.098727721120371,0.2072788949375206,0.0,0.0,0.0,0.0,0.0392923303065762,0.0,0.0,0.0,0.0,0.0755404062278688,0.0,0.0,0.0702625417597686,0.0,0.0,0.0,0.0,0.0,0.0,0.0,0.0,0.0501318800268567,0.0,0.0,0.0,0.0,0.0,0.0,0.0,0.0,0.0,0.0,0.0,0.0,0.0,0.0,0.0,0.0,0.0,0.0331695509558906,0.0,0.0,0.0,0.0414525923081336,0.0,0.0,0.0,0.0457648746831513,0.0,0.0,0.0,0.0,0.0,0.0,0.0,0.0,0.0470791299950713,0.0,0.0,0.0,0.0,0.0345464824895867,0.0,0.0,0.0690929649791735,0.0,0.0457648746831513,0.0,0.0,0.0714834827623023,0.0,0.0,0.0,0.0,0.0,0.0,0.0,0.0,0.0,0.0,0.0,0.0,0.0,0.0,0.0,0.0434484290365457,0.0348383479002767,0.080236178270424,0.0,0.0,0.0277564122222896,0.0,0.0,0.0414525923081336,0.1469015904808678,0.0,0.0,0.0,0.0,0.049306121198221,0.0,0.0319125109522591,0.1716921250604071,0.0,0.0,0.0174742511404932,0.0,0.0,0.0,0.0385112294623725,0.0,0.0879873155205186,0.0405493703102077,0.0,0.0,0.0,0.0429230312651017,0.0,0.0,0.0,0.0,0.0,0.0,0.0,0.0,0.0,0.0,0.0,0.0,0.0405493703102077,0.0,0.0,0.0,0.0,0.0,0.0,0.0,0.0,0.0,0.0,0.0,0.286703964033475,0.0,0.100303914434703,0.0,0.0,0.0,0.0,0.1128417067270555,0.0,0.0,0.0,0.0,0.0,0.0,0.0879873155205186,0.0,0.0,0.0,0.0,0.0,0.0,0.0810987406204155,0.0,0.0,0.0,0.0,0.0,0.0,0.0370653391034265,0.0,0.0,0.0,0.0,0.0,0.0,0.0,0.0,0.0,0.0,0.0,0.1803430484111432,0.0331695509558906,0.164546201867285,0.0,0.0,0.0,0.0514745857997236,0.0298933916298313,0.0566171764308264,0.0,0.0755404062278688,0.1019396006058435,0.0,0.0,0.0,0.0,0.040118089135212,0.0,0.0785846606131525,0.0,0.0,0.0,0.0,0.0,0.0,0.0,0.0,0.0,0.0,0.080236178270424,0.0,0.0,0.0,0.0351362315766067,0.0,0.040993923738282,0.0,0.0342603969735367,0.0,0.0,0.0,0.0,0.0268805776192196,0.0388965015333225,0.046407062471883,0.0477839940055791,0.0955679880111583,0.1530231438897804,0.0915297493663027,0.0,0.0,0.0,0.0,0.0,0.0,0.0,0.0,0.0,0.0,0.0,0.0,0.0727865431604764,0.0,0.0,0.0,0.0,0.0,0.0,0.0,0.06063665902639,0.0,0.0,0.0,0.040993923738282,0.0477839940055791,0.0,0.0,0.0,0.0,0.0,0.0646259690334842,0.0,0.0,0.0301042982435672,0.0,0.0,0.0502448813699239,0.0,0.0986122423964421,0.0,0.0,0.0,0.0,0.0,0.0,0.0,0.0,0.0,0.1101761928606508,0.0,0.0,0.0,0.0,0.0,0.0,0.0,0.0,0.0,0.0,0.0,0.0,0.0,0.0,0.0,0.0,0.0,0.0,0.0,0.0,0.0,0.0,0.1819663579011912,0.0,0.1541280516345521,sport
Dokumen_91,0.0,0.0,0.0403097989809361,0.0,0.0,0.0432150347750496,0.0,0.0288661632085243,0.0,0.0,0.0,0.0,0.0,0.0,0.0,0.0,0.0,0.0,0.0,0.0,0.0,0.0,0.0,0.0,0.0,0.0,0.2315595057927915,0.0,0.044668585868911,0.0,0.0377990529353677,0.0,0.0,0.055708149216594,0.0,0.038598742826878,0.0,0.0,0.0475239608732583,0.1564795418567419,0.0,0.0,0.0,0.0514380967364588,0.0,0.0,0.0,0.0488966830146574,0.0,0.0,0.0531491528905169,0.0509011527001546,0.0,0.0,0.0,0.0987556680403698,0.0,0.0,0.0439275561658665,0.0,0.0,0.0360573291050766,0.0,0.0305512582199815,0.0,0.0,0.0,0.0,0.0,0.1340057576067331,0.0,0.0,0.0,0.0,0.0,0.0,0.0,0.0,0.0,0.0,0.0,0.0230996152259225,0.0,0.059285378247152,0.0,0.0,0.0377990529353677,0.1317350404940893,0.0,0.0,0.1191635026101688,0.0,0.0,0.0,0.0940091145475409,0.0,0.0,0.0,0.0,0.0,0.0,0.0,0.0,0.0,0.0,0.0,0.0,0.0,0.0,0.0,0.0,0.0,0.0,0.0,0.0,0.0,0.0,0.0,0.0,0.0692465774948305,0.0,0.0,0.0,0.0,0.0,0.0,0.0,0.0,0.0830902829301444,0.0,0.0,0.0,0.0,0.0,0.0684974903096555,0.0,0.0,0.0,0.0,0.0267382045842354,0.0,0.0,0.0,0.126534576823783,0.0,0.0,0.0,0.0,0.0,0.0,0.0,0.0,0.0,0.0760580436967671,0.0,0.0,0.0,0.0,0.0,0.0707329850570802,0.0,0.0,0.0,0.0,0.0,0.0439275561658665,0.1522471951622956,0.0,0.0,0.0,0.0370324633107657,0.0745689690148761,0.0756673346429793,0.0,0.0,0.0,0.0,0.0,0.0421951475342698,0.0,0.0,0.0428687953070132,0.0,0.0,0.0,0.0,0.054384495374653,0.0,0.0,0.0,0.1331917632281654,0.0,0.0,0.0,0.0,0.0,0.0,0.0,0.0,0.0503793358776055,0.0,0.0450505225386171,0.0,0.0,0.0484277143655134,0.0,0.0,0.0,0.0,0.0,0.0,0.0498718172203465,0.0,0.0,0.0,0.0,0.0,0.3342743370694378,0.0,0.0,0.0,0.0,0.0,0.0,0.0,0.0,0.0,0.0,0.0,0.0,0.099743634440693,0.0,0.0,0.0612670682750942,0.0,0.0,0.0,0.0,0.0,0.0,0.0,0.0,0.0,0.0,0.0,0.0,0.0454405005682122,0.0,0.0,0.0,0.0484277143655134,0.0,0.0,0.0,0.0,0.0,0.0,0.0,0.1308008340375804,0.0,0.0,0.0586782197713818,0.0,0.0,0.0305512582199815,0.0,0.0,0.0,0.0,0.0,0.0,0.0,0.051991071299262,0.0,0.0367838250512252,0.0421951475342698,0.0,0.0,0.0,0.0,0.0,0.0,0.0,0.0,0.0,0.0,0.0,0.0595016118698544,0.0,0.0,0.0,0.0,0.0,0.0,0.0,0.0,0.0409171737949211,0.0,0.0,0.0,0.0672147332989206,0.0,0.0,0.051991071299262,0.0,0.0,0.0,0.051991071299262,0.0,0.0,0.0632186897871863,0.0,0.0,0.051991071299262,0.0,0.0,0.0,0.0,0.0,0.0,0.0,0.0,0.0,0.0,0.0,0.0,0.0,0.0,0.0,0.0,0.0,0.0,0.0,0.0,0.0,0.0,0.0,0.0,0.0428687953070132,0.0,0.0,0.0,0.0,0.1446819315588703,0.0,0.0,0.0,0.1412642971932256,0.0,0.0,0.0,0.0,0.0,0.0,0.0,0.0514380967364588,0.0,0.0,0.0,0.0,0.0,0.0,0.0466622579602736,0.0514380967364588,0.0,0.0,0.0,0.0,0.0,0.0,0.0,0.0,0.0,0.0314550117122367,0.0,0.0,0.0,0.0850578184331553,0.0,0.051991071299262,0.0,0.0,0.1319980478088811,0.0,0.036296342385334,0.0,0.0,0.0,0.0,0.0,0.0,0.0,0.0,0.0,0.0,0.0,0.0,0.0,0.0,0.0498718172203465,0.0,0.0,0.0,0.0,0.2894493822409894,0.0,0.0537565277045019,0.0,0.0,0.0,0.0,0.0,0.0,0.0,0.0,0.0406109970353785,0.0,0.0,0.0,0.0498718172203465,0.0,0.0,0.0,0.0,0.0,0.0678738553534314,0.0,0.0,0.0,0.0,0.0622171879297656,0.0,0.0,0.0,0.1414330189456836,0.044668585868911,0.0,0.0,0.0678738553534314,0.0586782197713818,0.0400134203026659,0.0,0.0,0.0,0.0,0.0,0.0,0.0,0.0,0.0525610631092094,0.0,0.0,0.0,0.051991071299262,0.0,0.0,0.0,0.0,0.0,0.0771974856537561,0.0,0.0595016118698544,0.0644223372580726,0.0435678696756689,0.1264373795743727,0.1157797528963957,0.0,0.0,0.0,0.0,0.0,0.0,0.0,0.0,0.0470880990644085,0.0,0.0,0.0,0.0,0.0,0.0,0.4901365462007541,0.0,0.0,0.0,0.0,0.0430347979388389,0.0,0.0,0.0,0.0,0.0,0.0,0.0,0.0,0.0,0.0,0.0,0.0514380967364588,0.1185707564943041,sport
Dokumen_79,0.0,0.0685301206282896,0.0,0.0,0.0,0.0426923036664544,0.0,0.0855509901911683,0.0,0.0,0.0,0.0587818775529012,0.0,0.0,0.0,0.0,0.0,0.0,0.0,0.0,0.0,0.0,0.0,0.0,0.0,0.0,0.0,0.0,0.0,0.0,0.0,0.0,0.0,0.0550343008036664,0.0478419304375637,0.0381318506044535,0.0,0.0,0.0,0.0,0.0,0.057189637759285,0.0,0.0508158990806883,0.0,0.0,0.0,0.0,0.0579684452442722,0.0,0.0,0.0,0.0564426273523852,0.0,0.0,0.0487805573998661,0.0,0.0,0.0,0.0,0.0,0.0,0.0,0.0301817087527316,0.0,0.0,0.0,0.0,0.0,0.0441282725374008,0.0,0.0,0.0,0.0,0.0966104528394063,0.0,0.0,0.0,0.0469491087903796,0.0,0.0,0.0,0.0,0.1171365190046927,0.0,0.0,0.0,0.021690261200227,0.0,0.0473900750396262,0.0196203492059082,0.0,0.0,0.0,0.1485951613486262,0.0,0.0,0.0,0.0,0.0550343008036664,0.0,0.0,0.0,0.0,0.1370602412565792,0.0,0.0,0.0,0.0,0.0,0.0,0.0550343008036664,0.1763456326587036,0.0,0.0,0.2939093877645061,0.0,0.0487805573998661,0.0,0.0,0.0,0.0,0.0,0.0,0.0,0.0,0.0,0.0,0.0410426094650906,0.0,0.0,0.035857300107761,0.0416847530300715,0.0,0.0,0.0784824670454842,0.0,0.0,0.0,0.0,0.0,0.0,0.0956838608751274,0.0416680028620205,0.0,0.0,0.0,0.115866258157631,0.0,0.1370602412565792,0.0,0.0,0.0,0.0,0.11437927551857,0.0,0.0,0.0,0.1421702251188786,0.1397547910356014,0.0,0.0,0.0,0.0,0.0460978290766664,0.0,0.1504056058746331,0.0,0.0525062582184202,0.0,0.0365845168795939,0.0368334896159281,0.0249173529924234,0.0,0.0,0.0384029550272206,0.0,0.1105004688477842,0.0416847530300715,0.0478419304375637,0.0,0.0,0.0,0.0,0.0,0.0,0.0,0.0,0.0,0.0,0.0,0.0,0.0,0.083369506060143,0.0,0.0,0.0,0.0,0.0897817002398367,0.0,0.050285449944893,0.0,0.0,0.0,0.0,0.0,0.2011417997795722,0.0593324077023937,0.0,0.0,0.0,0.0,0.0,0.0,0.0,0.0,0.0,0.0,0.0,0.0,0.0,0.0,0.0,0.0,0.1249079870391863,0.0,0.0,0.0,0.0,0.057189637759285,0.0,0.0483052264197031,0.0,0.0,0.0,0.0,0.0,0.0,0.0525062582184202,0.0,0.0,0.0,0.0,0.0,0.0478419304375637,0.0,0.0448908501199183,0.0,0.0,0.0,0.0,0.0,0.0,0.0579684452442722,0.0,0.0,0.0,0.0,0.0,0.0,0.0,0.0,0.0,0.0,0.0603634175054632,0.0,0.0,0.0,0.0,0.0,0.0,0.0,0.0513621848369745,0.0,0.2543722031215666,0.0416847530300715,0.0437585788761504,0.0,0.0,0.0,0.0550343008036664,0.0,0.1016317981613767,0.0,0.0,0.0,0.0519252819989769,0.0,0.0,0.0465185191866251,0.0,0.0,0.0,0.0,0.0,0.0,0.0,0.1087376030126126,0.0596331572666144,0.0,0.0221339002332124,0.0,0.0,0.0,0.0,0.0,0.3343495148137791,0.0513621848369745,0.0,0.0,0.0,0.0543688015063063,0.1128852547047705,0.2054487393478981,0.0,0.0,0.0,0.0,0.0,0.0,0.0,0.0,0.0,0.0,0.0,0.0,0.0,0.0,0.0,0.0,0.0,0.0,0.0,0.0487805573998661,0.0,0.0,0.0,0.0,0.127050756982295,0.0,0.0,0.0,0.0,0.0,0.0,0.0,0.0,0.0,0.0,0.0557249191356298,0.0,0.0,0.0,0.0,0.0,0.0,0.0,0.102724369673949,0.0,0.0,0.0,0.0,0.0,0.0,0.0469491087903796,0.0,0.0,0.0,0.0,0.0,0.0,0.0,0.0,0.093223591199747,0.0,0.0,0.1370597804458354,0.0,0.0,0.0,0.0995398900867167,0.0,0.0,0.1135941121563323,0.0,0.0,0.0,0.0,0.0,0.0,0.0,0.0,0.0,0.0,0.0,0.0,0.0,0.0,0.0,0.0,0.0,0.0,0.0,0.0,0.0,0.0,0.0,0.0,0.0,0.0,0.0,0.0,0.0,0.0,0.0,0.0,0.0,0.0,0.0,0.0492685653558287,0.0587818775529012,0.0,0.1210519578275969,0.1292186609504234,0.0,0.0,0.0,0.0,0.0,0.0,0.0,0.0,0.0,0.0,0.034930559611505,0.0882565450748017,0.0,0.0,0.0,0.0,0.0,0.0,0.0,0.0634999475569231,0.0,0.0,0.0,0.0,0.0,0.0,0.0,0.0,0.0,0.0,0.0,0.0469491087903796,0.0272863338474647,0.0,0.0,0.0,0.0,0.0,0.0636430816136308,0.0,0.0,0.0,0.0,0.0,0.0,0.0,0.0,0.0,0.0,0.0,0.0930370383732503,0.0,0.0579684452442722,0.0,0.0,0.0579684452442722,0.0,0.0,0.0,0.0,0.0492685653558287,0.0,0.0637713704753339,0.0,0.0,0.0,0.0,0.0,0.0,0.0,0.0,0.0,0.0543688015063063,0.2304891453833321,0.0,0.1171365190046927,sport
