,abadi,ada,adalah,administratif,agar,agustus,ajang,akan,akhir,akhirnya,aktivitas,alfian,alwi,amri,ana,anda,anggaran,anggota,angka,antara,anthony,apa,arena,asian,atas,atau,atlet,awal,babak,bagaimana,bagi,bagian,bagus,bahkan,bahwa,baik,bali,bank,banyak,barat,baru,bawah,beberapa,begitu,bei,belum,berada,berbagai,berbeda,berdasarkan,berharap,berhasil,berikutnya,berjalan,berlaku,berlangsung,bermain,bersada,bersama,bertemu,beruntun,besar,bidang,bisa,bisnis,bpr,bri,bukan,bulan,bulutangkis,bursa,bwf,campuran,cara,china,christie,citra,coba,cukup,daerah,daftar,dalam,damayanti,dan,dana,daniel,dapat,dari,data,delhi,dengan,depan,destry,dewan,di,dia,dibandingkan,digunakan,dilakukan,diri,dolar,dpr,dua,dulu,dunia,efek,ekonomi,emas,emiten,empat,energi,enggak,fajar,farhan,febi,fikri,final,fokus,gaido,games,ganda,gandhi,gelar,gim,global,grup,gubernur,hal,hanya,harga,hari,harus,hasil,hewan,hingga,ia,ihsg,indeks,india,indonesia,industri,informasi,ingin,ini,internasional,interval,investasi,itu,izin,jadi,jakarta,jasa,jauh,jawa,jepang,jika,joaquin,jonatan,juara,juga,jumlah,justru,juta,kalah,kalau,kali,kami,kamis,kan,kantor,karena,kata,ke,kebijakan,kebutuhan,kedua,kegiatan,kejuaraan,kembali,kemenangan,kementerian,kemudian,kepada,kepala,keputusan,kerja,kesempatan,keterangan,ketiga,ketika,ketua,keuangan,kini,kita,kondisi,krs,kusuma,laga,lagi,lain,lainnya,lalu,langkah,langsung,lapangan,laporan,lawan,lebih,lee,lembaga,leo,level,lewat,lihat,lima,lolos,main,makassar,malaysia,mampu,mana,mandiri,marwah,masih,masing,masters,masuk,masyarakat,mata,mau,maupun,mcy,medali,melaju,melakukan,melalui,melawan,melemah,melihat,memang,memastikan,membangun,membawa,memberikan,membuat,membutuhkan,memiliki,memimpin,memperkuat,menang,mencapai,mendapat,mendapatkan,menegaskan,menetapkan,mengalahkan,mengatakan,mengejar,menggunakan,menghadapi,menguat,menilai,meningkat,menit,menjadi,menjaga,menjelaskan,menteri,menunjukkan,menurut,menurutnya,menyampaikan,meraih,merebut,mereka,merupakan,meski,miliar,modal,mudah,muhammad,mulai,mungkin,naik,nama,namun,nanti,nasional,negara,new,nilai,nita,nomor,nova,nya,ojk,oleh,open,orang,otoritas,pada,pajak,paling,para,pasangan,pasar,pasti,pbsi,pebulutangkis,pelaku,pelatih,pelatnas,peluang,pemain,pembangunan,pembiayaan,pemegang,pemerintah,penawaran,pengalaman,pengawasan,pengembangan,penguatan,penjamin,penting,per,perdagangan,perekonomian,perempatfinal,peringkat,periode,perjalanan,perlu,permainan,pernah,perseroan,persiapan,pertama,pertandingan,pertemuan,pertumbuhan,perubahan,perusahaan,peserta,petenis,pihak,pinjaman,poin,pojk,posisi,positif,prabowo,presiden,produk,program,proses,publik,pun,punya,purbaya,pusat,putin,putra,putri,rabu,rachel,rakyat,rapat,rencana,resmi,reza,rumah,rusia,saat,sabar,saham,saja,salah,sama,sampai,sangat,sanksi,satu,saya,sebagai,sebanyak,sebelum,sebelumnya,sebesar,secara,sedang,sedangkan,sehingga,sejak,sejumlah,sekaligus,sekarang,sekitar,sektor,selain,selalu,selama,selanjutnya,selasa,selatan,seluruh,semakin,sementara,semifinal,sempat,semua,sendiri,sepanjang,seperti,september,serta,sesuai,set,setelah,setiap,shohibul,siap,siapa,sih,sisi,sistem,skor,soal,stabilitas,sudah,super,syahnawi,syariah,tadi,tahun,tak,tambahan,tampil,tanggal,tanpa,tapi,target,tbk,tekanan,teknologi,telah,tengah,tentang,tentu,terakhir,terbaik,tercatat,terhadap,terjadi,terkait,termasuk,tersebut,tertinggal,tertulis,terus,tetap,tetapi,tidak,tiga,tim,timur,tinggi,total,transaksi,trias,triliun,tugas,tumbuh,tunggal,turnamen,turun,turut,uang,ujar,ujarnya,umkm,umum,undang,unggul,unggulan,ungkap,untuk,upaya,usaha,usai,utama,video,violina,wakil,waktu,wib,world,ya,yakni,yang,label
Dokumen_1,0.0,0.031322449973156,0.07280472650767364,0.0,0.0,0.0,0.0,0.05213603567500792,0.0,0.0,0.0,0.05373381520705728,0.11237231308063264,0.0529902387311956,0.0,0.0,0.0,0.0,0.0,0.0,0.0,0.0,0.0,0.2501366051707599,0.0,0.0,0.0,0.0,0.0,0.0,0.0,0.0,0.0,0.0,0.0,0.034857168555714094,0.0,0.0,0.0,0.0,0.03810495529432323,0.0,0.13511245794918972,0.0,0.0,0.0,0.0,0.0,0.0,0.0,0.0,0.0,0.0,0.0,0.0,0.04459138711012962,0.0,0.0,0.0,0.0,0.0,0.0,0.05030807236077922,0.027589767939837768,0.0,0.0,0.0,0.0,0.0529902387311956,0.12101589166477694,0.0,0.0,0.0,0.0,0.0,0.16855846962094895,0.0,0.0,0.0,0.0,0.22131254744310389,0.02086045095078675,0.0,0.10707708443867929,0.0,0.06692290629096269,0.0,0.03965509560584909,0.0,0.0,0.017935395438490462,0.0,0.0,0.0,0.13583412563479533,0.0,0.0,0.0,0.08352625243688304,0.0,0.0,0.0,0.0,0.05227831357292697,0.0,0.0,0.0,0.0,0.0,0.0,0.0,0.0,0.05373381520705728,0.11237231308063264,0.06532858463724397,0.05373381520705728,0.0,0.04459138711012962,0.0,0.2501366051707599,0.0,0.0,0.0,0.0,0.0,0.0,0.0,0.03613471408217547,0.0,0.0,0.0,0.0,0.0,0.0,0.12371535394693953,0.0,0.0,0.0,0.0,0.02414633316556766,0.0,0.0,0.04373336743058927,0.019044821797500062,0.0,0.0,0.0,0.042366364354199194,0.0,0.031322449973156,0.0,0.0,0.0,0.0,0.0,0.0,0.06868534711213314,0.16855846962094895,0.0,0.0,0.0,0.0,0.0,0.0,0.0,0.0,0.10311681978301498,0.0,0.0,0.0,0.0,0.0,0.04555500766163659,0.0,0.10061614472155844,0.0,0.0,0.0,0.0,0.0,0.0,0.0,0.0,0.0529902387311956,0.05227831357292697,0.0,0.0,0.04645193798590079,0.0,0.0,0.0,0.0,0.0,0.0,0.08000137079454206,0.0,0.1090239776670588,0.0,0.0,0.0,0.0,0.0,0.0,0.0,0.0,0.0,0.0,0.054237067000811635,0.0,0.0,0.06387308300311367,0.0,0.0,0.0,0.0,0.0,0.0,0.0,0.0,0.0,0.05618615654031632,0.0,0.0529902387311956,0.0,0.11418115536389291,0.0,0.0,0.0,0.0,0.0,0.09007497196612647,0.0,0.0,0.0,0.0,0.07280472650767364,0.0,0.0,0.04799713268402352,0.0429172194033427,0.0,0.0,0.0529902387311956,0.03751795764992117,0.0,0.0,0.0,0.0,0.0,0.0,0.0,0.0,0.0,0.0,0.0,0.0,0.0,0.0,0.0,0.0,0.0,0.0,0.0,0.0,0.027589767939837768,0.0,0.0,0.0,0.0,0.0,0.0,0.0,0.0,0.0,0.03321818007610381,0.0,0.04000068539727103,0.0,0.0,0.0,0.05030807236077922,0.04033863055492565,0.0,0.0,0.272559944167647,0.0,0.0,0.0,0.0,0.0,0.0,0.0529902387311956,0.3121397097709073,0.0,0.0,0.0,0.0,0.0,0.0,0.0,0.0,0.0,0.05373381520705728,0.0,0.0,0.0,0.0,0.09390261977178009,0.22474462616126528,0.0,0.0,0.0,0.0,0.18780523954356018,0.0,0.0,0.0,0.0,0.0,0.0,0.0,0.0,0.0,0.0,0.0,0.0,0.0,0.0,0.0,0.0,0.0,0.0,0.0,0.0,0.0,0.0,0.0,0.0,0.0,0.0,0.0,0.0,0.0,0.0,0.0,0.0,0.0,0.0,0.0,0.0,0.0,0.0,0.0,0.0,0.0,0.04645193798590079,0.0,0.0,0.0,0.0,0.0,0.0,0.12641713733061175,0.23225968992950394,0.0,0.06532858463724397,0.0,0.0,0.0,0.0,0.0,0.0,0.0,0.0,0.0,0.0,0.04176312621844152,0.038406363743552344,0.0,0.0,0.0,0.0,0.0,0.0,0.0,0.0,0.08746673486117854,0.0,0.0,0.03321818007610381,0.0,0.0,0.0,0.0,0.0,0.0,0.0,0.0,0.04068354414274028,0.0,0.0,0.03902597962973051,0.0,0.0,0.0,0.04645193798590079,0.0,0.03695086210942205,0.0,0.0,0.0,0.0,0.0,0.0,0.13935581395770238,0.036674364634799984,0.0429172194033427,0.0,0.09337345956718758,0.0,0.05373381520705728,0.0,0.0,0.0,0.0,0.0,0.0,0.0,0.0,0.0,0.0,0.0529902387311956,0.0,0.0,0.0,0.0,0.0,0.08427809155374115,0.0,0.0,0.0,0.04969972472450993,0.0,0.0,0.0,0.0,0.0,0.0,0.0,0.0,0.05532813686077597,0.0,0.0,0.0,0.0,0.0,0.0,0.0,0.0,0.0,0.0,0.0,0.029088774712553576,0.0,0.22836231072778582,0.0,0.0,0.0,0.0,0.06387308300311367,0.0,0.0,0.0,0.0,0.0,0.0,0.0,0.0,0.03193079760942529,0.0,0.0,0.0,0.0,0.0,0.0,0.0,0.07772642815043383,0.0,0.0,0.0,0.04503748598306324,0.0,0.0529902387311956,0.0,0.0,0.0,0.0,0.0,0.04645193798590079,0.08923090369889941,sport
Dokumen_2,0.0,0.0,0.0,0.0,0.0,0.0,0.11918217364293814,0.0,0.0,0.09846761400078059,0.0,0.0,0.0,0.0,0.0,0.0,0.0,0.0,0.0,0.10866088999635679,0.0,0.0,0.11280561557222314,0.0,0.0,0.0,0.0,0.0,0.08819428118825812,0.0,0.0,0.0,0.0,0.0,0.0,0.0,0.0,0.0,0.0,0.0,0.0,0.0,0.09846761400078059,0.0,0.0,0.0,0.0,0.0,0.0,0.0,0.0,0.0,0.0,0.09213061527187617,0.0,0.0,0.0,0.0,0.0,0.0,0.0,0.0,0.0,0.0,0.0,0.0,0.0,0.0,0.0,0.0,0.0,0.0,0.0,0.0,0.19308459075124734,0.12284248673382557,0.0,0.0,0.0,0.0,0.0,0.0,0.0,0.15607184087794318,0.0,0.14631675726631493,0.0,0.0,0.0,0.0,0.07842602918168129,0.0,0.0,0.0,0.14849032932444825,0.0,0.0,0.0,0.0,0.0,0.0,0.0,0.0,0.0,0.0,0.0,0.0,0.0,0.0,0.0,0.0,0.0,0.0,0.0,0.0,0.0,0.0,0.0,0.0,0.0,0.08331068991838118,0.0,0.0,0.17204202345808467,0.0,0.0,0.0,0.0,0.0,0.0,0.0,0.0,0.08331068991838118,0.0,0.0,0.0,0.0,0.0,0.0,0.21116914159689046,0.0,0.0,0.0,0.04163860660817328,0.0,0.0,0.0,0.09262761277160382,0.0,0.0,0.0,0.0,0.0,0.0,0.0,0.0,0.0,0.12284248673382557,0.0,0.0465520652606314,0.0,0.0,0.0,0.0,0.0,0.0,0.0,0.07958823134450645,0.0,0.0,0.0,0.0,0.0,0.0,0.0,0.15350344889481657,0.0,0.0,0.08331068991838118,0.0956163571103637,0.0,0.0,0.0,0.0,0.0,0.0,0.0,0.0,0.0,0.0,0.0,0.0,0.0,0.0,0.0,0.11137121180701792,0.0,0.0,0.0,0.0,0.0,0.0,0.0,0.0,0.0,0.0,0.0,0.05929054943229707,0.0,0.0,0.1396487824510368,0.0,0.0,0.0,0.0,0.0,0.0,0.0,0.0,0.0,0.0,0.0,0.0,0.14238419059529614,0.0,0.24568497346765114,0.0,0.0,0.0,0.0,0.0,0.0,0.0,0.0,0.0,0.0,0.23836434728587627,0.0,0.0,0.0,0.0,0.0,0.0,0.0,0.0,0.0,0.0,0.0,0.0,0.0,0.0,0.0,0.0,0.0,0.0,0.0,0.0,0.0,0.0,0.0,0.0,0.0,0.0,0.11137121180701792,0.0,0.0,0.0,0.0,0.0,0.0,0.0,0.0,0.0,0.11137121180701792,0.0,0.08331068991838118,0.0,0.0,0.0,0.0,0.10999094958824827,0.0,0.0,0.0,0.0,0.0,0.0,0.0,0.0,0.0,0.0,0.0,0.19498457331169994,0.0,0.0,0.0,0.0,0.0,0.0,0.0,0.08847314017589537,0.0,0.0,0.0,0.0,0.0,0.0,0.0,0.0,0.0,0.0,0.0,0.0,0.20530379783691505,0.0,0.0,0.0,0.0,0.0,0.0,0.0,0.0,0.0,0.0,0.0,0.0,0.0,0.0,0.0,0.0,0.0,0.0,0.0,0.0,0.0,0.0,0.0,0.07026615703238809,0.08464074951027267,0.0,0.0,0.0,0.0,0.0,0.0,0.0,0.0,0.0,0.0,0.0,0.0,0.0,0.0,0.0,0.0,0.0,0.0,0.10265189891845752,0.0,0.0,0.0,0.0,0.27639184581562853,0.0,0.0,0.0,0.0,0.0,0.0,0.0,0.12912749880445545,0.0,0.0,0.06210521541627194,0.11918217364293814,0.0,0.0,0.0,0.0,0.20530379783691505,0.0,0.0,0.0,0.0,0.0,0.0,0.0,0.0,0.0,0.0,0.0,0.0,0.0,0.0,0.0,0.0,0.0,0.0,0.0,0.0,0.0,0.08532436956245179,0.0,0.0,0.0,0.0,0.0,0.0,0.0,0.0,0.0,0.0,0.0,0.0,0.0,0.0,0.0,0.0,0.06804895650730378,0.0,0.0,0.0,0.0,0.0,0.0,0.0,0.19308459075124734,0.0,0.0,0.0,0.0,0.0,0.0,0.0,0.0,0.08819428118825812,0.0,0.09213061527187617,0.0,0.0,0.0,0.0,0.0,0.0,0.0,0.0,0.0,0.0,0.0,0.0,0.0,0.0,0.0,0.0,0.0,0.0,0.0,0.0,0.0,0.0,0.0,0.0,0.0,0.0,0.0,0.0,0.0,0.0,0.0,0.0,0.0,0.0,0.0,0.2098768628449641,0.0,0.0,0.0,0.0,0.0,0.0,0.0,0.0,0.0,0.0,0.0,0.0,0.04248425371508585,0.0,0.0,0.0,0.0,0.0,0.0,0.17638856237651623,0.0,0.11429858237306119,0.0,0.0,0.0,0.039017960219485795,sport
Dokumen_3,0.0,0.0,0.0,0.0,0.0,0.0,0.0,0.027915122947809966,0.0,0.0,0.0,0.0,0.0,0.0,0.0,0.0,0.0,0.0,0.11196521039607774,0.0,0.0,0.0,0.05525136103691448,0.0,0.042132459024249856,0.0,0.0,0.04179124881352955,0.08639382085023573,0.0,0.0,0.0,0.0,0.0,0.0,0.0,0.0,0.0,0.04595821069674243,0.0,0.0,0.0,0.0,0.0,0.0,0.0,0.0,0.0,0.0,0.0,0.0,0.0,0.0,0.04512489791503718,0.0,0.0,0.0,0.0,0.0,0.0,0.11050272207382895,0.06973872958915596,0.0,0.02954469990557064,0.0,0.0,0.0,0.0,0.0,0.0,0.0,0.0,0.0,0.0,0.047285706390351644,0.0,0.0,0.0,0.0,0.0,0.0,0.0446771255618973,0.0,0.03822142002550469,0.0,0.07166487182808629,0.0,0.0,0.0,0.0,0.01920624620958871,0.0,0.0,0.0,0.03636473571983953,0.0,0.0,0.0,0.0,0.0,0.0,0.0,0.0,0.0,0.0,0.0,0.0,0.0,0.0,0.0,0.0,0.0,0.0,0.0,0.0,0.0,0.0,0.0,0.0,0.0,0.0,0.0,0.0,0.12639737707274956,0.0,0.0,0.0,0.0,0.040176372713751324,0.0,0.0,0.0,0.0,0.0,0.0,0.0,0.0,0.0,0.0,0.0,0.0,0.0,0.0,0.0,0.0,0.12227170512828132,0.0,0.0,0.0,0.0,0.0,0.0,0.0,0.0,0.0,0.0,0.0,0.0,0.0,0.0,0.0,0.0,0.0,0.0,0.0,0.0,0.0,0.0,0.0,0.0,0.0,0.0,0.02439145253946885,0.0,0.0,0.03759243027165157,0.0,0.0,0.0,0.0936643772730779,0.0,0.0,0.0,0.0,0.0,0.0,0.0,0.0,0.0,0.0,0.0,0.0,0.0,0.0,0.0,0.0,0.0,0.0,0.0,0.0,0.0,0.0,0.0,0.0,0.0,0.0,0.0,0.08712022542876437,0.0,0.0,0.0,0.0,0.0583745522925161,0.0,0.0,0.057541239510810846,0.0,0.0,0.0,0.0,0.0,0.0,0.0,0.0,0.0,0.06016734672980442,0.0,0.0,0.0,0.0,0.0,0.0,0.0,0.0,0.0,0.0,0.0,0.0,0.0,0.0,0.0,0.0,0.0,0.0,0.0,0.0,0.0,0.0,0.0,0.0,0.0,0.0,0.0,0.0,0.0,0.0,0.0,0.06016734672980442,0.0,0.08567003888228163,0.0,0.0,0.0,0.05454880062002351,0.0,0.044328633738981764,0.0,0.0,0.0,0.0,0.0,0.0,0.0,0.10909760124004703,0.10671577563440683,0.0,0.04283501944114081,0.0,0.0,0.0,0.0,0.0,0.0,0.0,0.0,0.0,0.0,0.0,0.0,0.0,0.0,0.0,0.0,0.0,0.0,0.0,0.0,0.0,0.0,0.0,0.043333493506786086,0.0,0.0,0.0,0.0,0.0,0.0,0.0,0.0,0.0,0.0,0.0,0.0,0.0,0.0,0.0,0.0,0.0,0.0,0.0,0.0,0.0,0.0,0.0,0.0,0.0,0.0,0.0,0.0,0.0,0.0,0.0,0.0,0.04775100513403075,0.0,0.0,0.0,0.06883169408153056,0.041456416738695115,0.0,0.0,0.0,0.0,0.0,0.0,0.0,0.0,0.09107341805463431,0.0,0.10909760124004703,0.0,0.0,0.0,0.0,0.0,0.0,0.0,0.0,0.0,0.0,0.0,0.0,0.0,0.0,0.04595821069674243,0.0,0.0,0.0,0.0,0.0,0.6324569942771074,0.0,0.0,0.030418677845367153,0.5837455229251609,0.0,0.0,0.0,0.0,0.0,0.0,0.0,0.0,0.0,0.0,0.0,0.0,0.0,0.0,0.0,0.0,0.0,0.0,0.04595821069674243,0.0,0.0,0.0,0.0,0.0,0.0,0.0,0.0,0.0,0.0,0.0,0.0,0.0,0.0,0.0,0.0,0.0,0.0,0.0,0.0,0.0,0.0,0.0,0.0,0.0,0.0,0.0,0.0,0.0,0.0,0.0,0.0,0.047285706390351644,0.0,0.0,0.0,0.0,0.0,0.0,0.0,0.0,0.04319691042511786,0.0,0.04512489791503718,0.0,0.0,0.0,0.0,0.0,0.0,0.0,0.0,0.0,0.0,0.0,0.0,0.0,0.0,0.0,0.0,0.0,0.0,0.0,0.059248530232312614,0.0,0.03732704772226227,0.0,0.0,0.0,0.08426491804849971,0.0,0.0,0.0,0.0,0.0,0.0,0.0,0.0,0.0,0.0,0.0,0.0,0.0,0.0,0.0,0.0,0.0,0.0,0.0,0.1559563080079222,0.0,0.0,0.062425425236740016,0.0,0.0,0.0,0.0,0.0,0.0,0.08639382085023573,0.04553670902731716,0.05598260519803887,0.0,0.0,0.0,0.0,sport
Dokumen_4,0.0,0.0,0.08287279537937828,0.0,0.0,0.0,0.0,0.0,0.05798372128213821,0.05126566006511436,0.0,0.0,0.0,0.0,0.0,0.0,0.0,0.0,0.0,0.0,0.2285327581854057,0.0,0.0,0.0,0.0,0.0,0.0,0.0,0.09183401232914018,0.0,0.0,0.0,0.0,0.0,0.0,0.0,0.0649855577965501,0.0,0.04885218463790574,0.0,0.0,0.0,0.0,0.0,0.0,0.0,0.0,0.0,0.0,0.0,0.0,0.05232376393503465,0.0,0.0,0.0,0.0,0.0,0.0,0.0,0.0,0.0,0.0,0.0,0.09421536084480923,0.0,0.0,0.0,0.0,0.0,0.0,0.0,0.0,0.0,0.0,0.0,0.0,0.0,0.0,0.0,0.0,0.0,0.04749042997871561,0.0,0.1828269482113592,0.0,0.0,0.038855480040082685,0.06770841911369932,0.0,0.0,0.14290960206353015,0.0,0.0,0.0,0.13529114055283673,0.04553232702019049,0.0,0.0,0.0,0.057265108828427246,0.0,0.0,0.15330612077087344,0.0,0.0,0.0,0.0,0.0,0.0,0.0,0.0,0.0,0.0,0.0,0.0,0.0,0.0,0.0,0.0,0.0,0.0,0.0,0.0,0.044785526596829495,0.0,0.0,0.0,0.0,0.0,0.0,0.0,0.07462154194671666,0.0,0.0,0.035205946456826016,0.0,0.0,0.0,0.04931102539510652,0.08245649246610948,0.0,0.0,0.0,0.02167850489342327,0.0,0.0,0.0,0.02411257628804961,0.0,0.0,0.0,0.0,0.05525894240837031,0.0,0.0,0.0,0.0,0.0,0.0,0.02423662213407172,0.0,0.0,0.0,0.10357472622248277,0.0,0.0,0.0,0.04143639768968914,0.0,0.0,0.0,0.0,0.051854749128834435,0.0,0.0,0.11987884102384065,0.0,0.0,0.0,0.0,0.0,0.0,0.04303742180378259,0.0,0.0,0.0,0.0,0.0,0.0,0.0,0.0,0.0,0.0,0.0,0.0,0.0,0.0,0.05463459237499786,0.04671049472743513,0.0,0.0,0.046309617394055536,0.0,0.08412149544612317,0.04978119669118444,0.0,0.05232376393503465,0.0,0.0,0.0,0.0,0.0,0.0,0.0,0.0,0.18349377930037666,0.0,0.0,0.0,0.05178736311124139,0.0,0.0,0.0,0.0,0.0,0.0,0.0,0.0,0.0,0.0,0.0,0.0,0.0,0.0,0.08743505748764578,0.0,0.0,0.0,0.05463459237499786,0.0,0.0,0.0,0.0,0.04270626615218979,0.0,0.0,0.0,0.0,0.0,0.09862205079021304,0.0,0.0,0.0,0.0,0.0,0.057265108828427246,0.0,0.06395606545721418,0.0,0.09106465404038099,0.0,0.0,0.0,0.05798372128213821,0.0,0.0,0.0,0.0,0.0,0.0,0.0,0.0,0.0,0.0,0.0,0.043374438920719884,0.04553232702019049,0.0,0.0,0.060318188421625604,0.0,0.04591700616457009,0.0,0.0,0.0,0.07316600401175144,0.0,0.0,0.0,0.0,0.0,0.0,0.0,0.0,0.0,0.0,0.0,0.0,0.0,0.0,0.04606218983954165,0.0,0.0,0.0,0.0,0.0,0.0,0.0,0.0,0.0,0.0,0.0,0.0,0.0,0.0,0.0,0.0,0.0,0.0,0.06722826104748711,0.0,0.0,0.0,0.0,0.0,0.0,0.0,0.0,0.06395606545721418,0.0,0.0,0.0,0.0,0.05075787077190545,0.0,0.0,0.0,0.18291501002937863,0.08813382828623705,0.0,0.0,0.0,0.0,0.0,0.2790833131653493,0.0,0.0,0.04840414114213474,0.0,0.0,0.0,0.0,0.0,0.0,0.0,0.0,0.0,0.0,0.0,0.0,0.0,0.0,0.0,0.0,0.04885218463790574,0.0,0.0,0.0,0.0,0.0,0.0,0.0,0.0,0.03233413233488178,0.0,0.0,0.0,0.0,0.0,0.0,0.0,0.0,0.033921799051008165,0.07879908953638805,0.0,0.0,0.09956239338236889,0.0,0.0,0.0,0.0,0.0,0.052875714755626156,0.0,0.0,0.0,0.0,0.0,0.0,0.0,0.0,0.0,0.0,0.0,0.0,0.0,0.0,0.0,0.0,0.1389288521821666,0.0,0.05403006636217839,0.0,0.0,0.0,0.0,0.0,0.5694553277395754,0.0,0.0,0.0,0.0,0.0,0.0,0.0,0.0,0.3015796338840921,0.0,0.0,0.0,0.0,0.0,0.0,0.0,0.036346465174995665,0.0,0.0,0.0,0.0,0.0,0.0,0.0,0.0,0.0,0.0,0.0,0.0,0.0,0.0,0.0,0.0,0.0,0.0,0.0,0.0,0.0,0.0,0.06297939137649317,0.0,0.0,0.0,0.0,0.03311142270874681,0.0,0.0,0.0,0.0,0.0,0.0,0.0,0.0,0.0,0.0,0.0,0.0,0.0,0.0,0.0,0.036346465174995665,0.0,0.0,0.0,0.0,0.0,0.05126566006511436,0.0,0.08847511260140405,0.0,0.0,0.05344414413200269,0.0,0.0,0.0,0.0,0.04840414114213474,0.0,0.056572633606028606,0.0,0.0,0.10157052678408846,sport
Dokumen_5,0.0,0.0,0.0,0.0,0.0,0.0,0.0,0.0,0.0,0.03880037619686701,0.0,0.0,0.0,0.0,0.0,0.0,0.0,0.0,0.0,0.0,0.1153098972377596,0.0,0.0,0.0,0.0,0.0,0.0,0.0,0.069504503043804,0.0,0.0,0.0,0.0,0.04334105447341129,0.0,0.03002990117227946,0.049184270458368935,0.0,0.0,0.0,0.0,0.0,0.0,0.0,0.0,0.0,0.0,0.0,0.0,0.0,0.0,0.11880360394093047,0.044450151105384965,0.0,0.0,0.0,0.044450151105384965,0.0,0.0,0.0,0.0,0.0,0.0,0.0,0.0,0.0,0.0,0.0,0.0,0.0,0.0,0.0,0.0,0.0,0.0,0.0,0.0,0.0,0.0,0.0,0.0,0.03594309615022463,0.0,0.04612414600414018,0.0,0.0,0.0,0.03416337732990446,0.0,0.0,0.13906417455522097,0.0,0.0,0.0,0.16090642511337663,0.0,0.0,0.0,0.0,0.0,0.0,0.0,0.0580148110025017,0.0,0.0,0.0,0.0,0.0,0.0,0.0,0.0,0.0,0.0,0.0,0.0,0.0,0.0,0.0,0.0,0.0,0.09848373425687254,0.0,0.0,0.0,0.0,0.0,0.0,0.0,0.0,0.0,0.0,0.02823862890134856,0.0,0.0,0.0,0.0,0.0,0.0,0.0,0.0,0.0,0.0,0.0,0.03281472019211654,0.0,0.0,0.0,0.03649917039451632,0.0,0.026984695433999874,0.0,0.0,0.0,0.0,0.0,0.0,0.0,0.0,0.0,0.0,0.0,0.0,0.0,0.07839045350855707,0.0,0.0,0.0,0.0,0.0,0.0,0.028811332492776613,0.0,0.039246227810925384,0.0,0.0,0.12097361401664952,0.0,0.0,0.0,0.15070744484279597,0.0,0.0,0.03257284026791134,0.0,0.0,0.0,0.0,0.0,0.15520150478746805,0.0,0.0,0.0,0.0,0.0,0.0,0.0,0.0,0.12405045023237252,0.0,0.0,0.0,0.0,0.04182268892983176,0.0,0.07535372242139798,0.0,0.03960120131364348,0.0,0.0,0.0,0.0,0.0,0.04696278284218067,0.0,0.0,0.04629237620658486,0.0,0.0,0.0,0.039195226754278535,0.0,0.0,0.0,0.0,0.0,0.0,0.0,0.0,0.0,0.0,0.0,0.0,0.0,0.0,0.0,0.0,0.0,0.0,0.0,0.03697373913809027,0.0,0.0,0.0,0.0,0.0,0.0,0.0,0.0,0.0,0.03732101241948824,0.0,0.0,0.0,0.0,0.0,0.04334105447341129,0.0,0.0,0.05088165872419382,0.034461107401294565,0.0,0.0,0.0,0.08776987153520337,0.0,0.0,0.0,0.0,0.0,0.0,0.0,0.0,0.0,0.08776987153520337,0.028617891416336933,0.032827911418957516,0.034461107401294565,0.0,0.0,0.04565177546334126,0.0,0.0,0.0,0.0,0.0,0.027687817506608595,0.0,0.0,0.0,0.0,0.0,0.0,0.0,0.0,0.0,0.0,0.03183364522574136,0.0,0.0,0.0,0.01743106683846161,0.0,0.0,0.0,0.0,0.0,0.0,0.0,0.0,0.0,0.0,0.0,0.0,0.0,0.0,0.0,0.0,0.0,0.0,0.0,0.0,0.0,0.0,0.0,0.0,0.0,0.0,0.0,0.04840509995695938,0.0,0.0,0.0,0.0,0.0,0.0,0.0,0.04766590491478939,0.138439087533043,0.03335201076932089,0.0,0.0,0.0,0.0,0.0,0.05280599882713831,0.0,0.0,0.0,0.0,0.0,0.0,0.0,0.0,0.0,0.0,0.0,0.0,0.0,0.0,0.0,0.0,0.0,0.03630333250249446,0.0,0.0,0.0,0.0,0.0,0.0,0.0,0.0,0.09007688547847234,0.0,0.0,0.0,0.0,0.0,0.0,0.0,0.0,0.0,0.0,0.0,0.05963903154858644,0.0,0.0,0.07535372242139798,0.0,0.0,0.028617891416336933,0.0,0.0,0.0,0.0,0.0,0.0,0.0,0.0,0.03504939903514578,0.0,0.04503844273923617,0.03362138578637027,0.0,0.04044916022162722,0.0,0.0,0.0,0.0,0.0,0.07009879807029155,0.0,0.0,0.0,0.0,0.0,0.0,0.0,0.8081096920753812,0.0,0.0,0.0,0.0,0.0,0.0,0.0,0.0,0.03804171978264405,0.0,0.0,0.02920618305018814,0.09681019991391876,0.0,0.0,0.0,0.0,0.0,0.0,0.0,0.0,0.0,0.031130523153132632,0.0,0.0,0.05000798858046025,0.0,0.0,0.0,0.0,0.0,0.0,0.0,0.0,0.0,0.0,0.0,0.0,0.0,0.09533180982957878,0.0,0.0,0.0,0.0,0.05012071066211076,0.03389589206351129,0.0,0.0,0.039195226754278535,0.0,0.0,0.0,0.0,0.0,0.0,0.0,0.03663463775587079,0.0,0.0,0.0,0.027508794784363255,0.0,0.0,0.0,0.0,0.04182268892983176,0.03880037619686701,0.0,0.03348116115772661,0.0,0.0,0.04044916022162722,0.03880037619686701,0.0,0.0,0.0,0.0,0.0,0.04281695512304791,0.0,0.0,0.07687357667356697,sport
Dokumen_6,0.0,0.0,0.0,0.0,0.0,0.0,0.0,0.0,0.0,0.0,0.0,0.0,0.0,0.0,0.0,0.0,0.0,0.0,0.13657675920990792,0.0,0.0,0.0,0.03369819877828186,0.0,0.0,0.0,0.0,0.05097756085212271,0.10538441383485234,0.0,0.0,0.0,0.0,0.0,0.0,0.02276603237177834,0.0,0.0,0.0,0.0,0.0,0.0,0.0,0.0,0.0,0.0,0.0,0.0,0.0,0.0,0.0,0.0,0.0,0.027521996766281278,0.0,0.029123678270916088,0.0,0.0,0.0,0.0,0.03369819877828186,0.02126707404248466,0.0,0.07207809194762992,0.0,0.0,0.0,0.0,0.0,0.0,0.0,0.0,0.0,0.0,0.05767977850351716,0.0,0.0,0.0,0.0,0.0,0.0,0.0,0.0,0.0,0.0,0.5682159074905481,0.0,0.025899670790120215,0.0,0.0,0.011714026413266557,0.0,0.0,0.0,0.06653733427425122,0.0,0.0,0.0,0.0,0.0,0.0,0.0,0.02199086599966491,0.0,0.0,0.0,0.0,0.0,0.0,0.0,0.0,0.0,0.0,0.0,0.0,0.0,0.0,0.0,0.0,0.0,0.024887237882479152,0.0,0.0,0.2055750957184059,0.0,0.0,0.0,0.0,0.024503855986349087,0.0,0.0,0.0,0.0,0.0,0.08080139235463901,0.0,0.0,0.0,0.0,0.0,0.0,0.0,0.0,0.024877237453388087,0.0,0.1491487683577393,0.0,0.0,0.0,0.0,0.0,0.0,0.0,0.0,0.0,0.0,0.0,0.0,0.0,0.0,0.0,0.0,0.0,0.0297143768801609,0.0,0.0,0.0,0.0,0.0,0.0,0.0,0.0,0.04462956209984891,0.0,0.0,0.160495237557046,0.0,0.0,0.049774475764958304,0.0,0.0,0.02528456395784482,0.0,0.0,0.0,0.0,0.0,0.0,0.0,0.0,0.0,0.0,0.0,0.0,0.0,0.033269702174074656,0.0,0.06269610078572453,0.026801388624640966,0.0,0.0,0.0,0.0,0.0,0.0,0.0,0.0,0.0,0.0,0.0,0.5423210651527616,0.0,0.0,0.0,0.033269702174074656,0.0,0.0,0.0,0.040032868301026994,0.0,0.0,0.0,0.0,0.02126707404248466,0.0,0.07339298696038002,0.0,0.0,0.0,0.0,0.0,0.0,0.0,0.07227220150307492,0.0,0.0,0.03560305537871091,0.0,0.0,0.0,0.0,0.0,0.0,0.0,0.0,0.0,0.0,0.0392791030384953,0.0,0.02829351225684093,0.0,0.0,0.09857213750135622,0.0,0.0,0.06571475833423748,0.0,0.14678597392076004,0.0,0.0,0.0,0.0,0.0,0.0,0.0,0.0,0.0,0.0,0.03669649348019001,0.0,0.0,0.0,0.0,0.0,0.08678228258676748,0.0,0.0,0.0,0.0,0.0,0.0,0.0,0.0,0.0,0.0,0.020990470332989623,0.0,0.0,0.0,0.0,0.0,0.0,0.0,0.0,0.0,0.0,0.0,0.0,0.0,0.0,0.013214703226708173,0.0,0.0,0.0,0.0,0.0,0.0,0.0,0.0,0.0,0.0,0.0,0.0,0.0,0.0,0.0,0.0,0.0,0.0,0.0,0.0,0.0,0.0,0.0,0.0,0.0,0.0,0.0,0.0,0.0,0.0,0.0,0.0,0.0,0.0,0.0,0.0,0.16792376266391698,0.0,0.0,0.0,0.0,0.0,0.0,0.0,0.0,0.0,0.1944121430855357,0.0,0.0,0.0,0.0,0.0,0.0,0.0,0.0,0.0,0.0,0.0,0.0,0.0,0.0,0.0,0.0,0.0,0.0,0.0,0.0,0.0,0.0,0.0,0.0,0.0,0.09276284179867013,0.0,0.0,0.0,0.0,0.049774475764958304,0.03066499905323912,0.0297143768801609,0.0,0.038927068724838934,0.0,0.0,0.0,0.0,0.0,0.0,0.0,0.0,0.0,0.0,0.0,0.0,0.0,0.0,0.0,0.0,0.0,0.0,0.0,0.0,0.03066499905323912,0.03414418980247698,0.0,0.0,0.0,0.0,0.02657137459320306,0.0,0.0,0.0,0.0,0.0,0.0,0.0,0.0,0.020328130398522742,0.0,0.0,0.0,0.0,0.0,0.0,0.0,0.14419944625879288,0.0,0.0,0.0,0.0,0.0,0.0,0.0,0.0,0.0,0.0,0.027521996766281278,0.0,0.0,0.0,0.0,0.0,0.0,0.0,0.0,0.0,0.0,0.0,0.0,0.0,0.0,0.0,0.06132999810647824,0.0,0.0,0.0,0.10840830225461238,0.0,0.0,0.0,0.0,0.0,0.0,0.0,0.0,0.0,0.0,0.0,0.0,0.0,0.0,0.0,0.0,0.0,0.0,0.0,0.0,0.0,0.0,0.0,0.0,0.0,0.06341257565844277,0.08824510764795183,0.0,0.050764948868040054,0.0,0.0,0.15332499526619559,0.0,0.0,0.0,0.0,0.0,0.0,0.0,0.0,0.0,0.011655758206093127,sport
Dokumen_7,0.0,0.0467264887888034,0.1086092958835665,0.0,0.0,0.0,0.0,0.0,0.0,0.06718642972267645,0.0,0.08015951868401092,0.08381789470226789,0.0,0.0,0.0,0.0,0.0,0.0,0.0,0.0,0.0,0.07696953602335023,0.0,0.0,0.0,0.0,0.05821853019810043,0.06017672851248225,0.0,0.0,0.0,0.0,0.0,0.0,0.0,0.0,0.0,0.0,0.0,0.0,0.0,0.0,0.0,0.0,0.0,0.0,0.0,0.0,0.0,0.0,0.0,0.0,0.0,0.0,0.0,0.0,0.0,0.0,0.0,0.0,0.04857579576862296,0.0,0.0,0.0,0.0,0.0,0.0,0.0,0.0,0.0,0.07798821724215177,0.0,0.0,0.06587274617488743,0.2514536841068037,0.0,0.0,0.0,0.0,0.08253791031500014,0.031119392905621664,0.0,0.053245475049042756,0.0,0.09983486072126463,0.0,0.08873555781078647,0.0,0.0,0.08026748111315818,0.0,0.0,0.0,0.0759884494274562,0.0,0.0,0.0,0.0,0.0,0.0,0.0,0.050228997813282425,0.0,0.0,0.0,0.0,0.0,0.0,0.08132038960133234,0.0,0.0,0.08015951868401092,0.08381789470226789,0.0,0.08015951868401092,0.0,0.0,0.0,0.0,0.11368911230660336,0.0,0.0,0.234775452532485,0.0,0.0,0.0,0.0,0.0,0.0,0.0,0.0,0.05684455615330168,0.0,0.04613930347210043,0.0,0.0,0.0,0.0,0.0720424722152043,0.0,0.0,0.0,0.028410857163737393,0.0,0.0,0.0,0.03160083982439807,0.0,0.0,0.0,0.0,0.0,0.0,0.0,0.0,0.0,0.5867252629158752,0.0,0.03176340863762644,0.0,0.0,0.0,0.0,0.0,0.0,0.0,0.0,0.0,0.0,0.0,0.0,0.0,0.0,0.0,0.05236924234438286,0.0,0.0,0.05684455615330168,0.195722879726207,0.0,0.0,0.0,0.0,0.0,0.0,0.0,0.0,0.0,0.0,0.0,0.0,0.0,0.0,0.0,0.07599081353938571,0.08132038960133234,0.0,0.0,0.13574029975530696,0.0,0.0606912668358873,0.0,0.11024578508847478,0.0,0.0,0.0,0.04045513210689073,0.0,0.0,0.09528516764841624,0.0,0.0,0.0,0.0,0.0,0.0,0.0,0.09143845696583063,0.06787014987765348,0.0,0.0,0.0,0.0,0.0,0.08381789470226789,0.07414150655956615,0.0,0.0,0.0,0.0,0.0,0.0,0.08253791031500014,0.0,0.0,0.0,0.0,0.0,0.0,0.0634362538783649,0.0,0.0,0.05596887947814653,0.0,0.08810628460665006,0.06121663833705033,0.0,0.0,0.06462477490884613,0.0,0.0,0.0,0.0,0.0,0.07504903291941967,0.0,0.0,0.0,0.0,0.0,0.0,0.0,0.07599081353938571,0.04115811449715349,0.06175330901186061,0.0,0.0,0.0,0.0,0.0,0.0,0.0,0.0,0.04955451825258748,0.0,0.0,0.0,0.0,0.0,0.07504903291941967,0.0,0.0,0.0,0.08132038960133234,0.0,0.0,0.0,0.0,0.0,0.0,0.0,0.06652094429600341,0.0,0.0,0.0,0.0,0.0,0.08132038960133234,0.0,0.060366999597707076,0.0,0.0,0.0,0.06652094429600341,0.0,0.0,0.0,0.0,0.0,0.0,0.0,0.0,0.0,0.0,0.0,0.0,0.0,0.0,0.0,0.0,0.0,0.0,0.0,0.0,0.0,0.0,0.0,0.0,0.0,0.0,0.0,0.0,0.0,0.0,0.0,0.0,0.0958880190049424,0.0,0.0,0.0,0.0,0.0,0.0,0.0,0.0,0.0,0.0,0.0,0.0,0.0,0.0,0.0,0.0,0.0,0.0,0.0,0.0,0.0,0.0,0.0,0.0,0.06286256827774644,0.06929649377288748,0.0,0.0,0.0,0.0,0.0,0.0,0.08810628460665006,0.0,0.0,0.0,0.08132038960133234,0.0,0.0,0.0,0.0,0.0,0.0,0.0,0.0,0.0,0.0,0.0,0.0,0.0,0.0,0.0,0.0,0.0,0.0,0.0,0.06787014987765348,0.0,0.0,0.0,0.0,0.06718642972267645,0.0,0.0,0.0,0.07004145131951263,0.0,0.0,0.0,0.0,0.0,0.0606912668358873,0.0,0.07080933420038558,0.0,0.0,0.0,0.0,0.0,0.0,0.04643116907497309,0.0,0.08015951868401092,0.0,0.0,0.0,0.0,0.0,0.13174549234977487,0.0,0.0,0.0,0.08381789470226789,0.0,0.0,0.0,0.0,0.0,0.0,0.06286256827774644,0.0,0.0,0.0,0.0,0.0,0.0,0.0,0.0,0.0,0.0,0.0,0.0,0.0,0.0,0.0,0.07004145131951263,0.0,0.0,0.07441951427616676,0.0,0.0,0.0,0.0,0.08015951868401092,0.0,0.05869386313312125,0.0,0.0,0.0,0.0,0.0,0.0,0.0,0.0,0.0,0.0,0.0634362538783649,0.0,0.0,0.0,0.0,0.0,0.0,0.0,0.0,0.0,0.06718642972267645,0.0,0.08696357748222712,0.0,0.0,0.0,0.0,0.06017672851248225,0.0,0.18053018553744676,0.0634362538783649,0.0,0.0,0.0,0.06929649377288748,0.053245475049042756,sport
Dokumen_8,0.0,0.0,0.05282890962453666,0.0,0.0,0.0,0.0,0.0,0.0739257498745032,0.06536062672977165,0.0,0.0,0.0,0.0,0.0,0.0,0.0,0.0,0.0,0.0,0.19424366179764246,0.0,0.0,0.0,0.0,0.0,0.0,0.05663643144516827,0.23416566150980622,0.0,0.0,0.0,0.0,0.0,0.0,0.0,0.08285266941986927,0.0,0.0,0.0,0.0,0.0,0.0,0.0,0.0,0.0,0.0,0.0,0.0,0.0,0.0,0.0,0.0,0.0,0.0,0.0,0.0,0.0,0.0,0.07690205477574028,0.0,0.0,0.0,0.08007927105677698,0.0,0.0,0.0,0.0,0.0,0.0,0.0,0.0,0.0,0.0,0.0,0.0,0.0,0.0,0.0,0.0,0.0,0.06054743590802656,0.0,0.12949629985157726,0.0,0.0,0.0,0.028774717829521075,0.0,0.0,0.05205746550537332,0.0,0.0,0.0,0.2217703500231881,0.05805097265351923,0.0,0.08285266941986927,0.0,0.0,0.09712183089882123,0.0,0.09772803200395114,0.07586887378187601,0.0,0.0,0.0,0.0,0.0,0.0,0.0,0.0,0.0,0.0,0.0,0.0,0.0739257498745032,0.06471322598610335,0.0,0.0,0.05529979538563712,0.0,0.0,0.0,0.0,0.0,0.0,0.0,0.0,0.0,0.0,0.09513796843704923,0.0,0.0,0.0,0.0,0.0,0.0,0.06286858533408524,0.10512705812581617,0.0,0.0,0.0,0.0,0.0,0.0,0.0,0.06148416293692902,0.0,0.0,0.0,0.0,0.0,0.0,0.15173774756375202,0.0,0.0,0.0,0.0,0.0,0.0,0.0,0.0,0.0,0.0,0.0,0.0,0.0,0.0,0.0,0.0,0.0,0.03305583989039524,0.0,0.0,0.0,0.0,0.04886401600197557,0.05529979538563712,0.06346802539870101,0.0,0.0,0.054870118874036485,0.0,0.0,0.0,0.0,0.0,0.1307212534595433,0.0,0.0,0.0,0.0,0.0,0.0,0.0,0.0,0.0,0.0,0.0,0.06670964539051545,0.0,0.0,0.0,0.12693605079740203,0.0,0.0,0.0393557568076822,0.0,0.0,0.0,0.0,0.07911049377369046,0.0,0.0,0.07798116972683038,0.0,0.0,0.0,0.0,0.0,0.0,0.0,0.0,0.0,0.0,0.07212669813569722,0.0,0.0,0.0,0.0,0.0,0.0,0.0,0.05573721423158851,0.05282890962453666,0.0,0.0,0.0,0.06228359102363036,0.06171236257073235,0.0,0.0,0.05444791537747133,0.0,0.0,0.0,0.0,0.0,0.06286858533408524,0.0,0.0,0.0,0.0,0.0,0.0,0.0,0.0,0.0,0.05805097265351923,0.0,0.0,0.0,0.1478514997490064,0.0,0.0,0.0,0.0,0.0,0.0,0.0,0.0,0.0,0.0,0.0,0.0,0.05805097265351923,0.0,0.0,0.0,0.0,0.0,0.0,0.0,0.0,0.046641122648640905,0.0,0.0,0.0,0.0,0.0,0.0,0.06471322598610335,0.0,0.0,0.0,0.0,0.0,0.0,0.0,0.08808977371892479,0.0,0.0,0.0,0.0,0.0,0.0,0.0,0.0,0.0,0.0,0.0,0.0,0.13627612522952703,0.0,0.0,0.0,0.0,0.0,0.0,0.0,0.0,0.0,0.0,0.06813806261476352,0.0,0.0,0.0,0.0,0.0,0.0,0.0,0.0,0.0,0.0,0.0,0.0,0.09328224529728181,0.1123653191154846,0.0,0.0,0.0,0.0,0.0,0.17790720177151464,0.0,0.0,0.06171236257073235,0.0,0.0,0.0,0.0,0.0,0.0,0.0,0.0,0.0,0.06813806261476352,0.07798116972683038,0.0,0.0,0.0,0.0,0.0,0.0,0.0,0.0,0.0,0.0,0.0,0.0,0.0,0.0,0.08244813980691827,0.0,0.0,0.0,0.0,0.0,0.0,0.0,0.0,0.04324824927562008,0.10046408982722664,0.0,0.0,0.0,0.0,0.0,0.0,0.0,0.0,0.0,0.0,0.06602576666980917,0.0,0.0,0.0,0.0,0.06536062672977165,0.0,0.05663643144516827,0.0,0.0,0.0,0.06741334941991936,0.0,0.0,0.0,0.0,0.0,0.0,0.0,0.05757024230785251,0.0,0.053223651478862224,0.0,0.5445159157473799,0.045169393924677496,0.0,0.0,0.0,0.0,0.0,0.0,0.0,0.06408264276243636,0.0,0.0,0.0,0.1630802574723269,0.0,0.0,0.0,0.0926791048913509,0.0,0.0,0.0,0.0,0.0,0.0,0.0,0.0,0.0,0.0,0.050946099013159545,0.0,0.0,0.0,0.0,0.0,0.0,0.0,0.0,0.0,0.0,0.036198575471958275,0.0,0.0,0.0,0.0,0.0,0.0,0.05709884712444312,0.0,0.0,0.0,0.07586887378187601,0.0,0.0,0.0,0.0,0.0,0.06965581237459677,0.0,0.08154012873616345,0.0,0.0,0.04633955244567545,0.0,0.0,0.0,0.0,0.0,0.06536062672977165,0.0,0.056400218023819046,0.0,0.0,0.0,0.19608188018931497,0.0,0.0,0.11708283075490311,0.0,0.0,0.07212669813569722,0.0,0.0,0.07769777991094637,sport
Dokumen_9,0.0,0.025829503068542727,0.0600371269918543,0.0,0.04003229440517251,0.0,0.0,0.08598611504549458,0.0,0.0,0.0,0.04431063808752727,0.04633291789152774,0.0,0.0,0.0,0.0,0.0,0.0,0.0,0.0,0.0,0.04254727711053306,0.3609737545630286,0.0,0.02633116616166683,0.0,0.0,0.0,0.0,0.0,0.0,0.0,0.0,0.03606394612216518,0.0,0.0,0.0,0.0,0.0,0.0,0.0,0.0742787287326471,0.0,0.0,0.0,0.0,0.0,0.0,0.07503462339962388,0.0,0.0,0.0,0.0,0.0,0.0,0.0,0.0,0.0,0.0,0.0,0.0,0.0,0.04550282600966146,0.0,0.0,0.0,0.035390924120622606,0.0,0.0,0.0,0.0431103844688845,0.04049993968885984,0.0,0.2913054832170989,0.04633291789152774,0.0,0.0,0.035390924120622606,0.0,0.09125073434849013,0.06880880420354184,0.0,0.14716536560038032,0.0,0.05518678822632495,0.0,0.08175217890941293,0.0,0.0,0.0443703176390457,0.0,0.0,0.0,0.07000825222611191,0.0,0.0,0.0,0.0,0.0,0.0,0.0,0.0,0.0,0.0,0.0,0.0,0.0,0.0,0.08990469034540499,0.0,0.0,0.04431063808752727,0.04633291789152774,0.0,0.04431063808752727,0.0,0.0,0.0,0.3609737545630286,0.09426772751284586,0.0,0.0,0.0,0.0,0.0,0.0,0.0,0.06187703727355992,0.0,0.0,0.027029756687185495,0.0,0.0,0.0,0.0,0.0,0.0,0.0,0.019911845565356426,0.0,0.0,0.0,0.03140994931622281,0.0,0.0,0.0,0.052405006905316825,0.0,0.025829503068542727,0.0,0.0,0.0,0.0,0.0431103844688845,0.0,0.0,0.04633291789152774,0.0,0.017558200544046457,0.0,0.0,0.0,0.0,0.0,0.0,0.08503345732170986,0.0,0.0,0.0,0.055155886628487326,0.0,0.018783064721823402,0.0,0.12445697994845781,0.0,0.0,0.0,0.0,0.0,0.0,0.0,0.0,0.0,0.0,0.0,0.0,0.0,0.0,0.0,0.0,0.0,0.0,0.0,0.06597171211690635,0.0,0.044952345172702496,0.0,0.0,0.0,0.0,0.03354896341680462,0.0,0.0,0.0,0.0,0.0,0.022362817878659503,0.0,0.0,0.052671805520964385,0.0,0.0,0.0,0.0,0.0,0.0,0.0,0.0,0.0,0.0,0.0,0.0,0.026851764350057476,0.18831493100756733,0.3243304252406942,0.08196799377939033,0.0,0.0,0.0,0.0,0.0,0.0,0.0,0.0,0.0,0.0,0.0,0.039579984548007034,0.035390924120622606,0.0,0.0,0.0,0.0,0.0,0.0,0.033839378664197804,0.0,0.0,0.0,0.0,0.0,0.0,0.0,0.0,0.0,0.032985856058453174,0.0,0.0,0.0,0.0,0.0,0.0,0.0,0.0,0.06827207975433106,0.0,0.0,0.0,0.0,0.0,0.0,0.0,0.0,0.13696391644690312,0.031422575837615284,0.0,0.0,0.0,0.0,0.04148565998281927,0.0,0.0,0.0,0.08990469034540499,0.0,0.0,0.0,0.0,0.0,0.0,0.0,0.0,0.0,0.0,0.0,0.030470873353092624,0.0,0.0,0.0,0.03336971473279884,0.0,0.0,0.0,0.0,0.0,0.04200625817120992,0.23230539191072824,0.0,0.0,0.0,0.0,0.0,0.3484580878660924,0.0,0.0,0.0,0.0,0.0,0.0,0.0,0.0,0.0,0.0,0.0,0.0,0.0,0.0,0.0,0.0,0.0,0.0,0.07915996909601407,0.0,0.0,0.0,0.09125073434849013,0.0,0.03192423893073938,0.0,0.0,0.0,0.0,0.0,0.0,0.0,0.0,0.03506633938650887,0.0,0.0,0.0,0.0,0.0,0.0,0.08196799377939033,0.0,0.0,0.0,0.0,0.0,0.0,0.0,0.03474921703544739,0.0766115342685429,0.0,0.0,0.0,0.0,0.0,0.0,0.04870345723795706,0.0,0.0,0.0,0.044952345172702496,0.0,0.0,0.0,0.0,0.0,0.0,0.0,0.0,0.0,0.0,0.0,0.03606394612216518,0.032444837119130036,0.0,0.0,0.0,0.0,0.03830576713427145,0.0,0.07503462339962388,0.03871756531845471,0.0,0.0,0.03354896341680462,0.0,0.0,0.0,0.0,0.0,0.0,0.0,0.0,0.06094174670618525,0.0,0.0,0.0,0.0,0.0,0.0327126943651989,0.0766115342685429,0.06048572922509322,0.0,0.0,0.0,0.0,0.04431063808752727,0.0,0.0,0.0,0.0,0.0,0.0,0.0,0.0,0.05591178129546412,0.04633291789152774,0.0,0.0,0.0,0.0,0.0,0.0,0.0,0.0,0.0,0.029797851351550053,0.0,0.0,0.0,0.0,0.0,0.0,0.0,0.0,0.0,0.0,0.0,0.0,0.0,0.0,0.035390924120622606,0.0,0.0,0.0,0.0,0.06709792683360924,0.0,0.023987542364724734,0.032444837119130036,0.09415746550378366,0.0,0.0,0.0,0.0,0.0,0.0,0.0,0.0,0.0,0.07013267877301774,0.0,0.0,0.0,0.0,0.0,0.0,0.0,0.0,0.0,0.0,0.0,0.03204786049844571,0.0,0.0,0.0,0.0,0.0,0.0,0.06652907308286654,0.03506633938650887,0.0,0.0,0.0,0.03830576713427145,0.14716536560038032,sport
Dokumen_10,0.0,0.04715732837556926,0.0,0.0,0.0,0.058755331660030004,0.0,0.0,0.0,0.0,0.0,0.0,0.0,0.0,0.0,0.0,0.0,0.0,0.0,0.0,0.0,0.0,0.0,0.0,0.05923504738200121,0.048073222543319194,0.0,0.0,0.30365792729011926,0.0,0.0,0.0,0.08595237988106934,0.0,0.0,0.052479002927073824,0.08595237988106934,0.0,0.0,0.0,0.0573686889464519,0.0,0.0,0.0,0.0,0.0,0.0,0.0,0.0,0.0,0.0,0.06920540789434057,0.07767923033065728,0.0,0.0,0.0,0.0,0.0,0.0,0.07977913894629542,0.0,0.0,0.0,0.12461283338241916,0.0,0.0,0.0,0.0,0.0,0.0,0.0,0.0,0.0,0.0,0.0,0.0,0.0,0.0,0.0,0.0,0.0,0.06281265586771011,0.0,0.2149456906766386,0.0,0.0,0.0,0.1492562336959811,0.0,0.0,0.027002527993928882,0.0,0.0,0.0,0.17894122789168235,0.0,0.0,0.0,0.0,0.0,0.1007553837747384,0.0,0.1520763964030798,0.0,0.0,0.0,0.0,0.0,0.0,0.0,0.0,0.0,0.0,0.0,0.0,0.0,0.23007445073395824,0.06713429781120768,0.0,0.0,0.0,0.0,0.0,0.05923504738200121,0.0,0.0,0.0,0.0,0.0,0.0,0.05480536162015213,0.0,0.0,0.0,0.0,0.0,0.0,0.0,0.0,0.036353368370942975,0.0,0.0,0.0,0.08601845476282374,0.09228156133842168,0.0,0.0,0.0,0.0,0.0,0.0,0.0,0.0,0.0,0.07870730425596707,0.0,0.0,0.0,0.0,0.03205628178530856,0.0,0.0,0.0,0.1369918873701689,0.0,0.0,0.0,0.0,0.0,0.0,0.0,0.0,0.13717014200948316,0.0,0.0,0.10570422139681906,0.0,0.05069213213435993,0.1147373778929038,0.0,0.0,0.0,0.056922937240325044,0.0,0.0,0.0,0.0,0.0699354391230587,0.0,0.0,0.0,0.0,0.0,0.0,0.0,0.0,0.0,0.2890471912645481,0.0,0.0,0.06920540789434057,0.0,0.07308758700787088,0.11126230162377196,0.0,0.0,0.0,0.04082814691821693,0.0,0.0,0.0,0.0,0.0,0.0,0.0,0.0,0.0873918753190436,0.0,0.0,0.0,0.0,0.0,0.0,0.0,0.0,0.0,0.0,0.0,0.0,0.07870730425596707,0.0,0.0,0.0,0.0,0.0,0.0,0.0,0.0,0.0,0.0,0.0,0.0,0.0,0.0,0.0658425113827686,0.0,0.0,0.0,0.0,0.13044128975100547,0.0,0.08207020076753904,0.0,0.0,0.0,0.15148203862037343,0.0,0.0,0.0,0.0,0.0,0.0,0.0,0.0766914835779861,0.0,0.0,0.0,0.0,0.0,0.0,0.0,0.0,0.0,0.0,0.0,0.0,0.0,0.0,0.0,0.0,0.0,0.0,0.0,0.0,0.0,0.0,0.0,0.0,0.07226179781613702,0.0,0.0,0.0,0.0,0.0,0.0,0.0,0.0,0.0,0.0,0.0,0.0609236109296333,0.0,0.0,0.0,0.0,0.0,0.0,0.0,0.0,0.0,0.0,0.0,0.0,0.0,0.0,0.0,0.0,0.0,0.0,0.0,0.0,0.0,0.0,0.0,0.0,0.0,0.0,0.0,0.0,0.0,0.0,0.0,0.0,0.0,0.0,0.0,0.0,0.048386075186783714,0.058284583114201816,0.0,0.0,0.0,0.0,0.0,0.2768446840152651,0.0,0.0,0.0,0.0,0.0,0.0,0.0,0.0,0.0,0.0,0.0,0.0,0.0,0.0,0.0,0.0,0.0,0.06344218989370477,0.0,0.0,0.0,0.0,0.0,0.0,0.0,0.0,0.07870730425596707,0.0,0.0,0.0,0.0,0.0,0.0,0.0,0.0,0.0,0.0,0.0,0.1042226843588558,0.0,0.0,0.0,0.05923504738200121,0.0,0.0,0.0,0.0,0.0699354391230587,0.0,0.0,0.0,0.0,0.0,0.0,0.0,0.0,0.058755331660030004,0.0,0.0,0.0,0.0,0.0,0.0,0.0,0.06125086805998219,0.0,0.0,0.0,0.05972407855217608,0.0699354391230587,0.055214871682477434,0.0,0.28244375932191296,0.046859285678977604,0.0,0.0,0.0,0.0,0.0,0.0,0.0,0.0,0.0,0.0,0.0,0.0,0.0,0.0,0.0,0.048073222543319194,0.06073158545802386,0.0,0.0,0.0,0.0,0.0,0.0,0.0,0.0,0.0,0.0,0.0,0.0,0.0,0.0,0.0,0.0,0.0,0.0,0.0,0.0,0.0,0.0,0.0,0.0,0.0,0.0,0.0437944318639973,0.05923504738200121,0.0,0.0,0.0,0.07870730425596707,0.0,0.0,0.0,0.0,0.0,0.0,0.0,0.0,0.0,0.0,0.048073222543319194,0.0,0.0,0.0,0.0,0.0,0.06780591931772877,0.0,0.08776542142037258,0.0,0.0,0.07068726551880704,0.20341775795318626,0.0,0.0,0.12146317091604772,0.06402116513781049,0.0,0.07482512514243679,0.0,0.0699354391230587,0.18807747934205876,sport
Dokumen_11,0.0,0.05504583857200672,0.0,0.0,0.08531372863219777,0.06858396379126269,0.19159792035049109,0.0458117389605604,0.0,0.0,0.0,0.0,0.0,0.0,0.0,0.0,0.0,0.0,0.0,0.08734192333623811,0.0,0.0,0.0,0.0,0.0,0.0,0.18374703206283918,0.0,0.0,0.0,0.11997717421067647,0.0,0.0,0.0,0.0,0.061257726488172834,0.0,0.0,0.0,0.0,0.0,0.0,0.0,0.0,0.0,0.0,0.0,0.0,0.0,0.0,0.0843498008587525,0.08078213593701626,0.0,0.07405484288106286,0.0,0.0,0.0,0.0,0.06971476332718027,0.0,0.0,0.0,0.0,0.09697210234556976,0.0,0.0,0.0,0.0,0.0,0.0,0.0,0.0,0.08631033808018068,0.0,0.0,0.0,0.0,0.0,0.0,0.0,0.0,0.03665999998596446,0.0,0.1568137206653184,0.0,0.0,0.059988587105338234,0.13937913497493387,0.0,0.0,0.06303905875040822,0.0,0.0,0.0,0.20887463907953646,0.0,0.0,0.0,0.0,0.0,0.0,0.0,0.0,0.0,0.0,0.0,0.0,0.0,0.0,0.09579896017524554,0.0,0.0,0.0,0.0,0.0,0.0,0.0,0.0,0.0,0.0,0.2008960876038561,0.0,0.30099165861128113,0.0,0.0,0.0,0.0,0.0,0.0,0.0,0.06397324005713309,0.05760372622326939,0.0,0.0,0.05435410869901807,0.0,0.0,0.0,0.0,0.1273037542092183,0.0,0.0,0.15371338358638065,0.06693845386911121,0.0,0.0,0.0,0.07445433084329996,0.0,0.0,0.0,0.0,0.0,0.0,0.0,0.0,0.0,0.0,0.3045231961222835,0.03741867856294887,0.0,0.0,0.0,0.0,0.0,0.0,0.060405575135396856,0.0,0.0,0.0,0.0,0.11834389345026701,0.040029014333777445,0.0,0.0,0.0,0.0,0.0,0.0669653625346187,0.0,0.0,0.0,0.0,0.0,0.0,0.0,0.0,0.08163428728979223,0.0,0.0,0.0,0.0,0.0,0.0669653625346187,0.0,0.0,0.0,0.0,0.0,0.0,0.0,0.0,0.0,0.0,0.0,0.0,0.0,0.0,0.0,0.0,0.0,0.07914853995257005,0.0,0.0,0.0,0.0,0.0,0.13262663763465843,0.0,0.0,0.0,0.0,0.0,0.0,0.0,0.0,0.0,0.0,0.0,0.0,0.0,0.0,0.0,0.0,0.0,0.06397324005713309,0.0,0.0,0.0,0.0,0.0,0.0,0.0,0.06593377727856127,0.0,0.0,0.0,0.0,0.08952048748946045,0.0,0.0,0.0,0.0,0.0,0.0,0.0,0.0,0.0,0.0,0.0,0.0,0.0,0.0,0.0,0.04848605117278488,0.0,0.0,0.0,0.0,0.0,0.0,0.0,0.16502375944014058,0.0,0.058377380431356506,0.0669653625346187,0.0,0.0,0.0,0.0,0.0,0.0,0.08163428728979223,0.0,0.0,0.0,0.0,0.0,0.0,0.0,0.0,0.0,0.31345827656133857,0.0,0.0,0.0,0.0,0.0,0.0,0.0,0.10667243145374185,0.0,0.09443140368268227,0.08251187972007029,0.0,0.0,0.0,0.0,0.09874112994195405,0.0,0.0,0.08734192333623811,0.0,0.0,0.0,0.0,0.0,0.0,0.0,0.0,0.0,0.0,0.0,0.0,0.0,0.0,0.0,0.0,0.0,0.0,0.0,0.0,0.0,0.0,0.0,0.0,0.0,0.0,0.0,0.0,0.0,0.0,0.0,0.0,0.0,0.0,0.0,0.0,0.0,0.0,0.08952048748946045,0.0,0.0,0.0,0.0,0.0,0.0,0.0,0.0,0.0,0.0,0.0,0.07405484288106286,0.08163428728979223,0.0,0.0,0.0,0.0,0.0,0.0,0.0,0.0,0.0,0.0,0.0,0.0,0.0,0.06749505548184102,0.0,0.0,0.07995399206880763,0.0,0.05237152635978225,0.0,0.0,0.0,0.0,0.0,0.0,0.0,0.0,0.0,0.0,0.0,0.0,0.08251187972007029,0.0,0.0,0.0,0.0,0.0,0.0,0.0,0.0,0.0,0.0,0.0,0.0,0.0,0.0,0.0,0.0,0.0,0.0,0.0,0.0,0.0,0.0,0.054697939088950986,0.0,0.0,0.0,0.0,0.0,0.0,0.0,0.0,0.0,0.0,0.0,0.0,0.0,0.0,0.0,0.0,0.0,0.0,0.0,0.0,0.0,0.06350287541101415,0.0,0.0,0.0,0.0,0.06169324798310016,0.0,0.0,0.0,0.0,0.0,0.0,0.0,0.0,0.0,0.0,0.0,0.0,0.0,0.12251545297634567,0.0,0.0,0.15336118328454235,0.20743178006352314,0.0,0.0,0.15990798413761526,0.09187351603141959,0.0,0.0,0.0,0.0,0.0,0.0,0.0,0.0,0.0,0.0,0.0,0.0,0.0,0.0,0.0,0.0,0.07914853995257005,0.0,0.10244688124047381,0.0,0.0,0.0,0.0,0.0,0.0,0.0,0.0,0.0,0.0,0.0,0.0,0.09408823239919104,sport
Dokumen_12,0.0,0.027172071787572336,0.03157887165334265,0.0,0.0,0.0,0.09457776611583227,0.0,0.0,0.039069798285650284,0.0,0.0,0.0,0.0,0.0,0.0,0.0,0.0,0.0,0.0,0.0,0.0,0.0,0.0,0.0,0.0,0.0,0.0,0.03499356423875418,0.0,0.0,0.0,0.0,0.0,0.0,0.0,0.0,0.0,0.0,0.0,0.03305586190119026,0.0,0.0,0.04029682846349767,0.0,0.0,0.07975236834525391,0.0,0.0,0.0,0.0,0.0,0.0,0.0,0.0,0.0,0.0,0.0,0.0,0.0,0.0,0.056494936554263464,0.0,0.0,0.0,0.0,0.0,0.0,0.0,0.13997425695501672,0.0,0.22675590360176104,0.0,0.0,0.03830587391230363,0.14622364600690507,0.0,0.0,0.0,0.0,0.09599377494046987,0.036192677855128655,0.0,0.061925897190146295,0.0,0.0,0.0,0.06880120204317514,0.0,0.0,0.031117735222552675,0.0,0.0,0.0,0.1472942975451295,0.0,0.0,0.0,0.0,0.0,0.0,0.0,0.0584176543017871,0.0,0.19020450251300636,0.0,0.0,0.0,0.0,0.0,0.0,0.0,0.0,0.0,0.0,0.0,0.0,0.0,0.0,0.0,0.0,0.0,0.0,0.0,0.0,0.0,0.0,0.03134668730912631,0.03254664432253667,0.0,0.0,0.0,0.0,0.0,0.026830615752855586,0.062236319127252665,0.0,0.0,0.0,0.08378730255695066,0.0,0.0,0.0,0.03304257907709592,0.0,0.0,0.0,0.0,0.0,0.05434414357514467,0.0,0.0,0.0,0.0,0.045351180720352206,0.0,0.0,0.38992972268508014,0.03758016210068069,0.018470842601089926,0.0,0.0,0.0,0.039467390606734286,0.0,0.0,0.0,0.0,0.0,0.0,0.0,0.0,0.05927811870684947,0.0,0.0,0.0,0.0,0.08762648145268065,0.0,0.0,0.0,0.0,0.0,0.0,0.0,0.0,0.0,0.0,0.039069798285650284,0.0,0.0,0.0,0.039876184172626956,0.0,0.0,0.0,0.0,0.04163727728851455,0.035598285567880375,0.0,0.0,0.0,0.0,0.032054691721445115,0.0,0.0,0.0,0.0,0.0,0.0,0.0,0.0,0.0,0.0,0.0883793280518431,0.0,0.0,0.0,0.0,0.039467390606734286,0.0,0.0,0.0,0.0,0.0,0.0,0.0,0.0,0.0,0.0,0.0,0.0,0.0,0.0,0.0,0.0,0.0,0.0,0.0,0.0,0.0,0.0,0.0,0.0,0.0,0.0,0.0,0.0,0.0,0.0,0.0,0.0,0.04364200612828826,0.0,0.0,0.0,0.0,0.0,0.0,0.0,0.0,0.0,0.0,0.0,0.0,0.0,0.0,0.0,0.0,0.0,0.0,0.0,0.040730031138474676,0.0,0.0,0.0,0.03470039847132783,0.0,0.0,0.0,0.0,0.0,0.0,0.08622853507272432,0.0,0.0,0.0,0.0,0.0,0.0,0.0,0.0,0.0,0.0,0.0,0.0,0.06410938344289023,0.0,0.0,0.0,0.05265631409038041,0.0,0.0,0.040730031138474676,0.0,0.0,0.0,0.0,0.04874121533563502,0.0,0.0,0.0,0.0,0.0,0.0,0.0,0.0,0.0,0.0,0.0,0.0,0.0,0.0,0.0,0.0,0.0,0.0,0.0,0.0,0.29244729201381015,0.0,0.0,0.0,0.0,0.046613821252092597,0.0,0.0,0.11152030479956454,0.0,0.0,0.0,0.0,0.0,0.0,0.0,0.0,0.0,0.47955727804435727,0.0,0.13256899207776465,0.0,0.0,0.0,0.0,0.0,0.0,0.0,0.0,0.0,0.0,0.0,0.0,0.25588790931844485,0.0,0.0,0.0,0.0,0.0,0.0,0.0,0.0,0.0,0.0,0.0,0.0,0.0,0.0,0.0,0.0,0.0,0.0,0.0,0.025851961034460854,0.0,0.0,0.0,0.037938481835063036,0.06826251678149932,0.0,0.0,0.0,0.0,0.0,0.0,0.0,0.0,0.0,0.0,0.0,0.0,0.0,0.0,0.0,0.040730031138474676,0.0,0.0,0.0,0.0,0.0,0.0,0.0,0.0,0.0,0.0,0.0,0.0,0.0,0.0,0.027000339464590576,0.0,0.0,0.0,0.0,0.0,0.0,0.0,0.0,0.0,0.0,0.0,0.0,0.0,0.0,0.0,0.11079924151799377,0.06998712847750836,0.0,0.0,0.0,0.0,0.0,0.0,0.0,0.0,0.0,0.0,0.0,0.0,0.0,0.04117656519879823,0.0,0.0,0.0,0.0,0.0,0.0,0.06491389905567262,0.0,0.0,0.0,0.0,0.0,0.0,0.03413125839074966,0.0,0.0,0.0,0.0,0.0,0.0,0.0,0.0,0.0,0.3330982183081164,0.0,0.0,0.04596877230480465,0.0,0.0,0.0,0.0,0.0,0.0,0.042113097356617016,0.0,0.0,0.0,0.0,0.0,0.0,0.0,0.0,0.0,0.0,0.0,0.0,0.0,0.0,0.0,0.10837032008275602,sport
Dokumen_13,0.0,0.0,0.0,0.0,0.0,0.027920891060415932,0.03900025870325845,0.0,0.0,0.0,0.0,0.0,0.0,0.0,0.0,0.0,0.0,0.0,0.0,0.0,0.0,0.0,0.0,0.0,0.0,0.0,0.4488262778613162,0.0,0.0,0.0,0.1953733453533405,0.10667206406589962,0.0,0.0,0.03128876198163119,0.0,0.20422546918200798,0.0,0.03070485402149468,0.0,0.027261950006869436,0.0,0.0,0.0,0.0,0.0,0.0,0.06318351780923089,0.03791153218744613,0.0,0.034339245948409876,0.0,0.0,0.0,0.0,0.0,0.0,0.0,0.0,0.0,0.0,0.02329635422285168,0.0,0.0,0.0,0.0,0.0,0.03070485402149468,0.0,0.0,0.0,0.0,0.0,0.0,0.0,0.0,0.0,0.0,0.0,0.0,0.0,0.059697912415692896,0.0,0.08937556240874038,0.0,0.0,0.048843336338335125,0.15604043465363618,0.0,0.0,0.06415882790320504,0.03644425957175396,0.0,0.0,0.12147708590916162,0.0,0.0,0.0,0.0,0.0,0.0,0.0,0.0,0.0,0.0,0.0,0.0,0.0,0.0,0.0,0.0,0.0,0.0,0.0,0.0,0.0,0.0,0.0,0.0,0.0,0.0,0.0,0.0408450938364016,0.0,0.0401980314331569,0.0,0.0,0.025852353354356164,0.026841986243305513,0.0,0.0,0.0,0.05452390001373887,0.0,0.06638352745068202,0.0,0.0,0.0,0.0,0.22457944361348803,0.0,0.0,0.0,0.04087649302219752,0.4385275937039697,0.0,0.0430270706780202,0.0,0.0,0.0,0.0,0.0,0.0,0.0,0.03740218982177635,0.0,0.0,0.0,0.03099324723406823,0.03046668025664375,0.0,0.0,0.0,0.03254968915463784,0.0,0.0,0.0,0.0,0.0,0.0,0.0,0.0,0.0,0.0,0.0,0.0,0.0,0.0,0.0,0.0,0.0,0.0,0.0,0.0,0.0,0.0,0.10541217277520784,0.0,0.0,0.0,0.0,0.0,0.0,0.0,0.0,0.0,0.0,0.0,0.0,0.0,0.03288683086311328,0.0,0.03473166599625644,0.026436261314492674,0.0,0.0,0.0,0.0776071352229422,0.0,0.0,0.0,0.12888714150920616,0.03900025870325845,0.0,0.0,0.0,0.0,0.0,0.04385275937039697,0.03254968915463784,0.0,0.0,0.0,0.0,0.0,0.0,0.0,0.0,0.0,0.0,0.0,0.0,0.0,0.0,0.0,0.02604384126664611,0.03900025870325845,0.0,0.034339245948409876,0.0,0.0,0.12676407146674462,0.03791153218744613,0.053683972486611026,0.0,0.0,0.05871749370098089,0.0,0.03644425957175396,0.0,0.0,0.0,0.07198518633852616,0.0,0.0,0.0,0.0,0.0,0.0,0.05723647631222254,0.0,0.0,0.0,0.0,0.09869462757105502,0.0,0.0,0.0,0.0401980314331569,0.0,0.0,0.0,0.0,0.0,0.023765737488972757,0.0,0.0,0.0,0.0,0.0,0.0,0.05772003777670306,0.0,0.0,0.0,0.0,0.0,0.15377407715488292,0.2060354756904592,0.0,0.0,0.0,0.0,0.0,0.0,0.0,0.05287252262898535,0.0,0.0,0.0,0.014475635280352258,0.0,0.0,0.06718203724316442,0.0,0.0,0.0,0.0,0.0,0.0,0.0408450938364016,0.0,0.0,0.06718203724316442,0.0,0.0,0.0,0.0,0.0,0.16901876195565949,0.0,0.0,0.0,0.0,0.10077305586474662,0.0,0.0,0.0,0.0,0.0,0.0,0.0,0.0,0.06380525350278628,0.0,0.0,0.0,0.022993357299867425,0.055394376974998626,0.0,0.0408450938364016,0.0,0.0,0.04673892397048449,0.0,0.0,0.0,0.0,0.0,0.0,0.0,0.0,0.0,0.0,0.0,0.033233746144362676,0.0,0.0,0.0,0.0,0.0,0.0,0.12059245842782787,0.19940247686617607,0.0,0.0,0.0,0.0,0.0,0.0,0.0,0.03740218982177635,0.045697594503540113,0.0,0.0,0.0,0.02987916532911792,0.0549551815628741,0.0,0.0,0.0,0.0,0.0213207228239186,0.0,0.023450778806675298,0.06946333199251288,0.0,0.0,0.0,0.04753147497794551,0.0,0.0,0.0,0.06140970804298936,0.0,0.06718203724316442,0.0,0.0,0.0,0.03222178537730154,0.0,0.0,0.0,0.0,0.0,0.0,0.10419499798876931,0.026436261314492674,0.0,0.0,0.0,0.0,0.0,0.05676249095444832,0.0,0.026238442939639596,0.0,0.0,0.0,0.0,0.0,0.0,0.0,0.0,0.0,0.0,0.0,0.0,0.0,0.0,0.0,0.0,0.0,0.0,0.0,0.0,0.0,0.0,0.0,0.0,0.0,0.0,0.0,0.0,0.0,0.0,0.0,0.0,0.0,0.0,0.0,0.0,0.0,0.0,0.0,0.0,0.0,0.0,0.0,0.049876682925197834,0.0,0.03844351928872073,0.02081138045824882,0.0,0.0,0.0,0.06509937830927567,0.0,0.0,0.0,0.0,0.0,0.0,0.0,0.09126974149597332,0.0,0.0,0.0,0.0,0.0,0.0,0.0,0.0,0.0,0.0,0.0,0.125119986618171,0.03900025870325845,0.0,0.0,0.0,0.0,0.0,0.0,0.0,0.0,0.0,0.0,0.0,0.14044731235659202,sport
Dokumen_14,0.0,0.0,0.0,0.0,0.05959627946708494,0.047909628832257405,0.06692078396753338,0.0,0.0,0.0,0.0,0.0,0.0,0.0,0.0,0.0,0.0,0.0,0.0,0.0,0.0,0.0,0.0,0.0,0.0,0.0,0.12835729547438351,0.0,0.0,0.0,0.041905290734368966,0.06101308377670261,0.0,0.0,0.0,0.04279185361885118,0.0,0.0,0.0,0.0,0.0,0.0,0.0,0.0,0.0,0.0,0.0,0.0,0.06505263143760377,0.0,0.0,0.0,0.0,0.0,0.0,0.05474191361321554,0.0,0.0,0.04869955380968195,0.0,0.0,0.0,0.0,0.0,0.0,0.0,0.0,0.05268664801332247,0.0,0.14856325215849994,0.0,0.0,0.0,0.0,0.0,0.0,0.0,0.0,0.0,0.0,0.0,0.10243601537313728,0.0,0.13145149514681984,0.0,0.0,0.1257158722031069,0.07302292971794763,0.0,0.0,0.02201810554329381,0.0,0.0,0.0,0.1250659676642601,0.0,0.0,0.0,0.0,0.0617599121646424,0.0,0.0,0.0,0.0,0.038452512059111564,0.0,0.0,0.0,0.0,0.0,0.0,0.0,0.0,0.0,0.0,0.0,0.0,0.0,0.0,0.0,0.0935578956449834,0.0,0.0,0.0,0.0,0.0,0.0,0.0,0.046058329415585963,0.0,0.044688787537307775,0.0,0.0,0.0,0.0759386022424641,0.0,0.0,0.0,0.0,0.0,0.0,0.0,0.10737715855250832,0.07014022598420143,0.0,0.0,0.0,0.0,0.0,0.0,0.0,0.0,0.0,0.08432048388223343,0.0,0.0,0.0,0.0,0.0,0.026138982092090916,0.0,0.0,0.0,0.0,0.0,0.0,0.1687863182095395,0.0,0.0,0.0,0.0,0.08266964602720761,0.0,0.0,0.0,0.0,0.07383041542129584,0.0,0.0,0.0,0.0,0.0,0.0,0.0,0.0,0.0,0.0,0.05702598957306208,0.0,0.0,0.22149124626388753,0.0,0.0,0.0,0.0,0.0,0.0,0.0,0.0,0.0,0.0,0.0,0.0,0.0,0.0,0.0,0.0,0.09987492076866177,0.0,0.0,0.0,0.0,0.0,0.0,0.0,0.0,0.0,0.0,0.0,0.0,0.0,0.0,0.0,0.0,0.0,0.0,0.0,0.11286143101319154,0.0,0.0,0.11057911972786294,0.0,0.0,0.0,0.0,0.08937757507461555,0.0,0.0,0.0,0.0,0.0,0.14501016700114377,0.0,0.09211665883117193,0.0,0.0,0.10075370886578358,0.0,0.06253492932482242,0.0,0.0,0.06692078396753338,0.0,0.0,0.0,0.0,0.0,0.0,0.0,0.0,0.0,0.0,0.0,0.0,0.03387014378900474,0.0,0.0,0.0,0.0,0.0,0.0,0.0,0.0,0.0,0.040779775242767206,0.0467789478224917,0.0,0.0,0.0,0.0,0.0,0.049521084052833314,0.0,0.0,0.0,0.0,0.0,0.0,0.0,0.0,0.0,0.0,0.05474191361321554,0.0,0.0,0.0,0.09072428702574807,0.0,0.0,0.0,0.04967766335910597,0.0,0.0,0.05763903561584529,0.0,0.0,0.0,0.11527807123169058,0.0,0.0,0.0,0.0,0.0,0.0,0.0,0.0,0.0,0.0,0.0,0.2175152505017157,0.0,0.0,0.0,0.0,0.0,0.0,0.0,0.0,0.0,0.0,0.0,0.0,0.0,0.0,0.0,0.0,0.0,0.0,0.14257732863129446,0.0,0.0,0.0,0.0,0.240598822000309,0.0,0.0,0.0,0.0,0.0,0.0,0.12506985864964484,0.0,0.0,0.0,0.0,0.05702598957306208,0.0,0.0,0.0,0.0,0.0,0.0,0.36211934797510165,0.05702598957306208,0.0,0.0,0.0,0.0,0.0,0.0,0.0,0.0,0.0,0.0,0.0,0.0,0.0,0.0,0.0,0.0,0.0,0.0,0.0,0.0,0.08047867140229047,0.0,0.0,0.0,0.0,0.0,0.06897604956742645,0.0,0.11405197914612417,0.0,0.05585221197381163,0.17291710684753586,0.0,0.0,0.0,0.0,0.0,0.0,0.0,0.0,0.0,0.0,0.0,0.0,0.0,0.0,0.0,0.0,0.0,0.0,0.0,0.04502270574583057,0.0,0.0,0.0,0.0,0.0,0.0,0.0,0.0,0.0,0.0,0.0,0.0,0.0,0.0,0.0,0.0,0.0,0.0,0.0,0.049521084052833314,0.0,0.0,0.0,0.0,0.0,0.0,0.0,0.0,0.07250508350057189,0.0,0.11527807123169058,0.0,0.0,0.0,0.0,0.0,0.0,0.0,0.0,0.0,0.09186279595300649,0.0,0.0,0.04279185361885118,0.0,0.06596547137922543,0.0,0.0,0.0,0.0,0.0,0.06417864773719176,0.0,0.0,0.0,0.0,0.0,0.35353754094911205,0.10440687415088593,0.0,0.0,0.0,0.03919934044705136,0.0,0.0,0.06792271523046507,0.0,0.0,0.0,0.0,0.09541962452897745,0.06692078396753338,0.0,0.0,0.11057911972786294,0.0,0.0,0.0,0.05220343707544296,0.0,0.0,0.0,0.0,0.21908582524469974,sport
Dokumen_15,0.0,0.0,0.04650626943480707,0.0,0.0,0.04985810154581771,0.06964243564192517,0.033303504300769164,0.0,0.0,0.0,0.0,0.0,0.0,0.0,0.0,0.0,0.0,0.0,0.0,0.0,0.0,0.0,0.0,0.1005303492977213,0.12238070368157006,0.0,0.0,0.0,0.0,0.0,0.0,0.0,0.0,0.055872080470051065,0.044532187684701005,0.07293674230300252,0.0,0.0,0.0,0.0,0.0,0.0,0.0,0.0,0.0,0.05872573870028946,0.0,0.0,0.0,0.06131930416539952,0.05872573870028946,0.0,0.053835235997164436,0.0,0.0,0.1318327663006471,0.0,0.0,0.0,0.0,0.0,0.0,0.03524763413042032,0.0,0.0,0.0,0.0,0.0,0.0,0.0,0.0,0.0,0.0,0.0,0.0,0.0,0.0,0.054829400911332725,0.0,0.0,0.1332525783675065,0.0,0.0911983965523436,0.0,0.0,0.0,0.02533091804849059,0.0,0.0,0.09165430572360786,0.13015641875890618,0.0,0.0,0.15184443111613016,0.0511033484197311,0.0,0.0,0.0,0.0,0.17099629986247195,0.0,0.08603180001273898,0.0,0.0,0.0,0.0,0.0,0.0,0.0,0.0,0.0,0.0,0.0,0.0,0.0,0.06507820937945309,0.0,0.0,0.0,0.0,0.0,0.07293674230300252,0.05026517464886065,0.0,0.0,0.0,0.0,0.0,0.0,0.0,0.041875859496810386,0.048681436020016976,0.0,0.07902700634789785,0.0,0.0,0.0,0.0,0.0,0.0,0.0,0.0,0.04866187437756921,0.0,0.0,0.0,0.05412564953243588,0.0,0.16006546472296113,0.0,0.0,0.0,0.0,0.0,0.0,0.0,0.0,0.22137752903188157,0.02720204800614761,0.0,0.0,0.13539661162454805,0.05812370757241008,0.0,0.0,0.0,0.0,0.0,0.0,0.08545027562055493,0.0,0.08729900771731369,0.0,0.0,0.04484879631621086,0.0,0.0,0.0,0.11174416094010213,0.0,0.0,0.04830318381378507,0.0,0.0,0.0,0.0,0.05934522241529345,0.05753817254086992,0.06769830581227403,0.0,0.0,0.0,0.0,0.0,0.0,0.0,0.06131930416539952,0.0,0.0,0.0,0.05197574268109433,0.0,0.0,0.055872080470051065,0.0,0.05872573870028946,0.10393680900762281,0.0,0.0,0.0,0.0,0.06964243564192517,0.0,0.0,0.0,0.0,0.0,0.0,0.0,0.0,0.0,0.0,0.0,0.0,0.0,0.0,0.0,0.0,0.0,0.0,0.0,0.0,0.0,0.0,0.0,0.0,0.0,0.0,0.0,0.0,0.0,0.0,0.0,0.0,0.0,0.0,0.0,0.0,0.05534438225797039,0.0,0.06964243564192517,0.0,0.0,0.0,0.0,0.0,0.0,0.0,0.0511033484197311,0.0,0.0,0.0,0.19523462813835926,0.0,0.0,0.0,0.0,0.0,0.0,0.0,0.0,0.059983200888480186,0.06507820937945309,0.04243827858045441,0.048681436020016976,0.0,0.0,0.0,0.0,0.0,0.05153509425025537,0.0,0.0,0.0,0.041059045739458615,0.0,0.0,0.0,0.0,0.0,0.0,0.0,0.0,0.0,0.0,0.0,0.0,0.0,0.0,0.051698041598051546,0.0,0.0,0.0,0.0,0.0,0.0,0.0,0.0,0.0,0.0,0.0,0.0,0.0,0.0,0.0,0.0,0.0,0.0,0.0,0.0,0.0,0.0,0.0,0.0,0.0,0.0,0.0,0.0,0.0,0.0,0.0,0.0,0.05696825365306177,0.0,0.0,0.0,0.12317713721837584,0.0,0.0,0.0,0.07545384725096348,0.0,0.0,0.15661501096240377,0.0,0.0,0.0,0.0,0.0,0.0,0.0,0.0,0.0,0.0,0.0,0.0,0.0,0.0,0.0,0.0,0.0,0.053835235997164436,0.0,0.0,0.0,0.0,0.0,0.0,0.0,0.0,0.0,0.0,0.0,0.13928487128385034,0.0,0.0,0.0,0.048681436020016976,0.059983200888480186,0.0,0.0,0.0,0.13266060372721464,0.08375171899362077,0.0,0.055872080470051065,0.0,0.0,0.04243827858045441,0.0,0.07545384725096348,0.05934522241529345,0.0,0.0,0.0,0.0,0.06131930416539952,0.0,0.05753817254086992,0.0,0.04985810154581771,0.0,0.0,0.0,0.0,0.0,0.04720701063077437,0.0,0.0,0.0,0.0,0.0,0.0,0.1186904448305869,0.0,0.0,0.5592387087703188,0.039763455634381044,0.0,0.0,0.0,0.0,0.0,0.0,0.0,0.0564131395401764,0.0,0.0,0.12993201852545289,0.0,0.0,0.0,0.0,0.040793567893856686,0.0,0.0,0.10767047199432887,0.0,0.0,0.04616433107205603,0.0,0.0,0.0,0.0,0.0,0.0,0.0,0.0,0.0,0.0,0.0,0.0,0.059983200888480186,0.0,0.0,0.06373255537620251,0.0,0.0,0.0,0.0,0.0,0.0,0.0,0.0,0.0,0.0,0.0,0.0,0.0,0.0,0.0,0.0,0.06131930416539952,0.0,0.0,0.0,0.0,0.040793567893856686,0.0,0.0,0.0,0.0,0.0,0.0,0.0,0.07447523773174777,0.0,0.0,0.0,0.0,0.0,0.0,0.05153509425025537,0.05432653790454138,0.0,0.12698894150121884,0.0,0.0,0.0911983965523436,sport
Dokumen_16,0.0,0.04873331635929671,0.0,0.0,0.0,0.0,0.0,0.0,0.0,0.0,0.0,0.0,0.0,0.0,0.0,0.0,0.0,0.0,0.0,0.0,0.0,0.0,0.08027525385029617,0.0,0.12242934038309577,0.0,0.0,0.06071892247116892,0.0,0.0,0.0,0.0,0.0,0.0,0.0,0.0,0.0,0.0,0.0,0.0,0.0,0.0,0.0,0.0,0.0,0.0,0.0,0.0,0.0,0.0,0.0,0.14303647610522024,0.0,0.0,0.0,0.0,0.0,0.0,0.0,0.0,0.0,0.0,0.0,0.042925789344192285,0.0,0.0,0.0,0.0,0.0,0.0,0.0,0.32535074315877516,0.15282495897440412,0.0,0.1374037494366865,0.0,0.0,0.0,0.0,0.0,0.0,0.09736776239919252,0.0,0.08329842389808924,0.0,0.0,0.0,0.0,0.0,0.0,0.11161978717273052,0.0,0.0,0.0,0.15850406232483683,0.0,0.0,0.0,0.0,0.0,0.0,0.0,0.0,0.0,0.24366658179648354,0.0,0.0,0.18713997078439196,0.0,0.0,0.0,0.0,0.0,0.0,0.0,0.0,0.15850899361830897,0.0,0.0,0.0,0.1185718769002159,0.07467677188196586,0.0,0.3672880211492873,0.0,0.0,0.0,0.0,0.0,0.0,0.0,0.0,0.0,0.0,0.0,0.0,0.0,0.0,0.0,0.037568290286458125,0.0,0.0,0.0,0.02963105780229249,0.0,0.0,0.0,0.06591609017927628,0.0,0.0,0.0,0.0,0.0,0.0,0.08133768578969379,0.0,0.0,0.0,0.13480061018562103,0.0,0.0,0.0,0.0,0.0,0.0,0.0,0.0,0.0,0.0,0.0,0.0,0.0,0.035438584817396916,0.0,0.0,0.10923683421627126,0.0,0.2095450100613306,0.05928593845010795,0.204128862743382,0.0,0.0,0.0,0.0,0.0,0.0,0.0,0.0,0.07007197886247801,0.0,0.0,0.0,0.0,0.0,0.0,0.0,0.0,0.0,0.0,0.0,0.0,0.0,0.0,0.057490332156982765,0.0,0.0,0.0,0.0,0.0,0.0,0.0,0.0,0.0,0.0,0.0,0.0,0.0,0.0,0.0,0.0,0.0,0.0,0.0,0.0,0.0,0.0,0.0,0.0,0.0,0.0,0.0,0.0,0.16962593918901986,0.0,0.0,0.0,0.0,0.0,0.0,0.0,0.0,0.0,0.0,0.0,0.0,0.0,0.0,0.0,0.0,0.0,0.068042954247794,0.0,0.0,0.0,0.0,0.07827226822567793,0.0,0.0,0.0,0.062235427232689565,0.0,0.0,0.0,0.0,0.08585157868838457,0.0,0.0,0.0,0.08741773852424842,0.0,0.0,0.0,0.21914885714049176,0.07925449680915449,0.0,0.0,0.0,0.0,0.0,0.0,0.0,0.0,0.0,0.0,0.0,0.0,0.0,0.0,0.0,0.0,0.0,0.0,0.1387558238132836,0.0,0.0,0.0,0.0,0.07732576506771456,0.0,0.0,0.09443949776603577,0.0,0.0,0.0,0.0,0.0,0.0,0.0,0.08741773852424842,0.0,0.0,0.0,0.0,0.0,0.0,0.0,0.0,0.0,0.0,0.0,0.0,0.0,0.0,0.0,0.0,0.0,0.0,0.0,0.0,0.0,0.0,0.0,0.0,0.0,0.0,0.0,0.0,0.20001251052074956,0.0,0.0,0.0,0.0,0.0,0.0,0.0,0.0,0.0,0.06616073899487597,0.0,0.0,0.0,0.0,0.0,0.0,0.0,0.0,0.0,0.07304961904683059,0.0,0.0,0.0,0.0,0.13112482904007045,0.0,0.0,0.0,0.0,0.0,0.0,0.0,0.0,0.0,0.0,0.0,0.0,0.0,0.0,0.0,0.0,0.0,0.0,0.0,0.0,0.0,0.0,0.0,0.0,0.0,0.0,0.0,0.0,0.0,0.0,0.0,0.0,0.0,0.0,0.0,0.06329785917208719,0.0,0.0,0.0,0.0,0.0,0.0,0.0,0.0,0.0,0.0,0.0,0.0,0.0,0.0,0.0,0.0,0.05706014106673116,0.0,0.0,0.0,0.0,0.0,0.0,0.0,0.0,0.0,0.0,0.06870187471834326,0.0,0.0,0.0,0.0,0.0,0.0,0.0,0.04967981951726008,0.0,0.0,0.06556241452003522,0.0,0.0,0.0,0.0,0.0,0.0,0.0,0.0,0.0,0.0,0.0,0.0,0.0,0.0,0.0,0.07304961904683059,0.0,0.0,0.0,0.0,0.0,0.0,0.0,0.0,0.0,0.0,0.0,0.0,0.0,0.0,0.0,0.0,0.0,0.0,0.0,0.14935354376393173,0.0,0.0,0.0,0.0,0.0,0.0,0.0,0.0,0.0,0.07553015877458938,0.07007197886247801,0.0,0.0,0.0,0.0,0.07304961904683059,0.0,0.0,0.0,0.1882836667647722,0.0,0.0,0.07732576506771456,0.0,0.0,0.08329842389808924,sport
Dokumen_17,0.0,0.0,0.0,0.0,0.0,0.0,0.0,0.0534875462585146,0.0,0.04620498247896237,0.0,0.0,0.0,0.0,0.0,0.0,0.0,0.0,0.0,0.0,0.6179196019955931,0.0,0.0,0.0,0.0,0.0,0.0,0.0,0.0,0.0,0.0,0.0,0.05857052372994734,0.0,0.0,0.0,0.17571157118984201,0.0,0.0,0.0,0.0,0.0,0.0,0.0,0.0,0.04069777433655335,0.0,0.0,0.054363892626059854,0.0,0.0,0.04715863587401264,0.0,0.0,0.0,0.0,0.10586590411344415,0.0,0.0,0.0,0.0,0.0,0.0,0.0,0.0,0.0,0.0,0.0,0.0,0.0,0.0,0.0,0.0,0.0,0.0,0.0,0.0,0.0,0.04402975271139589,0.0,0.0,0.04280242334338213,0.0,0.07323521288093363,0.0,0.0,0.0,0.10170766405338845,0.0,0.0,0.0552009918338041,0.0,0.0,0.0,0.15677473809331322,0.08207522811652668,0.0,0.0,0.0,0.0,0.06865773355506591,0.0,0.10362940731386584,0.0,0.0,0.0,0.0,0.0,0.0,0.0,0.0,0.0,0.0,0.0,0.0,0.0,0.20903948744663506,0.0,0.0,0.0,0.0,0.0,0.0,0.0,0.0,0.0,0.0,0.0,0.0,0.0,0.03734601342909936,0.0,0.0,0.0,0.0,0.0,0.0,0.0,0.0,0.024772273063061373,0.0,0.0,0.0,0.11723109826326054,0.0,0.0,0.0,0.021732308986110588,0.0,0.0,0.0,0.0,0.0,0.0,0.0,0.0,0.0,0.0,0.0444432991110749,0.04368821935118557,0.0,0.0,0.0,0.04667518573148859,0.0,0.0,0.0,0.0,0.0,0.0,0.03430964448050363,0.0,0.04673591975419032,0.0,0.0,0.07203001960207008,0.0,0.0,0.0,0.08973411511629684,0.0,0.0,0.0775779856480056,0.0,0.0,0.0,0.0,0.04765610099905516,0.09240996495792474,0.0,0.0,0.0,0.0,0.0,0.04103761405826334,0.0,0.0,0.0492413514275581,0.0,0.0,0.0,0.04173817439553167,0.0,0.0379087308956466,0.08973411511629684,0.0,0.0,0.0834645632115841,0.0,0.0,0.0,0.0,0.05592509070985464,0.0,0.0,0.0,0.0,0.0,0.0,0.0,0.0,0.0,0.0,0.0,0.0,0.0,0.0,0.0,0.0,0.0,0.0,0.0,0.0,0.0,0.0,0.0,0.0,0.0,0.0492413514275581,0.0,0.0,0.0,0.0,0.0,0.0,0.0,0.0,0.0,0.0,0.0,0.0,0.0,0.0,0.0,0.0,0.0,0.0,0.0,0.0,0.04103761405826334,0.0,0.0,0.0,0.10451974372331753,0.028304971213052085,0.0,0.0,0.0,0.0,0.0,0.0,0.0,0.0,0.052259871861658765,0.0,0.07818548275087794,0.0,0.0,0.0,0.0,0.0,0.0,0.0,0.0,0.0,0.09891515867906901,0.0,0.05512674466562258,0.0,0.0,0.0,0.0,0.0,0.0,0.0,0.0,0.0,0.0,0.0,0.0,0.062272757390876066,0.0,0.0,0.0,0.0,0.0,0.0,0.0,0.0,0.0,0.0,0.0,0.0,0.0,0.0,0.0,0.0,0.0,0.0,0.0,0.0,0.0,0.0,0.0,0.0,0.0,0.0,0.0,0.0,0.0,0.0,0.0,0.0,0.13724195845951384,0.0,0.0,0.0,0.03297171955968967,0.039716859068986775,0.0,0.0,0.0,0.0,0.0,0.18865025211706937,0.0,0.0,0.08725187544804386,0.0,0.0,0.0,0.0,0.0,0.0,0.0,0.0,0.0,0.0,0.0,0.0,0.0,0.0,0.0,0.0,0.0,0.0,0.0,0.0,0.0,0.0,0.0,0.0,0.0,0.0,0.05592509070985464,0.0,0.04284574223160352,0.0,0.0,0.0,0.0,0.0,0.0,0.07102045593019861,0.0,0.0,0.0,0.0,0.0,0.0,0.0,0.0,0.0,0.0,0.0,0.048168418003120765,0.0,0.0,0.0,0.0,0.0,0.0400376412150125,0.052259871861658765,0.0,0.0,0.0,0.0,0.0,0.11185018141970927,0.0,0.0,0.0,0.0,0.0,0.0,0.07525013167987472,0.0,0.4490864690208225,0.0638626390014227,0.0,0.0,0.0,0.0,0.0,0.0,0.0,0.0,0.0,0.0,0.0,0.0,0.0,0.0,0.0,0.03275853240648496,0.0,0.0,0.0,0.0,0.0,0.0,0.0,0.0,0.0,0.0,0.0,0.0,0.0,0.0,0.0,0.0,0.0,0.0,0.0,0.0,0.0,0.0,0.0,0.0,0.0,0.0,0.0,0.0,0.0,0.0,0.0,0.0,0.05363351239399041,0.0,0.0,0.0,0.0,0.0,0.0,0.04362593772402193,0.0,0.0,0.0,0.03275853240648496,0.0,0.0,0.0,0.0,0.0,0.0,0.0,0.019935328163042238,0.0,0.0,0.0,0.0,0.0,0.0,0.0413843196913032,0.0,0.0,0.05098807937389772,0.0,0.0,0.09154401610116704,sport
Dokumen_18,0.0,0.0,0.0,0.0,0.0,0.0,0.0,0.0,0.13212018669839365,0.0,0.0,0.0,0.0,0.2748788846027023,0.0,0.0,0.0,0.0,0.0,0.0,0.0,0.0,0.0,0.0,0.0,0.0,0.0,0.0,0.0,0.0,0.08853507783973202,0.0,0.0,0.0,0.0,0.045204078347369316,0.0,0.0,0.0,0.0,0.0,0.0,0.0,0.0,0.0,0.0,0.0,0.0,0.0,0.0,0.06224447470051347,0.0,0.0,0.0,0.0,0.0,0.0,0.0,0.05144480221639652,0.0,0.0,0.04222775692911331,0.0,0.1788972086967915,0.0,0.0,0.0,0.055656653387066754,0.0,0.0,0.0,0.0,0.2547648767551115,0.0,0.0,0.0,0.0,0.07069318353162211,0.0,0.0,0.0,0.05410522415976542,0.0,0.046287187731435996,0.0,0.0,0.0,0.05142620938284353,0.0,0.05617940464522784,0.0,0.0,0.0,0.0,0.06605803818690183,0.0,0.0,0.0,0.0,0.13048277520688026,0.0,0.0,0.0,0.0,0.0812402464850228,0.0,0.0,0.0,0.0,0.0,0.0,0.0,0.0,0.0,0.0,0.0,0.0,0.0,0.0,0.0,0.1976637180721582,0.0,0.0,0.0,0.0,0.0,0.0,0.0,0.048654689044222516,0.0,0.0,0.0,0.14824778855411866,0.0,0.0,0.0465192159963585,0.0,0.0,0.0,0.15656933443595378,0.0,0.0,0.0,0.19758429093742388,0.0,0.0,0.0,0.027471141990482607,0.0,0.0812402464850228,0.0,0.0,0.0,0.0,0.0,0.0,0.0,0.0,0.0,0.082837397388939,0.0,0.06871972115067558,0.0,0.0,0.054647488757912276,0.0,0.0891504960297729,0.0,0.0,0.0,0.04336976415020022,0.0873298265891644,0.029538717870331084,0.0,0.0,0.0,0.0,0.0873298265891644,0.0,0.0,0.0,0.0,0.0,0.0,0.0,0.06445245966259491,0.0,0.0,0.0,0.0,0.0,0.0,0.0,0.0988318590360791,0.0,0.0,0.0,0.06224447470051347,0.31929992492897236,0.0,0.0,0.0,0.0,0.0,0.0,0.0,0.0,0.10550498194298821,0.0,0.0,0.0,0.0,0.0,0.0,0.0,0.0,0.0,0.0,0.0,0.0,0.0,0.0,0.06871972115067558,0.04222775692911331,0.0,0.0,0.0,0.0,0.0,0.0,0.0,0.05726428707366868,0.21207955059486636,0.0,0.0,0.0472079445559581,0.0,0.0,0.0,0.0,0.0,0.07659227628546922,0.0,0.0,0.0,0.0,0.0,0.0,0.0,0.0,0.0,0.0,0.0,0.0,0.0,0.0,0.0,0.0,0.0,0.0,0.0,0.0,0.0,0.0,0.10733832521807489,0.0,0.0,0.0,0.0,0.0,0.0,0.0,0.0,0.0,0.1292357305772385,0.0,0.05187438313460765,0.0,0.0,0.0,0.0,0.052312643039720594,0.06024060849192467,0.12890491932518983,0.0,0.0,0.0,0.0,0.0,0.055146203307274266,0.0,0.34359860575337786,0.0,0.0,0.0,0.0,0.0,0.0,0.0,0.0,0.05247804889690477,0.0,0.0,0.060888212626939484,0.0,0.0,0.0,0.0,0.0,0.0,0.14807438775793655,0.0,0.0,0.0,0.0,0.0,0.0,0.0,0.0,0.0,0.0,0.0,0.0,0.0,0.060888212626939484,0.0,0.0,0.0,0.0,0.0,0.0,0.08109662349375218,0.0,0.0,0.06968401890246764,0.0,0.0,0.0,0.0,0.0,0.0,0.0,0.0,0.0,0.0,0.07175159478231612,0.0,0.0,0.0,0.0,0.0,0.0,0.0,0.0,0.0,0.0,0.0,0.0,0.0,0.0,0.0,0.0,0.0,0.0,0.0,0.0,0.0,0.0,0.0,0.0,0.0,0.0,0.0,0.0,0.0,0.0,0.0,0.0,0.0,0.0,0.0,0.0,0.038646660861564854,0.04488738473059207,0.0,0.0,0.0,0.0,0.0,0.0,0.0728643067559101,0.0,0.0,0.0,0.0,0.0,0.0,0.0,0.05275993986538571,0.0,0.06779647000994106,0.0,0.0,0.0,0.0,0.06024060849192467,0.0,0.04791925836223261,0.07069318353162211,0.0,0.06524138760344013,0.0,0.0,0.05144480221639652,0.0,0.0,0.0,0.0,0.0,0.0,0.0,0.0,0.0,0.0,0.0,0.0,0.0,0.0,0.0,0.043964133589857554,0.0,0.06871972115067558,0.0,0.0,0.0,0.0,0.0,0.054647488757912276,0.0,0.0,0.04686084711153861,0.0,0.0,0.0,0.0,0.0,0.060888212626939484,0.0,0.0,0.0,0.0,0.0,0.0,0.0,0.0,0.0,0.03234706822514433,0.0,0.0,0.0,0.0,0.0,0.037723409720830346,0.0,0.07403719387896827,0.0,0.11800132746882583,0.0,0.0,0.0,0.0,0.0,0.0,0.0,0.0,0.0,0.0,0.0,0.0,0.06871972115067558,0.0,0.0,0.0,0.0,0.0,0.0,0.2015970713259445,0.0,0.0,0.0,0.0,0.0,0.06871972115067558,0.052312643039720594,0.0,0.0,0.0,0.0,0.0,0.162005157060026,sport
Dokumen_19,0.0,0.030313331738781486,0.0,0.0,0.0,0.0,0.0,0.0,0.049298263140012774,0.04358650917968912,0.0,0.0,0.0,0.358981331558298,0.0,0.0,0.0,0.0,0.0,0.0,0.0,0.0,0.0,0.0,0.0,0.0,0.0,0.03776867607613108,0.0,0.04868729259422191,0.0,0.0,0.0,0.09737458518844382,0.0,0.033734171969611065,0.0,0.0,0.0,0.0,0.0,0.0,0.0,0.0,0.0,0.038391398925879096,0.0,0.0,0.0,0.0,0.0,0.0,0.0,0.08156289657320637,0.0,0.0,0.0,0.0,0.0,0.0,0.0,0.0,0.0,0.1335045293189165,0.0,0.0,0.0,0.0,0.0,0.0,0.0,0.0,0.047530457861739886,0.0,0.12820281123856178,0.0,0.0,0.10551154221127049,0.04153455142220836,0.0,0.0,0.02018838789538224,0.0,0.0863561435166836,0.0,0.0,0.0,0.07675504753066287,0.0,0.04192466181677551,0.08678784581971337,0.0,0.0,0.0,0.13145794519086887,0.0,0.0,0.0,0.0,0.0,0.0,0.0,0.0,0.0,0.06062666347756297,0.0,0.0,0.0,0.0,0.0,0.0,0.0,0.0,0.0,0.0,0.0,0.09859652628002555,0.12946434694478537,0.0,0.0,0.03687732446594033,0.0,0.0,0.2665393041961013,0.0,0.0,0.0,0.06994111739009903,0.0,0.0,0.03522958498887818,0.03172194134369882,0.03687732446594033,0.0,0.0,0.0,0.0,0.0,0.0,0.07010522562733397,0.0,0.0,0.0,0.05529375909755124,0.0,0.0,0.0,0.04100144332054389,0.0,0.030313331738781486,0.0,0.0,0.0,0.0,0.0,0.0,0.0,0.0,0.04192466181677551,0.02060618651529337,0.0,0.0,0.0,0.13209019691386162,0.0,0.0,0.3991787830913057,0.0,0.0,0.0,0.06473057899252448,0.09775664594674663,0.06613103672254579,0.0,0.0,0.0,0.0,0.032585548648915545,0.0,0.0,0.0,0.037466072910795026,0.0,0.0,0.0,0.0,0.047530457861739886,0.0,0.17434603671875648,0.0,0.0,0.0,0.0,0.0,0.0,0.0,0.0,0.046450804672305064,0.03971366807019048,0.0,0.0,0.0,0.0,0.0,0.0,0.0,0.04448611827436902,0.0,0.0,0.0,0.0,0.0,0.0,0.0,0.0,0.0,0.0,0.0,0.0,0.0,0.0,0.0,0.051283047365471145,0.03151305072942705,0.0,0.0,0.0,0.0,0.0,0.05059405836511272,0.04358650917968912,0.04273427041285393,0.15826731331690572,0.0,0.0,0.03522958498887818,0.0,0.0,0.0,0.08306910284441672,0.0,0.0,0.0,0.0,0.0,0.0,0.0,0.0,0.0,0.0,0.0,0.0,0.0,0.0,0.0,0.0,0.0,0.054376001998355336,0.0,0.0,0.0,0.0,0.0,0.0,0.0,0.0,0.0,0.0,0.0,0.0,0.0,0.053545625217273386,0.045438675242871214,0.0,0.1285919477267579,0.0,0.0,0.0,0.0,0.0,0.0,0.0,0.08991078330607588,0.0,0.0,0.031103185850419626,0.0,0.0,0.0,0.041153620953030386,0.0,0.30769828419282685,0.0,0.0,0.0,0.0,0.0,0.0,0.0,0.0,0.0,0.0,0.0,0.0,0.08630956462985691,0.0,0.0,0.0,0.0,0.0,0.0,0.0,0.0,0.0,0.0,0.0,0.0,0.0,0.0,0.0,0.0,0.0,0.0,0.0,0.0,0.0,0.0,0.0,0.0,0.0,0.0,0.0,0.0,0.043154782314928454,0.0,0.0,0.0,0.09330955755125887,0.11239821873238508,0.0,0.0,0.0,0.0,0.0,0.0,0.0,0.0,0.20576810476515192,0.0,0.0,0.0,0.0,0.0,0.0,0.0,0.0,0.0,0.0,0.0,0.0,0.0,0.0,0.0,0.0,0.0,0.0,0.0,0.0,0.0,0.0,0.0,0.0,0.0,0.08247227992626432,0.0,0.0,0.04041763976295569,0.0,0.221263946795642,0.045438675242871214,0.08806013127590775,0.0,0.028840607998617384,0.0,0.0,0.04698163249011454,0.0,0.0,0.0,0.0,0.0,0.0,0.0,0.0,0.0,0.0,0.0,0.0,0.0,0.0,0.0,0.0,0.0,0.0,0.0,0.0,0.0,0.0,0.0,0.11811851604505755,0.0,0.0,0.0,0.0,0.0,0.0,0.0,0.0,0.0,0.0,0.0,0.0,0.0,0.0,0.051283047365471145,0.0,0.0,0.0,0.0,0.032808845954526995,0.0,0.051283047365471145,0.0,0.05617661133646482,0.0,0.0,0.0,0.0,0.0,0.0,0.10491167608514855,0.0,0.0,0.0,0.0,0.0,0.0,0.0,0.0,0.0,0.053545625217273386,0.0,0.0,0.045438675242871214,0.0,0.0,0.0,0.053545625217273386,0.0,0.033734171969611065,0.0,0.0,0.08445485699477691,0.0,0.0,0.0,0.08806013127590775,0.0,0.0,0.0,0.0,0.0,0.0,0.0,0.0,0.0,0.0,0.0,0.030902080183636185,0.0,0.0,0.0,0.0,0.0,0.04358650917968912,0.0,0.05641673153155163,0.0,0.0,0.09087735048574243,0.0,0.0,0.051283047365471145,0.0,0.0,0.0,0.0,0.0,0.0,0.05181368611001016,sport
Dokumen_20,0.0,0.0,0.0,0.0,0.0,0.0,0.0,0.0,0.0,0.0,0.0,0.0,0.0,0.4839936695323407,0.0,0.0,0.0,0.0,0.0,0.0,0.0,0.0,0.0,0.0,0.0,0.0,0.0,0.0,0.0,0.0,0.0,0.0,0.0,0.0,0.0,0.0,0.0,0.0,0.0,0.0,0.0,0.04340829115455333,0.0,0.0,0.0,0.0,0.0,0.0,0.0,0.0,0.0,0.03816784888956997,0.0,0.06997869070530677,0.0,0.0,0.042841292542415386,0.0,0.0,0.04399942450294006,0.042841292542415386,0.0,0.0,0.0,0.0,0.0,0.0,0.0,0.0,0.0,0.0,0.0,0.08155961471532513,0.0,0.2933184982270903,0.0,0.0,0.09052596080394644,0.0,0.0,0.0,0.03464214763637532,0.0,0.17781879099106704,0.0,0.0,0.0,0.049390267727910456,0.0,0.0,0.059569241160007246,0.08459306997483601,0.0,0.0,0.0845904382424388,0.0,0.0,0.0,0.0,0.0,0.0,0.0,0.139787460117881,0.13022487346366,0.026007993280272947,0.0,0.0,0.0,0.0,0.0,0.0,0.0,0.0,0.0,0.0,0.0,0.042296534987418005,0.0,0.0,0.0,0.06327943197860934,0.03985349502954846,0.0,0.1306761657062715,0.0,0.0,0.0,0.0,0.0,0.0,0.0,0.0,0.0,0.0,0.051362331121545944,0.0,0.0,0.0,0.0,0.080197771406965,0.0,0.0,0.0,0.01581350110728487,0.0,0.0948081240127435,0.0,0.070356189913492,0.0,0.0,0.0,0.0,0.0,0.0,0.0,0.0,0.0,0.0,0.0,0.0,0.0,0.0,0.0,0.0,0.0,0.0329387496527519,0.0,0.0,0.0,0.0,0.0,0.0,0.0189128617678697,0.0,0.0,0.05829750697262157,0.0,0.0279574920235762,0.03163971598930467,0.03631315964215009,0.0,0.03214484573648988,0.0,0.0,0.0,0.0,0.04077980735766257,0.0,0.03739600937384382,0.0,0.0,0.0,0.0,0.0,0.0,0.0,0.0,0.03985349502954846,0.0,0.0,0.0,0.0,0.0,0.0,0.0,0.0,0.03816784888956997,0.06755205652691924,0.0,0.0,0.0,0.0,0.0,0.0,0.042296534987418005,0.04461683891350352,0.0,0.0,0.0,0.0,0.0,0.0,0.08799884900588012,0.0,0.0,0.0,0.0,0.0,0.0,0.0,0.0,0.0,0.0,0.0,0.03188998469206855,0.0,0.0,0.0,0.0,0.0,0.03530865912162311,0.0,0.0,0.06230462759362486,0.0,0.0,0.0,0.09987284810963727,0.0,0.0,0.03631315964215009,0.0,0.0,0.0,0.0,0.0,0.0,0.0,0.0,0.03321379898156525,0.0,0.0,0.0,0.042296534987418005,0.0,0.06874386188417984,0.0,0.0,0.0,0.0,0.0,0.0,0.038985116204471794,0.08459306997483601,0.0,0.0,0.0,0.0,0.0,0.0,0.0,0.06698881047344911,0.0,0.0,0.0,0.02668566608129995,0.0,0.0,0.0,0.0,0.0,0.5279930940352807,0.0,0.0,0.0,0.0,0.0,0.0,0.0,0.0,0.016800155121687792,0.0,0.0,0.0,0.07405119952699843,0.0,0.0,0.0,0.0,0.0,0.0,0.0,0.0,0.038985116204471794,0.0,0.0,0.0,0.0,0.0,0.0,0.0,0.0,0.0,0.0,0.0,0.0,0.0,0.0,0.0,0.0,0.0,0.0,0.0,0.0,0.0,0.0,0.0,0.02668566608129995,0.09643453720946964,0.0,0.0,0.0,0.0,0.0,0.0,0.0,0.0,0.28246927297298485,0.0,0.0,0.0,0.0,0.0,0.0,0.0,0.0,0.0,0.038985116204471794,0.04461683891350352,0.0,0.0,0.0,0.034989345352653384,0.0,0.0,0.0,0.0,0.0,0.0,0.0,0.0,0.0,0.0,0.047172610841430235,0.0,0.0,0.0,0.0,0.0,0.0,0.0,0.0,0.04948887476247958,0.0,0.0,0.0,0.0,0.0,0.0,0.0,0.0,0.0,0.0,0.0,0.0,0.0,0.0,0.0,0.0,0.0,0.0,0.0,0.0,0.0,0.0,0.0,0.0,0.0,0.04526298040197322,0.0337807975937032,0.0,0.0,0.0,0.0,0.0,0.0,0.0,0.0,0.051687236280697296,0.0,0.0,0.0,0.0,0.0,0.0,0.0,0.036664812278386284,0.0,0.0,0.0,0.0,0.08799884900588012,0.0,0.0,0.0,0.0,0.0,0.034989345352653384,0.0,0.0,0.09001129239627409,0.0,0.0,0.048197965922633756,0.0,0.0,0.0,0.0,0.0,0.0,0.0,0.0,0.0,0.038985116204471794,0.0,0.0,0.0207109744107234,0.045940653203000226,0.0,0.0,0.0,0.0,0.0,0.0,0.0,0.0,0.0,0.0,0.0,0.0,0.0,0.0,0.0,0.0,0.0,0.0,0.0,0.0,0.0,0.0,0.0,0.0,0.0,0.08061786098793701,0.0,0.0,0.08067330392292814,0.0,0.0,0.0,0.0,0.0,0.08799884900588012,0.033494405236724555,0.03530865912162311,0.04340829115455333,0.0,0.0,0.0,0.04445469774776676,sport
Dokumen_21,0.0,0.0,0.0,0.0,0.0,0.0,0.0,0.1017087759666583,0.0,0.05857378698688584,0.0,0.0,0.5845860874280479,0.0,0.0,0.0,0.0,0.0,0.0,0.0,0.0,0.0,0.0,0.0,0.0,0.0,0.0,0.10151096882477029,0.05246266086778127,0.0,0.04439448567033525,0.0,0.0,0.0,0.0,0.04533371082738008,0.0,0.0,0.0,0.0,0.0,0.0,0.05857378698688584,0.0,0.0,0.0,0.0,0.0,0.0,0.0,0.0,0.0,0.13420558961446044,0.0,0.0,0.0,0.06710279480723022,0.0,0.0,0.0,0.0,0.1270465624895143,0.0,0.03588204703373974,0.0,0.0,0.0,0.0,0.0,0.0,0.0,0.0,0.0,0.0,0.05742850481288159,0.0,0.0,0.0,0.0,0.0,0.0,0.05426038260222876,0.0,0.11604981565516703,0.0,0.0,0.0,0.025786842585253184,0.0,0.05634051124923215,0.04665198374237723,0.06624953496693745,0.0,0.0,0.08832996521469291,0.10404628831504013,0.0,0.0,0.0,0.0,0.0,0.0,0.04379013188562026,0.0,0.04073661023896791,0.0,0.0,0.0,0.0,0.0,0.0,0.0,0.0,0.21921978278551793,0.0,0.0,0.0,0.11598722055759164,0.0,0.0,0.0,0.0,0.0,0.05116988431722729,0.0,0.0,0.0,0.0,0.0,0.0,0.0,0.08525914417308493,0.09911528078604753,0.0,0.0,0.13995785975479877,0.0,0.0,0.0,0.031403666179018366,0.0,0.0,0.05687770736274824,0.049537726665714564,0.0,0.0,0.0,0.027549921436832308,0.0,0.0,0.0,0.0,0.0,0.0,0.0,0.0,0.0,0.0,0.05634051124923215,0.05538330103853671,0.0,0.0,0.0,0.17750958272872452,0.0,0.05159233132303437,0.0,0.04734332355609993,0.0,0.0,0.0,0.08758026377124052,0.029623426538085446,0.0,0.0,0.0,0.0,0.04379013188562026,0.0,0.0,0.0,0.0,0.0,0.0,0.0,0.0,0.06387386754707211,0.0,0.0,0.0,0.0,0.0,0.0,0.049557640393023766,0.10404628831504013,0.0,0.0,0.0,0.0,0.0,0.0,0.0,0.0,0.04805667720869239,0.05687770736274824,0.0,0.11956545567501149,0.03526918010580883,0.0,0.0,0.0,0.0,0.0,0.0,0.0,0.0,0.0,0.0,0.0,0.059169860909574844,0.0,0.0,0.0,0.04234885416317143,0.0,0.14614652185701196,0.0,0.0,0.0,0.0,0.0,0.05742850481288159,0.0,0.0,0.0,0.04734332355609993,0.0,0.0,0.0,0.11163252177735612,0.0,0.0,0.0,0.0,0.11375541472549648,0.0,0.0,0.0,0.0,0.05634051124923215,0.05687770736274824,0.0,0.0,0.0,0.0,0.0,0.0,0.0,0.0,0.0,0.0,0.0,0.0,0.0,0.0,0.0,0.0,0.0,0.0,0.06710279480723022,0.0,0.0,0.0,0.0,0.0,0.0,0.05202314415752007,0.0,0.0,0.0,0.0,0.0,0.0,0.0,0.0,0.0,0.0,0.0,0.0,0.05530434698278438,0.0,0.0,0.0,0.0,0.0,0.0,0.0,0.0,0.0,0.0,0.052628541062066415,0.0,0.0,0.0,0.0,0.0,0.0,0.0,0.0,0.0,0.0,0.0,0.0,0.0,0.0,0.0,0.0,0.0,0.0,0.0,0.0,0.0,0.0,0.0,0.0,0.0,0.0,0.0,0.0,0.0,0.0,0.0,0.0,0.05799361027879582,0.0,0.0,0.1439147160249168,0.0,0.0,0.0,0.0,0.0,0.0,0.0,0.0,0.0,0.0,0.0,0.0,0.0,0.0,0.0,0.0,0.0,0.0,0.0,0.0,0.0,0.06988385291120526,0.0,0.0,0.0,0.0,0.0,0.0,0.0,0.0,0.0,0.07307326092850598,0.0,0.0,0.0,0.0,0.0,0.0,0.0,0.0,0.04994963905626694,0.0,0.0,0.11833972181914969,0.0,0.0,0.22508054511550948,0.042629572086542465,0.0,0.0,0.0,0.0,0.0,0.0,0.0,0.0,0.05581626088867806,0.0,0.0,0.0,0.0,0.0,0.0,0.0,0.0,0.0,0.0,0.0,0.0,0.0,0.0,0.0,0.0,0.0,0.0,0.0,0.05159233132303437,0.06041336147709023,0.0,0.11163252177735612,0.0,0.04047914762215191,0.0,0.0,0.0,0.0,0.0,0.0,0.0,0.0,0.0,0.0,0.0,0.0,0.0,0.0,0.07549301212680039,0.0,0.15738798260334383,0.0,0.0548042022614951,0.0,0.0,0.0469952307346222,0.0,0.0,0.15098602425360078,0.0,0.0,0.0,0.0,0.0679908910636307,0.0,0.0,0.0,0.0,0.0,0.0,0.0,0.03243983044546614,0.0,0.0,0.09066742165476016,0.05291124041392055,0.0,0.15132635905684158,0.0,0.0,0.0,0.0,0.0,0.0,0.0,0.0,0.0,0.0,0.0,0.0,0.0,0.0,0.0,0.0,0.06891678982686791,0.0,0.0,0.0,0.0,0.05857378698688584,0.0,0.1010875972838958,0.0,0.0,0.061062822757149395,0.0,0.0,0.0,0.0,0.0,0.0,0.0,0.0548042022614951,0.0,0.06962988939310022,sport
Dokumen_22,0.0,0.0,0.05990705768066694,0.0,0.0,0.0,0.0,0.08579982773768981,0.0,0.0,0.0,0.0,0.0,0.43602791198555685,0.0,0.0,0.0,0.0,0.0,0.0,0.0,0.0,0.0,0.0,0.0,0.0,0.0,0.0,0.06638493909206121,0.0,0.0,0.0,0.0,0.0,0.0,0.0,0.0,0.0,0.0,0.0,0.0,0.0,0.0,0.0,0.0,0.0,0.0,0.0,0.0,0.0,0.0,0.0,0.0,0.0,0.0,0.0733836641604834,0.0,0.0,0.0,0.0,0.0,0.0,0.0,0.0,0.0,0.0,0.0,0.0,0.0,0.13276987818412242,0.0,0.0,0.08082439465610153,0.0,0.0,0.0,0.0,0.0,0.0,0.0,0.0,0.0,0.0,0.0,0.0,0.0,0.0,0.0,0.0,0.0,0.0,0.0,0.0,0.0,0.13971316131770917,0.0,0.0,0.0,0.0,0.0,0.0,0.0,0.0,0.0,0.2061883514712616,0.0,0.0,0.0,0.0,0.0,0.0,0.0,0.0,0.0,0.0,0.0,0.08383050479924159,0.0,0.0,0.0,0.0627089988311584,0.07898847050556139,0.0,0.0,0.0,0.0,0.0,0.0,0.0,0.0,0.05990705768066694,0.0,0.0,0.0,0.0,0.0,0.0,0.0,0.0,0.11921224154921845,0.0,0.0,0.0,0.09402570074792652,0.0,0.0,0.0,0.0,0.0,0.0,0.0,0.0,0.0,0.0,0.0,0.0,0.0,0.0,0.0,0.0,0.0,0.0,0.0,0.0,0.0,0.0,0.0,0.0,0.0,0.0,0.0,0.0,0.0,0.0,0.0,0.0,0.0,0.16623281339388746,0.0,0.0,0.0,0.0,0.0,0.0,0.0,0.0,0.0,0.0,0.0,0.0,0.0,0.0,0.0,0.0,0.0,0.0,0.0,0.15797694101112278,0.0,0.0,0.0,0.0,0.0,0.0,0.0,0.0,0.0,0.0,0.0,0.0,0.0,0.0,0.0,0.0,0.0,0.0,0.0,0.0,0.0,0.0,0.0,0.0,0.2616167471913341,0.0,0.0,0.0,0.0,0.0,0.0,0.0,0.0,0.0,0.0,0.0,0.0,0.0,0.08970991351760431,0.0,0.0,0.0,0.0,0.0,0.0,0.0,0.0,0.0,0.0,0.0,0.0,0.0,0.0,0.0,0.0,0.0,0.0,0.0,0.0,0.0,0.0,0.13165757127638983,0.0,0.0,0.0,0.0,0.0,0.0,0.0,0.0,0.0,0.0,0.0,0.0,0.0,0.0,0.0,0.0627089988311584,0.0,0.0,0.0,0.0,0.0,0.06638493909206121,0.0,0.0,0.0,0.0,0.0,0.0,0.0,0.0,0.0,0.43602791198555685,0.0733836641604834,0.0,0.0,0.0,0.0,0.0,0.0,0.0,0.03329741987081447,0.0,0.0,0.0,0.0,0.0,0.0,0.0,0.0,0.0,0.0,0.0,0.0,0.0,0.0,0.0,0.0,0.0,0.0,0.0,0.0,0.0,0.0,0.0,0.0,0.0,0.0,0.0,0.0,0.09246507698537786,0.0,0.0,0.0,0.0,0.0,0.0,0.0,0.10578043138355604,0.12742030266003096,0.0,0.0,0.0,0.0,0.0,0.0,0.0,0.0,0.0,0.0,0.0,0.0,0.0,0.0,0.0,0.0,0.0,0.0,0.0,0.08842927984001675,0.0,0.0,0.0,0.0,0.0,0.0,0.0,0.0,0.0,0.0,0.0,0.0,0.0,0.0,0.0,0.0,0.0,0.0,0.0,0.0,0.0,0.0,0.0,0.1471282702419674,0.0,0.0,0.0,0.0,0.0,0.0,0.0,0.0,0.0,0.0,0.0,0.0,0.07726736887667374,0.0,0.0,0.0,0.0,0.0,0.0,0.0,0.0,0.0,0.0,0.0,0.0,0.17941982703520862,0.0,0.0,0.0,0.0,0.0,0.0,0.0,0.0,0.0,0.0,0.0,0.0,0.0,0.0,0.0,0.0,0.0,0.0,0.0,0.0,0.0,0.0,0.2616167471913341,0.0,0.0,0.0,0.0,0.0,0.06934786701512229,0.0,0.0,0.0,0.0,0.0,0.0,0.0,0.0,0.0,0.0,0.0,0.0,0.0,0.0,0.0,0.0,0.0,0.0,0.0,0.0,0.0,0.0,0.0,0.0,0.0,0.0,0.0,0.0,0.0,0.0,0.0,0.0,0.0,0.0,0.0,0.0,0.06998073763797692,0.0,0.0,0.0,0.0,0.0,0.0,0.0,0.0,0.0,0.07411780525802047,0.0,0.0,0.0,0.0,0.0,0.0,0.0,0.2616167471913341,0.13276987818412242,0.0,0.17206794651340296,0.0,0.06934786701512229,0.0,0.0,sport
Dokumen_23,0.0,0.06968036354100594,0.0,0.0,0.0,0.0,0.0,0.0,0.0,0.0,0.0,0.05976850120731035,0.0,0.0,0.0,0.0,0.0,0.0,0.0,0.0,0.0,0.0,0.0,0.0,0.0,0.0,0.0,0.0,0.04486894295022378,0.0,0.0,0.0,0.0,0.0,0.0,0.11631562245548466,0.0,0.0,0.1432113764771088,0.0,0.0,0.0,0.0,0.0,0.0,0.0,0.0,0.0,0.0,0.0,0.0,0.0,0.05738998789242155,0.0,0.0,0.0,0.17216996367726464,0.0,0.0,0.0,0.0,0.03621906113842612,0.0,0.06137658649650585,0.0,0.0,0.0,0.0,0.0,0.0,0.0,0.0,0.0,0.0,0.04911600486029275,0.0,0.0,0.0,0.0477371254923696,0.0,0.0,0.046406453107144516,0.0,0.15880346049968513,0.0,0.0,0.0,0.13232592663267162,0.0,0.0,0.09974833350175137,0.0,0.0,0.0,0.13220309802819596,0.04449304417055492,0.0,0.0,0.0,0.05595802330517893,0.0,0.0,0.0,0.0,0.10452054531150892,0.0,0.0,0.0,0.0,0.0,0.0,0.0,0.35861100724386213,0.0,0.0,0.41837950845117244,0.0,0.0,0.0,0.0,0.042384410221706095,0.0,0.06350225175638205,0.043763289589629245,0.0,0.0,0.0,0.0,0.0,0.0,0.08098121020076543,0.07291829298418956,0.0,0.0,0.0,0.0797997549863768,0.0,0.0,0.0,0.026858136489977046,0.0,0.0,0.0,0.10591844727669679,0.0,0.0,0.0,0.0471244055404563,0.0,0.03484018177050297,0.0,0.0,0.0,0.0,0.0,0.0,0.0,0.0,0.09637098626771001,0.04736683449884396,0.0,0.05894141585474396,0.0,0.0,0.0,0.0,0.15293008679782416,0.0,0.0,0.0,0.0,0.07490344168056932,0.02533557797758941,0.0,0.0,0.039047528923230795,0.0,0.07490344168056932,0.0,0.0,0.0,0.0,0.0,0.0,0.0,0.0,0.0,0.0,0.0,0.0,0.0,0.0,0.0,0.0,0.08898608834110984,0.0,0.0,0.05338754882224935,0.0,0.0,0.0,0.0,0.0,0.0,0.19457973077121993,0.0,0.306776792527936,0.030164135861445673,0.1363565953308787,0.0,0.0,0.0,0.0,0.0,0.0,0.0,0.0,0.0,0.0,0.0,0.0,0.0,0.0,0.0,0.0,0.0,0.0,0.0,0.0,0.05814953648571854,0.0,0.04911600486029275,0.0,0.0,0.0,0.040490605100382715,0.0,0.0,0.0,0.0477371254923696,0.0,0.0,0.0,0.0,0.09728986538560996,0.0,0.0,0.0,0.0,0.0,0.0,0.0,0.0,0.0,0.0,0.0,0.04449304417055492,0.0,0.0,0.0,0.0,0.05894141585474396,0.0,0.0,0.06137658649650585,0.0,0.0,0.0,0.0,0.0,0.0,0.0,0.0,0.05666023331149587,0.18474407859675904,0.0,0.0,0.0,0.0,0.0,0.05595802330517893,0.0,0.0,0.0,0.0,0.0,0.0,0.0,0.0,0.0,0.0,0.0,0.0,0.0,0.0,0.0,0.0,0.055281353943572725,0.0,0.0,0.02250540639197314,0.0,0.0,0.0,0.0,0.0,0.0,0.0,0.0,0.0,0.0,0.0,0.0,0.0,0.0,0.0,0.0,0.0,0.0,0.0,0.0,0.0,0.0,0.0,0.0,0.0,0.0,0.0,0.06249625774893741,0.0,0.0,0.0,0.0,0.14879794208121233,0.0,0.0,0.0,0.03574798897093835,0.0,0.0,0.0,0.0,0.0,0.0,0.0,0.0,0.0,0.0,0.0,0.0,0.0,0.0,0.0,0.0,0.0,0.0,0.0,0.0,0.0,0.0,0.0,0.0,0.04687155748544372,0.0,0.0,0.0,0.0,0.06456576159556147,0.0,0.0,0.0,0.0,0.0,0.0,0.0,0.0,0.0,0.0,0.0,0.0,0.10121061606903085,0.0,0.0,0.11550073104502262,0.0,0.0,0.0,0.0,0.0,0.0,0.0,0.0,0.0,0.0,0.0,0.0,0.0,0.0,0.0,0.05009551294618291,0.05814953648571854,0.0,0.0,0.0,0.0,0.0,0.0,0.041100704241601865,0.0,0.0,0.0,0.0,0.0,0.04412458942249173,0.0,0.0,0.0,0.0,0.0,0.0,0.05976850120731035,0.06154187641467161,0.0,0.0,0.0,0.0,0.04911600486029275,0.05894141585474396,0.0,0.0377083643126488,0.0,0.0,0.0,0.0,0.0,0.04486894295022378,0.0,0.04687155748544372,0.0,0.0,0.040192897041166485,0.0,0.0,0.2582630463822459,0.0,0.0,0.0,0.0,0.0,0.0,0.0,0.0,0.0,0.0,0.0,0.0,0.0,0.0,0.0,0.0,0.0,0.0,0.12942259616794113,0.0,0.0,0.0,0.0,0.0,0.0,0.0,0.0,0.0,0.0,0.0,0.04729930866304679,0.0,0.0,0.0,0.03551685113210919,0.0,0.0,0.0,0.0,0.0,0.05009551294618291,0.0,0.06484174020839373,0.0,0.0,0.0,0.0,0.0,0.0,0.0,0.0,0.0,0.0,0.04687155748544372,0.0,0.09925216281230322,sport
Dokumen_24,0.0,0.0,0.0,0.0,0.0,0.0,0.0,0.0,0.052583476700164895,0.04649109408545204,0.0,0.0,0.0,0.0,0.0,0.0,0.0,0.0,0.0,0.0,0.5526630210247662,0.0,0.0,0.0,0.04061448010296032,0.0,0.0,0.0,0.0,0.0,0.03523672134494067,0.0,0.05893320553909955,0.0,0.0,0.10794660497827874,0.1178664110781991,0.0,0.0,0.0,0.0,0.0,0.0,0.0,0.0,0.0,0.0,0.0,0.0,0.0,0.0,0.047450652716047335,0.0,0.0,0.0,0.0,0.0,0.0,0.0,0.05470052603267041,0.0,0.0,0.0,0.0,0.0,0.0,0.0,0.0,0.0,0.0,0.0,0.0,0.0,0.0,0.0,0.0,0.0,0.0,0.0,0.0,0.0,0.10766866385289534,0.0,0.09211087716475788,0.0,0.0,0.0,0.0,0.0,0.0,0.05554280874631097,0.0,0.0,0.0,0.14021824213894232,0.04129172816143519,0.0,0.0,0.0,0.0,0.0,0.0,0.10427110382829785,0.0,0.0,0.0,0.0,0.0,0.0,0.0,0.0,0.0,0.0,0.0,0.0,0.0,0.052583476700164895,0.04603059714117832,0.0,0.0,0.0,0.0,0.0,0.04061448010296032,0.0,0.5266926152789553,0.0,0.0,0.0,0.0,0.0,0.03383587691097615,0.0786696247821883,0.0,0.0,0.0,0.0,0.0,0.0,0.0,0.0,0.0,0.0,0.039319006498773554,0.0,0.0,0.0,0.043733760627543125,0.0,0.03233339821047035,0.0,0.0,0.0,0.0,0.0,0.0,0.0,0.0,0.08943700395868093,0.0,0.0,0.0,0.0,0.0,0.0,0.0,0.0,0.0,0.0,0.0,0.0,0.0,0.09405063808655269,0.0,0.0,0.036238022813032324,0.0,0.0,0.03933481239109415,0.04514488443368659,0.0,0.03996279476127116,0.039029182960554513,0.0,0.0,0.0,0.05069786569199446,0.0,0.04649109408545204,0.0,0.0,0.0,0.0,0.0,0.04129172816143519,0.0,0.0,0.09909252982211378,0.04236016862736075,0.0,0.0,0.0,0.0,0.07628694050612558,0.04514488443368659,0.0,0.0,0.027993798164066577,0.0,0.0,0.0,0.0,0.0,0.0,0.0,0.055468101823024564,0.0,0.0,0.0,0.0,0.0,0.0,0.0,0.0,0.0,0.0,0.0,0.0,0.0,0.0,0.04649109408545204,0.0,0.0,0.0,0.0,0.0,0.0,0.0,0.0,0.0,0.0,0.0,0.0,0.0,0.04514488443368659,0.0,0.0,0.0,0.0,0.08943700395868093,0.0,0.0,0.0,0.0,0.0,0.0,0.0,0.0,0.0,0.08258345632287038,0.0,0.0,0.0,0.10516695340032979,0.0,0.0,0.0,0.0,0.0,0.05326072475863978,0.0,0.0,0.04846668764240076,0.0,0.0,0.0,0.0,0.0,0.04954626491105689,0.0,0.0,0.0,0.0,0.0,0.0,0.0,0.0,0.0,0.0,0.0,0.0,0.0,0.0,0.0,0.0,0.0,0.03814347025306279,0.0,0.0,0.0,0.08354448568075046,0.0,0.0,0.0,0.0,0.0,0.0,0.0,0.0,0.0,0.0,0.0,0.0,0.0,0.0,0.0,0.0,0.0,0.0,0.0,0.0,0.0,0.0,0.0,0.0,0.0,0.0,0.0,0.0,0.11599918747676581,0.0,0.0,0.0,0.0,0.0,0.0,0.05711388103089118,0.033175887836482,0.11988838428381347,0.0,0.0,0.0,0.0,0.0,0.12654561117100663,0.0,0.0,0.0,0.0,0.052583476700164895,0.0,0.0,0.0,0.0,0.0,0.0,0.0,0.0,0.0,0.0,0.0,0.0,0.0,0.0,0.0,0.0,0.0,0.0,0.0,0.0,0.0,0.0,0.0,0.0,0.0,0.0,0.0,0.0,0.0,0.0,0.0,0.0,0.03076253283826124,0.07146023050968404,0.0,0.0,0.04514488443368659,0.0,0.0,0.0,0.0,0.12193407460628514,0.04795119825663082,0.0,0.0,0.0,0.0,0.0,0.0,0.0,0.05396562312251876,0.0,0.0,0.0,0.0,0.0,0.0,0.03814347025306279,0.16881417421463854,0.0,0.0,0.0,0.0,0.0,0.0,0.03785804867975654,0.0,0.19365741989210844,0.03212904538717485,0.09298218817090408,0.0,0.0,0.0,0.0,0.0,0.0,0.0455820625195411,0.0,0.0,0.06999042468938076,0.0,0.0,0.0,0.0,0.06592276116129472,0.04164058067345489,0.0,0.0,0.0,0.05470052603267041,0.0,0.0,0.0,0.0,0.0,0.0,0.0,0.0,0.0,0.04899804070593798,0.0,0.0,0.0,0.0,0.0,0.0,0.025748091201512075,0.05711388103089118,0.0,0.0,0.0,0.0,0.0,0.0,0.0,0.0,0.0,0.0,0.0,0.0,0.0,0.0,0.0,0.0,0.0,0.0,0.0,0.0,0.03296138058064736,0.0,0.0,0.0,0.0,0.10022493370053476,0.0,0.0,0.060176316548178385,0.0,0.0,0.0,0.0,0.0,0.0,0.0,0.0,0.0,0.051303808988298734,0.0,0.0,0.05526652629885473,sport
Dokumen_25,0.0,0.0,0.0,0.0,0.0,0.0,0.0,0.0,0.0,0.06702423385357308,0.0,0.0,0.5853088397730418,0.07885942288190646,0.0,0.0,0.0,0.0,0.0,0.0,0.0,0.0,0.0767837225958274,0.0,0.05855216930921653,0.0,0.0,0.05807798388328091,0.0,0.0,0.0,0.0,0.0,0.0,0.0,0.0,0.0,0.0,0.1277377583072233,0.0,0.0,0.0,0.06702423385357308,0.0,0.0,0.0,0.0,0.0,0.0,0.0,0.0,0.0,0.0,0.0,0.0,0.0,0.0,0.0,0.0,0.0,0.0,0.04845852813817137,0.0,0.24635252408106018,0.0,0.0,0.0,0.0,0.0,0.0,0.0,0.0,0.07308895763501877,0.0,0.0,0.0,0.0,0.0,0.0,0.0,0.0,0.0,0.0,0.026558467134376748,0.0,0.0,0.0,0.0,0.0,0.06446876317291647,0.08007370606195176,0.0,0.0,0.0,0.22741501337184075,0.0,0.0,0.0,0.0,0.0,0.0,0.0,0.0,0.0,0.0932273712017201,0.0,0.0,0.0,0.0,0.08112407270636326,0.0,0.0,0.0,0.16723109707801193,0.0,0.0,0.0,0.0,0.0,0.0,0.0567073267719052,0.07142874374748047,0.0,0.17565650792764959,0.0,0.0,0.0,0.0,0.0,0.0,0.0,0.0,0.0567073267719052,0.0,0.0,0.0,0.0,0.0,0.0,0.14373710658751285,0.0,0.0,0.0,0.02834227004445355,0.0,0.16992299396237753,0.0,0.06304910343062614,0.0,0.0,0.0,0.0,0.0,0.0,0.0,0.0,0.0,0.0,0.0,0.0,0.0,0.07885942288190646,0.0,0.0,0.0,0.0,0.0,0.0,0.0,0.0,0.0,0.0,0.03389720163180358,0.0,0.0,0.10448563378386144,0.0,0.10021547832096771,0.0567073267719052,0.06508346063042583,0.0,0.0,0.0,0.0,0.0,0.0,0.0,0.0,0.0,0.0,0.0,0.0,0.0,0.0,0.0,0.0,0.0,0.0,0.0,0.0,0.0,0.0,0.0,0.05498981945938068,0.0,0.0,0.06840758873730678,0.0,0.0,0.0,0.0,0.0,0.0,0.0,0.0,0.0,0.0,0.0,0.0,0.0,0.0,0.0,0.07885942288190646,0.0,0.0,0.0,0.0,0.0,0.0,0.0,0.0,0.0,0.0,0.0,0.0,0.0,0.08112407270636326,0.0,0.0,0.0,0.0,0.0,0.0,0.0,0.06508346063042583,0.0,0.0,0.0,0.0,0.06446876317291647,0.0,0.08112407270636326,0.0,0.0,0.0,0.0,0.0,0.0,0.0,0.0,0.0,0.0,0.0,0.0,0.0,0.06160422932915486,0.0,0.0,0.0,0.0,0.0,0.0,0.0,0.15161472572393625,0.0,0.0,0.0595285290430758,0.0,0.0,0.0,0.0,0.0,0.0,0.0,0.0,0.0,0.0,0.0,0.0,0.06328311137067497,0.0,0.07885942288190646,0.0,0.0,0.0,0.0,0.0,0.0,0.0,0.0,0.0,0.0,0.0,0.0,0.0,0.0,0.0,0.0,0.0,0.0,0.0,0.0,0.0,0.0,0.0,0.0,0.0,0.0,0.0,0.0,0.0,0.0,0.0,0.0,0.0,0.0,0.0,0.0,0.16723109707801193,0.0,0.0,0.0,0.0,0.19908106495876307,0.0,0.0,0.0,0.04782826707767422,0.0,0.0,0.0,0.0,0.0,0.0,0.0,0.0,0.0,0.12656622274134993,0.0,0.0,0.0,0.0,0.0,0.0,0.0,0.0,0.0,0.0,0.0,0.0,0.0,0.0,0.0,0.0,0.0,0.0,0.0,0.0,0.0,0.0,0.0,0.0,0.0,0.0422733354903242,0.0,0.0,0.0,0.0,0.0,0.0,0.0,0.0,0.08869807155280651,0.0,0.0,0.0,0.0,0.0,0.0,0.0,0.0,0.0,0.0,0.0,0.0,0.0,0.0,0.0,0.0,0.0,0.0,0.0,0.0,0.0,0.0,0.0,0.0,0.0,0.08112407270636326,0.1210895020934614,0.0,0.0,0.0,0.0,0.0,0.0,0.0,0.0,0.0,0.0,0.0,0.0,0.0,0.0,0.0,0.0,0.13142744338184598,0.0,0.0,0.0,0.0,0.07885942288190646,0.0,0.0,0.0,0.06003145487878615,0.0,0.0,0.0,0.0,0.0,0.0,0.0,0.0,0.0,0.0,0.0,0.0,0.0,0.0,0.0,0.0,0.0,0.0,0.0,0.0,0.0,0.16467730836635489,0.0,0.0,0.0,0.0,0.0,0.0,0.0,0.0,0.0,0.0,0.0,0.0,0.0,0.0,0.0,0.14285748749496094,0.0,0.0,0.0,0.0,0.0,0.0,0.0,0.0,0.0,0.0,0.0,0.0,0.0,0.0,0.0,0.0,0.0,0.0,0.07885942288190646,0.18009436463635847,0.0,0.0,0.0,0.0,0.0,0.0,sport
Dokumen_26,0.0,0.0,0.0,0.0,0.0,0.0,0.0,0.03894821791535028,0.0,0.06729049478799345,0.0,0.08028367776765419,0.1678954404895221,0.07917270037002011,0.0,0.0,0.0,0.0,0.0,0.0,0.0,0.0,0.07708875414264531,0.0,0.058784774061501684,0.0,0.0,0.17492611464980176,0.0,0.0,0.0,0.0,0.0,0.0,0.0,0.0,0.0,0.0,0.0,0.0,0.05693260268998218,0.0,0.0,0.0,0.0,0.0,0.0,0.0,0.0,0.0,0.0,0.0,0.0,0.0,0.0,0.0,0.15417750828529062,0.0,0.0,0.0,0.0,0.0,0.0,0.16488745721337705,0.0,0.0,0.0,0.0,0.0,0.0,0.0,0.0,0.07337931133302937,0.0,0.0,0.0,0.0,0.0,0.0,0.0,0.0,0.0,0.0,0.053327946968769475,0.0,0.0,0.0,0.059248666881323055,0.0,0.0,0.026797269139938296,0.0,0.0,0.0,0.12684357990276637,0.0,0.0,0.0,0.0,0.0,0.0,0.0,0.0,0.0,0.14039659035087754,0.0,0.0,0.0,0.0,0.0,0.0,0.0,0.32113471107061675,0.08394772024476105,0.0,0.32113471107061675,0.0,0.0,0.0,0.0,0.11386520537996436,0.07171250206833242,0.0,0.11756954812300337,0.0,0.0,0.0,0.0,0.0,0.0,0.0,0.0,0.05693260268998218,0.0,0.0,0.0,0.0,0.0,0.0647248722268573,0.10823108820757527,0.0,0.0,0.0,0.05690972548444979,0.0,0.08529901561102328,0.0,0.031649786367233756,0.0,0.0,0.0,0.0,0.0,0.0,0.0,0.0,0.0,0.0,0.0,0.03181260698330739,0.0,0.0,0.0,0.0,0.0,0.0,0.0,0.0,0.0,0.0,0.0,0.0,0.03403186188917314,0.0,0.0,0.15735107120165098,0.0,0.1509203925336742,0.0,0.13068402327146555,0.0,0.0,0.0,0.0,0.0,0.0,0.0,0.0,0.0,0.0,0.0,0.0,0.0,0.0,0.0,0.07610851571536247,0.0,0.14342500413666484,0.18393437037631896,0.0,0.0,0.0,0.0,0.0,0.0,0.0,0.0,0.0,0.36632034399081503,0.0,0.0,0.0,0.08144634675801408,0.0,0.0,0.0,0.0,0.0,0.0,0.0,0.0,0.0,0.07917270037002011,0.04865103482181201,0.0,0.0,0.0,0.0,0.0,0.0,0.0,0.0,0.0,0.0,0.0,0.0,0.08144634675801408,0.0,0.0,0.0,0.06353451029607554,0.0,0.0,0.0,0.06534201163573278,0.0,0.0,0.0,0.0,0.0,0.0,0.0,0.0,0.0,0.0,0.0751652763713336,0.0,0.0,0.0,0.0,0.0,0.0,0.0,0.0,0.0,0.061848958716159315,0.0,0.0,0.0,0.0,0.0,0.0,0.0,0.15221703143072493,0.1488938197472846,0.0,0.0,0.0,0.0,0.0,0.0751652763713336,0.060269936251144116,0.0,0.0,0.0,0.04801826998187199,0.0,0.0,0.0,0.0,0.0,0.07917270037002011,0.06662397859090026,0.0,0.0,0.0,0.0,0.0,0.0,0.0,0.09069075307089762,0.0,0.0,0.0,0.13324795718180052,0.0,0.0,0.0,0.0,0.0,0.0,0.0,0.0,0.0,0.0,0.0,0.0,0.0,0.0,0.0,0.0,0.0,0.0,0.0,0.0,0.0,0.0,0.0,0.08394772024476105,0.0,0.0,0.0,0.0,0.0,0.0,0.0,0.0,0.04801826998187199,0.0,0.0,0.0,0.0,0.0,0.0,0.0,0.0,0.0,0.06353451029607554,0.0,0.0,0.0,0.0,0.0,0.0,0.0,0.0,0.0,0.0,0.08028367776765419,0.0,0.0,0.0,0.0629599361137934,0.0,0.0,0.0,0.0,0.0,0.0,0.0,0.0,0.0,0.0,0.0,0.0,0.0,0.0,0.0,0.0,0.0,0.0,0.0,0.08905043412459707,0.0,0.0,0.0,0.0,0.0,0.0,0.0,0.0,0.0,0.0,0.1923678153124599,0.0,0.0,0.0,0.0,0.0,0.0,0.0,0.0,0.0,0.0,0.0,0.0,0.0,0.0,0.08144634675801408,0.0,0.0,0.0,0.0,0.0,0.0,0.0,0.0,0.0,0.0,0.0,0.08028367776765419,0.0,0.0,0.0,0.0,0.0,0.0659747764756728,0.0,0.0,0.0,0.0,0.07917270037002011,0.0,0.0,0.0,0.0,0.0,0.0629599361137934,0.0,0.0,0.0,0.0,0.0,0.0,0.0,0.0,0.0,0.0,0.0,0.0,0.0,0.0,0.0,0.0,0.0,0.0,0.0,0.0,0.0,0.0,0.0,0.0,0.0,0.0,0.0,0.0,0.0,0.0,0.0,0.0,0.0,0.0,0.0,0.07171250206833242,0.06353451029607554,0.0,0.0,0.0,0.0,0.0,0.0,0.0,0.0,0.0,0.06729049478799345,0.0,0.0,0.0,0.0,0.0,0.0,0.0,0.07917270037002011,0.060269936251144116,0.06353451029607554,0.0,0.0,0.0,0.06940382711654751,0.10665589393753895,sport
Dokumen_27,0.0,0.05472860459632696,0.0,0.0,0.042411029081173245,0.0,0.0,0.0,0.0,0.0,0.0,0.0,0.0,0.0,0.0,0.0,0.0,0.0,0.0,0.0,0.0,0.0,0.0,0.0,0.0,0.0,0.0,0.0,0.0,0.0,0.05964286763813557,0.0,0.0,0.0,0.0,0.0,0.0,0.0,0.14997546699650408,0.0,0.0,0.0,0.0,0.0,0.0,0.0,0.0,0.0,0.0,0.0,0.04193184279442702,0.0,0.0,0.11044208752980735,0.0,0.0,0.0,0.0,0.0,0.04629398124141,0.0,0.0,0.0,0.07230993273727908,0.0,0.0,0.0,0.0,0.0,0.0,0.0,0.0,0.0,0.0,0.15430748479194453,0.0,0.0,0.04762343120008856,0.0,0.0,0.0,0.05467308780595597,0.0,0.031181997899239953,0.0,0.0,0.0,0.06928794042298808,0.0,0.0,0.015668939787167747,0.0445022865504373,0.0,0.0,0.0741681701036878,0.0,0.04762343120008856,0.0,0.03648561372872207,0.0,0.0,0.0,0.029415466813885786,0.0,0.05472860459632696,0.0,0.0,0.0,0.0,0.0,0.0,0.0,0.0,0.0,0.5136584227067477,0.0,0.0,0.0,0.0,0.0,0.033289717650614656,0.0,0.0,0.03437272209947476,0.0,0.0,0.0,0.0,0.0,0.0,0.06360455668692896,0.02863587545881811,0.0,0.0,0.0,0.0,0.0,0.0,0.0,0.021095015259056642,0.0,0.0,0.0,0.04991451128453361,0.0,0.0,0.0,0.0,0.0,0.0,0.0,0.0,0.0,0.0,0.0,0.0,0.0,0.0,0.0,0.05580454717507345,0.0,0.0,0.0,0.07949321022891838,0.0,0.0,0.15014363132438766,0.0,0.0,0.0,0.0,0.05883093362777157,0.01989916181391499,0.0,0.0,0.061337704406365025,0.0,0.05883093362777157,0.0,0.0,0.0,0.0,0.0,0.0,0.0,0.0,0.0,0.0,0.0,0.0,0.0,0.0,0.0,0.0,0.0,0.0445022865504373,0.04762343120008856,0.0,0.0,0.0,0.0,0.03554245601594782,0.042411029081173245,0.0322814646302107,0.03820687998266187,0.0,0.0,0.04738325062209094,0.05354884655253973,0.0,0.0,0.0,0.0,0.0,0.0,0.0,0.0,0.0,0.0,0.0,0.0,0.0,0.0,0.0,0.0,0.0,0.0,0.0,0.0,0.0,0.0,0.03857687119798613,0.09524686240017712,0.0,0.06710607558173065,0.03180227834346448,0.0,0.0,0.0,0.0,0.0,0.0,0.0,0.0,0.0,0.0,0.0,0.0,0.0,0.0,0.0,0.0,0.0,0.0,0.0,0.0,0.0,0.0,0.0,0.03494588859692475,0.0,0.04629398124141,0.0,0.0,0.04820662182485272,0.03616441679044746,0.0,0.0,0.0,0.0,0.0,0.0,0.08203635655022763,0.0,0.17412283946684146,0.0,0.03494588859692475,0.0,0.0,0.0,0.0,0.0,0.0,0.0,0.0,0.02807731553169933,0.0,0.0,0.0,0.0,0.0,0.0,0.0,0.0,0.04987616956542173,0.0,0.0,0.043419282101577195,0.0,0.0,0.03535255630465001,0.0,0.0,0.0,0.19478236820902656,0.0,0.0,0.0,0.0,0.0,0.09975233913084346,0.0,0.0,0.0,0.0,0.0,0.0,0.0,0.0,0.0,0.0,0.0,0.0,0.0,0.0,0.0,0.0,0.0,0.09817207618553571,0.0,0.0,0.0,0.0,0.11686942092541594,0.0,0.0,0.04833644443362441,0.0,0.06764237952401603,0.10508118706427155,0.0,0.051597435819361534,0.0,0.0,0.0,0.0,0.0,0.0,0.0,0.0,0.0,0.0,0.0,0.0,0.0,0.0,0.0,0.0,0.0,0.0,0.0,0.0,0.0,0.04058191088088937,0.0,0.5136584227067477,0.0,0.0,0.0,0.0,0.0,0.0,0.0,0.0,0.0,0.0,0.0,0.0,0.0,0.0,0.0,0.0,0.0,0.0,0.0,0.0,0.0,0.06874544419894953,0.0,0.0,0.0,0.0,0.0,0.0,0.03974660511445919,0.041018178275113816,0.0,0.0,0.03554245601594782,0.0,0.0,0.0,0.0,0.0,0.04567202046691036,0.0,0.0,0.0,0.0,0.0,0.04395075421297055,0.12440361410519699,0.0,0.0,0.0,0.0,0.07498773349825204,0.0,0.05438271008837942,0.0,0.0,0.0,0.0,0.0,0.0,0.0,0.0,0.0,0.0,0.11846816265398658,0.0,0.0,0.0,0.0,0.0,0.0,0.0,0.036814029176602446,0.0,0.0,0.0631369027933497,0.0,0.0,0.0,0.0,0.0,0.0,0.0,0.0,0.04146787136839899,0.0,0.0,0.0,0.0,0.0,0.0,0.08716418195854217,0.0,0.0,0.0,0.0,0.0,0.2541289156498528,0.0,0.0,0.0,0.0,0.0,0.0,0.0558015849178729,0.0,0.0,0.0,0.0,0.0,0.0,0.0,0.0,0.0,0.04629398124141,0.0,0.0,0.0,0.0,0.039346200001789525,0.0,0.0,0.0,0.0,0.0,0.0,0.0,0.0,0.03524112838379285,0.0,0.0,0.0,0.0,0.0,0.04677299684885993,sport
Dokumen_28,0.0,0.12149182911509529,0.04706517422925111,0.0,0.0,0.0,0.0,0.0,0.0,0.05822965695549751,0.0,0.0,0.0,0.0,0.4711982387163781,0.0,0.0,0.0,0.0,0.0,0.0,0.0,0.0,0.0,0.05086925335580138,0.0,0.0,0.0,0.0,0.06504407898704995,0.0,0.0,0.0,0.0,0.0,0.045067368285220934,0.0,0.0,0.0,0.0,0.0,0.0,0.11645931391099502,0.06005842366188562,0.0,0.10257843684060503,0.0,0.057091103490882956,0.0,0.0,0.0,0.0,0.06670855553961336,0.05448221912168748,0.0,0.0,0.0,0.0,0.0,0.06851189305876902,0.0,0.0,0.0,0.07134246894787563,0.0,0.0,0.0,0.0,0.0,0.0,0.0,0.0,0.0,0.0,0.0,0.0,0.0,0.07047938712502783,0.0,0.0,0.0,0.0269707972433917,0.0,0.13844160611016096,0.0,0.0,0.0,0.025635340908398047,0.0,0.0,0.09275579228709527,0.0,0.0,0.0,0.04390550652371311,0.0,0.0,0.0,0.0,0.0,0.0,0.0,0.04353285810778392,0.0,0.08099455274339687,0.0,0.0,0.0,0.0,0.0,0.0,0.0,0.0,0.0,0.0,0.0,0.0,0.0,0.0,0.0,0.0,0.0,0.0,0.05086925335580138,0.0,0.0,0.0,0.0,0.0,0.0,0.04706517422925111,0.08475823355299826,0.049266481613281544,0.0,0.0,0.0463785285818052,0.0,0.0,0.0,0.0,0.0,0.0,0.05654354206070928,0.04924668488219124,0.0,0.0,0.0,0.027388061399834435,0.0,0.0,0.0,0.0,0.06276539219579087,0.0,0.0,0.0,0.0,0.0,0.0,0.0275289578020547,0.0,0.0,0.0,0.05882222885196837,0.05448221912168748,0.05128921842030251,0.26664263829312557,0.0,0.0,0.0,0.0,0.08706571621556784,0.029449384338856233,0.0,0.0,0.0,0.0,0.08706571621556784,0.049266481613281544,0.0,0.0,0.0,0.0,0.0,0.0,0.0,0.0,0.0,0.05822965695549751,0.06851189305876902,0.0,0.0,0.0,0.0,0.0,0.0,0.07047938712502783,0.0,0.0,0.0,0.0,0.0,0.06276539219579087,0.04777433681912617,0.0,0.0,0.11886299018437124,0.14024787293488222,0.07924859236661094,0.0,0.0,0.0,0.0,0.0,0.0,0.0,0.0,0.0,0.0,0.05882222885196837,0.0,0.0,0.0,0.04210004811421826,0.0,0.0,0.0,0.0,0.0,0.0,0.0,0.0,0.0,0.07153459743737398,0.049656177223926866,0.04706517422925111,0.0,0.0,0.18616868881774742,0.05548833174836312,0.0,0.0,0.0,0.0,0.0,0.0,0.0,0.0,0.0,0.0,0.0,0.0,0.0,0.0,0.0,0.0,0.0,0.0,0.0,0.05171750016294866,0.0,0.0,0.0,0.0,0.035671234473937816,0.053520837682104326,0.0,0.0,0.0,0.0,0.0,0.0,0.0,0.0,0.25768976952819334,0.0,0.05171750016294866,0.0,0.0,0.13702378611753804,0.0,0.0,0.0,0.0,0.0,0.041552486684044584,0.0,0.0,0.0,0.0,0.0,0.0,0.0,0.0,0.0,0.0,0.0,0.0,0.0,0.0,0.026159670133660357,0.0,0.0,0.0,0.057652888875038326,0.0,0.0,0.0,0.0,0.0,0.0,0.0,0.0,0.0,0.0,0.0,0.0,0.0,0.0,0.0,0.0,0.0,0.0,0.0,0.0,0.0,0.0,0.0,0.07264394425170302,0.0,0.0,0.0,0.0,0.057652888875038326,0.0,0.0,0.0,0.0,0.050053023610385244,0.0,0.0,0.0,0.0,0.0,0.0,0.0,0.0,0.0,0.0,0.0,0.06586030873246607,0.0,0.0,0.0,0.0,0.0,0.0,0.06070406925676906,0.0,0.0,0.0,0.0,0.0,0.0,0.0,0.0,0.0,0.0,0.0,0.0,0.0,0.06759143409355148,0.0,0.0,0.14095877425005565,0.0,0.0,0.049656177223926866,0.0,0.0,0.0,0.0,0.0,0.0,0.0,0.0,0.0,0.0,0.0,0.04294829492136555,0.0,0.0,0.0,0.0,0.05882222885196837,0.0,0.0,0.0,0.0,0.0,0.0,0.0,0.0,0.0,0.06759143409355148,0.0,0.0,0.0,0.0,0.0,0.0,0.0,0.0,0.05128921842030251,0.0,0.0,0.0,0.0,0.040241326387460315,0.0,0.0,0.07153459743737398,0.0,0.0,0.0,0.0,0.0,0.0,0.0,0.1753246939012147,0.0,0.0,0.0,0.07504947903855032,0.0,0.0,0.0,0.0,0.0,0.0,0.09343825301356003,0.0,0.0,0.0,0.0,0.0,0.0,0.0,0.0,0.0,0.0,0.0,0.0,0.0,0.0,0.0,0.032249241438954926,0.0,0.0,0.045067368285220934,0.10520075743377358,0.06947327449835218,0.07521864668044419,0.0,0.0,0.0,0.0,0.0,0.0,0.41291244735108085,0.0,0.0,0.0,0.0,0.05497942541561036,0.0,0.0,0.0,0.0,0.0,0.0,0.0,0.0,0.0,0.05822965695549751,0.0,0.025123423015207404,0.0,0.0,0.0,0.0,0.0,0.0,0.0,0.0,0.0,0.0,0.0,0.0,0.06922080305508048,sport
Dokumen_29,0.0,0.03257267767463315,0.0,0.0,0.0,0.0,0.0,0.027108516203723045,0.0,0.0,0.0,0.0,0.0,0.5510533076347294,0.0,0.0,0.0,0.0,0.0,0.0,0.0,0.0,0.0,0.0,0.0,0.0,0.0,0.040583691777157906,0.0,0.0,0.03549748650631926,0.0,0.0,0.0,0.0,0.0,0.0,0.0,0.0,0.0,0.0,0.0,0.0,0.0,0.0,0.16501131231194507,0.04780180562246823,0.0,0.0,0.0,0.0,0.04780180562246823,0.053654874411522314,0.0,0.0,0.04637124109537513,0.0,0.0,0.04125282807798627,0.055105330763472946,0.0,0.0,0.0,0.0860730197343226,0.0,0.0,0.0,0.0,0.0,0.0,0.0,0.054364989291824976,0.0,0.0,0.04591938714666857,0.0,0.0,0.0,0.0,0.0,0.0,0.10846545298177517,0.0,0.03711701309816319,0.0,0.0,0.0,0.020618959379503747,0.0,0.0,0.018651282230020657,0.0,0.0,0.0,0.052970966455086754,0.0,0.0,0.0,0.0,0.0,0.0,0.0,0.07002849981246363,0.0,0.1302907106985326,0.0,0.0,0.0,0.0,0.056687821137857426,0.0,0.0,0.0,0.0,0.0,0.0,0.0,0.0,0.0,0.0,0.0,0.0,0.0,0.16366017091121998,0.0,0.0,0.0,0.0,0.0,0.0,0.0,0.034086275289891825,0.07925180997476342,0.0,0.03216335528487065,0.0,0.0,0.0,0.0,0.0251101279721221,0.0,0.0,0.04547897377643579,0.05941497318815503,0.0,0.0,0.0,0.04405740711655936,0.0,0.0,0.0,0.0,0.05048331819529937,0.0,0.0,0.0,0.0,0.0,0.0,0.04428405806725113,0.0,0.055105330763472946,0.0,0.0,0.04382101517547152,0.0,0.10723270167256828,0.0,0.0,0.0,0.06955514832170122,0.0,0.023686662159243952,0.0,0.0,0.0,0.0,0.10504274971869546,0.0,0.0,0.0,0.0,0.07863602756525315,0.0,0.0,0.0,0.0,0.0,0.04683514589246275,0.055105330763472946,0.0,0.0,0.0,0.0,0.0,0.0,0.0,0.0,0.04267365001230588,0.0,0.0,0.0,0.0,0.03842574646368723,0.0,0.0,0.0,0.08460288880414715,0.0,0.0,0.0,0.0,0.0,0.0,0.0,0.0,0.0,0.0,0.06374104845060599,0.0,0.0,0.0,0.055105330763472946,0.06772363083011286,0.0,0.058428812826987274,0.0,0.0,0.0,0.054364989291824976,0.0,0.0,0.2267512845514297,0.05753654550804793,0.0,0.0,0.0,0.0,0.0,0.0,0.1326627810494484,0.0,0.0,0.039015477479850735,0.04547897377643579,0.0,0.0,0.0,0.0,0.04504943592949714,0.0,0.0,0.0,0.055105330763472946,0.0,0.10463221279588,0.0,0.0,0.0,0.041597302679910166,0.0,0.0,0.0,0.10594522891883426,0.0,0.0,0.0,0.0,0.0,0.0,0.0,0.0,0.0,0.05297261445941713,0.17272037683580807,0.0,0.041597302679910166,0.0,0.0,0.0,0.0,0.0,0.0,0.0,0.0,0.03342140204482364,0.0,0.0,0.0,0.0,0.0,0.33063198458083765,0.0,0.0,0.0,0.0,0.0,0.0,0.0,0.0,0.0,0.0,0.0,0.0,0.1391137232861254,0.0,0.0,0.048825359594335094,0.0,0.0,0.0,0.0,0.0,0.0,0.0,0.0,0.0,0.0,0.0,0.0,0.0,0.0,0.0,0.0,0.0,0.0,0.0,0.0,0.0,0.11685762565397455,0.0,0.0,0.0,0.0,0.11175717381416732,0.0,0.0,0.06684280408964728,0.04025853466632786,0.06254088992691151,0.0,0.0,0.0,0.0,0.0,0.0,0.0,0.0,0.0,0.0,0.0,0.0,0.0,0.0,0.0,0.0,0.0,0.0,0.0,0.0,0.0,0.0,0.0,0.0,0.0,0.0,0.0,0.0,0.0,0.055105330763472946,0.0,0.0,0.0,0.05907946189659607,0.0,0.0,0.0,0.0,0.0,0.0,0.0,0.0,0.03099018730024866,0.0,0.0,0.0,0.0,0.040915042727804996,0.0,0.0,0.0,0.0,0.0,0.0,0.0,0.048825359594335094,0.0,0.0,0.0,0.0,0.0,0.040583691777157906,0.0,0.0,0.0,0.0,0.0,0.0,0.2267512845514297,0.0,0.0,0.0,0.0,0.0,0.0,0.0,0.0,0.0,0.06473362512519415,0.0,0.0,0.0,0.0,0.0,0.0,0.06374104845060599,0.0,0.0,0.0,0.10576257074239283,0.0,0.055105330763472946,0.0,0.0,0.0,0.0838974736668283,0.0,0.0,0.0,0.055105330763472946,0.03757702209349673,0.15505043015698156,0.0,0.0,0.0,0.0,0.0,0.0,0.0,0.0,0.05753654550804793,0.0,0.0,0.0,0.0,0.0,0.051877273770272875,0.0,0.0,0.036248483659122685,0.0,0.0,0.0,0.0,0.0,0.0,0.04731176197907642,0.0,0.0,0.0,0.0,0.0,0.0,0.0,0.0,0.0,0.0,0.0,0.0,0.0,0.0,0.0,0.0,0.0,0.04683514589246275,0.0,0.0,0.0,0.0,0.048825359594335094,0.0,0.04194873683341415,0.055105330763472946,0.0,0.0442209270164828,0.0,0.0,0.04382101517547152,0.0,0.14846805239265276,sport
Dokumen_30,0.0,0.0694906179528416,0.0,0.0,0.0,0.0,0.0,0.019277788187985794,0.0,0.0,0.0,0.0,0.0,0.4702473067151788,0.0,0.0,0.0,0.0,0.0,0.0,0.0,0.03675387872651702,0.0,0.0,0.0,0.023613423806329723,0.0,0.028860444005382412,0.0,0.03720376321523287,0.0252434703888634,0.0,0.0,0.0,0.0,0.02577753001546652,0.0,0.0,0.0,0.0,0.0,0.0,0.0,0.034352079509678245,0.0,0.02933628959498683,0.0,0.0,0.0,0.0,0.0,0.0,0.0,0.0,0.0,0.0,0.0,0.0,0.02933628959498683,0.0,0.0,0.0,0.0,0.04080630186884978,0.0,0.0,0.0,0.0,0.0,0.0,0.0,0.0,0.145279131829124,0.0,0.03265483851949147,0.0,0.0,0.040312638306037325,0.0,0.0,0.0,0.0,0.0,0.052790341699249024,0.0,0.0,0.0,0.058651374141999814,0.0,0.0,0.02652712273608695,0.0,0.0,0.0,0.06278242747038892,0.029581257204505704,0.040312638306037325,0.0,0.0,0.07440752643046573,0.0,0.0,0.04979964880267664,0.0,0.16214477522329707,0.0,0.0,0.0,0.0,0.040312638306037325,0.0,0.11161128964569861,0.0,0.0,0.0,0.0,0.03767062843418289,0.0659523344717696,0.0,0.0,0.11271731692922114,0.0,0.0,0.05819215787994232,0.0,0.0,0.0,0.05344459779426836,0.0,0.0,0.08076069144083156,0.0,0.05635865846461057,0.0,0.0,0.0,0.0,0.0,0.032036186610531286,0.03571333265029872,0.0,0.0,0.0,0.056336011886862394,0.0,0.0,0.0,0.04699608175464673,0.0,0.0694906179528416,0.0,0.0,0.035900405167215,0.0,0.0,0.0,0.0,0.0,0.0,0.03149190037216736,0.0,0.0,0.0,0.06729000727142512,0.06232522963534471,0.0,0.10167576339646524,0.0,0.0,0.0,0.0,0.02489982440133832,0.08422195677452289,0.0,0.0,0.025960799442059385,0.0,0.12449912200669161,0.0,0.0,0.0,0.0,0.0,0.0,0.0,0.0,0.036319782957281,0.0,0.03330606572056901,0.0,0.0,0.0,0.033993490343328034,0.16907597539383173,0.0,0.03767062843418289,0.0,0.0,0.03034668441323572,0.0,0.033993490343328034,0.03008624405619225,0.07180081033443,0.05465171134600655,0.0,0.0,0.0,0.060163992680428234,0.0,0.0,0.0,0.0,0.0,0.0,0.0,0.0,0.0,0.0,0.0,0.03364500363571256,0.0,0.0,0.039187275559598236,0.0,0.0,0.0,0.0,0.0,0.0,0.0,0.0,0.03265483851949147,0.24187582983622397,0.08183239016381284,0.0,0.0,0.0,0.0,0.0,0.0,0.09434101720215751,0.0,0.039187275559598236,0.027745233463069268,0.0,0.0,0.0,0.0,0.0,0.032036186610531286,0.0,0.0,0.0,0.0,0.0,0.03720376321523287,0.0,0.0,0.0,0.029581257204505704,0.0,0.0,0.0,0.0,0.06120945280327467,0.0,0.0,0.0,0.0,0.0,0.0,0.0,0.0,0.0,0.12282733644907146,0.028179329232305286,0.0,0.0,0.0,0.0,0.0,0.0,0.06870415901935649,0.0,0.0,0.0,0.0,0.0,0.0,0.0,0.0,0.4702473067151788,0.0989285017076544,0.0,0.0,0.0,0.0,0.0,0.0,0.0,0.02992549632796146,0.0,0.0,0.0,0.0989285017076544,0.0,0.0,0.0,0.0,0.0,0.0,0.0,0.0,0.0,0.0,0.0,0.0,0.0,0.0,0.0,0.0,0.0,0.0,0.0,0.0,0.16620286692038613,0.0,0.0,0.04155071673009653,0.0,0.0,0.0,0.0,0.0,0.0,0.0,0.04091619508190642,0.02376709609348296,0.08588764116306342,0.1334248639842802,0.0,0.0,0.0,0.0,0.0,0.0,0.0,0.0,0.0,0.0,0.0,0.0,0.0,0.0,0.0,0.0,0.0,0.0,0.0,0.0,0.0,0.0,0.0,0.0,0.0,0.0,0.0,0.0,0.0,0.0,0.0,0.0,0.0,0.02100670771029398,0.0,0.0,0.030884615252523583,0.0,0.0,0.0,0.0,0.0,0.13222905942704866,0.0,0.024239910079093974,0.0,0.03234164558769469,0.02909607893997116,0.0,0.0,0.0,0.0,0.034352079509678245,0.0317380888118256,0.0,0.03472137439719267,0.0,0.0,0.03008624405619225,0.0,0.03866079355040398,0.0,0.03767062843418289,0.0,0.0,0.0,0.0,0.0,0.12093791491811198,0.0,0.0,0.03510203397088367,0.0,0.0,0.0,0.0,0.0317380888118256,0.0,0.04603428326455508,0.0,0.0,0.0,0.0,0.0873531669301908,0.0,0.04532842822072875,0.0,0.0,0.0,0.10028181656600332,0.0,0.039187275559598236,0.0,0.0,0.0,0.0,0.0,0.031162614817672355,0.0,0.0,0.05344459779426836,0.11026163617955106,0.0,0.0,0.0,0.0,0.0,0.0,0.0,0.03510203397088367,0.08183239016381284,0.0,0.0,0.03472137439719267,0.0,0.0,0.05533754160488442,0.0,0.0,0.0,0.0,0.0,0.06453508368594156,0.0,0.0,0.0,0.0,0.0,0.0,0.0,0.0,0.0,0.0,0.0,0.0,0.0,0.0,0.0,0.023613423806329723,0.0,0.0,0.0,0.0,0.0,0.06661213144113802,0.0,0.05748015164916093,0.0,0.0,0.0,0.0,0.0,0.039187275559598236,0.029831173987938633,0.0,0.0,0.0,0.09348784445301707,0.0,0.10558068339849805,sport
Dokumen_31,0.0,0.0,0.0,0.0,0.0,0.0,0.0,0.0,0.0,0.0,0.0,0.0,0.0,0.0,0.0,0.0,0.0,0.0,0.041868989706382476,0.0,0.0,0.0,0.04132209743249377,0.0,0.0,0.0,0.0,0.03125537584756476,0.0,0.0,0.0,0.0,0.0,0.0,0.0,0.0,0.0,0.0,0.0,0.0,0.0,0.0,0.0,0.0,0.0,0.0,0.0,0.0,0.0,0.0,0.0,0.0,0.0,0.033748588148456465,0.0,0.03571263493997217,0.04132209743249377,0.0,0.0,0.0,0.0,0.0,0.0,0.1546738870572392,0.0,0.0,0.0,0.0,0.0,0.06461332021040506,0.0,0.0,0.0,0.0,0.03536464134016421,0.0,0.0,0.0,0.0,0.0,0.0,0.0,0.0,0.0,0.0,0.0,0.0,0.031759226269049486,0.0,0.0346946517194308,0.014364214062615425,0.0,0.0,0.0,0.10878770219022373,0.0,0.0,0.0,0.0,0.0,0.0,0.0,0.0,0.0,0.05017144761853585,0.0,0.0,0.0,0.0,0.0,0.0,0.0,0.0,0.0,0.5755285157167666,0.0,0.0,0.0,0.0,0.0,0.06103547998940774,0.038440250209676785,0.0,0.22057395165255486,0.0,0.0,0.0,0.0,0.03004762157175864,0.0,0.0,0.02625141525514852,0.0,0.0,0.07431145718339015,0.0,0.0,0.0,0.0,0.019338469542360775,0.0,0.0,0.0,0.06101095412629045,0.0,0.18289226609901257,0.0,0.01696532225134191,0.0,0.0,0.0,0.0,0.07775907095344031,0.0,0.0,0.0,0.0,0.0,0.0,0.01705259943510549,0.0,0.0,0.0,0.03643697352094653,0.0,0.0,0.0,0.0,0.0,0.0,0.0,0.0,0.036484385522469874,0.0,0.0,0.1124604380602722,0.0,0.05393218275207762,0.0,0.0,0.0,0.0,0.0,0.0,0.0,0.0,0.0,0.0,0.0,0.0,0.0,0.0,0.0,0.0,0.0,0.040796657525600154,0.04365790981688114,0.07688050041935357,0.0,0.0,0.0,0.0,0.0,0.02959344247291355,0.0,0.0,0.0,0.0,0.04908992600231709,0.0,0.0,0.0,0.0,0.0,0.0,0.0,0.0,0.0,0.0,0.03643697352094653,0.0,0.0,0.0,0.0,0.0,0.0,0.0,0.0,0.0,0.0,0.0,0.0,0.0,0.0443115516621561,0.0,0.0,0.04365790981688114,0.0,0.0,0.0,0.0,0.0,0.0,0.03004762157175864,0.0,0.0,0.0,0.1444968854415803,0.0,0.0346946517194308,0.0,0.0,0.0,0.0,0.0,0.0,0.0,0.04499872794377878,0.0,0.0,0.0,0.0,0.0,0.0,0.0,0.03315306787081149,0.0,0.0,0.0,0.0,0.0,0.0,0.0,0.0,0.05320797648650244,0.0,0.0,0.0,0.0,0.0,0.0,0.0,0.0,0.0,0.0,0.025739365654542882,0.0,0.0,0.0,0.034056578731603324,0.0,0.0,0.0,0.0,0.0,0.0,0.0,0.0,0.0,0.0,0.016204404807163,0.0,0.0,0.0,0.03571263493997217,0.0,0.0,0.0,0.0,0.0,0.0,0.0,0.0,0.0,0.0,0.0,0.0,0.0,0.0,0.0,0.0,0.0,0.0,0.0,0.0,0.0,0.0,0.0,0.13499618383133635,0.0,0.0,0.0,0.0,0.0,0.0,0.0,0.0,0.07721809696362865,0.0,0.0,0.0,0.0,0.0,0.0,0.0,0.0,0.0,0.17028289365801663,0.0,0.0,0.0,0.0,0.0,0.0,0.0,0.0,0.0,0.0,0.0,0.0,0.0,0.0,0.0,0.07440544961956798,0.0,0.5755285157167666,0.0,0.0,0.0,0.0,0.0,0.0,0.0,0.04549982284976112,0.0,0.0,0.0,0.0,0.0,0.037602664966827126,0.0,0.0,0.02386697486700488,0.0,0.0,0.0,0.0,0.03151056452179355,0.0,0.0,0.0,0.0,0.0,0.0,0.0,0.0,0.0,0.0,0.0,0.0,0.041868989706382476,0.0,0.0,0.0,0.041868989706382476,0.0,0.038879535476720156,0.0,0.04365790981688114,0.0,0.0,0.0,0.0,0.0,0.0,0.0,0.0,0.0,0.02492717757631506,0.0,0.0,0.0,0.0,0.0,0.0,0.0,0.07072928268032842,0.0,0.0,0.0,0.0,0.0,0.0,0.0,0.0,0.06461332021040506,0.0,0.0,0.0,0.0,0.05787960125527718,0.0,0.0,0.0,0.0,0.0,0.0,0.0,0.0,0.0,0.0,0.0,0.0,0.0,0.0,0.0,0.0,0.0,0.0,0.0,0.0,0.0,0.0,0.0,0.0,0.0,0.0,0.0,0.0,0.051155082710189086,0.0,0.0,0.0,0.0,0.0,0.0,0.0,0.0,0.0,0.0,0.0,0.0,0.0,0.11663860643016047,0.03606990945482108,0.0,0.031125019130587336,0.0,0.0,0.07520532993365425,0.0,0.0,0.0,0.03230666010520253,0.0,0.0,0.0,0.0,0.0,0.014292763224845751,sport
Dokumen_32,0.0,0.0,0.0,0.0,0.0,0.0,0.0,0.0,0.0,0.0,0.0,0.0,0.0,0.0,0.49398613140027714,0.0,0.0,0.0,0.10629039425516978,0.0,0.0,0.0,0.03496734343923252,0.0,0.0,0.0,0.0,0.0528974824363427,0.0,0.0,0.0,0.0,0.0,0.0,0.0,0.14174069265786082,0.0,0.0,0.029085917652090253,0.0,0.0,0.0,0.0,0.0,0.0,0.02688482310439972,0.0,0.0,0.0,0.0,0.0,0.0,0.0,0.0,0.0,0.03022053691988933,0.0,0.0,0.0,0.0,0.03496734343923252,0.0,0.0,0.0934908795927141,0.0,0.0,0.0,0.0,0.0,0.05467670565942002,0.0,0.0,0.0,0.0,0.0,0.0,0.0,0.0,0.0,0.0,0.0,0.0,0.0,0.0,0.0,0.0,0.0,0.02687510657290293,0.0,0.029359105117057974,0.02431040230630494,0.0,0.0,0.0,0.06904326947582287,0.0,0.0,0.0,0.0,0.0,0.0,0.0,0.0,0.0,0.042455788760162476,0.0,0.0,0.0,0.0,0.0,0.0,0.0,0.0,0.0,0.0,0.0,0.0,0.0,0.0,0.0,0.0,0.03252868354922416,0.0,0.15998811290704928,0.0,0.0,0.0,0.02448926870817082,0.0,0.0,0.0,0.0,0.0,0.0,0.08384454182322014,0.0,0.0,0.0,0.0,0.0163644865118856,0.0,0.0,0.0,0.05162833251565927,0.0,0.15476602298591804,0.0,0.0,0.0,0.0,0.0,0.0,0.03290041295685151,0.0,0.0,0.0,0.0,0.0,0.0,0.014430150888471266,0.0,0.0,0.0,0.030833482474470496,0.0,0.0,0.0,0.0,0.0,0.0,0.0,0.0,0.015436801590453238,0.0,0.0,0.04758280684329185,0.0,0.04563817603402663,0.025824543324000672,0.0,0.0,0.0,0.0,0.0,0.0,0.0,0.0,0.0,0.03052286766878745,0.0,0.0,0.0,0.0,0.0,0.0,0.03452270875651723,0.07388788184819854,0.03252868354922416,0.0,0.0,0.0,0.05514421629276184,0.0,0.0,0.0,0.0,0.0,0.0,0.45694648854820574,0.0,0.0,0.0,0.0,0.0,0.0,0.0,0.0,0.0,0.0,0.0,0.0,0.0,0.0,0.044136073081177556,0.0,0.0,0.0,0.0,0.0,0.0,0.0,0.0,0.0,0.03749706190077095,0.05205762855522656,0.0,0.0,0.0,0.0,0.0,0.0,0.0,0.0,0.0,0.02963903862876193,0.0,0.0,0.08151687245772105,0.0,0.029359105117057974,0.0,0.0,0.0,0.0,0.0,0.0,0.0,0.03807856019189835,0.0,0.02710932016722351,0.0,0.0,0.0,0.0,0.0,0.028054595055265783,0.0,0.0,0.0,0.0,0.0,0.0,0.0,0.0,0.022512671223304078,0.0,0.0,0.0,0.0,0.0,0.0,0.0,0.0,0.0,0.0,0.021781015356752916,0.0,0.0,0.0,0.028819158727814053,0.0,0.0,0.0,0.0,0.0,0.0,0.0,0.0,0.0,0.0,0.013712396594729764,0.0,0.0,0.0,0.06044107383977866,0.0,0.0,0.0,0.0,0.0,0.0,0.0,0.0,0.0,0.0,0.0,0.0,0.0,0.0,0.0,0.0,0.0,0.0,0.0,0.0,0.0,0.0,0.0,0.0761571203837967,0.0,0.0,0.0,0.0,0.0,0.0,0.0,0.0,0.08712406142701166,0.0,0.0,0.0,0.0,0.0,0.0,0.0,0.0,0.0,0.028819158727814053,0.0,0.0,0.0,0.0,0.0,0.0,0.0,0.0,0.0,0.0,0.0,0.0,0.0,0.0,0.0,0.0,0.0,0.0,0.0,0.0,0.0,0.0,0.0,0.0,0.0,0.07700518758085799,0.0,0.0,0.0,0.0,0.025824543324000672,0.0,0.0,0.0,0.0,0.0,0.0,0.0,0.0,0.0,0.0,0.0,0.0,0.0,0.0,0.0,0.0,0.0,0.0,0.0,0.0,0.0,0.0,0.0,0.0,0.0,0.03543013141838993,0.0,0.06580082591370302,0.025042389684842497,0.03694394092409927,0.0,0.0,0.0643375141806007,0.0,0.0,0.0,0.0,0.0,0.0,0.0,0.0,0.0,0.0,0.0,0.0,0.0,0.0,0.08977817943779338,0.0,0.0,0.0,0.0,0.0,0.0,0.0,0.0,0.0,0.0,0.0,0.0,0.0,0.0,0.0,0.0,0.0,0.0,0.0,0.0,0.0,0.0,0.0,0.0,0.0,0.0,0.031819907067241276,0.0,0.0,0.0,0.11249118570231284,0.0,0.04724689755262028,0.0,0.0,0.0,0.0,0.0,0.0,0.0,0.0,0.0,0.5627460109751863,0.0,0.0,0.0,0.0,0.0,0.0,0.0,0.0,0.0,0.0,0.0,0.0,0.0,0.09870123887055453,0.03052286766878745,0.0,0.013169215760041441,0.0,0.0,0.0,0.0,0.0,0.0,0.0,0.0,0.0,0.0,0.0,0.0,0.012094738443402689,sport
Dokumen_33,0.0,0.0,0.0,0.0,0.0,0.0,0.0,0.0,0.0,0.0,0.0,0.0,0.0,0.5514517770517898,0.0,0.0,0.0,0.0,0.29294623555556665,0.0,0.0,0.0,0.04130282501611413,0.0,0.0,0.0,0.0,0.0624815969980128,0.0,0.0,0.0,0.0,0.0,0.0,0.0,0.027903611630683507,0.0,0.0,0.0,0.0,0.0,0.0,0.0,0.0,0.0,0.0,0.0,0.0,0.0,0.0,0.0,0.0,0.0,0.0,0.0,0.035695978748410226,0.0,0.0,0.0,0.0,0.08260565003222826,0.026066385433858866,0.0,0.06625789197508253,0.0,0.0,0.0,0.0,0.0,0.06458318488601113,0.0,0.0,0.0,0.0,0.035348147451049854,0.0,0.0,0.0,0.0,0.0,0.0,0.01669905921478685,0.0,0.0,0.0,0.0,0.0,0.0,0.0,0.03467847031007287,0.08614508799676965,0.0,0.0,0.0,0.0679606025990145,0.0,0.0,0.0,0.0,0.0,0.0,0.0,0.026953514527973933,0.0,0.05014804791017271,0.0,0.0,0.0,0.0,0.04363754798946833,0.0,0.0,0.0,0.0,0.0,0.0,0.0,0.0,0.0,0.0,0.0,0.03842232187220581,0.0,0.18897520892720132,0.0,0.0,0.0,0.0,0.030033607513660677,0.0,0.0,0.0,0.0,0.0,0.024758932899055345,0.0,0.0,0.0,0.0,0.0,0.0,0.0,0.0,0.04573687419535709,0.0,0.18280696607496047,0.0,0.0,0.0,0.0,0.0,0.0,0.0,0.0,0.0,0.0,0.0,0.0,0.0,0.0,0.0,0.0,0.0,0.0,0.0,0.0,0.0,0.0,0.0,0.0,0.0,0.0,0.05470105408553361,0.0,0.0,0.05620399354155733,0.0,0.05390702905594787,0.0,0.03500912296231533,0.0,0.030990496780874437,0.0,0.0,0.0,0.0,0.0,0.0,0.0,0.0,0.0,0.0,0.0,0.0,0.0,0.04077763017172454,0.0,0.03842232187220581,0.0,0.0,0.0,0.0,0.0,0.08873892072492193,0.0,0.0,0.0,0.0,0.0,0.0,0.0,0.0,0.0,0.0,0.04077763017172454,0.0,0.0,0.0,0.0,0.0,0.0,0.0,0.08483873493104459,0.0,0.0,0.0,0.0,0.0,0.0,0.041849462222223806,0.0,0.0,0.0,0.08858176995901264,0.0,0.0,0.04363754798946833,0.0,0.0,0.0,0.0,0.0,0.0,0.0,0.0,0.0,0.0,0.09628632855204525,0.0,0.0,0.0,0.0,0.040272258798065425,0.0,0.0,0.040272258798065425,0.0,0.13493322229680363,0.0,0.03202106299892314,0.0,0.0,0.0,0.0,0.02208596399169418,0.0,0.0,0.0,0.0,0.0,0.0,0.0,0.0,0.0,0.10636632111299386,0.0,0.0,0.0,0.0,0.0,0.0,0.0,0.0,0.0,0.0,0.0,0.0,0.0,0.0,0.03404069491624633,0.0,0.5514517770517898,0.0,0.0,0.0,0.0,0.0,0.0,0.0,0.0,0.016196847155058383,0.0,0.0,0.0,0.035695978748410226,0.0,0.0,0.0,0.0,0.0,0.0,0.0,0.0,0.0,0.0,0.0,0.0,0.0,0.0,0.0,0.0,0.0,0.0,0.0,0.0,0.0,0.0,0.0,0.04497774076560122,0.0,0.0,0.0,0.0,0.0,0.0,0.0,0.0,0.10290944378049734,0.0,0.0,0.0,0.0,0.0,0.0,0.0,0.0,0.0,0.0,0.0,0.0,0.0,0.0,0.0,0.0,0.0,0.0,0.0,0.0,0.0,0.0,0.0,0.0,0.0,0.0,0.0,0.0,0.0,0.0,0.0,0.0,0.0,0.0,0.0,0.13643580589039295,0.0,0.0,0.0,0.0,0.0,0.0,0.0,0.0,0.0,0.0,0.0,0.0,0.0,0.0,0.0,0.0,0.0,0.0,0.0,0.0,0.0,0.0,0.0,0.0,0.0,0.0,0.0,0.0,0.0,0.0,0.0,0.0,0.0,0.0,0.08727509597893666,0.03256770020503282,0.0,0.0,0.0,0.0,0.0,0.0,0.0,0.0,0.0,0.0,0.0,0.0,0.0,0.0,0.0,0.0,0.0,0.0,0.0,0.0,0.0,0.08483873493104459,0.0,0.0,0.0,0.06458318488601113,0.0,0.0,0.0,0.0,0.0,0.0,0.0,0.0,0.0,0.0,0.0,0.0,0.0,0.0,0.0,0.0,0.0,0.03758512727485957,0.0,0.0,0.0,0.08858176995901264,0.0,0.0,0.0,0.0,0.0,0.0,0.0,0.0,0.0,0.0,0.0,0.0,0.0,0.0,0.0,0.0,0.0,0.0,0.0,0.0,0.0,0.0,0.0,0.0,0.0,0.15544560903532653,0.0360530866322399,0.0,0.031110502579739723,0.0,0.0,0.0,0.0,0.0,0.08483873493104459,0.0,0.0,0.0,0.0,0.0,0.0,0.07143048576333229,sport
Dokumen_34,0.0,0.0,0.037082747573296465,0.0,0.0,0.0,0.0,0.1327762319253354,0.0,0.0,0.0,0.10947627172328947,0.2861815654068372,0.10796132289628364,0.14850322455571938,0.0,0.0,0.0,0.0,0.0,0.0,0.0,0.0,0.0,0.0,0.0,0.0,0.0,0.1643703452866464,0.0,0.0,0.0,0.0,0.0,0.0,0.0,0.0,0.0,0.0,0.0,0.0,0.0,0.0,0.0,0.0,0.040410880678939075,0.0,0.0,0.0,0.0,0.0,0.0,0.0,0.0,0.0,0.0,0.0,0.0,0.0,0.0,0.0,0.033170714495579436,0.0,0.0,0.0,0.0,0.0,0.0,0.0,0.0410925863216616,0.0,0.0,0.05003067653185629,0.0,0.04498219785867865,0.0,0.0,0.0,0.0,0.0,0.0,0.021250346618405976,0.0,0.01817973769741255,0.0,0.0,0.0,0.10099068912728121,0.0,0.04413000186457242,0.0,0.0,0.0,0.0,0.13837295555869278,0.0,0.0,0.0,0.0,0.0,0.0,0.0,0.06859925687268702,0.0,0.12763154937302876,0.0,0.0,0.0,0.0,0.0,0.0,0.0,0.10947627172328947,0.17170893924410235,0.2661984768989758,0.10947627172328947,0.0,0.0,0.0,0.0,0.15526864875424817,0.04889423093639568,0.0,0.0,0.0,0.0,0.0,0.0,0.0,0.0,0.0,0.0,0.0,0.0,0.0,0.03654173805546248,0.0,0.0,0.04413000186457242,0.04919528830343647,0.0,0.0,0.0,0.0,0.0,0.0,0.0,0.04315821981089329,0.0,0.03190788734325719,0.0,0.0,0.0,0.0,0.0,0.0,0.0,0.0,0.0,0.021690122470535006,0.0,0.0,0.0,0.046346155091051215,0.0,0.040410880678939075,0.0,0.0,0.0,0.0,0.0,0.0,0.023203230488586517,0.0,0.0,0.0,0.0,0.13719851374537403,0.0,0.0,0.0,0.0,0.0,0.0,0.0,0.0,0.0,0.0,0.0,0.0,0.0,0.0,0.0,0.0,0.0,0.0,0.11106170813891125,0.0,0.0,0.0,0.0,0.08288789314651371,0.0,0.0,0.08910154616337078,0.0,0.04682619721478495,0.0,0.24976051565904192,0.0,0.0,0.0,0.0,0.0,0.0518914727039835,0.054738135861644735,0.0,0.0,0.0,0.0,0.0,0.0,0.10796132289628364,0.0,0.0,0.0,0.0,0.0,0.0,0.0,0.0,0.0,0.11106170813891125,0.0,0.0,0.0,0.16659256220836688,0.0,0.04889423093639568,0.0,0.0,0.0,0.0,0.0,0.0,0.0,0.0,0.0,0.0,0.04413000186457242,0.0,0.0,0.0,0.0,0.0,0.0,0.0,0.0,0.0,0.08149664948961816,0.0,0.0,0.0,0.0,0.0,0.0,0.0,0.0,0.0,0.0,0.0,0.0,0.0,0.0,0.03383904989950424,0.0,0.0,0.0,0.0,0.0,0.10249672721769117,0.0410925863216616,0.0,0.0,0.0,0.032739289718586174,0.0,0.0,0.0,0.0433184023601223,0.0,0.10796132289628364,0.1362744891548047,0.0,0.0,0.0,0.0,0.05062864555166126,0.0,0.0,0.0,0.0,0.0,0.0,0.04542482971826823,0.0,0.0,0.0,0.0,0.0,0.0,0.0,0.0,0.0,0.0,0.0,0.0,0.0,0.0,0.0,0.0,0.0,0.0,0.0,0.0,0.0,0.0,0.0,0.3434178784882047,0.0,0.0,0.0,0.0,0.0,0.054738135861644735,0.0,0.0,0.0,0.0,0.12252892992515796,0.0,0.0,0.0,0.0,0.0,0.0,0.0,0.0,0.0,0.0,0.0,0.0,0.0,0.0,0.0,0.0,0.0,0.0,0.0,0.0,0.0,0.0,0.08585330499709104,0.09464031104848784,0.0,0.2661984768989758,0.0,0.0,0.0,0.0,0.0,0.0,0.0,0.0,0.0,0.0,0.0,0.0,0.0,0.0,0.0,0.0,0.0,0.0,0.0,0.0,0.0,0.0,0.0,0.0,0.0,0.0,0.0,0.0,0.0,0.04782886101633988,0.0,0.0,0.0,0.0,0.0,0.0,0.0,0.0,0.05325542993635606,0.0,0.0,0.03764149823638054,0.11106170813891125,0.0,0.0,0.0,0.0,0.0,0.0,0.0,0.0,0.0,0.0,0.0,0.10947627172328947,0.0,0.0,0.0,0.0,0.0,0.0,0.0,0.0,0.0,0.0,0.10796132289628364,0.0,0.0,0.0,0.0,0.0,0.0,0.0,0.0,0.0,0.0,0.0,0.0,0.0,0.0,0.0,0.0,0.0,0.0483532214185617,0.0,0.0,0.0,0.0,0.0,0.0,0.0,0.05636225644478461,0.0,0.0,0.0,0.0,0.0,0.0,0.0,0.0,0.0,0.0,0.0,0.26026765319782114,0.0,0.0,0.0,0.04889423093639568,0.0,0.0,0.0,0.0,0.0,0.0,0.0,0.0,0.0,0.0,0.04587926647509022,0.0,0.0,0.0,0.0,0.0,0.0,0.0,0.10796132289628364,0.0410925863216616,0.0,0.05325542993635606,0.0,0.0,0.04732015552424392,0.09089868848706274,sport
Dokumen_35,0.0,0.0,0.0,0.0,0.0,0.0,0.0,0.24000047978013064,0.11724593103810259,0.0,0.0,0.0,0.0,0.0,0.0,0.0,0.0,0.0,0.0,0.0,0.0,0.0,0.0,0.0,0.0,0.0,0.0,0.0,0.0,0.0,0.0,0.0,0.0,0.0,0.0,0.0,0.0,0.0,0.0,0.0,0.0,0.12032771745256678,0.0,0.0,0.0,0.0,0.0,0.0,0.0,0.0,0.0,0.0,0.0,0.0,0.0,0.0,0.0,0.0,0.09130616423819796,0.0,0.0,0.0,0.0,0.0,0.0,0.0,0.0,0.0,0.24393267640115163,0.0,0.0,0.0,0.0,0.0,0.0,0.0,0.0,0.0,0.0,0.0,0.0,0.04801399043673971,0.0,0.04107611831563992,0.0,0.0,0.0,0.0,0.0,0.0,0.041281461608592314,0.0,0.0,0.0,0.39080761152996496,0.0,0.0,0.0,0.0,0.0,0.0,0.0,0.0,0.0,0.0,0.0,0.0,0.0,0.0,0.2509378264847175,0.0,0.0,0.0,0.0,0.0,0.0,0.0,0.0,0.0,0.0,0.0,0.0,0.13140398821270644,0.0,0.0,0.0,0.0,0.0,0.0,0.0,0.0,0.0,0.0,0.0,0.0,0.0,0.0,0.0,0.0,0.0,0.0,0.0,0.0,0.08767000232275352,0.0,0.0,0.0,0.09751362603526229,0.0,0.0720941180521148,0.0,0.0,0.0,0.0,0.0,0.0,0.0,0.0,0.09970931418425143,0.0,0.0,0.0,0.0,0.0,0.0,0.09130616423819796,0.0,0.0,0.0,0.0,0.07697428385112891,0.0,0.05242642422667595,0.0,0.0,0.08080030059481884,0.0,0.0,0.17541048977419424,0.0,0.0,0.0,0.0,0.0,0.0,0.0,0.11304156434152118,0.0,0.0,0.0,0.0,0.0,0.0,0.0,0.0,0.0,0.0,0.0,0.09445091350588389,0.0,0.0,0.0,0.0,0.0,0.10066002362712792,0.0,0.0,0.0,0.0,0.0,0.0,0.0,0.12546891324235876,0.0,0.0,0.0,0.0,0.0,0.0,0.0,0.0,0.0,0.0,0.0,0.0,0.0,0.0,0.0,0.0,0.0,0.0,0.0,0.0,0.0,0.0,0.0,0.0,0.0,0.0,0.0,0.09787554970290509,0.0,0.0,0.0,0.0,0.0,0.0,0.0,0.0,0.0,0.0,0.0,0.0,0.0,0.0,0.0,0.0,0.0,0.0,0.0,0.0,0.0,0.0,0.0,0.0,0.0,0.0,0.0,0.0,0.0,0.0,0.0,0.0,0.0,0.0,0.0,0.0,0.0,0.0,0.0,0.0,0.0,0.0,0.0,0.0,0.07397262603200594,0.0,0.0,0.0,0.0,0.0,0.0,0.0,0.0,0.0,0.0,0.0,0.4575705699288764,0.0,0.0,0.09314000919521076,0.0,0.0,0.0,0.0,0.0,0.0,0.0,0.0,0.0,0.0,0.0,0.0,0.0,0.0,0.0,0.0,0.0,0.0,0.0,0.0,0.0,0.0,0.0,0.0,0.0,0.0,0.0,0.0,0.0,0.0,0.0,0.0,0.0,0.0,0.0,0.0,0.0,0.0,0.0,0.0,0.0,0.0,0.0,0.2821600801546822,0.0,0.0,0.0,0.0,0.0,0.0,0.0,0.0,0.0,0.0,0.0,0.0,0.0,0.0,0.0,0.0,0.0,0.0,0.0,0.0,0.0,0.0,0.0,0.0,0.0,0.0,0.0,0.0,0.06538120296670676,0.0,0.0,0.0,0.0,0.0,0.0,0.0,0.0,0.0,0.0,0.0,0.0,0.0,0.0,0.0,0.0,0.0,0.0,0.0,0.0,0.10471659061758445,0.21613336635644553,0.0,0.0,0.0,0.0,0.0,0.0898251441038771,0.0,0.0,0.0,0.0,0.0,0.0,0.0,0.0,0.0,0.0,0.0,0.09130616423819796,0.0,0.0,0.0,0.0,0.0716384704127591,0.0,0.0,0.0,0.0,0.0,0.0,0.0,0.0,0.0,0.0,0.15605838604492495,0.0,0.0,0.0,0.0,0.07349433694761981,0.0,0.0,0.0,0.0,0.0,0.0,0.0,0.0,0.0,0.0,0.0,0.10806668317822277,0.0,0.0,0.0,0.0,0.0,0.0,0.0,0.0,0.09878151564723678,0.0,0.0,0.0,0.0,0.0,0.0,0.0,0.0,0.0,0.0,0.0,0.0,0.0,0.0,0.0,0.0,0.0,0.0,0.09787554970290509,0.0,0.0,0.0,0.0,0.0,0.0,0.0,0.0,0.0,0.0,0.0,0.04472525530130158,0.0,0.0,0.0,0.0,0.0,0.0,0.0,0.0,0.12032771745256678,0.0,0.0,0.0,0.0,sport
Dokumen_36,0.0,0.0,0.0,0.0,0.0,0.0,0.0,0.0,0.0,0.052546888756638585,0.0,0.0,0.0,0.0,0.0,0.0,0.0,0.0,0.0,0.05798649390235696,0.0780814123031781,0.0,0.0,0.0,0.0,0.0,0.0,0.04553304354051811,0.0,0.0,0.0,0.0,0.0,0.0,0.0,0.0,0.1998290203609695,0.0,0.0,0.0,0.0,0.0,0.0,0.0,0.0,0.0,0.0,0.0,0.0,0.0,0.0,0.0,0.0,0.0,0.0,0.0,0.1805949354845977,0.0,0.04628378382524764,0.0,0.0,0.0,0.0,0.0,0.0,0.0,0.0,0.05007309587794878,0.0,0.0,0.0,0.0,0.0,0.0,0.0,0.0,0.0,0.0,0.0,0.0,0.0,0.0730159624764485,0.0,0.12493076648417721,0.0,0.0,0.03982655416235225,0.20820175313473652,0.0,0.0,0.08370353791657893,0.0,0.0,0.0,0.15848266245969064,0.04667026855251516,0.0,0.0,0.0,0.05869627542924831,0.0,0.0,0.07856876965620822,0.0,0.0,0.0,0.0,0.0,0.0,0.0,0.0,0.0,0.0,0.0,0.0,0.0,0.0,0.0,0.0,0.0,0.0,0.0,0.0,0.0,0.0,0.6803406436298008,0.0,0.0,0.04377357891930442,0.0,0.042471973970692974,0.0764864796150599,0.0,0.0,0.0,0.0,0.0,0.0,0.0,0.0,0.0,0.0,0.0,0.04444058590479856,0.0,0.0,0.0,0.0,0.0,0.03654505260226471,0.04411301079559895,0.0,0.0,0.0,0.0,0.0,0.0,0.0,0.05054340395932366,0.0,0.0,0.0,0.0,0.10616326035594484,0.0,0.0,0.0,0.042471973970692974,0.0,0.0,0.0,0.0,0.026575350151694047,0.0,0.0,0.04095828224685296,0.0,0.0,0.0,0.10205065150361986,0.0,0.0,0.04411301079559895,0.0,0.0,0.0,0.0,0.0,0.052546888756638585,0.0,0.0,0.0,0.0,0.0,0.0,0.0,0.0,0.1120000344927541,0.0,0.0,0.05363143670306219,0.0,0.0,0.08622385545480352,0.05102532575180993,0.0,0.05363143670306219,0.0,0.0,0.0,0.0,0.0,0.0,0.0,0.0,0.06269321540764583,0.0,0.0,0.0,0.05308163017797242,0.0,0.0,0.0,0.037991406107675874,0.0,0.0,0.0,0.0,0.0,0.0,0.052546888756638585,0.0,0.0,0.0,0.044810114932667,0.0,0.06360113915363286,0.0,0.0,0.05007309587794878,0.0,0.0,0.0,0.0,0.05102532575180993,0.0,0.0,0.0,0.0,0.05054340395932366,0.0,0.0,0.0,0.0,0.0,0.0,0.0,0.0,0.0,0.0,0.0,0.0,0.0,0.05943284740776812,0.0,0.0,0.0,0.0,0.0,0.0,0.0,0.0,0.05477981738323765,0.0,0.0,0.044458450626672884,0.0,0.0,0.0,0.0,0.0,0.0,0.054197181849655815,0.0,0.0,0.0,0.0,0.0,0.0,0.0,0.0,0.0,0.0,0.0,0.0,0.0,0.0,0.0,0.0,0.0,0.0472133736756982,0.0,0.0,0.0,0.0,0.0,0.0,0.0,0.0,0.0,0.0,0.0,0.0,0.05477981738323765,0.0,0.0,0.0,0.0,0.0,0.0,0.0,0.0,0.0,0.0,0.0,0.0,0.0,0.0,0.0,0.0,0.0,0.0,0.0,0.05202640882000713,0.0,0.0,0.0,0.037497282476125854,0.13550469646069271,0.0,0.0,0.0,0.0,0.0,0.07151453717804104,0.0,0.0,0.0,0.0,0.17829854222330435,0.0,0.0,0.0,0.0,0.0,0.0,0.0,0.0,0.0,0.0,0.0,0.0,0.0,0.0,0.0,0.0,0.0,0.0,0.0,0.0,0.0,0.0,0.0,0.0,0.0,0.0,0.0,0.0,0.0,0.0,0.05308163017797242,0.0,0.03476957087637955,0.12115264838296634,0.0764864796150599,0.0,0.0,0.0,0.0,0.0,0.0,0.0,0.0,0.05007309587794878,0.0,0.05477981738323765,0.0,0.0,0.0,0.0,0.0,0.0,0.0,0.0,0.0,0.0,0.0,0.0,0.06360113915363286,0.04746698492669652,0.0,0.0,0.0,0.0,0.0,0.0,0.0,0.21888267205035658,0.0,0.0,0.0,0.0,0.0,0.0,0.0618256574277477,0.0,0.0,0.0,0.0,0.03955358690228834,0.0,0.0,0.0,0.0,0.0,0.0,0.0,0.09833034426392352,0.0,0.0,0.04215969785354061,0.0,0.0,0.13545045025067978,0.0,0.0,0.0,0.0,0.0,0.0,0.0,0.0,0.0,0.0,0.0,0.0,0.029101962659231418,0.0,0.0,0.040669138573971746,0.0,0.0,0.033938941651012446,0.04590480413208405,0.0,0.0,0.0,0.0,0.0,0.0,0.0,0.0,0.0,0.0,0.0,0.0,0.0,0.0,0.03725483412915606,0.0,0.0,0.0,0.0,0.0,0.0,0.0,0.0680147084865201,0.0,0.0,0.05477981738323765,0.0,0.0,0.0,0.0,0.0,0.0,0.05798649390235696,0.0,0.0,0.14575256089820673,sport
Dokumen_37,0.0,0.0,0.0,0.0,0.0,0.0,0.0,0.034582346565617934,0.0,0.0,0.0,0.07128433896918243,0.0,0.0,0.0,0.0,0.0,0.0,0.0,0.0,0.0,0.0,0.0,0.0,0.0,0.0,0.0,0.05177263423060911,0.0,0.0,0.0,0.0,0.0,0.0,0.0,0.0,0.0,0.0,0.0,0.0,0.0,0.0,0.0,0.0,0.0,0.0,0.0,0.0,0.0,0.0,0.0,0.0,0.0,0.0,0.0,0.0,0.0,0.0,0.0,0.0,0.06844754791776973,0.0,0.0,0.0,0.0,0.0,0.0,0.0,0.0,0.053514022835517476,0.0,0.0,0.0,0.0,0.0,0.0,0.0,0.0,0.0,0.0,0.0,0.05534777126454941,0.0,0.023675095324195074,0.0,0.0,0.0,0.02630361594584316,0.0,0.0574695860958081,0.07138034790887687,0.0,0.0,0.0,0.11262514370631294,0.0,0.0,0.0,0.0,0.0,0.0,0.0,0.0,0.06935344179655961,0.04155297986245467,0.0,0.0,0.0,0.0,0.0,0.0,0.0,0.4277060338150946,0.0,0.0,0.4277060338150946,0.20273156575100565,0.0,0.0,0.0,0.05055078518320673,0.06367394279770763,0.0,0.15658601637138211,0.0,0.0,0.0,0.0,0.09954412506324904,0.0,0.0,0.0,0.0,0.0,0.04103080710192971,0.0,0.0,0.0,0.0,0.0,0.0,0.0,0.0,0.0,0.0,0.22721245880704624,0.0,0.028102027241869616,0.0,0.0,0.0,0.0,0.0,0.0,0.0,0.0,0.0,0.0,0.0,0.0,0.0,0.0,0.0,0.06035563647580755,0.0,0.0,0.0,0.04829209300449977,0.0,0.0,0.0,0.0,0.0604341715804558,0.0,0.0,0.04657097353031982,0.0,0.04466769467914161,0.05055078518320673,0.1160350954486657,0.0,0.10271566231011096,0.0,0.0,0.0,0.0,0.0,0.0,0.05974761711531748,0.0,0.0,0.0,0.0,0.0,0.0,0.0,0.07231667944887037,0.06367394279770763,0.0,0.06035563647580755,0.0,0.0,0.0,0.0,0.0,0.0,0.0,0.03597598136184763,0.08131448476962244,0.0,0.0,0.0,0.0,0.0,0.06757718858366855,0.07128433896918243,0.0,0.0,0.0,0.0,0.0,0.0,0.0,0.0,0.0,0.0,0.0,0.0,0.0,0.0,0.0,0.0,0.0,0.07339939751754071,0.0,0.0,0.0,0.0,0.0,0.0,0.0,0.0,0.0,0.04977206253162452,0.0,0.0,0.0,0.0,0.0,0.0574695860958081,0.0,0.0,0.0,0.0,0.0,0.0,0.0,0.07453766334591894,0.0,0.0,0.0,0.0,0.0,0.1351543771673371,0.0,0.0,0.0,0.0,0.0,0.0,0.0,0.0,0.0,0.1351543771673371,0.04406789280380982,0.0,0.0,0.0,0.0,0.0,0.06673968094826334,0.0,0.0,0.0,0.0,0.127907093793375,0.0,0.0,0.0,0.05641265689513757,0.0,0.0,0.05915581355271108,0.0,0.0,0.0,0.0,0.0,0.0,0.0,0.0805248409519292,0.0,0.0,0.0,0.0,0.0,0.0,0.0,0.0,0.0,0.0,0.0,0.0,0.0,0.0,0.0,0.0,0.0,0.0,0.0,0.0,0.0,0.0,0.0,0.0,0.0,0.0,0.0,0.0,0.0,0.0,0.0,0.0,0.0,0.0,0.0,0.0,0.042635697931125004,0.0,0.0,0.0,0.0,0.0,0.0,0.0,0.0,0.0,0.1692379706854127,0.0,0.0,0.0,0.0,0.0,0.0,0.0,0.0,0.0,0.0,0.0,0.0,0.0,0.0,0.0,0.12324811407500784,0.0,0.0,0.0,0.0,0.0,0.0,0.07835124711731169,0.0,0.0,0.1130515449940621,0.07231667944887037,0.0,0.0,0.0,0.0,0.062286533648430356,0.0,0.0,0.0,0.0,0.0,0.0,0.05801754772433285,0.0,0.0,0.0,0.0,0.0,0.0,0.0,0.0,0.0,0.0,0.0,0.0,0.0,0.0,0.0,0.1351543771673371,0.0,0.13870688359311922,0.0,0.0,0.0,0.0,0.05397159200335177,0.0,0.0,0.0,0.0,0.0,0.0,0.0,0.0,0.0,0.0,0.07128433896918243,0.0,0.0,0.0,0.0,0.0,0.11715876652583299,0.0,0.0,0.0,0.0,0.0,0.0,0.0,0.0,0.0,0.07835124711731169,0.0,0.0,0.0,0.0,0.0,0.0,0.0,0.0,0.0,0.0,0.0,0.0,0.0,0.0,0.0,0.0,0.0,0.0,0.0,0.0,0.07339939751754071,0.0,0.0,0.0,0.0,0.0,0.05219533879046071,0.0,0.0,0.0,0.0,0.0,0.0,0.0,0.0,0.0,0.06367394279770763,0.0,0.0,0.0,0.0,0.0,0.0,0.0,0.0,0.0,0.19320477659036595,0.0,0.0,0.05155670623599819,0.0,0.0,0.24914613459372142,0.0,0.0,0.0,0.10702804567103495,0.11282531379027513,0.0,0.0,0.0,0.0,0.07102528597258523,sport
Dokumen_38,0.0,0.0,0.0,0.0,0.0,0.0,0.0,0.036459771876535534,0.0,0.0,0.0,0.0,0.6286736376655471,0.0,0.0,0.0,0.0,0.0,0.0,0.0,0.0,0.0,0.0,0.0,0.0,0.0,0.0,0.0,0.05641922132370536,0.0,0.0,0.0,0.0,0.07036288118475069,0.0,0.0,0.0,0.0,0.0,0.0,0.0,0.0,0.0,0.0,0.0,0.0,0.0,0.0,0.0,0.0,0.0,0.06429134354621466,0.07216346576872397,0.0,0.0,0.0,0.0,0.0,0.0,0.0,0.07216346576872397,0.13662799425245795,0.0,0.0,0.0,0.0,0.0,0.0,0.0,0.05641922132370536,0.0,0.0,0.0,0.0,0.0,0.07858420470819338,0.0,0.0,0.0,0.0,0.0,0.058352521288605096,0.0,0.0,0.0,0.0,0.0,0.027731601009022146,0.0,0.060589526361848285,0.05017032213795906,0.0,0.0,0.0,0.1424872787959406,0.0,0.0,0.0,0.0,0.0,0.0,0.0,0.0,0.0,0.04380883071947494,0.0,0.0,0.0,0.0,0.07624264682477441,0.0,0.0,0.0,0.07858420470819338,0.0,0.0,0.0712458558919121,0.0,0.0,0.0,0.05329511380791799,0.0671307085677085,0.0,0.11005789567852473,0.0,0.0,0.0,0.0,0.052474115435875594,0.0,0.0,0.0,0.05329511380791799,0.0,0.0,0.05017100629213061,0.0,0.0,0.060589526361848285,0.0,0.0,0.0,0.0,0.026636849126562136,0.0,0.15969832854638746,0.0,0.0,0.0,0.0,0.0,0.0,0.0,0.0,0.0,0.0,0.0,0.07858420470819338,0.0,0.029780063260664263,0.0,0.0,0.0,0.127264512441088,0.0,0.0,0.0,0.05091380051505876,0.0,0.0,0.0,0.0,0.03185752744091519,0.0,0.0,0.04909924396720287,0.0,0.047092638874638576,0.0,0.12233447206085458,0.0,0.1082919462642019,0.0,0.0,0.0,0.0,0.0,0.0,0.0,0.0,0.0,0.0,0.0,0.0,0.0,0.0,0.0,0.0,0.0,0.0,0.0,0.0,0.0,0.0,0.0,0.0,0.0,0.0,0.08572892991321747,0.0,0.0,0.0,0.07624264682477441,0.0,0.0712458558919121,0.0,0.0,0.0,0.0,0.063632256220544,0.0,0.0,0.0,0.0,0.0,0.0,0.0,0.0,0.0,0.0,0.0,0.0,0.0,0.0,0.0,0.0,0.07624264682477441,0.0,0.0,0.0,0.0,0.0,0.0,0.0,0.0,0.0,0.0,0.0,0.0,0.060589526361848285,0.0,0.0,0.0,0.0,0.0,0.0,0.0,0.0,0.0,0.05594655771607423,0.0,0.0,0.0,0.21373756767573626,0.0,0.0,0.0,0.0,0.0,0.0,0.0,0.0,0.1313359579861319,0.0712458558919121,0.04646027462763119,0.0,0.0,0.0,0.0,0.0,0.0,0.0,0.0,0.0,0.0,0.0899006559555551,0.0,0.0,0.0,0.05947521801169113,0.0,0.0,0.06236729665554364,0.0,0.0,0.0,0.05168095294198426,0.0,0.0,0.0,0.05659761165389046,0.0,0.0,0.0,0.0,0.0,0.0,0.0,0.0,0.0,0.0,0.0,0.0,0.0,0.0,0.0,0.0,0.0,0.0,0.0,0.0,0.0,0.0,0.0,0.0,0.0,0.0,0.0,0.0,0.0,0.0,0.0,0.0,0.0,0.0,0.0,0.0,0.04495032797777755,0.0,0.0,0.0,0.0,0.0,0.0,0.0,0.0,0.0,0.17842565403507338,0.0,0.0,0.0,0.0,0.0,0.0,0.0,0.0,0.0,0.0,0.0,0.0,0.0,0.0,0.05893735402885926,0.0,0.0,0.0,0.0,0.0,0.0,0.0,0.08260482239743008,0.0,0.0,0.079459299326849,0.07624264682477441,0.0,0.0,0.0,0.0,0.0,0.0,0.0,0.0,0.0,0.0,0.0,0.06116723603042729,0.0,0.0,0.0,0.0,0.0,0.0,0.0,0.0,0.0,0.0,0.0,0.0,0.0,0.0,0.054583295263485945,0.0,0.0,0.0,0.0,0.06789786099463399,0.0,0.0,0.11380326251267461,0.0,0.0,0.0,0.0,0.0,0.0,0.0,0.0,0.0435319511231973,0.0,0.0,0.0,0.0,0.0,0.0,0.0,0.061759572803469054,0.0,0.0,0.0,0.0,0.0,0.0,0.0,0.0,0.05641922132370536,0.0,0.0,0.0,0.0,0.0,0.0,0.0,0.0,0.0,0.0,0.0,0.0,0.0,0.0,0.0,0.0,0.0,0.0,0.0,0.0,0.03488633522075551,0.0,0.0,0.0,0.0,0.0,0.0,0.05502894783926236,0.0,0.0,0.0,0.0,0.0,0.0,0.0,0.0,0.0,0.0,0.0,0.0,0.0,0.0,0.0,0.0,0.0,0.0,0.0,0.27159144397853596,0.06299122837305765,0.0,0.02717782242600781,0.0,0.0,0.2626719159722638,0.0,0.0,0.0,0.05641922132370536,0.11895043602338226,0.0,0.0,0.0,0.0,0.04992076364960005,sport
Dokumen_39,0.0,0.03114977360303478,0.03620168201862394,0.0,0.0,0.0,0.0,0.025924308430982663,0.0,0.0,0.0,0.0,0.0,0.0,0.21746230521944124,0.0,0.0,0.0,0.0,0.0,0.0,0.14827721087862722,0.0,0.0,0.07825542196195721,0.0,0.0,0.0,0.04011624921802975,0.050030730858741546,0.033946815155750945,0.0,0.0,0.0,0.0,0.03466500576691365,0.0,0.0,0.0,0.0,0.0,0.0,0.0,0.0,0.0,0.03945074052401071,0.0,0.0,0.05269811081387746,0.0,0.04773253107542628,0.0,0.0,0.04190673899782366,0.0,0.0,0.0,0.0,0.0,0.0,0.0,0.03238259668127332,0.0,0.08231300800123399,0.0,0.0,0.0,0.04268062265983712,0.0,0.04011624921802975,0.0,0.05199011040134977,0.0,0.10687517610925201,0.043913445738075665,0.0,0.0,0.0,0.0,0.0,0.0,0.041490900292353236,0.0,0.05324339158010357,0.0,0.0,0.0,0.039436482503365206,0.0,0.0,0.07134608025472902,0.0,0.0,0.0,0.10131396804966455,0.0,0.0,0.0,0.0,0.0,0.0,0.0,0.10045406475519243,0.0,0.06229954720606956,0.0,0.0,0.0,0.0,0.0,0.0,0.0,0.0,0.0,0.32484218555714167,0.0,0.15197568011334284,0.0443455609097064,0.0,0.0,0.1136846637082202,0.0,0.0,0.07825542196195721,0.0,0.0,0.0,0.0,0.0,0.0,0.03620168201862394,0.032597251256311015,0.0,0.0,0.0,0.03567352658745037,0.0,0.0,0.0,0.048026435486080654,0.0,0.0,0.0,0.056819490922072474,0.0,0.0,0.0,0.06319920659852601,0.0,0.0,0.0,0.0,0.0,0.0,0.05199011040134977,0.0,0.0,0.0,0.0,0.04234955433500616,0.0,0.0,0.0,0.0,0.0,0.0,0.17091391816724974,0.03620168201862394,0.0,0.0,0.0,0.06696937650346162,0.06795580372994281,0.0,0.0,0.0698229242159911,0.0,0.06696937650346162,0.037894887902740065,0.0434922713749626,0.0,0.0,0.0,0.0,0.05199011040134977,0.0,0.0,0.046195854823715986,0.0,0.0,0.0,0.0,0.0,0.0,0.0,0.0,0.05421147171663946,0.09546506215085256,0.16323798122789016,0.0,0.0,0.0,0.0,0.0,0.0,0.0,0.04571363269025228,0.0,0.060956586016344745,0.0,0.0,0.0,0.05421147171663946,0.0,0.0,0.053437588054626006,0.0,0.0,0.060956586016344745,0.0,0.0,0.0,0.0,0.0,0.0,0.0,0.0,0.0,0.0,0.0,0.0,0.043913445738075665,0.10842294343327892,0.0,0.0,0.0,0.10842294343327892,0.0,0.0,0.04268062265983712,0.0,0.0,0.0,0.0,0.0,0.0,0.0,0.0,0.0,0.172325989796178,0.0,0.0,0.0,0.0,0.0,0.0,0.0,0.0,0.0,0.0,0.0,0.0,0.0,0.0,0.0,0.0,0.0,0.0,0.0,0.0,0.0,0.0,0.0,0.0,0.1982103168358032,0.0,0.0,0.0,0.0,0.05269811081387746,0.0,0.0,0.0,0.0,0.0,0.0,0.0,0.0,0.0,0.0,0.0,0.0,0.0,0.0,0.0,0.0,0.0,0.0,0.0,0.0,0.020121545822352194,0.0,0.0,0.0,0.0443455609097064,0.0,0.0,0.09338494750984144,0.0,0.0,0.0,0.0,0.0,0.0,0.0,0.0,0.0,0.0,0.0,0.0,0.0,0.0,0.0,0.0,0.0,0.0,0.0,0.0,0.0,0.0,0.0,0.0,0.04773253107542628,0.0,0.0,0.0,0.0,0.0,0.0,0.0,0.0,0.0,0.0,0.0,0.0,0.0,0.0,0.0,0.0,0.0,0.0,0.0,0.0,0.0,0.0,0.0,0.0,0.0,0.0,0.0,0.0,0.0,0.0,0.13858756447114795,0.0,0.45477905977999844,0.0,0.0,0.0,0.0,0.0,0.0,0.0,0.056498636097740286,0.0,0.0,0.0,0.0,0.0,0.0,0.0,0.0,0.02963641270027278,0.0,0.0,0.0,0.0,0.0,0.0,0.0,0.0,0.05873522470105506,0.0,0.0,0.0,0.0,0.0,0.0,0.0,0.0,0.0,0.0,0.0,0.0,0.05199011040134977,0.0,0.0,0.0,0.0,0.0,0.0,0.0,0.0,0.07890148104802142,0.0,0.0,0.0,0.0,0.06190580299524706,0.0,0.0,0.0,0.0,0.0,0.0,0.0,0.043913445738075665,0.0,0.0,0.0674282940896843,0.0,0.0,0.0,0.11545340776103664,0.0,0.0802324984360595,0.0,0.04190673899782366,0.0,0.0,0.14374203344052736,0.0,0.0,0.0,0.0,0.0,0.0,0.0,0.0,0.0,0.11004624086352988,0.0,0.0,0.04669247375492072,0.0,0.0,0.0,0.0,0.0,0.0,0.040459261344547436,0.0,0.14464206143872546,0.07825542196195721,0.0,0.0,0.0,0.0,0.0,0.25408383783260846,0.0,0.0,0.0,0.0,0.0,0.0,0.0,0.0,0.0,0.0,0.0,0.0,0.0,0.0,0.08957840100149213,0.0,0.03864896650698699,0.0,0.0,0.0,0.0,0.0,0.0,0.160464996872119,0.0,0.0,0.0,0.0,0.0,0.124234580353575,sport
Dokumen_40,0.0,0.0,0.0,0.0,0.0,0.0,0.0,0.06578646398682014,0.0,0.03788623244711579,0.0,0.0,0.0,0.08915242306167848,0.4905246414712347,0.0,0.0,0.0,0.0,0.0,0.0,0.0,0.0,0.0,0.0,0.0,0.0,0.0,0.03393348230798148,0.0,0.0,0.0,0.0,0.0,0.0,0.0,0.0,0.0,0.0,0.0,0.0,0.0,0.0,0.03907609143224973,0.0,0.0,0.0,0.0,0.0,0.0,0.0,0.03866818998200515,0.04340289765602881,0.0,0.0,0.0,0.0,0.0,0.0,0.04457621153083924,0.04340289765602881,0.0547835001023287,0.0,0.0,0.0,0.0,0.0,0.0,0.0,0.03393348230798148,0.0,0.0,0.041314388528890286,0.0,0.03714545011266338,0.0,0.0,0.0,0.0,0.0,0.0,0.035096270425501674,0.0,0.030024968625238284,0.0,0.0,0.0,0.016679241048232388,0.0,0.03644172274289954,0.045262599306883415,0.0,0.0,0.0,0.11426577540286945,0.0,0.0,0.0,0.0,0.0,0.0,0.0,0.0,0.0,0.026348931220148687,0.0,0.0,0.0,0.0,0.0,0.0,0.0,0.0,0.0,0.21982167867349162,0.0,0.0857019977838439,0.0,0.0,0.0,0.09616343999822176,0.04037593320252847,0.0,0.1985837929825375,0.0,0.0,0.0,0.0,0.031560688467391254,0.0,0.0,0.027573321792450048,0.0,0.0,0.07805345738004088,0.0,0.0,0.0,0.0,0.020312270347421734,0.0,0.0,0.0,0.0,0.0,0.09605096063362595,0.0,0.03563924346190204,0.0,0.0,0.0,0.0,0.0,0.0,0.08795465806914501,0.0,0.0,0.0,0.0,0.07164517524893428,0.0,0.0,0.0,0.0,0.0,0.0,0.0,0.030622233141029437,0.0,0.0,0.028132532385616752,0.0,0.05748236957702127,0.0,0.0,0.05906172709960126,0.0,0.02832398587921097,0.032054479999407255,0.11036756302029276,0.0,0.0,0.0,0.0,0.0,0.0,0.0,0.0,0.0,0.0,0.0,0.0,0.0,0.0,0.0,0.0,0.04585633134314674,0.16150373281011388,0.0,0.0,0.0,0.06844725794614698,0.0,0.0,0.0,0.0,0.03866818998200515,0.022812531414556348,0.05156188012240531,0.0,0.0,0.0,0.04585633134314674,0.0,0.04285099889192195,0.0,0.0,0.0,0.05156188012240531,0.0765435605106279,0.0,0.0,0.04457621153083924,0.0,0.0,0.0,0.0,0.0,0.0,0.0,0.0,0.0,0.0,0.0,0.0,0.0,0.04585633134314674,0.0,0.0,0.0,0.0,0.0,0.0,0.0,0.0,0.0,0.0,0.10118207803434082,0.0,0.10932516822869863,0.0,0.0,0.0,0.0,0.0,0.0,0.0,0.04726466721070908,0.0,0.03364919759452978,0.0,0.0,0.0,0.04285099889192195,0.023208941141247556,0.0,0.0,0.0,0.04726466721070908,0.0,0.0,0.0,0.0,0.0857019977838439,0.11177459526108488,0.0,0.03364919759452978,0.0,0.0,0.0,0.0,0.0,0.0,0.0,0.0,0.13517743805965945,0.0,0.0,0.0,0.03577151918817933,0.0,0.08915242306167848,0.0,0.0,0.0,0.0,0.0,0.0,0.0,0.0,0.05106116342989166,0.0,0.0,0.0,0.0,0.0,0.0,0.0,0.0,0.0,0.0,0.0,0.0,0.0,0.0,0.0,0.0,0.0,0.0,0.0,0.0,0.0,0.0,0.0,0.0,0.0,0.0,0.0,0.0,0.0,0.0,0.0,0.0,0.0,0.0,0.0,0.0,0.08110646283579566,0.0,0.0,0.0,0.0,0.0,0.0,0.0,0.0,0.0,0.03577151918817933,0.0,0.0,0.0,0.0,0.0,0.0,0.0,0.0,0.0,0.0,0.0,0.0,0.0,0.0,0.0,0.0,0.0,0.21982167867349162,0.0,0.0,0.0,0.0,0.0,0.0,0.0,0.09558199013212303,0.0,0.0,0.0,0.0,0.0,0.03949617082761531,0.0,0.0,0.0,0.0,0.0,0.0,0.036789187673430916,0.03309729883042292,0.0,0.0,0.04726466721070908,0.0,0.0,0.0,0.0,0.0,0.0,0.0,0.0,0.0,0.0,0.0,0.0857019977838439,0.0,0.04397732903457251,0.0,0.0,0.031083638894172354,0.0,0.06844725794614698,0.0,0.0,0.0,0.0,0.0,0.0,0.0,0.05260469895342097,0.026182401291849573,0.0,0.0,0.0,0.0,0.0,0.0,0.0,0.14858180045065353,0.0,0.0,0.0,0.0,0.04457621153083924,0.0,0.0,0.0,0.0,0.0,0.0,0.0,0.0,0.0,0.0,0.0,0.0,0.0,0.0,0.0,0.0,0.0,0.0,0.0,0.0,0.0,0.0,0.0,0.0,0.0,0.0930857754698599,0.0,0.029322391370750708,0.0,0.0,0.0,0.03309729883042292,0.0,0.0,0.0,0.0,0.0,0.4835792618646439,0.0,0.0,0.0,0.0,0.0,0.0,0.0,0.0,0.0,0.0,0.0,0.0,0.0,0.08167467791134277,0.03788623244711579,0.0,0.03269233905838777,0.0,0.0,0.19748085413807653,0.0,0.0,0.04457621153083924,0.03393348230798148,0.03577151918817933,0.0,0.0,0.0,0.03907609143224973,0.030024968625238284,sport
Dokumen_41,0.0,0.07225438537711444,0.0,0.0,0.0,0.0,0.06287391714611033,0.030066750979931778,0.0,0.10389212438444378,0.0,0.0,0.0,0.0,0.0,0.0,0.0,0.0,0.0,0.0,0.0,0.0,0.0,0.0,0.0,0.0,0.0,0.04501241400820486,0.09305284101973352,0.0,0.03937117322018565,0.0,0.0,0.0,0.0,0.04020412343443889,0.0,0.0,0.2475027745866689,0.0,0.04395010810095221,0.0,0.0,0.0,0.0,0.13726371075246138,0.0,0.0,0.0,0.0,0.0,0.053018209305180114,0.05950999810049347,0.0,0.0,0.0,0.05950999810049347,0.0,0.0,0.0,0.0,0.07511401687659248,0.0,0.031821931664008575,0.0,0.0,0.0,0.0,0.0,0.0,0.0,0.0,0.0,0.0,0.0,0.0,0.0,0.0,0.0,0.0,0.0,0.07218109040465985,0.0,0.10291857930867408,0.0,0.0,0.0787423464403713,0.09147606788507671,0.0,0.0,0.04137323150054524,0.0,0.0,0.0,0.11750291647114781,0.0,0.0,0.0,0.0,0.058025136141182355,0.0,0.0,0.0,0.0,0.10838157806567165,0.0,0.0,0.0,0.0,0.0,0.0,0.11605027228236471,0.0,0.0,0.0,0.0,0.0,0.0,0.0,0.0,0.04395010810095221,0.0,0.0,0.1361397715520737,0.0,0.0,0.0,0.04167763950493879,0.0,0.0,0.0,0.037805962645562505,0.04395010810095221,0.0,0.0,0.08274759138407531,0.0,0.0,0.0,0.0,0.0,0.0,0.05044189689626557,0.10983111911539178,0.0,0.0,0.0,0.024432600416785945,0.0,0.10838157806567165,0.0,0.0,0.0,0.0,0.0,0.0,0.0,0.0,0.0,0.09823317043859563,0.0,0.0,0.0,0.052474689324800795,0.0,0.045754570250820456,0.15857938830561424,0.0,0.0,0.0,0.07714539992689066,0.07767040621243493,0.0,0.0,0.0,0.04048996100863927,0.0,0.11650560931865239,0.0,0.05044189689626557,0.0,0.0,0.0,0.0,0.0,0.0,0.0,0.0,0.05194606219222189,0.0,0.0,0.0,0.0,0.0,0.0,0.0,0.0,0.0,0.0,0.0,0.0,0.0,0.0,0.04261898148387058,0.0,0.0,0.21207283722072046,0.06255682336725849,0.14139366511701065,0.0,0.0,0.0,0.0,0.0,0.0,0.0,0.0,0.0,0.0,0.0,0.0,0.0,0.0,0.07511401687659248,0.0,0.0,0.0,0.0,0.0,0.06029760473719578,0.0,0.0509303706670728,0.12574783429222067,0.0,0.0,0.041986345024648423,0.06287391714611033,0.0,0.0,0.0,0.0,0.0,0.06111873646203354,0.0,0.0,0.06812052014959077,0.0,0.0,0.0,0.04996548544743139,0.0,0.0,0.0,0.0,0.0,0.0,0.0,0.0,0.0,0.0,0.0,0.0,0.0,0.0,0.031821931664008575,0.0,0.0,0.0,0.0,0.0,0.06029760473719578,0.0,0.0,0.0,0.26819604321525353,0.0,0.04613663587171691,0.0,0.0,0.0,0.0,0.0,0.10715497132643088,0.0,0.0,0.03706853466748901,0.0,0.0,0.0,0.0,0.0,0.0,0.0,0.0,0.0,0.0,0.0,0.0,0.0,0.0,0.023336765537356238,0.0,0.0,0.0,0.0,0.0,0.0,0.0,0.0,0.0,0.0,0.0,0.0,0.0,0.0,0.0,0.0,0.0,0.0,0.0,0.0,0.0,0.0,0.0,0.0,0.0,0.0,0.0,0.0,0.0,0.0,0.0,0.05535970725342498,0.10286306695410655,0.061976374694201065,0.0,0.0,0.18534267333744506,0.17860709564962318,0.06936570594142369,0.0,0.0,0.0,0.0,0.0,0.0,0.0,0.0,0.0,0.0,0.05875328607946779,0.0,0.0,0.0,0.0,0.0,0.0,0.0,0.0,0.0,0.0,0.0,0.048603012465424505,0.0,0.049500554917333774,0.0,0.0,0.0,0.0,0.0,0.40872312089754465,0.0,0.0,0.0,0.25149566858444133,0.0,0.04816942830025214,0.0,0.04395010810095221,0.05415345928180607,0.0,0.0,0.0,0.039922458820862,0.0,0.0,0.0,0.0,0.0,0.0,0.0,0.0,0.0,0.0,0.0,0.0,0.0,0.0,0.0,0.0,0.06029760473719578,0.0,0.0,0.0,0.0,0.0,0.0,0.0,0.0,0.04692424250841923,0.0,0.054747157920814214,0.0,0.0,0.0,0.0,0.0,0.0,0.035898862409890236,0.0,0.0,0.0,0.0,0.0,0.0,0.0,0.0,0.0,0.0,0.0,0.0,0.0,0.0,0.200852543675976,0.0,0.09305284101973352,0.0,0.0,0.0,0.0,0.12503291851481638,0.0,0.0,0.066950847891992,0.0,0.0,0.0,0.0,0.06029760473719578,0.0,0.06381525912504213,0.0,0.0,0.0,0.0,0.0,0.0,0.0,0.0,0.04020412343443889,0.04692424250841923,0.0,0.0,0.045379923850691235,0.0,0.0,0.0,0.0,0.0,0.0,0.0,0.0,0.0,0.0,0.0,0.0,0.0,0.0,0.03682885850001081,0.0,0.0,0.0,0.0,0.0,0.0,0.0,0.022412340423486738,0.0,0.0,0.0,0.0,0.0,0.0,0.0,0.0,0.0,0.0,0.048603012465424505,0.0,0.14408601103214372,sport
Dokumen_42,0.0,0.0,0.0,0.0,0.0,0.0,0.0,0.0,0.0,0.14635642033709156,0.0,0.0,0.0,0.0,0.0,0.0,0.0,0.0,0.0,0.0,0.38058395982006465,0.0,0.0,0.0,0.0,0.0,0.0,0.063410540731598,0.03277168696505134,0.0,0.0,0.04037677527756281,0.0,0.0,0.0,0.0,0.09276242225918786,0.0,0.0,0.0,0.030957016873007184,0.0,0.0,0.03773822635156445,0.0,0.0,0.0,0.0,0.0,0.0,0.0,0.037344290400084995,0.0,0.0,0.0,0.0,0.04191689383511865,0.0,0.0,0.0,0.0,0.0,0.0,0.022414326563011386,0.0,0.0,0.0,0.0,0.0,0.0,0.0,0.0,0.0,0.0,0.0,0.0,0.0,0.0,0.0,0.0,0.0,0.016947332100879023,0.0,0.10148946765820886,0.0,0.0,0.0,0.032216373285021756,0.0,0.0,0.08742584814885557,0.0,0.0,0.0,0.08276520638969866,0.09749140629168906,0.0,0.0,0.0,0.0,0.0,0.0,0.054708490594123846,0.0,0.0,0.0,0.0,0.0,0.0,0.0,0.0,0.0,0.0,0.0,0.0,0.0,0.0,0.0,0.0,0.0,0.0,0.0,0.04638121112959393,0.0,0.0,0.47373033669339243,0.0,0.0,0.0,0.0,0.0,0.0,0.030957016873007184,0.0,0.050254071550584194,0.08742704034288908,0.0,0.0,0.0,0.019616830342774113,0.0,0.0,0.0,0.015472288713495933,0.0,0.0,0.0,0.03441904723494857,0.0,0.0,0.0,0.0,0.0,0.0,0.0,0.0,0.0,0.0,0.035194051684951745,0.01729805708197285,0.0,0.0,0.0,0.0,0.0,0.0,0.0,0.0,0.0,0.0,0.027169346679717266,0.0,0.05551432077292123,0.0,0.0,0.057039605147396304,0.0,0.0,0.0,0.14211848123216336,0.0,0.031451247292520315,0.0,0.0,0.0,0.0,0.0,0.0,0.07317821016854578,0.0,0.0,0.0,0.0,0.0,0.0,0.0,0.0,0.07798712975142308,0.0,0.0,0.0,0.0,0.0,0.030019414875522857,0.0,0.0,0.037344290400084995,0.04406297777592938,0.0,0.0,0.0,0.0,0.0,0.0,0.0,0.043654128739097006,0.0,0.0,0.0,0.07392290545007661,0.0,0.0,0.0,0.0,0.0,0.0,0.0,0.0,0.0,0.0,0.03658910508427289,0.0,0.0,0.0,0.0,0.0,0.044286328249600444,0.0,0.0,0.0,0.0,0.0,0.0,0.0,0.10658886092412251,0.0,0.0,0.0,0.0,0.10558215505485523,0.0,0.0,0.04087100569707594,0.0,0.0,0.0,0.0,0.0,0.0,0.09749140629168906,0.0,0.0,0.044286328249600444,0.0,0.022414326563011386,0.03363027804964502,0.0,0.0,0.0,0.0,0.0,0.0,0.07628784661315803,0.04138389066823015,0.0,0.0,0.0,0.0,0.0,0.0,0.0,0.0,0.0,0.0,0.0,0.052219723806970424,0.0,0.0,0.0,0.0,0.0,0.0,0.0,0.0,0.0,0.0,0.0,0.0,0.0,0.0,0.1315012273174723,0.0,0.0,0.0,0.0,0.0,0.0,0.0,0.0,0.0,0.0,0.0,0.04191689383511865,0.0,0.0,0.0,0.0,0.0,0.0,0.0,0.0,0.0,0.0,0.0,0.0,0.0,0.0,0.0,0.0,0.0,0.0,0.0,0.0,0.21736012744222716,0.0,0.0,0.0,0.07832958571045563,0.1887074837551219,0.0,0.0,0.0,0.0,0.0,0.2489826684105922,0.0,0.0,0.0,0.0,0.04138389066823015,0.04138389066823015,0.0,0.0,0.0,0.0,0.0,0.0,0.0,0.0,0.0,0.0,0.0,0.0,0.0,0.06973313969008964,0.0,0.0,0.0,0.0,0.0,0.0,0.0,0.0,0.0,0.044286328249600444,0.0,0.03392896784756049,0.0,0.0,0.0,0.0,0.0,0.0484210392901788,0.05624014523425407,0.02662928202202991,0.0,0.07105924061608168,0.0,0.0,0.0,0.0,0.0,0.0754764527031289,0.0,0.0,0.0,0.0,0.0,0.0,0.0,0.0,0.0,0.0,0.0,0.0,0.0,0.03943917328007848,0.060038829751045714,0.08857265649920089,0.13220759901200266,0.0,0.0,0.0,0.0,0.0,0.0,0.0,0.4064291925822862,0.05057196613906203,0.0,0.0,0.0,0.0,0.0,0.0,0.0,0.03587368523571217,0.0,0.0,0.0,0.0,0.0,0.0,0.0,0.0,0.0,0.0,0.06846874066908276,0.0,0.0,0.029356364412526835,0.0,0.0,0.047157984756120076,0.0,0.0,0.0,0.0,0.0,0.0,0.0,0.0,0.0,0.0,0.0,0.0,0.020264087847878132,0.044949378712596466,0.0,0.0,0.0,0.0,0.0,0.06392826452734905,0.0,0.0,0.0,0.0,0.0,0.0,0.0,0.0,0.0,0.0,0.0,0.0,0.0,0.0,0.02594104186000233,0.0,0.0,0.0,0.0,0.03943917328007848,0.0,0.0,0.04735955591233878,0.044286328249600444,0.0,0.0,0.0,0.0,0.0,0.0,0.0,0.0,0.04037677527756281,0.0,0.0,0.10148946765820886,sport
Dokumen_43,0.0,0.1283967166793927,0.04974008445666383,0.0,0.0,0.0,0.0,0.03561926460141572,0.0,0.0,0.0,0.0,0.5374082189351469,0.0,0.0,0.0,0.0,0.0,0.0,0.06790956092691347,0.0,0.0,0.0,0.0,0.10752073054443045,0.04363015002038508,0.07143293731335609,0.0,0.11023717755229433,0.06874080538750098,0.04664196133243617,0.0,0.0,0.0,0.0,0.04762873486513662,0.0,0.0,0.0,0.0,0.0,0.0,0.0,0.0,0.0,0.0,0.0,0.0,0.07240570980211403,0.0,0.0,0.0,0.0,0.0,0.0,0.0,0.0,0.0,0.0,0.0,0.0,0.04449276950789155,0.0,0.07539715912936747,0.0,0.0,0.0,0.0,0.0,0.0,0.0,0.0,0.0,0.0,0.0,0.0,0.0,0.0,0.05864196516258979,0.0,0.0,0.02850366018439374,0.0,0.04876994007426032,0.0,0.0,0.0,0.054184608587578884,0.0,0.0,0.07352061823459914,0.0,0.0,0.0,0.1392025189558197,0.054656821484659855,0.0,0.0,0.0,0.0,0.0,0.0,0.0920140241433709,0.0,0.17119562223919027,0.0,0.0,0.0,0.0,0.0,0.0,0.0,0.0,0.07677260270502097,0.0,0.0,0.0,0.0,0.0,0.0,0.0,0.0,0.0,0.05376036527221523,0.0,0.0,0.0,0.04937436939826613,0.05126442943101842,0.0,0.0,0.0,0.05206650132412124,0.0,0.0,0.0490144138720953,0.0,0.0,0.05919275575462539,0.03299348019245669,0.0,0.0,0.0597571474797737,0.07806836919330401,0.0,0.0,0.0,0.05788927840770199,0.0,0.04279890555979757,0.0,0.0,0.13266522263648453,0.0,0.0,0.0,0.0,0.0,0.05919275575462539,0.08728063000946783,0.0,0.0,0.0,0.0,0.0,0.0,0.0,0.04974008445666383,0.0,0.0,0.04569603171643042,0.0,0.062246231452430335,0.0,0.0,0.0,0.0,0.13802103621505635,0.0,0.0597571474797737,0.0,0.0,0.051661947337905065,0.0,0.0,0.0,0.0,0.0,0.0,0.0,0.0,0.0,0.0,0.0,0.0,0.0,0.0,0.0,0.0,0.0,0.0,0.05558987771056387,0.0,0.05048955171545003,0.0,0.0,0.06280923493179963,0.07410937236383304,0.0,0.0,0.0,0.0,0.0,0.0,0.0,0.0,0.07931485407072109,0.0,0.0,0.0,0.0,0.0,0.0,0.04449276950789155,0.0,0.07677260270502097,0.0,0.0,0.0,0.0,0.0,0.06033582911068378,0.0,0.0,0.05247834496229569,0.04974008445666383,0.22345507429614608,0.0,0.0,0.05864196516258979,0.0,0.0,0.0,0.0,0.0,0.0,0.0,0.0,0.0,0.05919275575462539,0.0597571474797737,0.0,0.0,0.07240570980211403,0.0,0.06874080538750098,0.0,0.0,0.0,0.054656821484659855,0.0,0.0,0.0,0.0,0.0,0.05656265019932179,0.0,0.0,0.0,0.0,0.0,0.0,0.0,0.0,0.0,0.0,0.0,0.0,0.0,0.07240570980211403,0.0,0.0,0.0,0.0,0.0,0.0,0.0,0.0,0.0,0.0,0.0,0.0,0.0,0.0,0.0,0.0,0.0,0.0,0.07448502476538203,0.0,0.027646433336648388,0.0,0.0,0.0,0.0,0.0,0.0,0.0,0.15354520541004194,0.0,0.0,0.0,0.0,0.19246240438763423,0.0,0.0,0.0,0.0,0.0,0.0,0.0,0.0,0.0,0.0,0.0,0.0,0.0,0.0,0.07677260270502097,0.0,0.0,0.0,0.0,0.0,0.0,0.0,0.0,0.0,0.15869323735412624,0.0,0.0,0.0,0.0,0.0,0.0,0.0,0.0,0.0,0.0,0.0,0.0,0.0,0.0,0.0,0.0,0.0,0.0,0.06415413479587809,0.0,0.0,0.0,0.0,0.0,0.0,0.05864196516258979,0.0,0.0,0.0,0.0,0.0,0.0,0.0,0.0,0.07762752376373526,0.0,0.0,0.0,0.0,0.0,0.0,0.0,0.0,0.0,0.28377032660998874,0.044787698806643225,0.0,0.0,0.05376036527221523,0.0,0.0,0.0,0.0,0.0,0.0,0.0,0.0,0.0,0.0,0.0,0.0,0.0,0.0,0.0,0.0,0.07143293731335609,0.0,0.0,0.0,0.0,0.0,0.06874080538750098,0.0,0.0,0.05420419870360518,0.0,0.0,0.0,0.0,0.0,0.06153909131922265,0.0,0.0,0.0,0.0,0.0,0.0,0.0,0.0,0.0,0.04632228194624019,0.0,0.0,0.0,0.07931485407072109,0.0,0.055118588776147164,0.0,0.0,0.0,0.0,0.09874873879653226,0.0,0.0,0.0,0.0,0.0,0.0,0.0,0.0,0.0,0.15120041416513186,0.0,0.0,0.0,0.0,0.0,0.0,0.0,0.0,0.0,0.05558987771056387,0.0,0.1192404543233149,0.0,0.0,0.0,0.0,0.0,0.0,0.0,0.0,0.0,0.0,0.0,0.0,0.0,0.0,0.0,0.04363015002038508,0.0,0.0,0.0,0.0,0.0,0.06153909131922265,0.07342173056020176,0.053102583941578324,0.0,0.0,0.06415413479587809,0.0,0.0,0.0,0.11023717755229433,0.058104135559572584,0.0,0.0,0.0,0.0,0.17069479025991113,sport
Dokumen_44,0.0,0.0,0.06732291011914399,0.0,0.0,0.0,0.0,0.048210463964136904,0.0,0.0,0.0,0.0,0.0,0.0,0.0,0.0,0.0,0.0,0.0,0.09191518905635113,0.0,0.0,0.0,0.0,0.0,0.0,0.09668405815602174,0.0,0.29841073561534526,0.0,0.0,0.0,0.0,0.0,0.0,0.0,0.0,0.0,0.0,0.0,0.0,0.0,0.0,0.0,0.0,0.0,0.0,0.0,0.0,0.0,0.0,0.0,0.0,0.07793239058576065,0.0,0.0,0.0,0.0,0.0,0.09800069996599062,0.09542117207291967,0.0,0.0,0.0,0.0,0.0,0.0,0.0,0.0,0.07460268390383631,0.0,0.0,0.0,0.0,0.0,0.0,0.0,0.0,0.0,0.0,0.0,0.03857953547168687,0.0,0.09901473815337243,0.0,0.0,0.0,0.0,0.0,0.0,0.03316990731170542,0.0,0.0,0.0,0.15700815506566013,0.0,0.0,0.0,0.0,0.0,0.0,0.0,0.0,0.0,0.05792806553656667,0.0,0.0,0.0,0.0,0.0,0.0,0.0,0.0,0.0,0.0,0.0,0.0,0.0,0.0,0.0,0.0,0.08876639758608428,0.0,0.21829300927385978,0.0,0.0,0.0,0.0,0.0,0.0,0.0,0.0,0.0,0.0,0.0,0.199022157824956,0.0,0.0,0.0,0.04465648029708835,0.0,0.0,0.0,0.0704433839730486,0.0,0.0,0.0,0.039176397966305565,0.0,0.0,0.0,0.0,0.0,0.0,0.0,0.0,0.0,0.0,0.0,0.039377938829122355,0.0,0.0,0.0,0.0,0.0,0.0,0.0,0.0,0.0,0.0,0.0,0.0,0.08424990610899484,0.0,0.0,0.12984707309540772,0.0,0.06227021872572421,0.0,0.161761891347905,0.0,0.0,0.0,0.0,0.0,0.0,0.0,0.0,0.16658559224230554,0.0,0.0,0.0,0.0,0.0,0.0,0.0,0.10081504047044725,0.0,0.0758918876516714,0.0,0.0,0.0,0.0,0.0,0.0,0.0,0.0,0.0,0.0,0.0,0.0,0.0,0.0,0.0,0.0,0.0,0.0,0.0,0.0,0.0,0.0,0.0,0.0,0.0,0.0,0.0,0.0,0.0,0.0,0.0,0.0,0.0,0.0,0.0,0.0,0.06732291011914399,0.0,0.0,0.0,0.0,0.0786436038168728,0.0,0.0,0.0,0.0,0.0,0.0,0.0,0.0,0.0,0.0,0.0,0.0,0.0,0.0,0.0,0.0,0.0,0.0,0.07397768460597937,0.0,0.0,0.0,0.09420782389156021,0.0,0.0,0.0,0.0,0.0,0.0,0.0,0.0,0.08683224199985677,0.0,0.0,0.0,0.14795536921195873,0.0,0.0,0.0,0.0,0.0,0.0,0.0,0.0,0.0,0.0,0.0,0.0,0.0,0.0,0.0,0.0,0.0,0.0,0.0,0.0,0.0,0.0,0.0,0.037419284003421704,0.0,0.0,0.0,0.0,0.0,0.0,0.0,0.10391126368162872,0.0,0.0,0.0,0.0,0.0,0.0,0.0,0.0,0.0,0.0,0.0,0.0,0.0,0.0,0.0,0.0,0.0,0.0,0.0,0.0,0.0,0.0,0.0,0.0,0.0,0.0,0.0,0.0,0.059437458207012205,0.0,0.0,0.0,0.0,0.0,0.0,0.0,0.0,0.0,0.2359308114506184,0.0,0.0,0.0,0.0,0.0,0.0,0.0,0.0,0.0,0.0,0.0,0.0,0.0,0.0,0.0,0.6013608888122568,0.07937155300350696,0.0,0.0,0.0,0.0,0.0,0.0,0.0,0.0,0.0,0.0,0.0,0.0,0.0,0.0,0.0,0.0,0.0,0.05511372503211003,0.0,0.06061988543324586,0.0,0.0,0.0,0.0,0.0,0.0,0.0,0.0,0.0,0.0,0.0,0.0,0.0,0.0,0.0,0.0,0.0,0.09420782389156021,0.0,0.0,0.0,0.0,0.0,0.0,0.0,0.0,0.0,0.0,0.0,0.0,0.0,0.0,0.0,0.0,0.0,0.0,0.0,0.0,0.0,0.0,0.0,0.0,0.0,0.0,0.0,0.0,0.0,0.0,0.0,0.05905314999748926,0.14920536780767263,0.0,0.0,0.0,0.09800069996599062,0.0,0.0,0.0,0.0,0.0,0.0,0.0,0.0,0.0,0.0,0.0,0.0,0.0,0.0,0.0,0.0,0.046129921292333904,0.10232443314089279,0.0,0.0,0.0,0.0,0.0,0.0,0.0,0.0,0.0,0.0,0.0,0.0,0.0,0.0,0.0,0.08876639758608428,0.0786436038168728,0.0,0.0,0.0,0.0,0.0,0.0,0.0,0.0,0.08978079708804863,0.08329279612115277,0.0,0.0718740332841196,0.0,0.0,0.0,0.0,0.0,0.0,0.07460268390383631,0.0786436038168728,0.09668405815602174,0.0,0.0,0.0,0.0,sport
Dokumen_45,0.0,0.0,0.058155147347986144,0.0,0.0,0.0,0.0,0.0,0.0,0.0,0.0,0.08584327119494116,0.0,0.0,0.0,0.0,0.0,0.0,0.08351801249105299,0.0,0.0,0.0,0.0,0.0,0.0,0.0,0.0,0.0,0.12888718171287514,0.0,0.0,0.0,0.0,0.0,0.0,0.0,0.0,0.0,0.0,0.0,0.0,0.0,0.0,0.0,0.0,0.0,0.0,0.0,0.0,0.0,0.0,0.07343534600258855,0.0,0.06731987149211109,0.0,0.0,0.0,0.0,0.0,0.0846553593218384,0.08242710114873955,0.0,0.0,0.0,0.0,0.0,0.0,0.0,0.0,0.06444359085643757,0.0,0.0,0.0,0.0,0.0,0.0,0.0,0.0,0.0,0.0,0.0,0.03332592970212107,0.0,0.14255218312114695,0.0,0.0,0.0,0.06335159923479866,0.0,0.0,0.02865296291882575,0.0,0.0,0.0,0.05425096673046207,0.0,0.0,0.0,0.0,0.08037042376983307,0.0,0.0,0.16137153335960974,0.0,0.05003965486490273,0.0,0.0,0.0,0.0,0.0,0.0,0.0,0.08584327119494116,0.0,0.0,0.08584327119494116,0.0,0.0,0.0,0.0,0.24350059630771087,0.07667854705081621,0.0,0.2514223285335314,0.0,0.0,0.0,0.0,0.05993738209006803,0.0,0.0,0.052364913568790875,0.0,0.0,0.0,0.0,0.0,0.0,0.0,0.11572602196445132,0.0,0.0,0.0,0.030425343819759226,0.0,0.0,0.0,0.06768302773192163,0.0,0.0,0.0,0.0,0.0,0.0,0.0,0.0,0.4389172707387525,0.0,0.0,0.0,0.0,0.0,0.0,0.218047554837084,0.0,0.06337450362059772,0.0,0.0,0.0,0.0,0.0,0.0,0.10916563979078531,0.0,0.0,0.1121650216130642,0.0,0.05379051111986991,0.0,0.0,0.0,0.0,0.0,0.0,0.0,0.0,0.0,0.0,0.0719503185895999,0.0,0.0,0.0,0.0,0.0,0.0,0.0,0.0,0.0,0.06555723602988953,0.0,0.0,0.0,0.0,0.05903141001105373,0.0,0.0,0.07343534600258855,0.0,0.0,0.0,0.0,0.0,0.0,0.0,0.0,0.0,0.0,0.0,0.1958438969651757,0.0,0.0,0.0,0.0,0.0,0.0,0.0,0.0,0.0,0.0,0.0,0.0,0.0,0.0,0.0,0.0,0.0,0.0,0.0,0.0,0.0,0.0,0.0,0.1693107186436768,0.0,0.0,0.0,0.0,0.09607820941671384,0.0,0.0,0.0,0.0,0.0,0.0,0.0,0.0,0.0,0.0,0.0,0.0,0.0,0.0,0.0,0.0,0.0,0.0,0.0,0.0,0.0,0.0,0.0,0.0,0.0,0.0,0.2653410361694225,0.06087514907692772,0.0,0.0,0.0,0.0,0.16074084753966614,0.0,0.0,0.0,0.0,0.0,0.0,0.0,0.0,0.0,0.0,0.0,0.07123764657140362,0.0,0.0,0.0,0.0,0.0,0.0,0.0,0.03232367660613539,0.0,0.0,0.0,0.07123764657140362,0.0,0.0,0.0,0.0,0.0,0.0,0.0,0.0,0.0,0.0,0.0,0.0,0.0,0.0,0.0,0.0,0.0,0.0,0.0,0.0,0.0,0.0,0.0,0.0,0.0,0.0,0.0,0.0,0.14247529314280724,0.0,0.0,0.0,0.051343504520248655,0.0,0.0,0.0,0.0,0.0,0.0,0.0,0.0,0.0,0.13586846913934433,0.0,0.08137898183621291,0.0,0.0,0.0,0.0,0.0,0.0,0.0,0.07500777698291615,0.0,0.0,0.0,0.0,0.13463974298422218,0.0,0.06856305456773279,0.0,0.0,0.0,0.0,0.0,0.094353506703078,0.0,0.0,0.0,0.08708645427056284,0.0,0.0,0.0,0.0,0.0,0.0,0.0,0.0,0.0,0.0,0.0,0.0,0.0,0.0,0.0,0.0,0.0,0.0,0.0,0.0,0.0,0.0,0.0,0.0,0.0,0.08351801249105299,0.0,0.0,0.0,0.0,0.0,0.0,0.0,0.0,0.12998922557644588,0.0,0.0,0.0,0.0,0.0,0.0,0.0,0.0,0.09944679070524688,0.0,0.08584327119494116,0.0,0.0,0.0,0.0,0.0,0.14108697524837585,0.0,0.0,0.0,0.0,0.0,0.0,0.0,0.0,0.06444359085643757,0.0,0.0,0.0,0.0,0.11545512071141559,0.0,0.0,0.0,0.0,0.0,0.0,0.0,0.0,0.0,0.0,0.0,0.0,0.0,0.0,0.0,0.03984813438930397,0.0,0.0,0.0,0.0,0.0,0.0,0.0,0.0,0.0,0.0,0.0,0.0,0.0,0.0,0.0,0.0,0.0,0.0,0.0,0.0846553593218384,0.0,0.0,0.0,0.0,0.0,0.0,0.15510961942776758,0.0719503185895999,0.0,0.06208651688904714,0.0,0.0,0.0,0.0,0.0,0.0,0.06444359085643757,0.0,0.08351801249105299,0.0,0.0,0.0,0.05702087324845878,sport
Dokumen_46,0.0,0.0,0.0,0.0,0.0,0.0,0.0,0.0,0.0,0.0,0.0,0.0,0.0,0.0,0.5212275773863184,0.0,0.0,0.0,0.29076419298873046,0.0,0.0,0.0,0.04099517633735631,0.0,0.0,0.0,0.0,0.031008097942136284,0.12820425972301705,0.0,0.0,0.0,0.0,0.0,0.0,0.02769576848079238,0.0,0.0,0.0,0.0,0.0,0.0,0.0,0.0,0.0,0.0,0.0,0.0,0.0,0.0,0.0,0.0,0.0,0.0,0.0,0.03543009328671042,0.0,0.0,0.0,0.0,0.04099517633735631,0.0,0.0,0.043842908472568616,0.0,0.0,0.0,0.0,0.0,0.06410212986150852,0.0,0.0,0.03902252463498018,0.0,0.0,0.0,0.0,0.0,0.0,0.0,0.0,0.0,0.0,0.0,0.0,0.0,0.0,0.0,0.0,0.03442016387296902,0.04275171337126255,0.0,0.0,0.0,0.04047263430217123,0.0,0.0,0.0,0.0,0.0,0.0,0.0,0.05350549656371879,0.0,0.04977451460643793,0.0,0.0,0.0,0.0,0.04331250886737552,0.0,0.0,0.0,0.0,0.0,0.0,0.0,0.0,0.0,0.0,0.06055259583782334,0.03813612894099153,0.0,0.15630633841504543,0.0,0.0,0.0,0.0,0.0,0.0,0.0,0.0,0.0,0.0,0.0,0.0,0.0,0.0,0.0,0.0383709452444331,0.0,0.0,0.0,0.04539619800889225,0.0,0.1360839810657555,0.0,0.0,0.0,0.0,0.0,0.0,0.03857193878859827,0.0,0.0,0.0,0.0,0.0,0.0,0.0,0.0,0.0,0.0,0.036148701239840215,0.0,0.0,0.0,0.0,0.0,0.0,0.0,0.0,0.054293607209696206,0.0,0.0,0.11157070370856449,0.0,0.05350549656371879,0.0,0.0,0.0,0.06151932124829502,0.0,0.0,0.0,0.0,0.0,0.0,0.1431381648512441,0.0,0.0,0.0,0.0,0.0,0.0,0.0,0.08662501773475104,0.03813612894099153,0.0,0.0,0.03652312063405529,0.0,0.0,0.0,0.0,0.0,0.0,0.0,0.0,0.0,0.0,0.0,0.0,0.0,0.0,0.0,0.0,0.0,0.04870154948306823,0.0,0.0,0.0,0.0,0.0,0.0,0.0,0.0,0.0,0.0,0.0,0.0,0.0,0.0,0.08792195880858195,0.0,0.028923503158913257,0.0,0.0,0.0,0.0,0.0,0.0,0.0,0.05961979770580381,0.0,0.0,0.0,0.14335369371202963,0.0,0.0,0.0,0.0,0.11991685921867735,0.0,0.0,0.0,0.0,0.08928543813757739,0.0,0.03178255055527803,0.0,0.0,0.0,0.0,0.0,0.0,0.0,0.0,0.0,0.0,0.0,0.0,0.0,0.0,0.18475456957709735,0.0,0.0,0.0,0.0,0.0,0.0,0.0,0.0,0.0,0.0,0.025535727840134418,0.0,0.0,0.0,0.03378713901998753,0.0,0.0,0.0,0.0,0.0,0.0,0.0,0.0,0.0,0.0,0.016076203140385003,0.0,0.0,0.0,0.0,0.0,0.0,0.0,0.0,0.0,0.0,0.0,0.0,0.0,0.0,0.0,0.0,0.0,0.0,0.0,0.0,0.0,0.0,0.0,0.0,0.0,0.0,0.0,0.0,0.0,0.0,0.0,0.0,0.0,0.0,0.0,0.0,0.07660718352040324,0.0,0.0,0.0,0.0,0.0,0.0,0.0,0.0,0.0,0.06757427803997507,0.0,0.0,0.0,0.0,0.0,0.0,0.0,0.0,0.0,0.0,0.04269421089626571,0.0,0.0,0.0,0.0,0.11072518278861197,0.03409988308529724,0.0,0.0,0.0,0.0,0.0,0.0,0.0,0.0,0.06770977431959929,0.0,0.0,0.0,0.0,0.03027629791891167,0.0,0.036148701239840215,0.0,0.0,0.0,0.0,0.0,0.0,0.0,0.0,0.026393509939585336,0.0,0.0,0.0,0.0,0.0,0.0,0.0,0.0,0.0,0.0,0.0,0.0,0.0,0.0,0.0,0.0,0.0,0.029359313006519994,0.0,0.032325116073454646,0.0,0.0,0.0,0.0,0.0,0.0,0.0,0.0,0.0,0.0,0.0,0.0,0.0,0.0,0.0,0.0,0.03508485284939466,0.0,0.0,0.0,0.0,0.0,0.0,0.0,0.0,0.06410212986150852,0.0,0.0,0.0,0.0,0.028710842469604536,0.0,0.0,0.0,0.0,0.0,0.0,0.0,0.0,0.0,0.0,0.0,0.0,0.037305170280573,0.0,0.0,0.0,0.0,0.0,0.0,0.0,0.0,0.0,0.03126126768300909,0.0,0.0,0.0,0.0,0.0,0.5582540440137231,0.0,0.0,0.0,0.0,0.0,0.0,0.0,0.0,0.0,0.0,0.0,0.0,0.0,0.1157158163657948,0.1431381648512441,0.0,0.06175754509298692,0.0,0.0,0.074610340561146,0.0,0.0,0.0,0.03205106493075426,0.0,0.0,0.0,0.0,0.0,0.01417968557157221,sport
Dokumen_47,0.0,0.024594649563705898,0.02858343993800406,0.0,0.0,0.0,0.0,0.0,0.0,0.0,0.0,0.04219224089658099,0.0,0.0,0.0,0.0,0.0,0.0,0.0,0.0,0.0,0.0780492786521839,0.0,0.0,0.0,0.0,0.0,0.061287050897751716,0.06334845985728821,0.0,0.02680308477356809,0.0,0.0,0.0,0.0,0.0,0.0,0.0,0.0,0.0,0.0,0.0,0.03536381049161426,0.0,0.0,0.0,0.0,0.0,0.0,0.03572368896840946,0.0,0.0,0.0,0.0,0.0,0.0,0.0,0.0,0.031148770151003754,0.04160837843169377,0.0810263649011413,0.051136077423121276,0.0,0.02166371642722133,0.0,0.0,0.0,0.03369895944852678,0.0,0.031674229928644104,0.0,0.0,0.0,0.0,0.06934469719276305,0.0,0.0,0.0,0.0,0.0,0.0,0.01637980047266976,0.0,0.11210376243789566,0.0,0.0,0.0,0.062275025145029674,0.0,0.06803094917747392,0.07041511215984173,0.0,0.0,0.0,0.11999035234627996,0.0,0.0,0.0,0.0,0.07900463795133035,0.0,0.0,0.1586292440766295,0.0,0.14756789738223539,0.0,0.0,0.0,0.0,0.0,0.0,0.0,0.46411464986239087,0.0,0.0,0.3797301680692289,0.0,0.10504058978206622,0.0,0.0,0.0,0.0,0.13448399655969104,0.030893718589125808,0.0,0.0,0.0,0.0,0.029459413983790494,0.0,0.0,0.0,0.029920329441271064,0.0,0.0,0.02816642895389802,0.0,0.0,0.03401547458873696,0.0,0.0,0.0,0.13735922280893734,0.029908306566962084,0.0,0.0,0.0,0.08316605864745687,0.0,0.024594649563705898,0.0,0.0,0.0,0.0,0.04104936884597462,0.0,0.0,0.0,0.0,0.0501563411658531,0.0,0.04160837843169377,0.0,0.0,0.0330879310117601,0.031148770151003754,0.24290456674307848,0.0,0.0,0.0,0.05251900121358674,0.07931462203831476,0.03577017283993122,0.0,0.0,0.0,0.0,0.1321910367305246,0.029920329441271064,0.034339805702234334,0.0,0.0,0.0,0.0,0.0,0.0,0.0,0.0,0.0,0.0,0.0,0.0,0.036093706189607375,0.0,0.0,0.0,0.0,0.0,0.0,0.07144737793681892,0.036093706189607375,0.03194505896115374,0.0,0.029014125824669175,0.034339805702234334,0.0,0.10828111856882214,0.04258739841204681,0.0,0.0,0.05015367873079551,0.0,0.0,0.0,0.0,0.0,0.045578759913389805,0.0,0.0,0.0,0.0,0.0,0.0,0.0,0.0,0.0,0.0,0.0,0.0,0.08209873769194924,0.03536381049161426,0.0,0.0,0.04344411558705522,0.0,0.02858343993800406,0.0,0.0,0.0,0.03369895944852678,0.0,0.0,0.0,0.0,0.0,0.0,0.0,0.0,0.0,0.03401547458873696,0.0,0.0,0.0,0.0,0.0,0.039502318975665175,0.0,0.0,0.0,0.0,0.0,0.04160837843169377,0.0,0.0,0.04332743285444266,0.032504068546872884,0.0,0.0,0.0,0.0,0.0,0.0,0.0,0.0,0.2347487341936614,0.05984065888254213,0.06281774513149953,0.0,0.11306324946847482,0.0,0.039502318975665175,0.0,0.07294890005713783,0.0,0.0,0.02523549581741345,0.0,0.0,0.0,0.06677978483786769,0.0,0.0,0.0,0.0,0.0,0.0,0.0,0.11707391797827586,0.0,0.0,0.015887189887395792,0.0,0.0,0.0,0.17506764963677704,0.0,0.0,0.0,0.0,0.0,0.0,0.03902463932609195,0.0,0.0,0.0,0.0,0.0,0.0,0.0,0.0,0.0,0.0,0.0,0.0,0.0,0.0,0.0,0.0,0.0,0.0441178398121763,0.0,0.0,0.0,0.10504058978206622,0.04219224089658099,0.0,0.0,0.07570648745224035,0.12159203636337716,0.04722274559431094,0.0,0.0,0.0,0.0,0.0,0.0,0.0,0.0,0.0,0.0,0.03999802847394669,0.0,0.0,0.0,0.0,0.0,0.0,0.0,0.0,0.0,0.0,0.0,0.0,0.0,0.03369895944852678,0.0,0.0,0.0,0.0,0.0,0.09275009744707959,0.0,0.0,0.022304562680928883,0.08560653866669533,0.0,0.0,0.030156997875275534,0.029920329441271064,0.0,0.03572368896840946,0.0,0.046799517324104,0.02717838866930772,0.05147504322862453,0.0,0.0,0.030893718589125808,0.0,0.0782495780645538,0.0,0.0,0.03647445002856892,0.03369895944852678,0.0,0.0,0.0,0.0,0.0,0.0,0.04104936884597462,0.030643525448875858,0.0,0.0,0.0,0.0,0.0,0.0,0.0,0.0,0.07900463795133035,0.0,0.0,0.0,0.0,0.0,0.0,0.0,0.0733176210217904,0.10609143147484276,0.04219224089658099,0.0,0.0,0.0,0.0,0.0,0.034672348596381526,0.0,0.0,0.10647751633435429,0.0882356796243526,0.0,0.0,0.0,0.0,0.031674229928644104,0.09275009744707959,0.0,0.0,0.04160837843169377,0.0,0.0,0.0,0.045578759913389805,0.0,0.0,0.0,0.0,0.0,0.0,0.0,0.0,0.0,0.03686656101901582,0.0,0.0,0.05875645447905274,0.0,0.0,0.05474028028749608,0.0,0.04219224089658099,0.09136299630533141,0.0,0.0,0.0,0.07144737793681892,0.0,0.0,0.0,0.0,0.0,0.0,0.0,0.0,0.0,0.0,0.0,0.0,0.0,0.0,0.0,0.0,0.0,0.0,0.0,0.015257860287404189,0.0,0.0,0.0,0.0,0.0,0.0,0.0,0.03338989241893384,0.0,0.0,0.0,0.0,0.08407782182842174,sport
Dokumen_48,0.0,0.0,0.0,0.0,0.0,0.0,0.0,0.038674864415846444,0.0,0.06681822434230529,0.0,0.0,0.7502268871422144,0.0,0.0,0.0,0.0,0.0,0.0,0.07373518490001765,0.0,0.0,0.0,0.0,0.11674440003832447,0.0,0.0,0.11579894415324155,0.17954081631647953,0.0,0.0,0.0,0.0,0.0,0.0,0.0,0.0,0.0,0.0,0.0,0.0,0.0,0.0,0.0,0.0,0.0,0.0,0.0,0.0,0.0,0.0,0.0,0.07654771576283853,0.0,0.0,0.0,0.0,0.0,0.0,0.0,0.0,0.14492874971945544,0.0,0.0,0.0,0.0,0.0,0.0,0.0,0.05984693877215984,0.0,0.0,0.0,0.0,0.0,0.0,0.0,0.0,0.0,0.0,0.0,0.0309488476340686,0.0,0.05295367102739135,0.0,0.0,0.0,0.029416418530817046,0.0,0.06427060830221244,0.053218391298647895,0.0,0.0,0.0,0.05038133724548825,0.0,0.0,0.0,0.0,0.0,0.0,0.0,0.0,0.0,0.13941123334752942,0.0,0.0,0.0,0.0,0.0,0.0,0.0,0.0,0.08335854301580162,0.0,0.0,0.0,0.0,0.0,0.0,0.0,0.07120919628317021,0.0,0.23348880007664893,0.0,0.0,0.0,0.0,0.0,0.0,0.0,0.0,0.0,0.0,0.0,0.10643823403642788,0.0,0.0,0.12854121660442488,0.0,0.0,0.0,0.0,0.0,0.0,0.0847003544740187,0.0,0.03142765605357383,0.0,0.0,0.0,0.0,0.0,0.0,0.0,0.0,0.0,0.0,0.0,0.0,0.0,0.0,0.0,0.0,0.0,0.0,0.0,0.0,0.0,0.0,0.0,0.0,0.06758602651567536,0.0,0.0,0.10416448077527438,0.0,0.14986117545896147,0.0,0.06488341639052624,0.0,0.0,0.0,0.0,0.0,0.0,0.0,0.0,0.0,0.0,0.0,0.0,0.0,0.0,0.0,0.0,0.0,0.0,0.0,0.0,0.0,0.0,0.0,0.05482079961118249,0.0,0.0,0.0,0.0,0.0,0.0,0.0,0.0,0.0,0.0,0.0,0.07972021619109314,0.0,0.0,0.0,0.0,0.0,0.0,0.0,0.0,0.0,0.0,0.0,0.0,0.0,0.0,0.0,0.0,0.0,0.08208557339535699,0.0,0.0,0.0,0.0,0.0,0.0,0.0,0.0,0.0,0.0,0.0,0.0,0.0,0.0,0.0,0.12854121660442488,0.0,0.0,0.0,0.0,0.0,0.0,0.0,0.0,0.0,0.11869111751601553,0.0,0.0,0.0,0.07557435702399298,0.08186510696664936,0.0,0.0,0.0,0.0,0.0,0.0,0.0,0.0,0.07557435702399298,0.0,0.0,0.0,0.0,0.0,0.0,0.0,0.0,0.0,0.0,0.0,0.0,0.0,0.0,0.0,0.06308860078703354,0.0,0.0,0.0,0.0,0.0,0.0,0.0,0.0,0.0,0.0,0.09005425065688608,0.0,0.0,0.0,0.0,0.0,0.0,0.0,0.0,0.0,0.0,0.0,0.0,0.0,0.0,0.0,0.0,0.0,0.0,0.0,0.0,0.0,0.0,0.0,0.0,0.0,0.0,0.0,0.0,0.0,0.0,0.0,0.0,0.06615638601097086,0.0,0.0,0.0,0.14304377815708644,0.11487116137968839,0.0,0.0,0.0,0.0,0.0,0.0,0.0,0.0,0.06308860078703354,0.0,0.0,0.0,0.0,0.0,0.0,0.0,0.0,0.0,0.0,0.0,0.0,0.0,0.0,0.0,0.0,0.0636725681206739,0.0,0.0,0.0,0.0,0.0,0.0,0.0,0.0,0.0,0.0,0.0,0.0,0.0,0.0,0.0,0.0,0.0,0.0,0.0,0.0,0.0,0.06488341639052624,0.0,0.0,0.0,0.0,0.0,0.0,0.0636725681206739,0.0,0.0,0.0,0.0,0.0,0.0,0.0,0.05789947207662077,0.0,0.0,0.0,0.0,0.0,0.0,0.0,0.06035865724370095,0.0,0.0,0.0,0.0,0.0,0.0,0.0,0.0,0.046176709858418555,0.0,0.0,0.0,0.0,0.0,0.0,0.0,0.0,0.0,0.0,0.0,0.0,0.0,0.0,0.0,0.0,0.0,0.0,0.0,0.0,0.0,0.0,0.0,0.0,0.0,0.0,0.0,0.0,0.0,0.0,0.0,0.0,0.0,0.0,0.0,0.0,0.0,0.0,0.0,0.0,0.05171456749093702,0.0,0.0,0.0,0.0,0.0,0.0,0.0,0.0,0.0,0.0,0.0,0.0,0.0,0.0,0.0,0.0,0.0,0.0,0.0,0.0,0.0,0.0,0.0,0.07202295661601325,0.0,0.0,0.0,0.0,0.0,0.0,0.0,0.0,0.0,0.05984693877215984,0.0,0.0775608142485317,0.0,0.0,0.0,0.0,sport
Dokumen_49,0.0,0.0,0.0,0.0,0.0,0.0,0.0,0.02366350393725396,0.046240733406681146,0.12264968516527798,0.0,0.0,0.0,0.0,0.0,0.0,0.0,0.0,0.0,0.0,0.0,0.0,0.04683629020298615,0.0,0.07143093095957478,0.0,0.0,0.03542622336611636,0.14647118149299465,0.0,0.0,0.0,0.0,0.0,0.0,0.0,0.0,0.0,0.0,0.0,0.0,0.0,0.0,0.0,0.0,0.03601032429477718,0.041727042788117404,0.0,0.0,0.0,0.0,0.0,0.0,0.0,0.0,0.0,0.04683629020298615,0.0,0.0,0.0,0.04683629020298615,0.14779289216255717,0.0,0.0,0.0,0.0,0.0,0.0,0.0,0.0,0.0,0.0,0.0,0.0,0.0,0.0,0.0,0.0,0.0,0.0,0.0,0.018936283007166346,0.0,0.0,0.0,0.0,0.0,0.053995964529252614,0.0,0.03932445053345704,0.01628103460802158,0.0,0.0,0.0,0.0924785896690238,0.0,0.0,0.0,0.0,0.0,0.0,0.0,0.0,0.0,0.08529980179749498,0.0,0.0,0.0,0.0,0.0,0.0,0.0,0.0,0.0,0.23721070461361526,0.0,0.0,0.0,0.0,0.0,0.034590154313107614,0.043569877285078745,0.0,0.21429279287872435,0.0,0.0,0.0,0.0,0.0,0.0,0.0,0.02975451343286359,0.0,0.0,0.0,0.0,0.0,0.0,0.03932445053345704,0.0,0.0,0.0,0.0,0.0,0.0,0.0,0.0,0.05768773651790948,0.0,0.0,0.0,0.0,0.0,0.0,0.047456162059478134,0.0,0.0,0.0,0.0,0.019328169320607463,0.0,0.0,0.0,0.04129927501220219,0.0,0.0,0.0,0.033044609358184984,0.0,0.0,0.0,0.0,0.06202952080298966,0.0,0.0,0.09560072044898102,0.0,0.06112911782329994,0.0,0.07939880345595272,0.0,0.0,0.0,0.0,0.0,0.0,0.0,0.0,0.04088322838842599,0.0,0.0,0.0,0.0,0.0,0.0,0.046240733406681146,0.0,0.0,0.0,0.0,0.0,0.0,0.0,0.0,0.0,0.0,0.0,0.0,0.05564069016689514,0.0,0.0,0.0,0.0,0.0,0.0,0.19510963290604025,0.0,0.0,0.05564069016689514,0.08259855002440437,0.0,0.0,0.0,0.0,0.0,0.0,0.0,0.0,0.0,0.0,0.0,0.0,0.0,0.0,0.0,0.0,0.0,0.0,0.0,0.0,0.0,0.0,0.0,0.0,0.0,0.0,0.0,0.05459305053448793,0.0,0.07864890106691408,0.0,0.0,0.0,0.0,0.0,0.04566765589181999,0.0,0.0,0.0,0.07262204455218478,0.0,0.0,0.0,0.046240733406681146,0.0,0.0,0.0,0.0,0.0,0.0,0.0,0.0,0.04262052117923411,0.09248146681336229,0.0,0.0,0.0,0.0,0.0,0.0,0.0,0.0,0.0,0.0,0.0,0.0583482676021652,0.0,0.0,0.0,0.038601230428829104,0.0,0.0,0.08095655534883607,0.0,0.0,0.0,0.0,0.0,0.0,0.0,0.07346715227655834,0.0,0.0,0.0,0.040478277674418035,0.0,0.0,0.0,0.0510035456013118,0.0,0.0,0.0,0.0,0.0,0.0,0.0,0.0,0.0,0.0,0.0,0.0,0.0,0.0,0.0,0.0,0.0,0.0,0.0,0.0,0.0,0.0,0.0,0.0,0.0,0.0,0.0,0.0,0.0583482676021652,0.0,0.0,0.0,0.0,0.0,0.0,0.0,0.0,0.0,0.11580369128648729,0.0,0.046240733406681146,0.0,0.0,0.0,0.0,0.0,0.0,0.0,0.0,0.0,0.0,0.0,0.0,0.0,0.08433442268410625,0.0,0.23721070461361526,0.0,0.0,0.0,0.0,0.536130491067541,0.0,0.0,0.025785754349198636,0.4948380311961918,0.0,0.0,0.0,0.0,0.0,0.0,0.0,0.027051883389137932,0.0,0.0,0.0,0.03969940172797636,0.0,0.0,0.0,0.0,0.0,0.0,0.03895853519272542,0.0,0.0,0.0,0.0,0.0,0.0,0.047456162059478134,0.03542622336611636,0.0,0.0,0.0,0.0,0.0,0.06708502936140083,0.0,0.07386178826516876,0.0,0.0,0.0,0.0,0.0,0.0,0.0,0.0,0.028253563963275403,0.0,0.0,0.0,0.0,0.0,0.0,0.0,0.0,0.0,0.0,0.030774007085308423,0.0,0.0,0.0,0.0,0.0,0.0,0.0,0.0,0.0,0.0,0.0,0.0,0.0,0.0,0.0,0.0,0.0,0.0,0.0,0.0,0.0,0.0,0.0,0.0,0.0,0.0,0.0,0.05022466965487012,0.0,0.0,0.0,0.0,0.0,0.03571546547978739,0.0,0.0,0.0,0.0,0.0,0.0,0.0,0.0,0.0,0.043569877285078745,0.0,0.0,0.0,0.0,0.0,0.0,0.0,0.0,0.0,0.044067782607594176,0.04088322838842599,0.0,0.05291770695891711,0.0,0.0,0.08524104235846822,0.0,0.0,0.0,0.03661779537324866,0.0,0.047456162059478134,0.0,0.0,0.0,0.016200049072897328,sport
Dokumen_50,0.0,0.0,0.0,0.0,0.0,0.0,0.0,0.040511180834866815,0.0,0.0,0.0,0.0,0.0,0.08234984175259322,0.0,0.0,0.0,0.0,0.0,0.0,0.0,0.0,0.0,0.0,0.0,0.04962227370797365,0.0,0.0,0.06268852381596919,0.15636320563882478,0.0,0.0,0.0,0.0,0.0,0.0,0.0,0.0,0.2000873921848919,0.0,0.059217265549510324,0.0,0.06999081212775302,0.0,0.0,0.0,0.0,0.0,0.0,0.0,0.0,0.0,0.0,0.0,0.0,0.0,0.0801822683182758,0.0,0.0,0.0,0.0,0.10120672908595661,0.0,0.08575213391136755,0.0,0.0,0.0,0.0,0.0,0.0,0.0,0.0,0.07632396833691203,0.25051620553235515,0.0,0.0,0.0,0.0,0.0,0.0,0.0,0.06483665202563854,0.0,0.027733978842104597,0.0,0.0,0.0,0.2465050866738714,0.0,0.0,0.02787262355284255,0.0,0.0,0.0,0.07916023086372269,0.06216333783982961,0.0,0.0,0.0,0.0,0.0,0.0,0.0523255717534907,0.0,0.048676866916517784,0.0,0.0,0.0,0.0,0.0,0.0,0.0,0.0,0.0,0.0,0.0,0.0,0.20789264739919092,0.0,0.0,0.059217265549510324,0.0,0.0,0.12228752635194172,0.0,0.0,0.0,0.11231079752394287,0.0,0.0,0.05657134078184667,0.1528163974610546,0.0,0.0,0.0,0.055746007283051444,0.0,0.0,0.0,0.07504954733933977,0.0,0.0,0.0,0.08879020544818833,0.0,0.0,0.0,0.03291986867523867,0.0,0.0,0.0,0.0,0.0,0.0,0.08124346960695128,0.0,0.0,0.0,0.0,0.06617844632225822,0.0,0.0,0.0,0.07070307097395874,0.0,0.06164855227256785,0.32049879353205785,0.0,0.0,0.0,0.05197188164930683,0.0523255717534907,0.03539753511023012,0.0,0.07818160281941239,0.05455515075481606,0.0,0.0523255717534907,0.0,0.0,0.0,0.0,0.0,0.0,0.0,0.0,0.0,0.0,0.0,0.0,0.0,0.0,0.0,0.0,0.0,0.0,0.0,0.07459027126029286,0.06377183979899699,0.0,0.0,0.0,0.07544266964611729,0.0,0.0,0.0,0.142870792134245,0.0,0.0,0.0,0.0,0.0,0.0,0.0,0.0,0.08350540184411837,0.0,0.0,0.0,0.07070307097395874,0.0,0.0,0.08234984175259322,0.10120672908595661,0.0,0.0,0.0,0.0,0.0,0.0,0.0,0.0686222950214245,0.0,0.0,0.0,0.11314268156369334,0.08471472787341017,0.0,0.0,0.0,0.06608410278110861,0.0,0.08234984175259322,0.0,0.06796413780066363,0.0,0.0,0.0,0.0,0.0,0.0,0.0,0.0,0.0,0.0,0.0,0.06216333783982961,0.0,0.0,0.0,0.0,0.0,0.0,0.0,0.0,0.0,0.0,0.0,0.0,0.0,0.0,0.0,0.0,0.0,0.15486881762051122,0.0,0.0,0.0,0.0,0.0,0.0,0.0,0.0,0.07723619602795652,0.0,0.04994520732221743,0.0,0.0,0.0,0.0,0.0,0.08234984175259322,0.0,0.0,0.0,0.0,0.0,0.0,0.0,0.0,0.031443368437638605,0.0,0.0,0.0,0.1385950982661273,0.0,0.0,0.0,0.0,0.0,0.0,0.0,0.0801822683182758,0.0,0.0,0.0,0.0,0.0,0.0,0.0,0.0,0.0,0.0,0.0,0.07296500321112583,0.0,0.0,0.0,0.0,0.0,0.0,0.0,0.07459027126029286,0.1385950982661273,0.0,0.0,0.0,0.04994520732221743,0.06016267234096619,0.0,0.0,0.0,0.0,0.0,0.0,0.0,0.0,0.3304205139055431,0.0,0.0,0.0,0.0,0.0,0.0,0.0,0.0,0.0,0.0,0.0,0.0,0.0,0.0,0.0,0.07218895090556039,0.06669579739496397,0.0,0.0,0.0,0.0,0.0,0.0,0.08124346960695128,0.0,0.04414440736138342,0.0,0.0,0.0,0.0,0.0,0.07296500321112583,0.0,0.0,0.09262396159140167,0.0,0.05093879915368486,0.0,0.0,0.0,0.0,0.051622939206837075,0.0,0.0,0.0,0.0,0.0,0.0,0.0,0.0,0.0632245391285051,0.06999081212775302,0.16248693921390256,0.0,0.0,0.0,0.0,0.0,0.0,0.0,0.0,0.0,0.0,0.0,0.0,0.0,0.0,0.0,0.0,0.0,0.0,0.0,0.0,0.0,0.0,0.0,0.0,0.0,0.0,0.0,0.0,0.05268414049551255,0.0,0.08234984175259322,0.0,0.0,0.0,0.0,0.0,0.06548647136567218,0.0,0.0,0.05615539876197143,0.0,0.0,0.0,0.0,0.0,0.0,0.0,0.0,0.0,0.0,0.0,0.0,0.07296500321112583,0.0,0.0,0.0,0.0,0.0,0.0,0.0,0.0,0.0,0.0,0.0,0.0,0.0,0.0,0.0,0.0,0.0,0.0,0.0,0.0,0.0,0.08731647961150983,0.0,0.0,0.04962227370797365,0.08234984175259322,0.0,0.0,0.0,0.15088533929223458,0.06999081212775302,0.0,0.030197821388632355,0.0,0.0,0.0,0.0,0.0,0.08234984175259322,0.06268852381596919,0.0,0.0,0.0,0.0,0.0,0.08320193652631379,sport
Dokumen_51,0.0,0.03849573989609026,0.0,0.0,0.0,0.0,0.0,0.01601898375030084,0.031302615158251015,0.08302757355173405,0.0,0.0,0.0,0.0,0.0,0.0,0.0,0.0,0.0,0.0,0.0,0.030540836964249238,0.0,0.0,0.024177546261626763,0.039243407859237925,0.0,0.023981744121289277,0.0743651325616803,0.0,0.020976200071147977,0.0,0.0,0.030914670945823064,0.0,0.0,0.0,0.0,0.07911881653400814,0.0,0.0,0.0,0.02767585785057802,0.0,0.0,0.024377150621931087,0.028247077108417784,0.0,0.06512576279876159,0.0,0.029494581955527222,0.028247077108417784,0.03170577669627547,0.025894745575235776,0.0,0.0,0.03170577669627547,0.0,0.0,0.032562881399380794,0.03170577669627547,0.06002894442614073,0.0,0.08477055046106843,0.0,0.0,0.0,0.02637293884466938,0.0,0.0247883775205601,0.0,0.0,0.0,0.0,0.0,0.03452679579328409,0.0,0.033498007741293634,0.05274587768933876,0.0,0.0,0.05127558633535093,0.0,0.13159927128675258,0.0,0.0,0.020976200071147977,0.048736680793030104,0.0,0.026620644844284155,0.02204285802436818,0.0,0.0,0.0,0.10433880439451818,0.09832283119860487,0.0,0.0,0.0,0.0,0.0,0.0,0.0,0.0,0.05774360984413539,0.0,0.0,0.0,0.0,0.0,0.0,0.0,0.0,0.0,0.0,0.0,0.0,0.027401726896659834,0.0,0.0,0.0,0.0,0.0,0.33848564766277467,0.0,0.0,0.0,0.022205040725089532,0.04611010761807186,0.0,0.04473902611780594,0.04028457226309329,0.023415768067624982,0.0,0.05701797860770433,0.08817263445875945,0.0,0.0,0.026620644844284155,0.0,0.0,0.0,0.02687446765548267,0.04681271783735135,0.0,0.0,0.0,0.09112052064445672,0.0,0.03849573989609026,0.0,0.0,0.029831638432527074,0.0,0.0,0.0,0.0,0.6560091200723976,0.026620644844284155,0.0,0.0,0.0,0.0,0.0,0.0,0.04875430124386217,0.0,0.0,0.0,0.0,0.041101577907907534,0.020690645554398434,0.041990817945507845,0.0,0.0,0.08628907431742446,0.0,0.062071936663195305,0.023415768067624982,0.05374893531096534,0.0,0.02378960204919881,0.0,0.0,0.03212539828835852,0.0,0.0,0.0,0.11070343140231208,0.032562881399380794,0.0,0.0,0.028247077108417784,0.0,0.0,0.0,0.0,0.058989163911054444,0.025216743733811223,0.0,0.0,0.0,0.0,0.022706569535902818,0.0,0.0,0.028247077108417784,0.11665173206802192,0.0,0.0,0.0,0.0,0.0,0.0,0.031302615158251015,0.0,0.0,0.0,0.0,0.13978750084389333,0.0,0.0,0.0,0.06002894442614073,0.0,0.0,0.0,0.0,0.0,0.06425079657671703,0.0,0.0,0.0,0.03399953655210692,0.0,0.02236951305890297,0.0,0.0,0.0,0.0,0.0,0.0,0.0,0.0,0.080623402966448,0.036293296407938366,0.0,0.0,0.0,0.05324128968856831,0.0,0.0,0.030914670945823064,0.0,0.0,0.0,0.0,0.03452679579328409,0.0,0.049161415599302434,0.0,0.0,0.0,0.0,0.03390822018442737,0.0,0.0,0.0,0.0,0.0,0.0,0.0,0.028851916352280176,0.031302615158251015,0.0,0.0,0.0,0.0,0.0,0.032562881399380794,0.0,0.0495767550411202,0.05709009748302187,0.0,0.0,0.03949879751771683,0.0,0.0,0.0,0.02613106176585903,0.0,0.0,0.0,0.0,0.0,0.0,0.0,0.0,0.0,0.0,0.0497335103719063,0.0,0.0,0.0,0.0,0.0,0.031302615158251015,0.0,0.0,0.0,0.0,0.0,0.0,0.0,0.0,0.0,0.0,0.0,0.0,0.0,0.0,0.0,0.0,0.0,0.028851916352280176,0.0,0.0,0.0,0.0,0.0,0.0,0.0,0.0,0.10960690758663934,0.0,0.0,0.0,0.059248196276575245,0.1665272143443917,0.0,0.0,0.0,0.0,0.0,0.0,0.0,0.0,0.13065530882929516,0.0,0.0,0.0,0.0,0.0,0.0,0.0,0.0,0.0,0.0,0.0,0.0,0.0,0.0,0.0,0.0,0.02637293884466938,0.0,0.0,0.0,0.0,0.0,0.0,0.0,0.0,0.017455638903026968,0.0,0.0,0.0,0.0,0.0,0.028851916352280176,0.0,0.0,0.018312743606132286,0.06380974314953006,0.0,0.0,0.02687446765548267,0.048355092523253526,0.0,0.0,0.0,0.0,0.05709009748302187,0.02637293884466938,0.0,0.0,0.0,0.0,0.0,0.0,0.06425079657671703,0.0,0.0,0.0,0.0,0.0,0.0,0.0,0.0,0.10000131756693706,0.0,0.0,0.0,0.0,0.0,0.0,0.0,0.0,0.038252439978110474,0.11070343140231208,0.0,0.0,0.0,0.0,0.0,0.0,0.027134717038671163,0.032562881399380794,0.0,0.1458270189050809,0.0,0.0,0.0,0.03567011763813519,0.0,0.0247883775205601,0.0,0.05178949115047155,0.0,0.0,0.0666151221752686,0.0,0.0,0.14268047055254077,0.0,0.0,0.0,0.0,0.03212539828835852,0.0,0.0,0.0,0.0,0.0,0.0,0.0,0.06131071131232021,0.0,0.0,0.0,0.0,0.0,0.1251268234657701,0.024177546261626763,0.0,0.0,0.0,0.0,0.0,0.0,0.0,0.0,0.0,0.0,0.02613106176585903,0.0,0.0,0.0,0.039243407859237925,0.0,0.0,0.0,0.0,0.05966327686505415,0.0,0.0,0.035822585282627634,0.033498007741293634,0.0,0.0,0.0,0.0,0.0,0.0495767550411202,0.0,0.0,0.0,0.0,0.0,0.12063266534618987,sport
Dokumen_52,0.0,0.0,0.0,0.0,0.0,0.0,0.0,0.029535463499744688,0.0,0.051028161468390176,0.0,0.06088123568285959,0.0,0.0,0.0,0.0,0.0,0.0,0.0,0.05631054937503737,0.0,0.0,0.058458440619013265,0.0,0.0891560970726692,0.0,0.0,0.08843406538086462,0.2285214314742797,0.0,0.0,0.0,0.0,0.0,0.0,0.0,0.0,0.0,0.0,0.0,0.0,0.0,0.0,0.0,0.0,0.0,0.0,0.0,0.0,0.0,0.0,0.0,0.0,0.0,0.0,0.0,0.0,0.0,0.0,0.0,0.058458440619013265,0.1844668305912545,0.0,0.0,0.0,0.0,0.0,0.0,0.0,0.045704286294855935,0.0,0.0,0.055645472052751284,0.0,0.0,0.0,0.0,0.0,0.0,0.0,0.0,0.0,0.0,0.04043999226448936,0.0,0.0,0.0,0.08985966145537887,0.0,0.049082582041027126,0.040642155504811844,0.0,0.0,0.0,0.09618884059182024,0.0,0.0,0.0,0.0,0.0,0.0,0.0,0.038148974746704076,0.0,0.0709776311855792,0.0,0.0,0.0,0.0,0.0,0.0,0.0,0.5479311211457363,0.0,0.0,0.5479311211457363,0.0,0.0,0.0,0.0,0.0431734980108733,0.054381486514170574,0.0,0.1783121941453384,0.0,0.0,0.0,0.0,0.0,0.0,0.0,0.0,0.0,0.0,0.0,0.0,0.0,0.0,0.09816516408205425,0.0,0.0,0.0,0.0,0.0,0.0,0.06468449898321549,0.0,0.07200260962305002,0.0,0.0,0.0,0.0,0.0,0.0,0.0,0.0,0.0,0.0,0.049082582041027126,0.0,0.0,0.0,0.0,0.05154744761905142,0.0,0.0,0.0,0.0,0.0,0.0,0.0,0.0,0.05161452145721291,0.0,0.0,0.039774492637230874,0.0,0.07629794949340815,0.0,0.04955057517295196,0.0,0.04386276520096772,0.0,0.0,0.0,0.0,0.0,0.0,0.0,0.0,0.0,0.0,0.0,0.0,0.0,0.05771509990049866,0.0,0.0,0.0,0.0,0.0,0.0,0.0,0.041865892754868274,0.0,0.0,0.0,0.0,0.0,0.0,0.07236918140129918,0.0,0.06176291832111775,0.0,0.0,0.12176247136571917,0.0,0.0,0.0,0.05154744761905142,0.0,0.0,0.0,0.0,0.0,0.0,0.0,0.0,0.0,0.0,0.0,0.0,0.0,0.0,0.0,0.0,0.0,0.0,0.0,0.0,0.04817989911380047,0.0,0.0,0.0,0.0,0.0,0.0,0.0,0.0,0.09816516408205425,0.0,0.1235258366422355,0.0,0.0,0.0,0.0,0.0,0.0,0.0,0.09064277850969837,0.0,0.0,0.0,0.05771509990049866,0.0,0.0,0.0,0.0,0.0,0.0,0.0,0.0,0.0,0.05771509990049866,0.075273413673531,0.0,0.04532138925484919,0.0,0.0,0.0,0.05699981656513179,0.0,0.0,0.0,0.0,0.03641352380878788,0.0,0.0,0.0,0.04817989911380047,0.0,0.0,0.0,0.0,0.0,0.0,0.0,0.0,0.0,0.0,0.02292439868846278,0.0,0.0,0.0,0.0,0.0,0.0,0.0,0.0,0.0,0.0,0.0,0.0,0.0,0.0,0.0,0.0,0.0,0.0,0.0,0.0,0.0,0.0,0.0,0.0,0.0,0.0,0.0,0.0,0.0,0.0,0.0,0.0,0.050522724612356865,0.0,0.0,0.0,0.07282704761757576,0.04386276520096772,0.0,0.0,0.0,0.0,0.0,0.0,0.0,0.0,0.04817989911380047,0.0,0.0,0.0,0.0,0.0,0.0,0.0,0.0,0.0,0.0,0.0,0.0,0.0,0.0,0.0,0.0,0.04862586695695367,0.0,0.0,0.0,0.0,0.0,0.0,0.0,0.0,0.06436867578137023,0.0,0.0,0.0,0.0,0.0,0.0,0.0,0.0,0.03376464941784746,0.0,0.0,0.0,0.0,0.0,0.0,0.0,0.0,0.0,0.0,0.04862586695695367,0.0,0.0,0.0,0.0,0.0,0.0,0.0,0.04421703269043231,0.0,0.0,0.0592321300371351,0.0,0.0,0.041865892754868274,0.0,0.09219015734594208,0.0,0.0,0.0,0.0,0.0,0.0,0.0,0.0,0.0,0.0,0.06088123568285959,0.0,0.0,0.0,0.0,0.0,0.05003041748241498,0.0,0.0,0.0,0.0,0.0,0.0,0.0,0.0,0.0,0.0,0.0,0.0,0.0,0.0,0.0,0.0,0.0,0.0,0.0,0.0,0.0,0.0,0.0,0.0,0.0,0.0,0.0,0.0,0.0,0.0,0.0,0.0,0.07898741177785844,0.0,0.0,0.0,0.0,0.0,0.0,0.0,0.0,0.0,0.0,0.0,0.0,0.0,0.0,0.0,0.0,0.0,0.0,0.0,0.0,0.0,0.0,0.0,0.11000588823806469,0.0,0.0,0.0440326168240508,0.0,0.0,0.10639310652955178,0.0,0.0,0.0,0.045704286294855935,0.0,0.0592321300371351,0.0,0.0,0.0,0.02021999613224468,sport
Dokumen_53,0.0,0.0,0.0,0.0,0.0,0.0,0.0,0.05412974507510871,0.0,0.0,0.0,0.0,0.0,0.16504983991506758,0.0,0.0,0.0,0.0,0.05427746375460686,0.10320053662731392,0.0,0.0,0.05356849213188954,0.0,0.04084917108611607,0.0,0.0,0.04051835359772733,0.2094060049202988,0.0,0.0,0.0,0.0,0.05223187948320522,0.0,0.0,0.0,0.0,0.044558396425009666,0.0,0.0,0.0,0.0,0.0,0.0,0.0,0.04772484655797465,0.0,0.0,0.0,0.0,0.0,0.0,0.0,0.0,0.0,0.0,0.0,0.0,0.0,0.05356849213188954,0.1690364959873439,0.0,0.028644815163434437,0.0,0.0,0.0,0.0,0.0,0.04188120098405976,0.0,0.0,0.0509908235708837,0.0,0.0,0.05833474469052086,0.0,0.0,0.0,0.0,0.0,0.02165816555667232,0.0,0.07411451227555983,0.0,0.0,0.0,0.06175729094903077,0.0,0.04497690807411696,0.037242508769117645,0.0,0.0,0.0,0.10577137048180414,0.0,0.0,0.0,0.0,0.0,0.0,0.0,0.0,0.0,0.06504047383823347,0.0,0.0,0.0,0.0,0.0,0.0,0.0,0.0,0.0,0.0,0.0,0.0,0.0,0.0,0.0,0.03956210880776403,0.04983256825888242,0.0,0.2859441976028125,0.0,0.0,0.0,0.0,0.0,0.0,0.0,0.03403139770055767,0.0,0.0,0.0,0.11172904989440487,0.0,0.0,0.04497690807411696,0.0,0.0,0.0,0.0,0.0,0.0,0.0,0.0,0.021993238194664737,0.0,0.0,0.0,0.0,0.0,0.0,0.05427746375460686,0.0,0.0,0.6416821915957295,0.0,0.0,0.0,0.05501661330502253,0.0,0.047235591865959575,0.0,0.0,0.0,0.0,0.0,0.0,0.0,0.0,0.07094558263856636,0.0,0.0,0.03644742441512229,0.0,0.06991575662706975,0.0,0.09081150876335783,0.0,0.04019371997731229,0.0,0.0,0.0,0.0,0.0,0.0,0.0,0.0,0.0,0.0,0.0,0.0,0.0,0.0,0.0,0.04983256825888242,0.0,0.0,0.0,0.0,0.0,0.03836388249303163,0.0,0.0,0.0,0.028155560471419358,0.0,0.0,0.0,0.0,0.0,0.0,0.10577466118401799,0.1673658736081434,0.0,0.0,0.0,0.14170677559787873,0.0,0.0,0.05501661330502253,0.0,0.0,0.0,0.0,0.0,0.0,0.0,0.0,0.0,0.0,0.0,0.0,0.0,0.0,0.0,0.0,0.0,0.0,0.0,0.0,0.0,0.0,0.0,0.0,0.0,0.0,0.08995381614823392,0.04540575438167892,0.0,0.0,0.0,0.0,0.05223187948320522,0.0,0.05833474469052086,0.0,0.08306066525199321,0.0,0.0,0.0,0.0,0.028644815163434437,0.0,0.0,0.0,0.0,0.0,0.0,0.0,0.0,0.052887330592008994,0.034488460737349326,0.0,0.041530332625996605,0.0,0.0,0.0,0.0,0.0,0.0,0.0,0.0,0.033367594875785986,0.0,0.0,0.0,0.04414973302851704,0.0,0.16504983991506758,0.046296585184627925,0.0,0.0,0.0,0.0,0.0,0.0,0.0,0.06302043594223804,0.0,0.0,0.0,0.0,0.0,0.0,0.0,0.0,0.0,0.0,0.0,0.0,0.0,0.0,0.0,0.0,0.0,0.0,0.0,0.0,0.0,0.0,0.0,0.0,0.0,0.0,0.0,0.0,0.0,0.0,0.0,0.0,0.046296585184627925,0.0,0.0,0.0,0.16683797437892992,0.08038743995462458,0.0,0.0,0.0,0.0,0.0,0.0,0.0,0.0,0.1324491990855511,0.0,0.052887330592008994,0.0,0.0,0.0,0.0,0.0,0.0,0.0,0.0,0.0,0.0,0.0,0.0,0.0,0.0,0.044558396425009666,0.0,0.0,0.0,0.0,0.0,0.0,0.0,0.0,0.02949217312010368,0.0,0.0,0.0,0.0,0.0,0.0,0.0,0.0,0.03094029429323666,0.0,0.0,0.0,0.0,0.0,0.0,0.034488460737349326,0.0,0.0,0.0,0.044558396425009666,0.0,0.0,0.0,0.0,0.0,0.0,0.0,0.04051835359772733,0.052887330592008994,0.0,0.0,0.0,0.0,0.03836388249303163,0.0,0.08447860849742787,0.0,0.0,0.0,0.0,0.0,0.0,0.0,0.0,0.0,0.0,0.0,0.0,0.0,0.0,0.0,0.0,0.09169091740672342,0.0,0.0,0.035197432360066644,0.0,0.05501661330502253,0.0,0.0,0.0,0.0,0.0,0.0,0.0,0.0,0.0,0.0,0.0,0.0,0.0,0.0,0.0,0.0,0.0,0.049281176137361216,0.0,0.0,0.0,0.0,0.0,0.0,0.0,0.1148878277751437,0.0,0.03619012499765811,0.0,0.0,0.0,0.0,0.0,0.0,0.0,0.0,0.0,0.0,0.0,0.0,0.0,0.0,0.0,0.0,0.0,0.0,0.0,0.0,0.0,0.0,0.0,0.10080408399784914,0.0,0.0,0.08069872760576166,0.0,0.0,0.09749350529480101,0.0,0.0,0.05501661330502253,0.12564360295217927,0.0,0.05427746375460686,0.0,0.0,0.0,0.0,sport
Dokumen_54,0.0,0.04289666745632029,0.0,0.0,0.0,0.0,0.0,0.0,0.0,0.0,0.0,0.0,0.0,0.29028440000462535,0.0,0.0,0.0,0.0,0.0,0.0,0.0,0.0,0.0,0.0,0.0,0.0,0.0,0.05344679205389121,0.05524449147627306,0.0,0.09349700318820617,0.0,0.07818658910176306,0.06889782415738031,0.0,0.0,0.0,0.0,0.0,0.0,0.10437086480140603,0.0,0.06167965982673382,0.0,0.0,0.0,0.0,0.0,0.0,0.0,0.0,0.0,0.07066091796420366,0.0,0.0,0.0,0.0,0.0,0.0,0.0,0.0,0.13378320166089955,0.0,0.07556938244144758,0.0,0.0,0.0,0.0,0.0,0.05524449147627306,0.0,0.0,0.0,0.0,0.0,0.0,0.0,0.14931032913316797,0.11755183202290427,0.0,0.0,0.028568768668851878,0.0,0.024440670548306755,0.0,0.0,0.09349700318820617,0.05430837787626926,0.0,0.0,0.0,0.0,0.0,0.0,0.06976024370981791,0.05478166940907181,0.0,0.0,0.0,0.13779564831476063,0.0,0.0,0.04611210197280891,0.07159610549101393,0.12869000236896086,0.0,0.0,0.0,0.0,0.0,0.0,0.0,0.0,0.0,0.0,0.0,0.0,0.0,0.0,0.0,0.0,0.0,0.0,0.16164949649404778,0.0,0.0,0.0,0.0,0.0,0.0,0.04985370149724188,0.0,0.0,0.0,0.04235760933492604,0.04912637332513296,0.0,0.0,0.0,0.0,0.0,0.0,0.0,0.052164462748756336,0.0,0.0,0.0,0.029010754979142975,0.0,0.12869000236896086,0.0,0.0,0.0,0.0,0.0,0.0,0.0,0.0,0.0,0.029159999240815315,0.0,0.0,0.0,0.0623073405466312,0.0,0.1086560254806598,0.32951419315574565,0.0,0.0,0.0,0.09160082254320392,0.04611210197280891,0.06238841521994933,0.0,0.0,0.04807692664304655,0.0,0.13833630591842674,0.0,0.05989364564466832,0.0,0.0,0.0,0.0,0.0,0.0,0.0,0.0,0.0,0.0,0.0,0.0,0.0,0.0,0.10956333881814362,0.0,0.0,0.13146590010474749,0.0,0.0,0.0,0.0,0.06648412925541744,0.05060488070028559,0.05989364564466832,0.0,0.0,0.037139327047116616,0.0,0.0,0.0,0.0,0.0,0.0,0.0,0.07358944156896849,0.07949602623984449,0.0,0.0,0.0,0.0,0.0,0.07257110000115634,0.0,0.0,0.0,0.0,0.0,0.0,0.0,0.0,0.060473649108765036,0.22396549369975197,0.0,0.0,0.04985370149724188,0.0,0.0,0.06573295005237374,0.0,0.0,0.0,0.0,0.0,0.05989364564466832,0.0,0.0,0.0,0.0,0.05932796472754861,0.0,0.0,0.0,0.0,0.0,0.06889782415738031,0.0,0.0,0.0,0.0,0.0,0.0,0.0,0.0,0.0,0.0,0.0,0.0,0.0,0.0,0.0,0.0,0.0,0.0,0.18197161785875635,0.052185432400703016,0.0,0.0,0.0,0.14514220000231268,0.0,0.0,0.0,0.0,0.0,0.0,0.0,0.0,0.0,0.0,0.0,0.3628555000057817,0.0,0.0,0.07818658910176306,0.0,0.0,0.0,0.07465516456658398,0.0,0.055419167461586955,0.0,0.0,0.0,0.12213743854127666,0.0,0.0,0.0,0.0,0.0,0.0,0.0,0.0,0.0,0.0,0.0,0.0,0.0,0.0,0.0,0.0,0.0,0.0,0.0,0.0,0.0,0.0,0.0,0.0,0.0,0.0,0.0,0.06573295005237374,0.0,0.0,0.0,0.0,0.17605758835814586,0.053018575602248465,0.0,0.0,0.0,0.0,0.0,0.0,0.0,0.0,0.0582368578900579,0.0,0.0,0.06976241405314777,0.0,0.0,0.0,0.0,0.0,0.0,0.0,0.0,0.0,0.0,0.0,0.0,0.0,0.0,0.0,0.0,0.0,0.0,0.0,0.0,0.0,0.0,0.0,0.0,0.0,0.057195364311034703,0.052598216778240135,0.0,0.0,0.0,0.0,0.0,0.0,0.0,0.0,0.05989364564466832,0.0,0.0,0.0,0.0,0.0,0.06361677768471263,0.0,0.0,0.0,0.0,0.06573295005237374,0.0,0.0,0.0,0.0,0.0,0.06430067662458575,0.0,0.0,0.0,0.0,0.0,0.0,0.06889782415738031,0.06500562188026482,0.0,0.0,0.0,0.0,0.0,0.0,0.0,0.0,0.0,0.0,0.0,0.0,0.0,0.0,0.0,0.0,0.0,0.09285618398299869,0.0,0.07257110000115634,0.0,0.23848807871953345,0.0,0.0,0.0,0.0,0.0,0.0,0.0,0.06806468095583487,0.0,0.0,0.0,0.0,0.0,0.0,0.0,0.0,0.0,0.0,0.0,0.0,0.0,0.0,0.0,0.0,0.0,0.0,0.0,0.0,0.039837608380750233,0.0,0.0,0.0,0.0,0.0,0.0,0.0,0.0,0.0,0.0,0.0,0.0,0.0,0.0,0.0,0.043729810657865735,0.07257110000115634,0.0,0.0,0.0,0.0,0.0,0.0,0.07983582248022303,0.0,0.0,0.0,0.0,0.0,0.07257110000115634,0.0,0.0,0.0,0.0,0.0,0.0,0.04888134109661351,sport
Dokumen_55,0.0,0.04087716930112925,0.047506678659030924,0.0,0.0,0.0,0.0,0.03401990519265693,0.0,0.0,0.0,0.0,0.0,0.0,0.0,0.0,0.0,0.0,0.0,0.0,0.5240239456856867,0.0,0.0,0.0,0.10269288544551679,0.0,0.0,0.0,0.0526436799159251,0.0,0.0,0.0,0.07450570473906823,0.0,0.0,0.0,0.07450570473906823,0.0,0.0,0.0,0.0,0.0,0.0,0.0,0.0,0.0,0.05998900430746713,0.057626658187216726,0.0,0.0,0.0,0.0,0.06733432869900915,0.0,0.0,0.0,0.0,0.0,0.0,0.0,0.0,0.0,0.0,0.0,0.0,0.0,0.0,0.0,0.0,0.0,0.0,0.0,0.0,0.0,0.0,0.0,0.0,0.0,0.0,0.0,0.0,0.05444760457397224,0.0,0.11645023810457554,0.0,0.0,0.0,0.07762745529749338,0.0,0.0,0.11703238355400032,0.0,0.0,0.0,0.19942816971863278,0.2088105867257235,0.0,0.0,0.0,0.06565423818594829,0.0,0.0,0.13182368078542137,0.0,0.0,0.0,0.0,0.0,0.0,0.0,0.0,0.0,0.0,0.0,0.0,0.0,0.0,0.05819371351331435,0.0,0.0,0.0,0.0,0.0,0.051346442722758394,0.0,0.380494727627936,0.0,0.14147215429676277,0.0,0.0,0.09501335731806185,0.128329988076625,0.04972863585424919,0.0,0.0,0.0,0.0,0.0,0.0,0.09453606754800056,0.0,0.0,0.0,0.0497086534159005,0.0,0.0,0.0,0.05528996134926009,0.0,0.0,0.0,0.0,0.0,0.0,0.0,0.0,0.0,0.0,0.056534910571523024,0.0,0.0,0.0,0.0,0.0,0.0,0.0,0.0,0.0,0.0,0.0,0.0,0.0,0.0,0.0,0.0,0.1374406535333013,0.0,0.0,0.0,0.17122188073737363,0.0,0.0,0.04934224696019441,0.0,0.0,0.06486031787182747,0.0,0.0,0.0,0.0,0.0,0.0,0.0,0.0,0.0,0.0,0.0,0.0626383606766092,0.0,0.0,0.05998900430746713,0.0,0.0,0.0,0.057073960245791214,0.0,0.0,0.07078174830158347,0.0,0.0,0.0,0.0,0.0,0.0,0.0,0.0,0.0,0.0,0.0,0.0,0.0,0.0,0.0,0.04249497616963845,0.0,0.0,0.0,0.0,0.0,0.0,0.058775892083942724,0.0,0.0,0.0,0.05012198708375035,0.0,0.0,0.0,0.0,0.0,0.0,0.0,0.0,0.0,0.0,0.0,0.0,0.0,0.0,0.11306982114304605,0.0,0.0,0.0,0.0,0.0,0.0,0.0,0.0,0.0,0.10440529336286175,0.0,0.0,0.0,0.0,0.0,0.0,0.0,0.0,0.0,0.0,0.0,0.0,0.0,0.0,0.0,0.0,0.0,0.0,0.0,0.0,0.0,0.0,0.0,0.0,0.0,0.0,0.0,0.0,0.0,0.0,0.0,0.0,0.0,0.0,0.0,0.0,0.0,0.0,0.0,0.0,0.05281013246918668,0.0,0.0,0.0,0.0,0.0,0.0,0.0,0.0,0.0,0.0,0.0,0.0,0.0,0.0,0.0,0.0,0.0,0.0,0.0,0.0,0.0,0.0,0.0,0.0,0.0,0.0,0.0,0.0,0.0,0.0,0.0,0.0626383606766092,0.05819371351331435,0.0,0.0,0.0722056422633695,0.04194227822821294,0.10104511233674002,0.0,0.0,0.0,0.0,0.0,0.07999199988940574,0.0,0.0,0.0,0.0,0.0,0.0,0.0,0.0,0.0,0.0,0.0,0.0,0.0,0.0,0.0,0.0,0.0,0.0,0.0,0.0,0.0,0.0,0.0,0.0,0.0,0.0,0.0,0.0,0.0,0.0,0.0,0.0,0.0,0.0,0.0,0.0,0.0,0.03889121875701727,0.045171434221475605,0.0,0.0,0.057073960245791214,0.0,0.0,0.0,0.0,0.0,0.12124362781599496,0.0,0.0,0.0,0.0,0.0,0.0,0.0,0.0,0.0,0.0,0.06127351611256902,0.0,0.0,0.0,0.14466748107801386,0.0,0.0,0.0,0.0,0.0,0.0,0.0,0.0,0.0,0.16321961351582986,0.0,0.0,0.0,0.0722056422633695,0.0,0.0,0.0,0.0,0.1728799745616502,0.0,0.0,0.0,0.0,0.0,0.0,0.0,0.0,0.0,0.0,0.16497990194433204,0.0,0.0,0.0,0.0,0.0,0.0,0.0,0.0,0.0,0.0,0.0,0.0,0.0,0.0,0.0,0.0,0.0,0.0,0.0,0.0,0.0,0.0,0.0,0.0,0.03796212523945334,0.0,0.0,0.0,0.0,0.0,0.0,0.0,0.0,0.0,0.0,0.0,0.0,0.0,0.0,0.0,0.041671089615250075,0.0,0.0,0.0,0.0,0.0,0.0,0.0,0.0507181967789924,0.0,0.0,0.0,0.0,0.0,0.0,0.1052873598318502,0.0,0.0,0.06486031787182747,0.0,0.0,0.18632038096732087,sport
Dokumen_56,0.0,0.0,0.0,0.0,0.0,0.0,0.0,0.03249637719102199,0.0,0.11228741221247573,0.0,0.0,0.0,0.0,0.0,0.0,0.0,0.0,0.0,0.0,0.0,0.06195565044512336,0.0,0.0,0.0490469729614684,0.03980491534086744,0.06517011793402341,0.0,0.1005722308503426,0.0,0.08510533753847717,0.0,0.0,0.0,0.0,0.0,0.0,0.0,0.0,0.0,0.0,0.0,0.0,0.0,0.0,0.0,0.0,0.0,0.06605760345820436,0.0,0.0,0.0,0.0,0.0,0.0,0.0,0.06431886658460048,0.0,0.0,0.0,0.0,0.0811838108608328,0.0,0.10318017018108434,0.0,0.0,0.0,0.0,0.0,0.0502861154251713,0.0,0.0,0.0,0.0,0.0,0.0,0.0,0.06795461632754382,0.0,0.0,0.0,0.052009254151752414,0.0,0.0889881577270807,0.0,0.0,0.0,0.02471701056034531,0.0,0.05400308342979913,0.044716508855598386,0.0,0.0,0.0,0.2539961233084476,0.049864833171128026,0.0,0.0,0.0,0.0,0.0,0.0,0.04197338812138108,0.0,0.23427929700359348,0.0,0.0,0.0,0.0,0.0,0.0,0.0,0.0,0.0,0.0,0.0,0.0,0.05558759948817024,0.0,0.0,0.0,0.0,0.0,0.245234864807342,0.0,0.0,0.0,0.045045515383019374,0.0,0.0,0.045379166698258935,0.040860977064661685,0.0,0.0,0.0,0.044717118638130514,0.0,0.0,0.0,0.0,0.0,0.0,0.0,0.11870632368851763,0.0,0.0,0.0,0.0792208309535677,0.0,0.11713964850179674,0.0,0.0,0.060516958493785966,0.0,0.0,0.0,0.0,0.0,0.0,0.026542792746156882,0.0,0.06605760345820436,0.0,0.05671505040297143,0.0,0.09890378738136266,0.38563611832272104,0.0,0.0,0.0,0.04168967269276541,0.04197338812138108,0.056788848355881986,0.0,0.0,0.08752372654196906,0.0,0.2098669406069054,0.0,0.0545179926113655,0.0,0.0,0.0,0.0,0.0,0.0,0.1224477989867543,0.05790696122173332,0.11228741221247573,0.0,0.0,0.0,0.0,0.0,0.0,0.0,0.0,0.0,0.05115510625871508,0.0,0.0,0.0,0.0,0.0,0.0545179926113655,0.0,0.05730249100488589,0.13522379783378793,0.0,0.0,0.0,0.0,0.0,0.0,0.0,0.0,0.07236099463520577,0.0,0.0,0.0,0.0,0.0,0.0,0.0405919054304164,0.0,0.0,0.0,0.0,0.0,0.06517011793402341,0.0,0.05504593884388885,0.0,0.06897202602483796,0.0,0.0,0.0,0.0,0.0,0.0,0.0,0.0,0.0,0.0467698660799047,0.0545179926113655,0.0,0.0,0.0,0.0,0.27001541714899563,0.0,0.0,0.0,0.0,0.0,0.06271401628539189,0.0,0.0700416329016427,0.0,0.0,0.0,0.0,0.0,0.06350100637494084,0.0,0.05160357004473191,0.0,0.0,0.0,0.0,0.0,0.0,0.0,0.0,0.2070488282003802,0.04750161703165091,0.0,0.0,0.0,0.06605760345820436,0.0,0.0,0.0,0.0,0.0,0.0,0.0,0.0,0.0,0.053009907044153204,0.0,0.0,0.0,0.0,0.0,0.0,0.0,0.0,0.0,0.0,0.0,0.0,0.0,0.0,0.05558759948817024,0.0,0.06350100637494084,0.05852947796703419,0.0,0.0,0.0,0.0,0.0,0.0,0.0,0.0,0.0,0.0,0.0,0.0,0.0,0.0,0.0,0.0,0.0,0.0,0.0,0.0,0.0,0.0700416329016427,0.0,0.0,0.0,0.05558759948817024,0.0,0.0,0.0,0.16025583679157218,0.04825998287191943,0.0,0.0,0.0,0.0,0.0,0.0,0.0,0.0,0.10601981408830641,0.0,0.0,0.0,0.0,0.0,0.0,0.0,0.0,0.0,0.11705895593406838,0.13396909099617238,0.0,0.0,0.0,0.0,0.0,0.0,0.0,0.0,0.0,0.0,0.0,0.0,0.0,0.0,0.0,0.0,0.0,0.05206189096273397,0.0,0.04750161703165091,0.05852947796703419,0.05671505040297143,0.0,0.03714953663125946,0.0,0.0,0.0,0.0,0.0,0.0,0.0,0.0,0.0,0.0,0.0,0.0,0.0,0.06122389949337715,0.0,0.0,0.0,0.0,0.0,0.06350100637494084,0.05852947796703419,0.0,0.0,0.0,0.0,0.0,0.05071608452055098,0.0,0.05917115205160296,0.0,0.04945189369068133,0.0,0.0,0.0,0.0,0.11639930510407022,0.0,0.0,0.0,0.0,0.0,0.0,0.0,0.05504593884388885,0.0,0.0,0.042261016989498974,0.0,0.0,0.0,0.14472198927041155,0.0,0.0,0.0,0.05253051208461374,0.0,0.0,0.09009103076603875,0.0,0.0,0.0,0.0,0.0,0.0,0.0,0.0,0.0,0.06897202602483796,0.0,0.0,0.0,0.0,0.0,0.06218796497054936,0.06897202602483796,0.0,0.0,0.0,0.0,0.10878615332123556,0.0,0.0,0.0,0.0,0.0,0.0,0.0,0.0,0.0,0.0,0.0,0.0,0.0,0.0,0.0,0.07960983068173488,0.0,0.0,0.0,0.0,0.0,0.0,0.0,0.0726702930377814,0.0,0.0,0.0,0.0,0.0,0.0,0.0,0.053009907044153204,0.0,0.0,0.0,0.0,0.11123519715885087,sport
Dokumen_57,0.0,0.06568409052663837,0.0,0.0,0.0339338680877268,0.0,0.07620881960377238,0.01822179773034008,0.0,0.0,0.0,0.0375604588766931,0.0,0.0,0.0,0.0,0.0,0.0,0.0,0.0,0.0,0.0,0.03606572419626881,0.0,0.08250679901969982,0.0,0.0,0.054559077830477073,0.056394189329828405,0.03516583134459013,0.047721388673039315,0.0,0.0,0.0,0.0,0.0,0.0,0.0,0.0,0.0,0.0,0.0,0.0,0.0,0.0,0.027729318838126675,0.0,0.0,0.0,0.0,0.0,0.0,0.07213144839253761,0.0,0.0,0.031169812814347716,0.0,0.0,0.05545863767625335,0.0,0.0,0.0,0.0,0.019285515836323472,0.0,0.0,0.0,0.0,0.0,0.0,0.0,0.03654304909361611,0.0,0.0,0.09259825711591588,0.0,0.0,0.0,0.02999955332204949,0.0,0.0,0.014581657882788718,0.0,0.03742396116111801,0.0,0.6081369018659329,0.0,0.013859648547337887,0.0,0.03028132204670328,0.037611046984590786,0.0,0.0,0.0,0.17803007532235526,0.0,0.0,0.0,0.0,0.0,0.0,0.0,0.0,0.07308609818723222,0.02189469684221279,0.0,0.0,0.0,0.0,0.03810440980188619,0.0,0.0,0.0375604588766931,0.0,0.0,0.0375604588766931,0.0,0.031169812814347716,0.0,0.0,0.026635733956644134,0.0,0.11972060537706443,0.0,0.0,0.0,0.0,0.0,0.0,0.0,0.0,0.045824213250579546,0.05327146791328827,0.0,0.0,0.0,0.0,0.0,0.03028132204670328,0.05063556442400827,0.0,0.0,0.061140097444642875,0.026625030930057587,0.0,0.0,0.0,0.014807250145453076,0.0,0.04378939368442558,0.02642877569991637,0.0,0.0,0.0,0.0,0.0,0.04801172493885816,0.0,0.12112528818681312,0.02976685048771727,0.0,0.0,0.0,0.0,0.0,0.0,0.12013276475377407,0.0,0.0,0.0,0.04675356756146532,0.02353587244230321,0.015921696470918113,0.0,0.0,0.0,0.0,0.02353587244230321,0.10654293582657653,0.0,0.0,0.02706097486475343,0.0,0.0,0.0,0.0,0.03433027338011102,0.0,0.0,0.0,0.0,0.0,0.03213140943059151,0.0,0.0,0.0,0.0,0.0,0.0,0.06360402395836955,0.03213140943059151,0.0,0.0,0.0258290116078901,0.030570048722321438,0.0,0.0,0.03791223676983347,0.0,0.0,0.35718324458762246,0.12592656104227745,0.0,0.0,0.0,0.0,0.0,0.0,0.0,0.0,0.0,0.0,0.0,0.04552245845093719,0.0,0.11782400788255323,0.0,0.0,0.0,0.0,0.0,0.0,0.0,0.0,0.0,0.0,0.03810440980188619,0.0,0.0,0.0,0.0,0.0,0.0370406916959028,0.0,0.0,0.0,0.0,0.0,0.0,0.0,0.0,0.0,0.0,0.0,0.03810440980188619,0.0,0.0,0.11782400788255323,0.0,0.02796086771643211,0.0,0.0,0.0,0.0,0.07714206334529389,0.0289358352160661,0.0,0.0,0.03927466929418441,0.03606572419626881,0.0,0.0,0.032819421762261755,0.0,0.13931898361200465,0.026635733956644134,0.0,0.0,0.0,0.0,0.03516583134459013,0.0,0.0,0.0,0.0,0.0,0.0,0.0,0.0,0.02972441506893746,0.0,0.0,0.0,0.0,0.0,0.0,0.0,0.208443542618885,0.0,0.0,0.028286250256032246,0.0,0.0,0.0,0.218188689700434,0.0,0.0,0.06563884352452351,0.0,0.0,0.0,0.06948118087296166,0.0,0.0,0.0,0.0,0.0,0.0,0.0,0.0,0.0,0.0,0.0,0.0,0.032819421762261755,0.0,0.0,0.0,0.0,0.0,0.0,0.0,0.03355046205877212,0.06233962562869543,0.0,0.0,0.0,0.0,0.02706097486475343,0.0,0.0,0.0,0.0,0.0,0.0,0.0,0.0,0.02972441506893746,0.0,0.0,0.03560712281973663,0.0,0.0,0.0,0.0,0.0,0.0,0.032819421762261755,0.0,0.0,0.0,0.0,0.0294556023968564,0.0,0.0,0.0,0.0,0.0,0.0,0.0,0.0,0.0,0.0,0.03971202247319083,0.0,0.0,0.0,0.0,0.0,0.0,0.0,0.0,0.0,0.0,0.045824213250579546,0.0,0.061140097444642875,0.02750226633989994,0.0,0.0,0.0,0.0,0.0,0.02999955332204949,0.06360402395836955,0.032819421762261755,0.0,0.0,0.0,0.0,0.0,0.0,0.0,0.0,0.0,0.0,0.0,0.0,0.07620881960377238,0.028438192613779417,0.0,0.03317922972821076,0.0,0.027729318838126675,0.03247035595255801,0.02563573718683824,0.0,0.0,0.06526895540049599,0.03148164026056936,0.0375604588766931,0.0,0.0,0.04128408620804746,0.0,0.0,0.0,0.0,0.0,0.023697155499348074,0.07854933858836882,0.0,0.0,0.0,0.0,0.0,0.0,0.0589112047937128,0.0,0.0,0.02525851620761815,0.17370295218240414,0.0,0.0,0.0,0.0,0.0,0.0,0.03654304909361611,0.0,0.0,0.0,0.0,0.0,0.0,0.0,0.052306285357305735,0.0,0.0,0.0,0.028438192613779417,0.0375604588766931,0.020333336133942722,0.0,0.0,0.03654304909361611,0.06360402395836955,0.0,0.0,0.0,0.0,0.0,0.0,0.0,0.1486220753446873,0.0,0.0,0.0,0.02231993775032209,0.0,0.0,0.0,0.0,0.0,0.0,0.0,0.02716576421129667,0.0,0.0,0.032819421762261755,0.0,0.0,0.0,0.0,0.0,0.0,0.03474059043648083,0.0,0.0,0.0873225760426087,sport
Dokumen_58,0.0,0.0,0.0,0.0,0.0,0.03479176607987134,0.048597585045626446,0.04647941639765645,0.0,0.08030208040976426,0.0,0.0,0.0,0.0,0.0,0.13999743928243766,0.0,0.0,0.0,0.0,0.0,0.0,0.09199497422860076,0.0,0.07015165616524506,0.0,0.0,0.0,0.10788599375838515,0.0,0.030431441617797,0.04430743861537469,0.0,0.13454934652085437,0.0,0.0,0.0,0.0,0.0,0.0,0.06794134080232458,0.0,0.0,0.0,0.0,0.0,0.0,0.0,0.0,0.0,0.12836871965988556,0.0,0.04599748711430038,0.0375670729449411,0.0,0.07950668371336578,0.0,0.0,0.0,0.0,0.0,0.05805841259732377,0.0,0.12298176259354004,0.0,0.0,0.0,0.07652163366282809,0.0,0.0,0.0,0.0,0.04378412863245466,0.0,0.0,0.0,0.0,0.048597585045626446,0.0,0.0,0.04932518321279402,0.07438859310504017,0.0,0.07954959127336256,0.0,0.0,0.060862883235594,0.01767631233454783,0.0,0.07724035780162225,0.06395781359662035,0.0,0.0,0.0,0.18164473395368894,0.0,0.0,0.0,0.0,0.044849782173618125,0.0,0.0,0.0,0.046606257527327014,0.1675442917032099,0.0,0.0,0.0,0.0,0.0,0.0,0.0,0.0,0.0,0.0,0.0,0.0,0.07950668371336578,0.0,0.0,0.03397067040116229,0.0,0.0,0.07015165616524506,0.0,0.0,0.0,0.0,0.033447360418242256,0.0,0.09735841501724839,0.02922163224902813,0.0,0.0,0.0,0.0,0.0,0.0,0.11586053670243339,0.04305304226331706,0.0,0.0,0.0,0.03395701997992523,0.0,0.0,0.0,0.037769728069631456,0.0,0.055848097234403295,0.0,0.0,0.0,0.0,0.0,0.0,0.0,0.0,0.0,0.018982016197580363,0.0,0.0,0.0,0.0,0.0375670729449411,0.03536540619575341,0.24514379442134923,0.0,0.0,0.0,0.08944281597200918,0.030017170416355016,0.04061241217691251,0.0,0.0,0.031296194239635935,0.0,0.1801030224981301,0.03397067040116229,0.11696524499574486,0.0,0.034513013959405724,0.0,0.0,0.0,0.0,0.13135238589736398,0.04141202797971404,0.0,0.14172282217723997,0.0,0.0,0.0,0.0,0.03566071890008798,0.045412596296834924,0.0,0.0,0.0,0.0,0.0,0.0,0.0,0.06588358642924197,0.07797682999716325,0.0,0.040979742516881044,0.02417624574519333,0.0,0.0,0.0,0.0,0.0,0.0,0.0,0.0,0.25874398096963225,0.0,0.10928841365917417,0.04055963574336637,0.0,0.0,0.0,0.029029206298661885,0.0,0.0,0.13292231584612407,0.0,0.0,0.046606257527327014,0.0,0.03936597451287428,0.0,0.04932518321279402,0.034239376846447456,0.032452805005749465,0.0,0.0,0.0,0.11478245049424213,0.0,0.0,0.0,0.0,0.0,0.0,0.0,0.0,0.0,0.0,0.0,0.09719517009125289,0.0,0.0,0.048597585045626446,0.044849782173618125,0.0,0.0,0.0,0.03566071890008798,0.0,0.0,0.0,0.0,0.07378905755612403,0.0,0.0,0.0,0.0,0.0,0.0,0.0,0.0,0.0,0.14807048558063668,0.03397067040116229,0.03566071890008798,0.0,0.0,0.0,0.0,0.0,0.0,0.04430743861537469,0.0,0.0,0.0,0.0,0.0,0.07581982225966315,0.0,0.0,0.0,0.0,0.0,0.0,0.0,0.0,0.0,0.0,0.036075705137187414,0.0,0.0,0.0,0.19876670928341447,0.0,0.045412596296834924,0.0,0.0,0.0,0.0,0.08861487723074939,0.0,0.04185721937519285,0.0,0.0,0.0,0.0,0.0,0.0,0.0,0.0,0.0,0.0,0.0,0.0,0.0,0.0,0.0,0.0,0.0,0.055749364511047325,0.0,0.0,0.0479038411591535,0.0,0.0,0.05730329356873845,0.10353904187821718,0.0,0.0,0.0,0.0,0.058240609373365886,0.0,0.0,0.0,0.0,0.0,0.0,0.0,0.0,0.0,0.0,0.0,0.0,0.0,0.0837144387503857,0.0,0.0,0.0,0.0,0.0,0.0,0.0,0.0,0.0,0.0,0.0,0.0,0.0,0.0,0.0,0.0,0.0,0.0,0.0,0.06847875369289491,0.0,0.04185721937519285,0.0,0.0,0.053134808594643736,0.06171510145514724,0.05844326449805626,0.0,0.038988414998581626,0.03507582808262253,0.0,0.0,0.0,0.0,0.0,0.0,0.04055963574336637,0.0,0.0,0.04278957321996186,0.03626948931311462,0.0,0.0,0.0,0.0,0.04185721937519285,0.0,0.0,0.0,0.0,0.0,0.14507795725245848,0.08969956434723625,0.0,0.0,0.07073081239150682,0.0,0.0,0.038260816831414045,0.0,0.0,0.0,0.0,0.04932518321279402,0.0,0.0,0.0,0.0,0.07873194902574857,0.0,0.0,0.09066860258746193,0.0,0.0,0.0,0.051748796193926444,0.0,0.03596199791946172,0.0,0.2254024376696466,0.0,0.0,0.1288567801898136,0.0,0.0,0.0,0.0,0.0,0.0,0.0,0.0,0.04231611109707526,0.0,0.04724094072574666,0.0,0.0,0.0,0.0,0.08894715561055236,0.0,0.051748796193926444,0.0,0.0,0.0479038411591535,0.31119265318682665,0.0,0.0,0.0,0.0,0.0,0.0,0.0,0.0,0.0,0.0,0.0,0.037909911129831574,0.05009011007089529,0.0,0.0,0.0,0.04724094072574666,0.0,0.0,0.0,0.0,0.04015104020488213,0.0,0.0,0.0,0.0,0.0,0.0,0.0,0.0,0.10788599375838515,0.037909911129831574,0.0,0.0,0.0,0.0,0.07954959127336256,sport
Dokumen_59,0.0,0.03534346769293799,0.0,0.0,0.0,0.0,0.0,0.0,0.0,0.0,0.0,0.0,0.0,0.0,0.0,0.0,0.0,0.0,0.0,0.0,0.0,0.05607992403704172,0.0,0.0,0.17758189919172981,0.03602991192214055,0.0,0.0,0.09103419988010113,0.05676636826624428,0.0,0.0,0.12883915463843473,0.0,0.0,0.07866391114181694,0.0,0.0,0.09685342996813727,0.0,0.04299667674591107,0.0,0.0,0.0,0.0,0.0,0.05186805916166778,0.0,0.11958571518142178,0.0,0.0,0.0,0.0,0.0,0.0,0.0,0.05821901838328499,0.0,0.0,0.0,0.0,0.11022679723487812,0.0,0.031131602817564052,0.0,0.0,0.0,0.1452801449522059,0.0,0.045517099940050564,0.0,0.0,0.0,0.0,0.0,0.06339905116537532,0.0,0.0,0.048426714984068635,0.0,0.0,0.16476887102055549,0.0,0.04027436633847639,0.0,0.0,0.0,0.0,0.0,0.04888155954704433,0.1011892539989081,0.0,0.0,0.0,0.3257026254190966,0.04513577109215434,0.061509962275199295,0.0,0.0,0.0,0.0,0.0,0.03799273190601451,0.0,0.14137387077175195,0.0,0.0,0.0,0.0,0.0,0.0,0.0,0.0,0.0,0.0,0.0,0.0,0.0,0.0,0.0,0.0,0.0,0.0,0.044395474797932453,0.0,0.0,0.0,0.04077350593109556,0.04233432331255783,0.0,0.08215102909965252,0.0,0.0,0.0,0.0,0.0,0.0,0.0,0.19552623818817733,0.0,0.0,0.0,0.0,0.19340729733629286,0.0,0.0,0.0,0.047805143949568446,0.0,0.0,0.0,0.0,0.0,0.0,0.0,0.0,0.0,0.2535962046615013,0.09776311909408866,0.048051074929924616,0.0,0.0,0.0,0.0,0.047548643362906026,0.04476199380906604,0.0,0.0,0.054158761840956915,0.0,0.15094369349315362,0.03799273190601451,0.025701564579406477,0.0,0.0,0.0,0.0,0.11397819571804352,0.0,0.0,0.0,0.0,0.0,0.0,0.0,0.0,0.0,0.0,0.05081917066441906,0.0,0.0,0.0,0.0,0.04299667674591107,0.09027154218430868,0.0,0.0,0.10831752368191383,0.09260735550299902,0.05133633002808671,0.0,0.09181258357985828,0.05477767420568586,0.0,0.2467381798376414,0.0,0.0,0.06119974736796595,0.0,0.0,0.0,0.10163834132883812,0.0,0.0,0.0,0.06063189065403668,0.0,0.0,0.0,0.0,0.0,0.0,0.0,0.0,0.0,0.0,0.0,0.0,0.0,0.0,0.0,0.04982551303609003,0.0,0.0,0.0,0.04107551454982626,0.0,0.0,0.0,0.09685342996813727,0.0,0.0,0.0,0.0,0.0,0.0,0.0,0.0,0.0,0.0,0.0,0.0,0.0,0.0,0.0,0.05676636826624428,0.0,0.0,0.0,0.0,0.0,0.0,0.0,0.0,0.0,0.0,0.0,0.0,0.0,0.0,0.058989539081059784,0.0,0.0,0.0,0.07496512407836253,0.0,0.0,0.0,0.0,0.0,0.0,0.0,0.0,0.0,0.0,0.0,0.0,0.0,0.0,0.04798257364564152,0.0,0.0,0.0,0.0,0.12883915463843473,0.0,0.0,0.11215984807408344,0.0,0.0,0.02283050958145617,0.0,0.0,0.0,0.0,0.0,0.0,0.0,0.06339905116537532,0.0,0.0,0.0,0.0,0.10595736320212719,0.0,0.0,0.0,0.0,0.0,0.0,0.0,0.0,0.0,0.0,0.0,0.0,0.0,0.0,0.0,0.06339905116537532,0.0,0.0,0.0,0.0,0.0,0.0,0.062430883258658934,0.03626438867639763,0.08736624195022726,0.0,0.0,0.0,0.0,0.0,0.0,0.0,0.0,0.0,0.0,0.0,0.0,0.0,0.0,0.0,0.0,0.0,0.0,0.052978681601063594,0.0,0.0,0.0,0.0,0.09509728672581205,0.0,0.0,0.0,0.0,0.0,0.0,0.0,0.0,0.0,0.0,0.06410504760204738,0.0,0.0,0.14137339545813832,0.0,0.0,0.0,0.1540089900842601,0.0,0.0,0.11716920373982147,0.0,0.0,0.0,0.0,0.0,0.037482562039181266,0.0,0.0,0.0,0.0,0.0,0.052978681601063594,0.22167028241475392,0.0,0.0,0.0,0.0,0.0,0.0,0.052978681601063594,0.0,0.0,0.05477767420568586,0.0,0.0,0.09181258357985828,0.0,0.0,0.0,0.04476199380906604,0.0,0.0,0.09685342996813727,0.0,0.0,0.0,0.0,0.0,0.0,0.06664274813403287,0.0,0.0,0.04982551303609003,0.0,0.0,0.1530123309478242,0.0,0.0,0.0,0.0,0.0,0.0,0.0,0.047548643362906026,0.0,0.0,0.16309402372438225,0.0,0.0,0.0,0.0,0.0,0.0,0.0,0.0,0.0,0.0,0.0,0.0,0.0,0.0,0.0,0.028145103202940603,0.0,0.0,0.0,0.0,0.0,0.06564608899759697,0.0,0.0,0.0,0.0,0.0,0.0,0.0,0.0,0.0,0.0,0.10831752368191383,0.04798257364564152,0.0,0.0,0.0,0.0,0.05979285759071089,0.0,0.0,0.0,0.0,0.0,0.0,0.06577841543150356,0.0,0.0,0.0,0.0,0.0,0.0,0.045517099940050564,0.09596514729128304,0.0,0.0,0.047548643362906026,0.0,0.020137183169238196,sport
Dokumen_60,0.0,0.0,0.0,0.0,0.0,0.0,0.0,0.0,0.0,0.0,0.0,0.0,0.0,0.0,0.0,0.0,0.0,0.0,0.39991143184742023,0.0,0.0,0.0,0.06578129886842445,0.0,0.0,0.04070996849774788,0.0,0.04975592594815468,0.10285896388936899,0.0,0.0,0.0,0.0,0.0,0.0,0.08888185326162601,0.0,0.0,0.05471703749126802,0.0,0.0,0.0,0.0,0.0,0.0,0.0,0.0,0.0,0.0,0.0,0.0,0.0,0.0,0.0,0.0,0.05685150702243702,0.0,0.0,0.0,0.06755956978657944,0.06578129886842445,0.16605941021954207,0.0,0.14070160068402818,0.0,0.0,0.0,0.0,0.0,0.051429481944684496,0.0,0.0,0.0,0.0,0.0,0.0,0.0,0.0,0.0,0.0,0.0,0.0,0.0,0.0,0.0,0.0,0.0,0.0,0.0,0.0552309634722731,0.09146647599934342,0.0,0.0,0.0,0.06494282232413642,0.0,0.0,0.0,0.0,0.0,0.0,0.0,0.04292774632309848,0.0,0.11980307857731728,0.0,0.0,0.0,0.0,0.0,0.0,0.0,0.0,0.0,0.0,0.0,0.0,0.0,0.0,0.0,0.0,0.06119364080564196,0.0,0.35113515377456156,0.0,0.0,0.0,0.0,0.0,0.0,0.0,0.0,0.0,0.0,0.11829758115048582,0.32013703152874823,0.0,0.0,0.0552309634722731,0.0,0.0,0.0,0.0,0.0485621502415958,0.0,0.29114908401338857,0.0,0.0,0.0,0.0,0.0,0.0,0.061892945953138004,0.0,0.0,0.0,0.0,0.0,0.0,0.05429260418141865,0.0,0.06755956978657944,0.0,0.0,0.0,0.0,0.0,0.0,0.0,0.0,0.0,0.0,0.08712010342668984,0.0,0.0,0.17902754570970594,0.0,0.04292774632309848,0.0,0.0,0.0,0.09871456153559942,0.0,0.0,0.0,0.0,0.0,0.0,0.0,0.0,0.0,0.0,0.0,0.0,0.050998620902928844,0.0,0.0,0.0,0.05231823121485511,0.0,0.0,0.051869227342407793,0.0,0.0,0.0,0.0,0.05860539040655447,0.0,0.0,0.0,0.0,0.0,0.0,0.0,0.0,0.0,0.0,0.0,0.0,0.1160091860757031,0.0,0.0,0.0,0.0,0.0,0.0,0.0,0.0,0.0,0.0,0.0,0.0,0.0,0.07054025822318984,0.0,0.0,0.0,0.0,0.0,0.0,0.0,0.0,0.0,0.047833282860973284,0.0,0.0,0.0,0.07667562391863358,0.0,0.0,0.0,0.0,0.0641399587332953,0.0,0.0,0.0,0.0,0.14326836997586523,0.0,0.050998620902928844,0.0,0.0,0.0,0.0,0.0,0.052776891821083846,0.0,0.0,0.0,0.0,0.0,0.0,0.0,0.0,0.0,0.0,0.0,0.0,0.0,0.0,0.0,0.0,0.0,0.0,0.0,0.04097490229219864,0.0,0.0,0.0,0.05421520501565754,0.0,0.0,0.0,0.0,0.0,0.0,0.0,0.0,0.0,0.0,0.025796047679968737,0.0,0.0,0.0,0.0,0.0,0.0,0.0,0.0,0.0,0.0,0.0,0.0,0.0,0.0,0.0,0.0,0.0,0.0,0.0,0.0,0.0,0.0,0.0,0.0,0.0,0.0,0.0,0.0,0.0,0.0,0.0,0.0,0.0,0.0,0.0,0.0,0.20487451146099322,0.0,0.0,0.0,0.0,0.0,0.0,0.0,0.0,0.0,0.05421520501565754,0.0,0.0,0.0,0.0,0.0,0.0,0.0,0.0,0.0,0.0,0.0,0.0,0.0,0.0,0.0,0.0,0.0,0.0,0.0,0.0,0.0,0.0,0.0,0.0,0.0,0.14486377174973303,0.0,0.0,0.0,0.0,0.04858167179582427,0.0,0.0,0.0,0.0759884277111765,0.0,0.0,0.0,0.0,0.0,0.0,0.0,0.0,0.0,0.0,0.0,0.0,0.0,0.0,0.0,0.0,0.0,0.0,0.0,0.0,0.0,0.06665190530790338,0.0,0.0,0.0,0.0,0.0,0.0,0.0,0.0,0.0,0.0,0.0,0.0,0.0,0.0,0.0,0.0,0.0,0.0,0.0,0.0,0.0,0.11259506104076224,0.0,0.0,0.043221915072355954,0.0,0.0,0.0,0.0,0.0,0.20571792777873799,0.0,0.0,0.0,0.0,0.0,0.0,0.0,0.0,0.0,0.0,0.0,0.0,0.0,0.0,0.0,0.0,0.0,0.059860275642421835,0.0,0.0,0.0,0.07054025822318984,0.0,0.0,0.0,0.0,0.0,0.10032432964987473,0.0,0.0,0.0,0.0,0.0,0.0,0.0,0.0,0.0,0.0,0.0,0.0,0.0,0.0,0.0,0.0,0.0,0.0,0.0,0.24757178381255202,0.057420257959577656,0.0,0.09909681806735102,0.0,0.0,0.11972055128484367,0.057420257959577656,0.0,0.0,0.0,0.0,0.0,0.0,0.0,0.0,0.02275287528386392,sport
Dokumen_61,0.0,0.0,0.0,0.0,0.0,0.0,0.0,0.0,0.0,0.0,0.0,0.0,0.0,0.0,0.0,0.0,0.0,0.0,0.0,0.0,0.2819040541211776,0.0,0.0,0.0,0.05524469058109989,0.0,0.0,0.0,0.0,0.0,0.0,0.0,0.08016221546370628,0.0,0.0,0.04894376567328884,0.16032443092741255,0.0,0.0,0.0,0.0,0.0,0.0,0.06522425263022046,0.0,0.0,0.0,0.0,0.0,0.0,0.06739389664773862,0.0,0.0,0.0,0.0,0.0,0.07244638493357732,0.0,0.0,0.07440483363661261,0.0,0.0,0.0,0.03873943848507098,0.0,0.0,0.0,0.0,0.0,0.0,0.0,0.0,0.0,0.0,0.0,0.0,0.0,0.0,0.12052214318377232,0.0,0.0,0.08787194130893393,0.0,0.12529119898176036,0.0,0.0,0.0,0.13920161816803528,0.0,0.0,0.050367016483061404,0.0,0.0,0.0,0.21456885706276393,0.05616589797664569,0.0,0.0,0.0,0.0,0.0,0.0,0.18910906825811902,0.0,0.0,0.0,0.0,0.0,0.0,0.0,0.0,0.0,0.0,0.0,0.0,0.0,0.0,0.0,0.0,0.0,0.0,0.0,0.0,0.0,0.0,0.5117275993451715,0.0,0.0,0.0,0.0,0.10222681938161397,0.04602428852341292,0.05350405899823942,0.0,0.0,0.0,0.0,0.0,0.060827069528803325,0.033904431177069115,0.0,0.0,0.0,0.08022383922462208,0.0,0.0,0.0,0.0,0.0,0.0,0.0,0.0,0.0,0.0,0.0,0.0,0.0,0.0,0.0,0.02989681694671905,0.0,0.0,0.0,0.0,0.0,0.05570077826693558,0.0,0.0,0.0,0.0,0.0,0.0,0.03198242589142424,0.0,0.0,0.04929173911623924,0.0,0.0,0.05350405899823942,0.12281408825305849,0.0,0.0,0.05308833526424512,0.0,0.0,0.0,0.0,0.0,0.0,0.0,0.0,0.0,0.0,0.0,0.0,0.0,0.0,0.0,0.0,0.0,0.0,0.0,0.06816405672017599,0.05188356976324436,0.061407044126529246,0.0,0.12908679961057498,0.07615553437311624,0.0,0.0,0.0,0.0,0.0,0.0,0.0,0.0,0.0,0.0,0.0,0.0,0.0,0.0,0.0,0.0,0.0,0.0,0.0,0.0,0.0,0.0,0.0,0.0,0.0,0.0,0.0,0.0,0.0,0.0,0.0,0.0,0.0,0.0,0.0,0.0,0.0,0.0,0.0,0.0,0.0,0.060827069528803325,0.0,0.0,0.0,0.0,0.0,0.07063874110042138,0.0,0.0,0.08292867723334443,0.0,0.0,0.0,0.0,0.143050355076063,0.0,0.0,0.0,0.0,0.0,0.0,0.0,0.0,0.0,0.0,0.0,0.05350405899823942,0.05616589797664569,0.0,0.0,0.0,0.0,0.0,0.0,0.0,0.0,0.04512655716959762,0.0,0.0,0.06739389664773862,0.0,0.0,0.0,0.0,0.0,0.0,0.0,0.05188356976324436,0.0,0.0,0.0,0.0,0.0,0.0,0.0,0.0,0.0,0.0,0.0,0.0,0.0,0.0,0.0,0.0,0.06592543239523303,0.0,0.0,0.0,0.0,0.0,0.0,0.0,0.0,0.0,0.0,0.0,0.0,0.0,0.0,0.0,0.0,0.0,0.0,0.0,0.12522361925506004,0.0,0.0,0.0,0.09025311433919524,0.0,0.0,0.0,0.0,0.0,0.0,0.34426013164841074,0.0,0.0,0.0,0.0,0.0715251775380315,0.0,0.0,0.0,0.0,0.0,0.0,0.0,0.0,0.0,0.0,0.0,0.0,0.0,0.0,0.0,0.0,0.0,0.0,0.0,0.0,0.0,0.14681040574011905,0.0,0.039885411019714066,0.0,0.0,0.0,0.0,0.10700811799647884,0.0,0.0,0.0,0.041843859722749364,0.0486008723163961,0.0,0.0,0.0,0.0,0.0,0.0,0.0,0.08292867723334443,0.0,0.0,0.0,0.0,0.0,0.0,0.0,0.0,0.0,0.0,0.0,0.0,0.0,0.0,0.0,0.05188356976324436,0.0,0.11424943182625583,0.0,0.0,0.0,0.0,0.0,0.0,0.0,0.1756113289899263,0.08740523904681056,0.0,0.0,0.0,0.0,0.0,0.0,0.0,0.0,0.0,0.0,0.0,0.0,0.0,0.0,0.0,0.0,0.0,0.0,0.0591684198015863,0.0,0.0,0.0,0.0,0.0,0.0,0.0,0.0,0.0,0.0,0.0,0.0,0.0,0.0,0.0,0.0,0.0,0.0,0.035023108208586805,0.0,0.0,0.0,0.0,0.0,0.0,0.0,0.0,0.0,0.0,0.0,0.0,0.0,0.0,0.0,0.0,0.0,0.0,0.0,0.0,0.0,0.044834779780204864,0.0,0.0,0.0,0.0,0.0,0.0,0.0,0.0,0.0,0.0,0.0,0.0,0.0,0.0,0.056640414676997666,0.059708392497285635,0.0,0.1395690919103421,0.0,0.0,0.17540767857446452,sport
Dokumen_62,0.0,0.0,0.0,0.0,0.10888685469103869,0.0,0.0,0.0,0.0,0.1010181562451463,0.0,0.0,0.0,0.0,0.0,0.0,0.0,0.0,0.0,0.0,0.0,0.0,0.11572754569958818,0.0,0.0,0.0,0.0,0.0,0.0,0.0,0.0,0.0,0.0,0.0,0.0,0.0,0.0,0.0,0.0,0.0,0.0,0.0,0.0,0.0,0.0,0.0,0.0,0.0,0.0,0.0,0.0,0.3093093985609463,0.0,0.0945170143802009,0.0,0.10001756563350028,0.0,0.0,0.0,0.0,0.0,0.07303613760906348,0.0,0.0,0.0,0.0,0.0,0.0,0.0,0.0,0.0,0.0,0.0,0.0,0.0,0.0,0.0,0.0,0.0,0.0,0.0,0.0,0.0,0.08005723387971345,0.0,0.0,0.0,0.04447278257643341,0.0,0.09716658015607928,0.1206861710312999,0.0,0.0,0.0,0.19042072158455353,0.0,0.0,0.0,0.0,0.0,0.0,0.0,0.07552180953926636,0.0,0.07025561210408045,0.0,0.0,0.0,0.0,0.0,0.0,0.0,0.0,0.0,0.0,0.0,0.0,0.0,0.0,0.0,0.08546863226521614,0.10765658302102075,0.0,0.4412457888509959,0.0,0.0,0.0,0.0,0.0,0.0,0.0,0.0,0.0,0.0,0.06937274962258835,0.0,0.0,0.0,0.09716658015607928,0.05415972946145267,0.0,0.0,0.0,0.0,0.0,0.2561059868470159,0.0,0.09502688528131296,0.0,0.0,0.0,0.0,0.10888685469103869,0.0,0.0,0.0,0.0,0.0,0.0,0.0,0.0,0.0,0.0,0.0,0.0,0.0,0.0,0.0,0.0,0.0,0.0,0.0,0.051089473371611176,0.0,0.0,0.23621932259629777,0.0,0.07552180953926636,0.0,0.09809304511115557,0.0,0.0,0.0,0.0,0.0,0.0,0.0,0.0,0.0,0.0,0.0,0.0,0.0,0.0,0.0,0.0,0.0,0.0,0.0,0.0,0.0,0.0,0.0,0.08288002495001989,0.0,0.0,0.10310313285364875,0.12165262756066934,0.0,0.0,0.0,0.0,0.0,0.0,0.0,0.0,0.0,0.0,0.0,0.0,0.0,0.0,0.0,0.0,0.0,0.0,0.0,0.0,0.0,0.0,0.0,0.0,0.0,0.12409987485217437,0.0,0.0,0.0,0.0,0.0,0.0,0.0,0.0,0.0,0.0,0.0,0.0,0.0,0.269787368864115,0.0,0.09716658015607928,0.0,0.0,0.0,0.0,0.0,0.11283997326237226,0.0,0.0,0.0,0.0,0.0,0.0,0.0,0.0,0.06188328295149428,0.09284918761369225,0.0,0.0,0.0,0.0,0.0,0.0,0.0,0.0,0.0,0.0,0.0,0.0,0.0,0.11885601735471105,0.0,0.0,0.0,0.0,0.0,0.0,0.0,0.0,0.0,0.09537957936360715,0.0,0.0,0.0,0.0,0.0,0.0,0.08288002495001989,0.0,0.0,0.0,0.0,0.0,0.0,0.0,0.20003513126700057,0.0,0.0,0.0,0.0,0.0,0.0,0.0,0.0,0.0,0.0,0.0,0.0,0.0,0.0,0.0,0.0,0.0,0.0,0.0,0.0,0.0,0.0,0.0,0.0,0.0,0.0,0.0,0.0,0.10001756563350028,0.0,0.0,0.0,0.14417243074027355,0.0,0.0,0.0,0.0,0.0,0.0,0.0,0.0,0.0,0.0,0.0,0.0,0.0,0.0,0.0,0.0,0.0,0.0,0.0,0.10531082396008398,0.0,0.0,0.0,0.0,0.0,0.10419074304267842,0.0,0.0,0.0,0.0,0.0,0.0,0.0,0.0,0.0,0.0,0.0,0.0,0.0,0.0,0.0,0.0,0.0,0.0,0.0,0.0,0.0,0.0,0.09809304511115557,0.0,0.0,0.0,0.0,0.0,0.0,0.0,0.0,0.0,0.0,0.0,0.0,0.0,0.0,0.0,0.0,0.0,0.0,0.0,0.0,0.0,0.0,0.09125235410260607,0.0,0.0,0.0,0.0,0.0,0.0,0.0,0.0,0.0,0.0,0.0,0.0,0.0,0.0,0.0,0.0,0.19808593470016456,0.0,0.0,0.0,0.0,0.0,0.0,0.0,0.0,0.09047872000770932,0.0,0.0945170143802009,0.0,0.0,0.0,0.0,0.0,0.0,0.0,0.0,0.0,0.0,0.0,0.0,0.0,0.0,0.0,0.0,0.0,0.0,0.0,0.0,0.0,0.0,0.0,0.0,0.0,0.0,0.0,0.0,0.0,0.0,0.0,0.0,0.0,0.0,0.0,0.0,0.0,0.0,0.0,0.0,0.0,0.0,0.0,0.0,0.0,0.0,0.0,0.0,0.043584695570210094,0.0,0.0,0.0,0.0,0.0,0.0,0.0,0.0,0.11725918384362485,0.0,0.0,0.0,0.08005723387971345,sport
Dokumen_63,0.0,0.0,0.0,0.0,0.0,0.0,0.0,0.02877077030594101,0.0,0.04970700773848408,0.0,0.0,0.8061505552716892,0.0,0.0,0.0,0.0,0.0,0.0576985699934851,0.054852631037415576,0.0,0.0,0.056944911919451044,0.0,0.043423892607510936,0.0,0.0,0.086144447413714,0.13356291391847985,0.0,0.0,0.0,0.0,0.0,0.0,0.0,0.0,0.0,0.0,0.0,0.0,0.0,0.0,0.0,0.0,0.0,0.0,0.0,0.0,0.0,0.0,0.0,0.0,0.0,0.0,0.0,0.0,0.0,0.0,0.0,0.11388982383890209,0.03593817183232484,0.0,0.060900593297069254,0.0,0.0,0.0,0.0,0.0,0.04452097130615995,0.0,0.0,0.0,0.0,0.0,0.0,0.0,0.0,0.0,0.0,0.0,0.0,0.0,0.03939297342077303,0.0,0.0,0.0,0.04376656691919994,0.0,0.047811800682833486,0.059384853776412824,0.0,0.0,0.0,0.07495875698543772,0.0,0.0,0.0,0.0,0.0,0.0,0.0,0.0,0.0,0.06913997214628939,0.0,0.0,0.0,0.0,0.0,0.0,0.0,0.0,0.062011581174745325,0.0,0.0,0.0,0.0,0.0,0.0,0.0,0.05297351292314593,0.0,0.17369557043004374,0.0,0.0,0.0,0.0,0.0,0.0,0.0,0.0,0.0,0.0,0.0,0.0,0.0,0.0,0.047811800682833486,0.0,0.0,0.0,0.0,0.0,0.0,0.1890293202221514,0.0,0.0,0.0,0.0,0.0,0.0,0.0,0.0,0.0,0.0,0.0,0.0,0.0,0.0,0.0,0.058484308108720656,0.0,0.0,0.0,0.0,0.0,0.0,0.0,0.0,0.0,0.0,0.02513909323463593,0.0,0.0,0.07748940806099104,0.0,0.07432254380257515,0.12616712054499238,0.09653535430995266,0.0,0.0,0.0,0.0,0.0,0.0,0.0,0.0,0.0,0.0,0.0,0.0,0.0,0.0,0.0,0.0,0.0,0.0,0.0,0.0,0.0,0.0,0.0,0.0,0.04826767715497633,0.0,0.0,0.0,0.0,0.0,0.0,0.0,0.0,0.0,0.05622081679659571,0.059304979174901185,0.0,0.0,0.0,0.0,0.0,0.0,0.0,0.0,0.0,0.0,0.0,0.0,0.0,0.0,0.0,0.0,0.0,0.0,0.0,0.0,0.0,0.0,0.0,0.0,0.0,0.0,0.0,0.0,0.0,0.0,0.0,0.06637580475795982,0.0,0.047811800682833486,0.0,0.06016383445131427,0.0,0.0,0.0,0.0,0.0,0.0,0.0,0.0882959754607325,0.0,0.0,0.0,0.05622081679659571,0.030450296648534627,0.0,0.0,0.0,0.0,0.0,0.0,0.0,0.0,0.11244163359319143,0.0,0.0,0.0,0.0,0.0,0.0,0.0,0.04452097130615995,0.0,0.0,0.0,0.0709415059317831,0.0,0.0,0.0,0.04693248882918483,0.0,0.0,0.0,0.0,0.0,0.0,0.0815639127595805,0.0,0.0,0.0,0.044661740898244526,0.0,0.0,0.0,0.0,0.0,0.0,0.0,0.0,0.0,0.0,0.0,0.0,0.0,0.0,0.0,0.0,0.0,0.0,0.0,0.0,0.0,0.0,0.0,0.0,0.0,0.0,0.0,0.0,0.0,0.0,0.0,0.0,0.04921465698566054,0.0,0.0,0.0,0.1418830118635662,0.04272712844311292,0.0,0.0,0.0,0.0,0.0,0.0,0.0,0.0,0.04693248882918483,0.0,0.0,0.0,0.0,0.0,0.0,0.0,0.0,0.0,0.0,0.0,0.0,0.0,0.0,0.0,0.0,0.0,0.0,0.0,0.0,0.0,0.0,0.0,0.0,0.0,0.031351063541281476,0.0,0.0,0.0,0.0,0.0,0.0,0.0,0.0,0.0,0.0,0.0,0.0,0.0,0.0,0.0,0.0,0.0,0.0,0.0,0.0,0.0,0.0,0.0,0.0,0.0,0.0,0.0,0.043072223706857,0.0,0.0,0.0576985699934851,0.0,0.0,0.0,0.0,0.08980329160880063,0.0,0.0,0.0,0.0,0.0,0.0,0.0,0.0,0.137405990468196,0.0,0.0,0.0,0.0,0.0,0.0,0.0,0.04873509602140963,0.0,0.0,0.0,0.0,0.0,0.0,0.0,0.0,0.0,0.0,0.0,0.0,0.0,0.0,0.0,0.0,0.0,0.0,0.0,0.0,0.0,0.0,0.0,0.0,0.0,0.0,0.0,0.0,0.0,0.0,0.0,0.0,0.0,0.0,0.0,0.0,0.0,0.0,0.0,0.0,0.0,0.0,0.0,0.0,0.0,0.0,0.0,0.0,0.0,0.0,0.0,0.0,0.0,0.0,0.0,0.0,0.10715776113775007,0.0,0.0,0.0,0.0,0.0,0.10363851679943019,0.0,0.0,0.0,0.04452097130615995,0.0,0.0576985699934851,0.0,0.0,0.0,0.05908946013115955,sport
Dokumen_64,0.0,0.049299422200682015,0.0,0.0,0.0,0.0,0.0,0.12308790197517193,0.0,0.0,0.0,0.0,0.08843321820255333,0.0,0.0,0.0,0.0,0.0,0.0,0.0782240123154841,0.0,0.0,0.08120776354834941,0.0,0.06192576446878558,0.0,0.0,0.06142425794311023,0.19047084571247885,0.0,0.0,0.0,0.0,0.07918151043555229,0.0,0.0,0.0,0.0,0.0,0.0,0.0,0.0,0.0,0.0,0.0,0.0,0.0,0.0,0.0,0.0,0.0,0.0,0.0,0.0,0.0,0.0,0.0,0.0,0.0,0.0,0.16241552709669882,0.05125055886727098,0.0,0.0,0.0,0.0,0.0,0.0,0.0,0.12698056380831924,0.0,0.0,0.0,0.0,0.0,0.0,0.0,0.0,0.0,0.0,0.0,0.0,0.0,0.028088683985898318,0.0,0.0,0.0,0.03120722201418819,0.0,0.06818325419774891,0.08468730570080978,0.0,0.0,0.0,0.1068968729245212,0.0,0.0,0.0,0.0,0.0,0.0,0.0,0.0,0.0,0.14789826660204602,0.0,0.0,0.0,0.0,0.0,0.0,0.0,0.0,0.08843321820255333,0.0,0.0,0.0,0.0,0.0,0.0,0.0,0.07554424735739826,0.0,0.18577729340635674,0.0,0.0,0.0,0.0,0.059050733128344975,0.0,0.05729486284411076,0.0,0.0,0.0,0.0,0.05645897370023358,0.0,0.0,0.06818325419774891,0.03800469868569824,0.0,0.0,0.0,0.029975264110449956,0.0,0.0,0.0,0.0,0.0,0.0,0.0,0.0,0.07640754753606441,0.0,0.0,0.0,0.0,0.0,0.0,0.0,0.0,0.0,0.0,0.0,0.0,0.0,0.0,0.0,0.0,0.0,0.0,0.0,0.035850253699679535,0.0,0.0,0.16575865995419342,0.0,0.15898437700550092,0.0,0.0688333686242915,0.0,0.0,0.0,0.0,0.0,0.0,0.0,0.0,0.0,0.0,0.0,0.0,0.0,0.0,0.0,0.0,0.085798191227257,0.0,0.0645874530124733,0.0,0.0,0.0,0.0,0.0,0.0,0.0,0.0,0.0,0.0,0.0,0.0,0.0,0.0,0.0,0.08017514898207306,0.08457339846073447,0.0,0.0,0.0,0.0,0.0,0.0,0.0,0.05125055886727098,0.0,0.0,0.0,0.0,0.0,0.0,0.0,0.0,0.0,0.0,0.0,0.0,0.0,0.0,0.0,0.0,0.0,0.0,0.0,0.0,0.0,0.0,0.0,0.0,0.0,0.13636650839549783,0.0,0.0,0.0,0.0,0.0,0.0,0.0,0.0,0.0,0.18887513710518575,0.0,0.0,0.0,0.08017514898207306,0.0,0.0,0.0,0.0,0.0,0.0,0.0,0.0,0.0,0.16035029796414613,0.0,0.0,0.0,0.0,0.0,0.0,0.0,0.0,0.0,0.0,0.0,0.0,0.0,0.0,0.0,0.06692928880050032,0.0,0.0,0.0,0.0,0.0,0.0,0.0,0.0,0.0,0.0,0.06369103001954826,0.0,0.0,0.0,0.0,0.0,0.0,0.0,0.0,0.0,0.0,0.0,0.0,0.0,0.0,0.0,0.0,0.0,0.0,0.0,0.0,0.0,0.0,0.0,0.0,0.0,0.0,0.0,0.0,0.0,0.0,0.0,0.0,0.0,0.0,0.0,0.0,0.101167968222008,0.12186425184452958,0.0,0.0,0.0,0.0,0.0,0.0,0.0,0.0,0.13385857760100064,0.0,0.0,0.0,0.0,0.0,0.0,0.0,0.0,0.0,0.0,0.0,0.0,0.0,0.0,0.0,0.6580099367362711,0.0,0.0,0.0,0.0,0.0,0.0,0.0,0.0,0.0,0.0,0.0,0.0,0.0,0.060449024358217404,0.0,0.0,0.0,0.0,0.0,0.0,0.0,0.0,0.0,0.0,0.0,0.0,0.0,0.0,0.0,0.0675488067139695,0.0,0.0,0.0,0.0,0.0,0.0,0.0,0.0,0.0,0.0,0.08228253712529397,0.0,0.07640754753606441,0.0,0.0,0.0,0.0,0.0,0.0,0.0,0.0,0.0,0.0,0.0,0.0,0.0,0.0,0.0,0.0,0.0,0.0,0.0,0.06949994338055848,0.0,0.0,0.0,0.0,0.0,0.0,0.0,0.0,0.0,0.0,0.0,0.0,0.0,0.0,0.0,0.0,0.0,0.0,0.0,0.0,0.0,0.0,0.0,0.0,0.0,0.0,0.0,0.0,0.0,0.0,0.0,0.0,0.0,0.0,0.0,0.0,0.06192576446878558,0.0,0.0,0.0,0.0,0.0,0.0,0.0,0.0,0.0,0.0,0.0,0.0,0.0,0.0,0.0,0.0,0.0,0.0,0.0,0.07640754753606441,0.0,0.0,0.061168075945898306,0.0,0.0,0.14779638571843975,0.0,0.0,0.0,0.12698056380831924,0.06692928880050032,0.08228253712529397,0.0,0.0,0.0,0.056177367971796635,sport
Dokumen_65,0.0,0.046414776592390565,0.0,0.0,0.0,0.05783015464516726,0.0,0.3090285019648575,0.0,0.0,0.0,0.0,0.24977623771181984,0.0,0.0,0.0,0.0,0.0,0.0,0.0,0.0,0.0,0.0764560725949476,0.0,0.0,0.0,0.0,0.0,0.059775289827406916,0.0,0.0,0.0,0.0,0.0,0.0,0.0,0.0,0.0,0.0,0.0,0.0,0.0,0.0,0.0,0.0,0.0587836473921573,0.0,0.0,0.0,0.0,0.0,0.0,0.0,0.0,0.0,0.0,0.0,0.0,0.0,0.0,0.0,0.04825174685367074,0.0,0.0,0.0,0.0,0.0,0.0,0.0,0.17932586948222073,0.0,0.0,0.0,0.0,0.0,0.0,0.0,0.0,0.0,0.0,0.0,0.0,0.0,0.02644513736231361,0.0,0.0,0.0,0.14690600550665675,0.0,0.06419366332627954,0.0,0.0,0.0,0.0,0.10064204109775908,0.0,0.0,0.0,0.0,0.0,0.0,0.0,0.04989392039493069,0.0,0.18565910636956226,0.0,0.0,0.0,0.0,0.16155580329658492,0.0,0.0,0.0,0.1665174918078799,0.0,0.0,0.0,0.0,0.0,0.0,0.11293069275007532,0.07112394440771812,0.0,0.0,0.0,0.0,0.0,0.0,0.0,0.0,0.16182714563930148,0.0,0.0,0.0,0.0,0.0,0.0,0.0,0.06419366332627954,0.10734281581093662,0.0,0.0,0.0,0.11288531385385611,0.0,0.0,0.0,0.031390030764152275,0.0,0.046414776592390565,0.0,0.0,0.0,0.0,0.0,0.0,0.0,0.0,0.0,0.0,0.0,0.0,0.0,0.0,0.0,0.0,0.0,0.0,0.0,0.0,0.0,0.0,0.0,0.0,0.0,0.0,0.0,0.19957568157972275,0.0,0.0,0.0,0.0,0.0,0.0,0.0,0.0,0.0,0.0,0.0,0.0,0.0,0.0,0.0,0.0,0.0,0.0,0.16155580329658492,0.0,0.0,0.0,0.0,0.0,0.0,0.0,0.129611475517616,0.0,0.0,0.0,0.0,0.0,0.0,0.0,0.0,0.0,0.0,0.0,0.0,0.0,0.0,0.0,0.0,0.0,0.0,0.0,0.0,0.0,0.0,0.0,0.0,0.0,0.0,0.0,0.0,0.0,0.0,0.0,0.16155580329658492,0.0,0.0,0.0,0.0,0.0,0.0,0.0,0.0,0.0,0.0,0.0,0.0,0.0,0.0,0.0,0.0,0.0,0.0,0.0,0.0,0.0,0.0,0.17782353020098998,0.0,0.0,0.0,0.0,0.0,0.0,0.0,0.0,0.0,0.0,0.0,0.0,0.0,0.0,0.0,0.0,0.0,0.0,0.0,0.0,0.0,0.059775289827406916,0.0,0.0,0.0,0.0,0.0,0.0,0.0,0.06301307091424359,0.0,0.0,0.13215436675197798,0.0,0.0,0.0,0.0,0.0,0.0,0.0,0.0899464374226178,0.0,0.0,0.06957420511298877,0.0,0.0,0.0,0.0,0.08325874590393995,0.0,0.0,0.0,0.0,0.0,0.0,0.0,0.0,0.0,0.0,0.0,0.0,0.0,0.0,0.0,0.0,0.0,0.0,0.0,0.0,0.0,0.0,0.0,0.0,0.0,0.07962477489563587,0.0,0.0,0.0,0.0,0.0,0.0,0.0,0.0,0.0,0.0,0.0,0.0,0.0,0.0,0.0,0.0,0.0,0.0,0.0,0.0,0.0,0.0,0.0,0.0,0.0,0.0,0.0,0.12488642473536983,0.41300530304882643,0.0,0.0,0.0,0.0,0.0,0.0,0.0,0.0,0.0,0.0,0.0,0.0,0.0,0.0,0.0,0.0,0.0,0.0,0.08831958087483706,0.0,0.0,0.0,0.0,0.058302316636317845,0.0,0.0,0.0,0.1750370559571406,0.0,0.0,0.0,0.0,0.0,0.0,0.0,0.0,0.0,0.0,0.0,0.0,0.0774679581959232,0.0,0.0,0.054755167976160916,0.0,0.0,0.0,0.0,0.0,0.0,0.0,0.0,0.0,0.0,0.0,0.0,0.0,0.0,0.0,0.0,0.0,0.0,0.0,0.0,0.0,0.0,0.0,0.0,0.0,0.0,0.0,0.0,0.0,0.0,0.0,0.0,0.0,0.0,0.0,0.0,0.0,0.0,0.0,0.0,0.0,0.0,0.0,0.0,0.0,0.0,0.0,0.0,0.0,0.0,0.0,0.0,0.0,0.0,0.0,0.0,0.0,0.0,0.0,0.0774679581959232,0.0,0.0,0.0,0.0,0.0,0.28449577763087247,0.0,0.08325874590393995,0.0,0.0,0.0,0.0,0.0,0.0,0.0,0.0,0.0,0.0,0.0,0.0,0.0,0.0,0.0,0.0,0.0,0.23910115930962766,0.0,0.0774679581959232,0.0,0.0,0.0,0.02644513736231361,sport
Dokumen_66,0.0,0.041625552015350446,0.0,0.0,0.0,0.025931527489381677,0.03622149015474428,0.017321372264335232,0.03384760596895581,0.02992598307340712,0.0,0.03570441842514699,0.0,0.0,0.0,0.0,0.0,0.0,0.0,0.0,0.0,0.03302389306139324,0.0,0.0,0.0,0.0,0.0,0.0,0.0,0.0,0.045363248479068564,0.0,0.03793488077916822,0.03342812079898473,0.0,0.023161484559273124,0.0,0.0,0.0,0.0,0.0,0.0,0.0,0.03086584163280765,0.0,0.0,0.0,0.0,0.03521033540641924,0.0,0.0,0.0,0.0,0.0,0.0,0.02962956450054322,0.0,0.0,0.0,0.0,0.0,0.02163648891523779,0.0,0.10999516207596166,0.0,0.0,0.0,0.028517133081209754,0.0,0.05360748491357163,0.0,0.06947456737163435,0.0,0.0,0.0,0.0,0.0,0.03622149015474428,0.0,0.0,0.0,0.0,0.0,0.03557466570921322,0.0,0.0,0.0,0.06587388782764524,0.0,0.08635493482959104,0.035752506734654736,0.0,0.0,0.0,0.22564368635421894,0.026579188602436236,0.0,0.0,0.0,0.13371248319593892,0.0,0.0,0.0,0.034737283685817175,0.16650220806140179,0.0,0.0,0.0,0.0,0.0,0.0,0.1002843623969542,0.03570441842514699,0.0,0.0,0.03570441842514699,0.06769521193791161,0.02962956450054322,0.0,0.0,0.10127814395143485,0.03189257457253099,0.0,0.0,0.0,0.0,0.0,0.0,0.0,0.0,0.0,0.08711964298802014,0.050639071975717424,0.0,0.020551233640844033,0.0238353295189316,0.0,0.0,0.05756995655306069,0.06417789464264219,0.0,0.0,0.1743566255847071,0.0,0.0,0.0,0.0,0.056302214693882004,0.0,0.08325110403070089,0.02512280452035973,0.0,0.03225703469080223,0.0,0.0,0.0,0.5933100920851356,0.0,0.11513991310612139,0.09903575219234302,0.0,0.07042067081283848,0.0,0.06046104741126738,0.16800036810967472,0.0,0.022839286992843766,0.0,0.06378514914506198,0.0,0.04444325199974518,0.044745706671987545,0.015134929919309235,0.0,0.0,0.0,0.0,0.17898282668795018,0.0,0.0,0.0,0.0,0.0,0.0,0.0,0.0,0.06526770343446273,0.0,0.0,0.0,0.0,0.0,0.030543644066378293,0.07595860796357613,0.0,0.0,0.0,0.0,0.0,0.0,0.06108728813275659,0.0,0.0,0.0,0.0,0.0,0.12217457626551317,0.054058219955747014,0.0,0.0,0.0,0.11970393229362848,0.0,0.0,0.0,0.0,0.0,0.0,0.0,0.0,0.0,0.0,0.0,0.0,0.0,0.0,0.0,0.0,0.0,0.0,0.0,0.0,0.0,0.03676379467098572,0.0,0.0,0.0,0.0,0.03189257457253099,0.0,0.0,0.0,0.0,0.0,0.029059437597451186,0.0,0.027266936050140137,0.0,0.0,0.0,0.0,0.0,0.0,0.0,0.0,0.03342812079898473,0.0,0.0,0.0,0.0,0.0,0.03521033540641924,0.0,0.0,0.10999516207596166,0.02750597833288471,0.0,0.0,0.0746678431481555,0.1028506370279123,0.034737283685817175,0.0,0.031197658444963496,0.0,0.15450700035576928,0.0,0.05315837720487247,0.0,0.0,0.0,0.03342812079898473,0.0,0.0,0.0,0.03622149015474428,0.0,0.06307937318493227,0.0,0.0,0.08476677214313569,0.0,0.0,0.0,0.0,0.0,0.0,0.0,0.09907167918417974,0.0,0.0,0.0,0.0,0.0,0.0,0.08888869350162966,0.0,0.03384760596895581,0.031197658444963496,0.0,0.0,0.0,0.06604778612278649,0.0,0.0,0.0,0.0,0.0,0.0,0.0,0.039244043666000664,0.0,0.0,0.0,0.0,0.0,0.0,0.0,0.0,0.0,0.0,0.0,0.0,0.0,0.0,0.03570441842514699,0.0,0.03676379467098572,0.021355080523916655,0.0,0.0,0.0,0.0,0.0,0.0,0.0,0.0,0.0,0.0,0.0,0.0,0.10154281790686741,0.0,0.0,0.0,0.0,0.0,0.0,0.06239531688992699,0.03570441842514699,0.0,0.0,0.0,0.11200024540644982,0.0,0.0,0.0,0.0,0.0,0.0,0.0,0.0,0.0,0.0,0.037749663057803425,0.0,0.0,0.027750274710618743,0.051039624713195016,0.025319535987858712,0.0,0.0,0.0,0.05940486377805054,0.16099452846890858,0.06533973224101511,0.0,0.05811887519490237,0.0,0.0,0.0,0.0,0.0,0.0,0.028517133081209754,0.03023052370563369,0.0,0.06526770343446273,0.0,0.027032926612282647,0.0,0.0,0.0,0.0,0.0,0.0,0.0,0.0,0.0,0.0,0.0,0.0,0.12615874636986454,0.0,0.0,0.0,0.0,0.0,0.0,0.041362471128516355,0.0,0.03570441842514699,0.03676379467098572,0.0,0.07848808733200133,0.0,0.0,0.0,0.0,0.0,0.045052333264198316,0.03733392157407775,0.0,0.0,0.0,0.0,0.0,0.0,0.05600012270322491,0.0,0.03521033540641924,0.02401037310102627,0.03302389306139324,0.0,0.0,0.0,0.0,0.0,0.0,0.0,0.0,0.03676379467098572,0.0,0.0,0.0,0.0,0.028517133081209754,0.06629544489124932,0.0,0.0,0.0,0.0,0.0,0.07731427815499246,0.02614324889542128,0.0,0.034737283685817175,0.0,0.0,0.0,0.0,0.0,0.0,0.0,0.0,0.11302236285751426,0.0,0.0,0.0,0.0,0.03521033540641924,0.0,0.0,0.0,0.0,0.0,0.0,0.025823374933283422,0.0,0.0,0.0,0.02992598307340712,0.0,0.0,0.026803742456785816,0.0,0.0,0.03302389306139324,0.0,0.0,0.08300755332149751,sport
Dokumen_67,0.0,0.020342895763669443,0.023642131501804064,0.0,0.0,0.05069216720678524,0.0,0.016930315798677823,0.0,0.0,0.0,0.03489833658217199,0.0,0.0,0.0,0.0,0.0,0.0,0.0,0.0,0.0,0.0,0.0,0.0,0.0,0.0,0.0,0.0,0.0,0.0,0.0,0.0,0.0,0.0,0.0,0.02263857862821261,0.0,0.0,0.0,0.0,0.0,0.03395303638846624,0.0,0.0,0.0,0.0,0.02985407459609509,0.0,0.1032462247293413,0.0,0.0,0.0,0.03350954220802071,0.0,0.0,0.0,0.0,0.0,0.0,0.0,0.06701908441604142,0.021148012092772055,0.0,0.05375592654708908,0.0,0.0,0.0,0.027873315195234203,0.0,0.026198606984169474,0.0,0.03395303638846624,0.0,0.0,0.08603529457301044,0.0,0.0,0.0,0.027873315195234203,0.0,0.0,0.040644519790630794,0.0,0.05795252205368401,0.0,0.0,0.02216955188896512,0.012877336815917859,0.0,0.08440534012709351,0.03494533922455889,0.0,0.0,0.0,0.13232966105649427,0.0,0.035403734626798966,0.0,0.0,0.03267342985569638,0.0,0.0,0.08747100784290296,0.0,0.20342895763669444,0.0,0.0,0.03905920223872458,0.0,0.035403734626798966,0.0,0.06534685971139276,0.31408502923954795,0.0,0.0,0.48857671215040793,0.03308344450650412,0.02896063177421368,0.0,0.0,0.07424372623751027,0.031172550933368823,0.18539221418931845,0.025553025074939367,0.0,0.0,0.0,0.0,0.048733346362893705,0.0,0.04728426300360813,0.021288195957375203,0.024747908745836752,0.0,0.0,0.0,0.0,0.0,0.056270226751395674,0.1411402062018317,0.0,0.0,0.08521012907328711,0.0,0.0,0.0,0.0,0.12381998873229397,0.0,0.10171447881834722,0.024555618792046367,0.0,0.0,0.0,0.0,0.0,0.0,0.0,0.08440534012709351,0.06914276331938995,0.0,0.0,0.0,0.0,0.054735834301214474,0.02576398507761006,0.0,0.0,0.0,0.0,0.08687975525186059,0.02186775196072574,0.0739661786648279,0.0,0.0,0.0,0.0,0.1093387598036287,0.024747908745836752,0.02840337635776237,0.0,0.02514301042413162,0.0,0.0,0.0,0.0,0.03189709261301161,0.0,0.0,0.06883081648622752,0.0,0.0,0.05970814919219018,0.09899163498334701,0.0,0.0,0.0,0.0,0.053302686547732646,0.0,0.0,0.0,0.0,0.0,0.0,0.0,0.02985407459609509,0.05283777297770058,0.0,0.0,0.0,0.0,0.0,0.0,0.0,0.0,0.0,0.0,0.0,0.0,0.0,0.0,0.0,0.0,0.07415688567572738,0.0,0.0,0.0,0.0,0.03395303638846624,0.0,0.0,0.0,0.0,0.0,0.023642131501804064,0.0,0.0,0.031172550933368823,0.0,0.0,0.0,0.03441540824311376,0.024366673181446852,0.05680675271552474,0.0,0.026651343273866323,0.0,0.0,0.0,0.0,0.0,0.0,0.0,0.0,0.03267342985569638,0.0,0.03649105120577844,0.0,0.0,0.0,0.0,0.0,0.0,0.07167456872945212,0.0,0.0,0.0,0.03649105120577844,0.0,0.0,0.0,0.09147997080001405,0.03308344450650412,0.10787054897144321,0.0,0.0,0.0,0.06234510186673765,0.0,0.03267342985569638,0.0,0.06033799611955473,0.0,0.035403734626798966,0.02087295692619761,0.0,0.0,0.0,0.08285303264180677,0.0,0.0,0.0,0.0,0.0,0.0,0.0,0.1936699690644091,0.0,0.0,0.039422165420951547,0.0,0.0,0.0,0.11584252709685472,0.0,0.19850066703902472,0.030493323600004684,0.0,0.0,0.0,0.03227832817740151,0.06701908441604142,0.15246661800002342,0.0,0.0,0.0,0.0,0.0,0.0,0.0,0.0,0.0,0.0,0.0,0.0,0.0,0.0,0.0,0.03649105120577844,0.0,0.04061386393806888,0.0,0.0,0.0,0.0,0.0,0.0,0.05028602084826324,0.0,0.0,0.0,0.0,0.0,0.0,0.0,0.0,0.0,0.0,0.0,0.0,0.0,0.0,0.0,0.0,0.0,0.0,0.09147997080001405,0.03489833658217199,0.0,0.0,0.0,0.08210375145182171,0.0,0.0,0.0,0.0,0.0,0.0,0.03441540824311376,0.0,0.0,0.0,0.018448703344891192,0.0,0.0,0.08137130947497753,0.04988732713860164,0.0,0.0,0.059096046812597856,0.0,0.03870913875996849,0.0,0.042576391914750406,0.0,0.0,0.0,0.0,0.04314821958857729,0.0,0.0,0.0,0.027873315195234203,0.0,0.030493323600004684,0.0,0.031172550933368823,0.0,0.0,0.0,0.0,0.0,0.0,0.03395303638846624,0.0,0.0,0.0,0.0,0.0,0.0,0.0,0.0,0.0,0.0,0.0,0.0,0.0,0.020214325046906192,0.029250358244529907,0.03489833658217199,0.0,0.07186759157865426,0.0767160987412671,0.0,0.0,0.0,0.0,0.0,0.0,0.0,0.0,0.0,0.0,0.02073799744196431,0.0,0.03835804937063355,0.0,0.0,0.0,0.0,0.03227832817740151,0.0,0.037699417491342126,0.0,0.0,0.0,0.0,0.0,0.061655259878137574,0.07186759157865426,0.0,0.0,0.0,0.0,0.0,0.08099840480982884,0.0,0.0,0.0,0.0,0.0,0.03778439505067344,0.0,0.0,0.03395303638846624,0.029548023406298928,0.0,0.0,0.0,0.0,0.0,0.0,0.0,0.05523535509453785,0.0,0.0,0.0,0.02073799744196431,0.0,0.0,0.0,0.0,0.0,0.029250358244529907,0.0,0.0378605591349429,0.0,0.0,0.0,0.0,0.0,0.0,0.0,0.0,0.0,0.09683498453220454,0.27367917150607235,0.030168998059777366,0.0695430264644208,sport
Dokumen_68,0.0,0.09296084214174904,0.07202489688017562,0.0,0.0,0.03860796260505025,0.0,0.07736639034358192,0.0,0.0,0.0,0.10631651775681887,0.055584332570539276,0.052422647036081904,0.0,0.0,0.0,0.0,0.0,0.0,0.0,0.0,0.0,0.0,0.0,0.03158877885322753,0.0,0.0,0.0,0.0,0.0,0.0,0.0,0.0,0.0,0.0,0.0,0.0,0.0,0.0,0.0,0.0,0.0,0.0,0.0,0.0,0.0,0.0,0.0,0.0,0.0,0.0,0.0,0.0,0.0,0.04411375761452198,0.0,0.0,0.0,0.0,0.0,0.03221332624104524,0.0,0.0,0.0,0.0,0.0,0.0,0.0,0.0798131067960208,0.0,0.05171834748617156,0.09717333676340756,0.0,0.08736780239412507,0.11116866514107855,0.0,0.0,0.0,0.0,0.05473550335429957,0.020637009445341657,0.0,0.017655025836161117,0.0,0.0,0.0,0.058845509943995455,0.0,0.042856301671489634,0.017743284933929286,0.0,0.0,0.0,0.11758177581088508,0.0,0.0,0.0,0.0,0.04976921002022617,0.0,0.0,0.06661931390798431,0.0,0.1859216842834981,0.0,0.0,0.0,0.0,0.0,0.0,0.0,0.15947477663522833,0.055584332570539276,0.06462883383442672,0.2657912943920472,0.050393757408043874,0.0,0.0,0.0,0.22618082154938615,0.047483023396105106,0.16943719869362256,0.03892318245202658,0.0,0.0,0.0,0.0,0.0,0.0,0.0,0.032426858772820887,0.0,0.0,0.0,0.03548705378511831,0.0,0.0,0.08571260334297927,0.11943847877109115,0.0,0.0,0.0,0.018840827949840388,0.0,0.0,0.0,0.020956283816803593,0.0,0.030986947380583014,0.03740390140354063,0.0,0.0,0.0,0.0,0.0,0.0679496411872248,0.1667529977116178,0.29999411170042745,0.021064092286727364,0.0,0.0,0.0,0.0,0.0,0.0,0.0,0.0,0.047483023396105106,0.0,0.0,0.033309656953992156,0.04506705658538745,0.0,0.0,0.0,0.0,0.13323862781596862,0.0,0.0,0.0,0.0,0.0,0.0,0.0,0.0,0.0,0.0,0.0,0.0,0.0,0.0,0.0,0.0,0.0,0.0,0.10785619458523521,0.0,0.0,0.0,0.0,0.04024777253015427,0.0,0.0,0.0,0.0,0.0,0.0,0.0,0.0,0.0,0.0,0.0,0.0,0.0,0.0,0.0,0.0,0.0,0.0,0.0,0.0,0.052422647036081904,0.0,0.0,0.0,0.0,0.0,0.0,0.0,0.0,0.0,0.0,0.0,0.0,0.03601244844008781,0.0,0.0,0.0,0.0,0.0,0.0,0.10484529407216381,0.0,0.04326492839828227,0.0,0.0,0.0,0.050393757408043874,0.042856301671489634,0.0,0.0,0.0,0.0,0.0,0.04976921002022617,0.0,0.0,0.0,0.0,0.0,0.0,0.0,0.0,0.08188274111318904,0.0,0.0,0.0,0.0,0.0,0.0,0.0,0.04644840266742809,0.0,0.09858711553334276,0.0,0.0,0.0,0.0,0.0,0.09953842004045234,0.0,0.0,0.0,0.0,0.0,0.0,0.0,0.0,0.042068126921216864,0.0,0.052422647036081904,0.0,0.0,0.0,0.0,0.0,0.14750213564274497,0.0,0.0,0.06004909919015965,0.0,0.0,0.0,0.0,0.0,0.050393757408043874,0.04644840266742809,0.0,0.0,0.0,0.24583689273790826,0.0,0.04644840266742809,0.0,0.0,0.0,0.0,0.0,0.0,0.0,0.0,0.0,0.0,0.0,0.0,0.0,0.0,0.0,0.0,0.0,0.0,0.0,0.0,0.0,0.0,0.0,0.0,0.0,0.0,0.0,0.0,0.0,0.0,0.0,0.0,0.0,0.0,0.0,0.0,0.0,0.0,0.0,0.0,0.0,0.0,0.0,0.0,0.0,0.0,0.0,0.0,0.2084384196119607,0.18381751865882937,0.0,0.06462883383442672,0.0,0.0,0.0,0.0,0.1752846110914587,0.0,0.0,0.028101653099411636,0.16178429187785281,0.0,0.0,0.0379949835795388,0.0,0.0,0.0,0.0,0.029481497124047313,0.0,0.0,0.0,0.0,0.0,0.0,0.0,0.0,0.0584282036971529,0.0,0.0,0.0,0.0,0.0,0.0,0.08049554506030854,0.0,0.0,0.03860796260505025,0.0,0.0,0.0,0.0,0.09605129428663646,0.0,0.0,0.0,0.0,0.0,0.0,0.0,0.0,0.03628153634625655,0.0,0.0,0.030791104365836715,0.0,0.10631651775681887,0.0,0.0,0.0584282036971529,0.0,0.0,0.04368390119706254,0.0,0.0,0.06707583263834584,0.0,0.052422647036081904,0.0,0.0,0.03158877885322753,0.0,0.0,0.08337536784478428,0.0,0.0,0.03574766612561897,0.14750213564274497,0.0,0.0,0.0,0.0,0.0,0.0,0.0,0.046957628741135606,0.0,0.0,0.0,0.0,0.0,0.0,0.04935174100898199,0.0,0.0,0.0,0.04024777253015427,0.0,0.0,0.11676954735607976,0.05647906623120751,0.05171834748617156,0.0,0.0,0.0,0.06318892244218885,0.0,0.0,0.0,0.1424490701883153,0.042068126921216864,0.055584332570539276,0.0,0.0,0.0,0.0,0.0,0.0,0.0,0.0,0.0,0.0,0.019223470236541994,0.0,0.0,0.0,0.0,0.0,0.052422647036081904,0.19953276699005199,0.0,0.0,0.04916737854758166,0.08337536784478428,0.0,0.05296507750848335,sport
Dokumen_69,0.0,0.0,0.0,0.0,0.0,0.11373719838292236,0.05295652577275735,0.0,0.09897172149370385,0.0,0.0,0.0,0.0,0.0,0.0,0.0,0.0,0.0,0.0,0.0,0.0,0.0,0.0,0.0,0.0,0.0,0.0,0.07582479892194822,0.0,0.0,0.06632195492109372,0.0,0.0,0.0,0.0,0.03386254261650842,0.0,0.0,0.04169260531603043,0.0,0.03701765593759468,0.0,0.0,0.0,0.0,0.0,0.0,0.0,0.0,0.0,0.0,0.0,0.0,0.040936636352362686,0.0,0.0,0.0,0.0,0.0,0.0,0.0,0.0,0.0,0.10721004962282653,0.0,0.0,0.0,0.08338521063206086,0.0,0.07837518954383556,0.0,0.05078658693843424,0.04771132833422504,0.0,0.0,0.0,0.0,0.0,0.0,0.0,0.0,0.040530423932256116,0.0,0.08668475967530115,0.0,0.0,0.03316097746054686,0.0,0.0,0.08416840044167428,0.03484724190429138,0.0,0.0,0.0,0.31340070104201523,0.0,0.0,0.0,0.0,0.0,0.0,0.0,0.06541909674262758,0.0,0.3042868485930351,0.0,0.0,0.0,0.0,0.0,0.0,0.0,0.0,0.0,0.0,0.0,0.0,0.043319001769535855,0.0,0.0,0.07403531187518936,0.04662756667642534,0.0,0.0,0.0,0.0,0.0,0.0,0.03644740787749812,0.0,0.0,0.06368530945991774,0.03701765593759468,0.0,0.030046304812800934,0.0,0.0,0.0,0.04208420022083714,0.07037200120352931,0.0,0.0,0.04248546510640161,0.037002781147347986,0.05954549685104852,0.0,0.0,0.041157468546463905,0.0,0.0,0.0,0.0,0.0,0.0,0.0,0.0,0.0,0.0,0.0,0.041369200919852175,0.10295639557906172,0.0,0.0,0.0,0.0,0.0,0.1335659339359912,0.0,0.0,0.0,0.0,0.03270954837131379,0.02212756302727088,0.0,0.0,0.0,0.0,0.29438593534182406,0.0,0.0,0.0,0.03760864478185191,0.03673003069124468,0.0,0.0,0.048281576394321596,0.3816906266738003,0.04512646307323533,0.0,0.0,0.0,0.0,0.04465540394072471,0.0,0.0,0.04948586074685193,0.0,0.0,0.0,0.0,0.0,0.03952266648170733,0.0,0.07179298805622089,0.0,0.0,0.0,0.05268944865024999,0.0,0.0,0.0,0.08750474302032053,0.0,0.0,0.0,0.0,0.16917115058988674,0.0,0.0,0.0,0.0,0.0,0.0,0.0,0.0,0.0,0.0,0.0,0.0,0.05078658693843424,0.043752371510160266,0.04289688966856076,0.0,0.0,0.0,0.0,0.0,0.0,0.0,0.04169260531603043,0.0,0.0,0.0,0.07289481575499623,0.08497093021280322,0.0,0.07972958569702814,0.0,0.0,0.0,0.0,0.1059130515455147,0.0,0.0,0.0,0.0,0.0,0.0,0.0,0.0,0.0,0.0,0.05295652577275735,0.0,0.053605024811413264,0.0,0.0,0.0,0.05458292222626277,0.0,0.0,0.0,0.0,0.0,0.09681096472354067,0.0,0.0,0.0,0.0,0.0,0.0,0.0,0.0,0.0,0.0,0.03122154464967469,0.0,0.0,0.0,0.0826204505390557,0.0,0.0,0.0,0.0,0.0,0.0,0.0,0.048281576394321596,0.0,0.0,0.05896725136879381,0.0,0.0522005568090896,0.09122317146159686,0.043319001769535855,0.0,0.0,0.0,0.0,0.0,0.0,0.048281576394321596,0.0,0.18244634292319373,0.0,0.0,0.0,0.0,0.0,0.11475111603345083,0.0,0.0,0.0,0.0,0.0,0.0,0.0,0.0,0.05458292222626277,0.0,0.0,0.0,0.0,0.043319001769535855,0.0,0.0,0.16124815668938558,0.0,0.0,0.0,0.0,0.0,0.0,0.0,0.0,0.0,0.0,0.0,0.0,0.0,0.04948586074685193,0.0,0.0,0.0,0.0,0.0,0.0,0.04561158573079843,0.0,0.0,0.0,0.0,0.0,0.04512646307323533,0.0,0.0,0.0,0.0,0.0,0.0,0.0,0.0,0.0,0.0,0.05295652577275735,0.0,0.0,0.0373104638987658,0.0,0.04561158573079843,0.0,0.0,0.02895035687607703,0.0,0.0,0.0,0.0,0.07644388058025002,0.0,0.0,0.05458292222626277,0.0,0.0,0.0,0.0,0.0,0.0,0.0,0.0,0.0,0.0,0.0,0.0,0.0,0.0,0.0,0.0,0.035896494028110446,0.0,0.0,0.0,0.046111637559998496,0.05546153631687,0.03853749199494417,0.09025292614647067,0.03562788622358435,0.0,0.0,0.030236370162911533,0.0,0.0,0.05374938556312853,0.0,0.0,0.0,0.0,0.0,0.0,0.0,0.03293369540341616,0.05458292222626277,0.0,0.0,0.0,0.031019673703560752,0.0,0.17212667405017623,0.2046831817618134,0.0,0.0,0.0,0.0,0.0,0.0,0.0,0.0,0.0,0.0,0.0,0.0,0.10749877112625705,0.0,0.0,0.0,0.0,0.04169260531603043,0.12115654342909529,0.0,0.05639038352996225,0.0,0.03952266648170733,0.0522005568090896,0.08477623807494124,0.03822194029012501,0.0,0.0,0.0,0.0,0.0,0.0,0.0,0.0,0.0,0.0,0.0826204505390557,0.0,0.0,0.0,0.031019673703560752,0.0,0.0,0.0,0.0,0.0,0.0,0.0522005568090896,0.07550855662490642,0.0,0.0,0.0,0.0,0.0,0.0,0.11756278431575334,0.0,0.0,0.0,0.0,0.0,0.06934780774024092,sport
Dokumen_70,0.0,0.05365216487083512,0.031176769324505287,0.0,0.0,0.033423763069852605,0.04668674089734615,0.022325929039271636,0.0,0.0,0.0,0.0,0.0,0.0,0.0,0.0,0.0,0.0,0.0,0.0,0.0,0.0,0.0,0.0,0.06739331166006697,0.0,0.0,0.06684752613970521,0.13819192681615838,0.0,0.058469770817168025,0.0,0.04889517085968842,0.0,0.0,0.02985338879756263,0.0,0.0,0.11026923499914557,0.0,0.0,0.0,0.03857231195838935,0.0,0.0,0.0,0.0393684299153825,0.07563622968213701,0.0,0.0,0.0,0.0393684299153825,0.0,0.0,0.0,0.03819025100370923,0.0,0.0,0.0,0.0,0.0,0.02788778561010421,0.0,0.047258460928977876,0.0,0.0,0.0,0.07351282333276371,0.0,0.034547981704039596,0.0,0.044773711848653384,0.0,0.0,0.0,0.048120580234673534,0.0,0.0,0.036756411666381855,0.0,0.0,0.05359774002276794,0.0,0.10699041143495877,0.0,0.0,0.0,0.050943853272264625,0.0,0.03710164371456952,0.030721504668830266,0.0,0.0,0.0,0.20358626308457253,0.0,0.0,0.0,0.0,0.0,0.0,0.0,0.028836903240852925,0.0,0.1341304121770878,0.0,0.0,0.0,0.0,0.0,0.0,0.0,0.0,0.0,0.0,0.0,0.0,0.0,0.0,0.0,0.0,0.0,0.04889517085968842,0.033696655830033485,0.0,0.0,0.0,0.03094754144645259,0.0642644381641824,0.0,0.0,0.0,0.0,0.0,0.0,0.030721923606654062,0.0,0.0,0.03710164371456952,0.0,0.0,0.0,0.0,0.048932758447575865,0.0,0.0,0.0,0.03628463238439868,0.0,0.05365216487083512,0.03238138078377996,0.0,0.0,0.0,0.0,0.0,0.0,0.5774469628160823,0.11130493114370855,0.018235648357704082,0.0,0.04538343947212886,0.0,0.038964841628724114,0.0,0.03397484780859766,0.0,0.0,0.0,0.0,0.057283965454850094,0.028836903240852925,0.01950777145345391,0.0,0.0,0.0,0.0,0.1153476129634117,0.06526990531069367,0.0,0.0,0.0,0.0,0.0,0.0,0.0,0.042062548313055496,0.0,0.03857231195838935,0.04538343947212886,0.0,0.0,0.078736859830765,0.0,0.03425854889576111,0.043626985060997776,0.0,0.0,0.035145002952637,0.0,0.0,0.0,0.0,0.0,0.0,0.0,0.0,0.046451284355661086,0.0,0.0,0.0,0.0771446239167787,0.0,0.0,0.043626985060997776,0.0,0.0,0.0,0.0,0.038964841628724114,0.048120580234673534,0.0,0.0,0.0,0.0,0.0,0.0,0.0,0.0,0.0,0.0,0.037818114841068506,0.0,0.0,0.0,0.0,0.0,0.0,0.08221419711093918,0.0,0.0,0.0,0.0,0.0,0.14982160346675896,0.0,0.070290005905274,0.0,0.0,0.0,0.03745540086668974,0.0,0.0,0.0,0.0,0.0,0.0,0.0,0.0,0.0,0.0,0.04538343947212886,0.0,0.0,0.1417753827869336,0.0,0.0,0.0,0.0,0.04418887812672541,0.044773711848653384,0.0,0.040211404616470194,0.0,0.0,0.0,0.0,0.0,0.0,0.0,0.0,0.0,0.0,0.0,0.04668674089734615,0.0,0.0,0.0,0.04110709855546959,0.03641930348387029,0.0,0.0,0.0,0.0,0.0,0.0,0.0,0.0,0.0,0.0,0.06931443596827468,0.0,0.0,0.040211404616470194,0.0,0.0,0.0,0.0,0.0,0.0,0.0,0.0,0.04418887812672541,0.24126842769882115,0.0,0.0,0.0,0.0,0.0,0.0,0.0,0.0,0.0,0.0,0.040211404616470194,0.0,0.0,0.0,0.09624116046934707,0.0,0.0,0.0,0.0,0.0,0.0,0.0,0.0,0.02752507163572544,0.09946791422638453,0.0,0.0,0.0,0.0,0.0,0.0,0.0,0.0,0.0,0.0,0.0,0.0,0.0,0.0,0.0,0.0,0.0,0.0,0.12063421384941057,0.0,0.0,0.0,0.0,0.1082698368163055,0.0,0.0,0.0,0.0,0.0,0.0,0.0,0.0,0.0,0.0,0.07298465899439045,0.0,0.0,0.0,0.03289309363450654,0.0979048579660405,0.0,0.038964841628724114,0.0,0.07656834303060078,0.02964424002123529,0.0,0.0,0.0,0.10108996749010045,0.0,0.0,0.0,0.0,0.0,0.036756411666381855,0.038964841628724114,0.0,0.0,0.0,0.0,0.0,0.0,0.0,0.0,0.0,0.0,0.0,0.2494611592663486,0.03164653064676047,0.0,0.03484338261768909,0.0,0.04065225283761836,0.0,0.0,0.0,0.0,0.0,0.0,0.053313073653268005,0.0771446239167787,0.0,0.0,0.0,0.0,0.04538343947212886,0.0,0.0,0.0,0.0,0.0,0.0,0.0,0.0,0.0,0.02734710118886557,0.0,0.05058258206858266,0.07217989121087033,0.0,0.0,0.03094754144645259,0.0,0.0,0.0,0.0,0.0,0.040211404616470194,0.0,0.0,0.0,0.0,0.0,0.0,0.0,0.0,0.0,0.06408733279102787,0.0,0.0,0.0,0.0,0.0,0.049826106773449584,0.06739331166006697,0.0,0.0,0.0,0.0,0.0,0.0,0.0,0.0,0.0,0.12332129566640876,0.03641930348387029,0.0,0.0,0.0,0.02734710118886557,0.0,0.0,0.0,0.0,0.0,0.1542892478335574,0.0,0.033284362665772775,0.0,0.0,0.0,0.0,0.0,0.0,0.0,0.0,0.0,0.08513056377262226,0.0,0.03978371802852692,0.21398082286991754,sport
Dokumen_71,0.0,0.02457023250331387,0.0,0.0,0.0,0.0,0.0,0.020448504498113182,0.0,0.0353287020305553,0.0,0.0,0.0,0.0,0.0,0.0,0.0,0.0,0.0,0.0,0.0,0.11695768940920426,0.0,0.0,0.0,0.050094875844783,0.0,0.06122620637873779,0.031642784407005936,0.03946310188881238,0.02677647522428731,0.0,0.0,0.0,0.0,0.05468593526720236,0.0,0.0,0.0,0.0,0.0,0.0,0.0353287020305553,0.0,0.0,0.031117846294986026,0.0,0.0,0.0,0.0,0.03765033420276986,0.03605787310316632,0.0,0.03305508199686893,0.0,0.0,0.040472961799326704,0.0,0.06223569258997205,0.124701211477462,0.0,0.025542655290515796,0.0,0.04328441827349089,0.0,0.0,0.0,0.0,0.0,0.0,0.0,0.0,0.0,0.08430070662154358,0.06927585320883732,0.04407404053151285,0.0,0.0,0.0,0.0,0.0,0.03272707788976074,0.0,0.08399435110248611,0.0,0.0,0.0,0.062213199785577294,0.0,0.0,0.0984832876860458,0.0,0.0,0.0,0.1465092791572303,0.0,0.0,0.0447834945413304,0.0,0.0,0.0,0.0,0.10564784015840858,0.04100861587994554,0.07371069750994161,0.0,0.0,0.0,0.0,0.0,0.0,0.0,0.0,0.0,0.0,0.0,0.03995831925693667,0.0,0.0,0.0,0.0,0.0,0.0447834945413304,0.0,0.0,0.0,0.0,0.0,0.0,0.0,0.0,0.051423939868280234,0.029890625155831886,0.0,0.0,0.0,0.0,0.0,0.1019451141831881,0.037882159313139964,0.0,0.0,0.03430571385199227,0.044817921326376506,0.0,0.0,0.0,0.08308349310118625,0.0,0.07371069750994161,0.029658376565091966,0.0,0.03808059251337712,0.0,0.0,0.1821340410456276,0.0,0.6611106079726928,0.03398170472772937,0.06680872931426059,0.0,0.0,0.0,0.07137644645485505,0.0,0.1244713851799441,0.02696260178926346,0.0,0.0,0.0,0.026233430716652434,0.026411960039602146,0.0,0.0,0.0,0.08261210035958458,0.0,0.07923588011880643,0.14945312577915942,0.0,0.0,0.0,0.0,0.0,0.0,0.0,0.03852543859960592,0.0,0.0,0.0,0.0,0.0,0.0,0.0,0.06275538097084768,0.0,0.0,0.0,0.0,0.0,0.0,0.0,0.0,0.0,0.06861142770398454,0.0,0.14423149241266528,0.021272559261006647,0.0,0.0,0.0,0.0,0.0,0.0,0.0,0.0,0.0,0.0,0.0,0.0,0.0,0.0,0.0,0.0,0.0,0.04407404053151285,0.0,0.0,0.0,0.0,0.0,0.0,0.0,0.0,0.0,0.0,0.0,0.0,0.0,0.0,0.0,0.0,0.0,0.0,0.03430571385199227,0.0,0.0,0.0,0.0,0.03398170472772937,0.0,0.042760775131119595,0.0,0.0,0.0,0.03946310188881238,0.0,0.0,0.0,0.0941330714562715,0.0,0.0,0.0,0.0,0.10821104568372722,0.0,0.0,0.0,0.0,0.0,0.0,0.0,0.03682996065825377,0.0,0.026057297832905828,0.0,0.03137769048542384,0.0,0.0,0.0,0.0,0.0,0.10931471684251214,0.0,0.042760775131119595,0.050420885076178805,0.0,0.0,0.0,0.0,0.0,0.0,0.0,0.0,0.0,0.0,0.0,0.11695768940920426,0.0,0.0,0.063485669652907,0.0,0.0,0.0,0.0,0.0,0.0,0.03682996065825377,0.04407404053151285,0.0,0.0,0.0,0.0,0.03682996065825377,0.0,0.0,0.0,0.0,0.0,0.04632900853246356,0.0,0.0,0.0,0.0,0.0,0.0,0.0,0.0,0.0881480810630257,0.0,0.0,0.0,0.0,0.034978769217609985,0.0,0.0,0.08680197033179027,0.025210442538089402,0.09110349172472854,0.14152759148183994,0.0,0.0,0.0,0.0,0.0,0.0,0.0,0.0,0.0,0.0,0.0,0.0,0.0,0.0,0.0,0.0,0.0,0.03682996065825377,0.0,0.0,0.0,0.0,0.03305508199686893,0.0,0.0,0.0,0.0,0.0,0.0881480810630257,0.0,0.0,0.0,0.0,0.04456483834304195,0.0,0.0,0.0327601998608591,0.0301270586303005,0.0,0.0,0.0,0.0,0.02337652786468161,0.08145421957819937,0.0,0.0,0.03430571385199227,0.030863047943033815,0.0,0.026057297832905828,0.0,0.0,0.0,0.0,0.0,0.0,0.0,0.0,0.0,0.0,0.0,0.0,0.0,0.0,0.0,0.0,0.0,0.028985321199474254,0.0,0.0,0.0,0.0,0.0,0.06223569258997205,0.0,0.0,0.06733100763443346,0.0,0.0488298885340655,0.0353287020305553,0.0,0.0,0.0,0.0,0.0,0.0,0.06927585320883732,0.0,0.0,0.15955771148114797,0.0,0.0,0.0,0.0,0.0,0.0,0.0,0.0,0.0,0.0,0.0,0.0,0.0,0.0,0.0,0.0,0.0,0.0,0.04100861587994554,0.11170121165568209,0.0,0.0,0.0,0.03682996065825377,0.0,0.03366550381721673,0.13696228532915947,0.0,0.0,0.0,0.03191334456604268,0.0,0.022818073252139817,0.06172609588606763,0.13435048362399118,0.0,0.0,0.0,0.0,0.0,0.0,0.0,0.0,0.03765033420276986,0.03335674362299086,0.0,0.0,0.0,0.0250474379223915,0.0,0.0,0.0,0.0,0.0,0.0,0.0,0.030485425197342177,0.0,0.0,0.0,0.0,0.0,0.0,0.031642784407005936,0.0,0.0,0.0,0.03305508199686893,0.0,0.11199246813664815,sport
Dokumen_72,0.0,0.01786330388320034,0.0,0.0,0.0,0.022256654063233242,0.06217675964973978,0.04460004801633667,0.0,0.02568503737543914,0.0,0.0,0.0,0.0,0.0,0.0,0.0,0.0,0.0,0.028343928601568227,0.0,0.0,0.0,0.4279613690155257,0.0,0.018210246689482044,0.05962901386416274,0.06676996218969973,0.0,0.0,0.05840192767259127,0.0,0.0,0.028690871407849927,0.0,0.0,0.0,0.0,0.0,0.0,0.0,0.0,0.02568503737543914,0.02649170434997474,0.0,0.022623617602441633,0.026215166850247038,0.0,0.0,0.0,0.0,0.052430333700494075,0.0,0.0,0.0,0.02543062561211935,0.0,0.0,0.022623617602441633,0.0,0.0,0.07428113891503128,0.028690871407849927,0.015734542131879158,0.0,0.0,0.0,0.024475841854035115,0.06044104073020591,0.04601052704704393,0.0,0.05962901386416274,0.0,0.0,0.05036564539918519,0.03204316358295413,0.0,0.0,0.0,0.0,0.0315538319282933,0.023793577756136993,0.0,0.030533219781570378,0.0,0.0,0.0,0.04523088225421279,0.0,0.0,0.010228619385063985,0.0,0.0,0.0,0.14525002829456257,0.0,0.0,0.0,0.02381765843322708,0.0,0.0,0.0,0.0,0.05962901386416274,0.07145321553280136,0.0,0.0,0.10289484945478489,0.0,0.0,0.0,0.0,0.0,0.0,0.0,0.0,0.0290509094471257,0.0,0.0,0.4279613690155257,0.0,0.0,0.0,0.0,0.0,0.0,0.0,0.0,0.021396623800244034,0.0,0.0,0.037386763214984485,0.0,0.0,0.01763882586184874,0.0613725532138348,0.0,0.0,0.024705729501694536,0.06885369557157815,0.0,0.0,0.0,0.021722658314512616,0.0,0.0,0.0,0.07248506181994481,0.0,0.01786330388320034,0.04312507772917248,0.0,0.0,0.0,0.02981450693208137,0.03310424232080952,0.0,0.5126906173272661,0.024705729501694536,0.0242859857681475,0.0,0.0,0.0,0.025946420184548263,0.0,0.0,0.0,0.02076039637471605,0.027372934345550826,0.0,0.0,0.01920229563455386,0.025980181817154984,0.0,0.0,0.0,0.0,0.05760688690366158,0.0434627812614669,0.0,0.0,0.0,0.0,0.030220520365102956,0.05962901386416274,0.0,0.0,0.0,0.0,0.0,0.0,0.0,0.07864550055074113,0.02173139063073345,0.022812532206137336,0.0290509094471257,0.0,0.0,0.0,0.0,0.026215166850247038,0.0464039379224932,0.0,0.021073207209925417,0.0,0.0,0.0,0.03093159093236076,0.0,0.0,0.0,0.0,0.0,0.0,0.0,0.0,0.0,0.0,0.0,0.025946420184548263,0.03204316358295413,0.0,0.0,0.01857028472875782,0.0,0.03204316358295413,0.028343928601568227,0.0,0.0,0.05962901386416274,0.0,0.025182822699592596,0.09326513947460967,0.0,0.0,0.0,0.0,0.0,0.0,0.12237920927017558,0.024251363832683514,0.0,0.0,0.0,0.024941293957458525,0.0,0.04680563173771935,0.0,0.0290509094471257,0.0,0.0,0.03108837982486989,0.0,0.0,0.03108837982486989,0.0,0.0,0.0,0.0,0.0,0.0,0.0,0.0,0.0,0.09440725279127495,0.02360798239426818,0.0,0.0,0.03204316358295413,0.0,0.0,0.0,0.026776497908840163,0.0290509094471257,0.0,0.0,0.022812532206137336,0.0,0.0,0.030220520365102956,0.0,0.0,0.02649170434997474,0.0,0.06217675964973978,0.01832875598662375,0.0,0.0,0.0,0.0,0.0,0.0,0.02543062561211935,0.0,0.0,0.0,0.0,0.08503178580470468,0.0,0.0,0.04615600642303213,0.0,0.0,0.0,0.0,0.0,0.0,0.13388248954420082,0.0,0.0,0.0,0.028343928601568227,0.0,0.053552995817680325,0.0,0.0,0.0,0.0,0.0,0.03368259367961448,0.0,0.0,0.0,0.0,0.0,0.0,0.0,0.0,0.0,0.03204316358295413,0.0,0.0,0.0,0.02543062561211935,0.0,0.0,0.0,0.0,0.08831333374806061,0.0,0.0,0.0,0.0,0.0,0.0,0.0,0.0,0.0,0.0,0.0,0.0,0.0,0.0,0.0,0.0,0.0,0.0,0.0,0.030644584656373274,0.0,0.0,0.0,0.0240320466855385,0.0,0.0,0.0,0.0,0.0,0.0,0.030220520365102956,0.0,0.0,0.0,0.016199994235302564,0.0,0.0,0.02381765843322708,0.13141970960530389,0.02173139063073345,0.0,0.0,0.0,0.1529589998109007,0.03947979129347015,0.018693381607492243,0.0,0.0997651758298341,0.044876742952581865,0.0,0.0,0.0,0.0,0.0,0.04895168370807023,0.05189284036909653,0.0,0.0,0.027372934345550826,0.0,0.05137007475087828,0.0,0.0,0.0,0.0,0.0,0.0,0.027685745180760193,0.0,0.0,0.0,0.0,0.027070055708779708,0.0,0.0,0.02649170434997474,0.0,0.0,0.0,0.05325121388345636,0.0,0.0,0.0,0.0,0.0,0.0,0.0,0.0,0.0,0.0,0.058001646641140464,0.0,0.0,0.0,0.0,0.05463074006844613,0.023005263523521963,0.03368259367961448,0.048064093371077,0.0,0.030220520365102956,0.0,0.08503178580470468,0.0,0.0,0.0,0.0,0.026776497908840163,0.0,0.0,0.0,0.0,0.0,0.0,0.0,0.0,0.04895168370807023,0.08535062869995994,0.0,0.0,0.0,0.0464039379224932,0.030644584656373274,0.016589430990411824,0.022438371476290932,0.0,0.0,0.0,0.0,0.0,0.0,0.0,0.0,0.0,0.027372934345550826,0.09700545533073406,0.0,0.0,0.0,0.018210246689482044,0.0,0.0,0.0,0.0,0.0,0.0,0.0,0.0775733990235285,0.0,0.0,0.0,0.0,0.0,0.0,0.0,0.0,0.0,0.05668785720313645,0.0240320466855385,0.0,0.08142191941752101,sport
Dokumen_73,0.0,0.04811934130531288,0.02796169749225494,0.0,0.0,0.0,0.0,0.02002359088370903,0.0,0.0,0.0,0.0,0.0,0.0,0.0,0.0,0.0,0.0,0.0,0.0,0.0,0.07635156313916606,0.0,0.04803427209349661,0.0,0.09810783956143966,0.0,0.029976972350288598,0.0,0.0386430708072865,0.02622006833058978,0.0,0.13155872202602772,0.0,0.0,0.08032436760726147,0.0,0.0,0.03296594503486029,0.0,0.0,0.0,0.0,0.0,0.0,0.030471227049901607,0.0,0.033918161176570025,0.08140663918504748,0.0,0.0,0.03530860162517602,0.0,0.06473641518320639,0.0,0.0,0.03963194614043684,0.0,0.0,0.0,0.0,0.02501188679436617,0.0,0.0635774721247483,0.0,0.0,0.0,0.03296594503486029,0.0,0.0,0.0,0.0,0.0,0.0,0.0,0.04315819556762475,0.0,0.0,0.13186378013944117,0.0,0.0,0.03204701930864017,0.0,0.08224897440172144,0.0,0.0,0.02622006833058978,0.12184085737788795,0.0,0.033275575388011326,0.027553381529545656,0.0,0.0,0.0,0.24780294265912353,0.0,0.0,0.0,0.0,0.0,0.0,0.0,0.07758938297693073,0.0,0.14435802391593863,0.0,0.0,0.0,0.0,0.0,0.0,0.077286141614573,0.0,0.0,0.0,0.0,0.0,0.0,0.0,0.0,0.0,0.0,0.0,0.0,0.0,0.0,0.0,0.0,0.0,0.0,0.0,0.0,0.029269507187379175,0.0,0.0,0.02755375726484315,0.0,0.0,0.46585805543215864,0.0,0.0,0.0,0.0,0.1024021104145292,0.0,0.0,0.0,0.14644267874758363,0.0,0.1202983532632822,0.058084169301396316,0.0,0.0,0.0,0.04015646949452812,0.04458733796682819,0.0,0.2589491734057485,0.06655115077602265,0.0817755806648751,0.0,0.0,0.0,0.0,0.0,0.09141368114970483,0.05280465448594434,0.02796169749225494,0.0,0.0,0.10275323248110263,0.05172625531795382,0.0,0.0,0.0,0.0,0.0,0.15517876595386146,0.0,0.0,0.0,0.0,0.0,0.0,0.0,0.0,0.0,0.0,0.0,0.04070331959252374,0.0,0.0,0.0,0.0,0.09217701527469896,0.0,0.0,0.0,0.12608284465877845,0.0,0.0,0.03125019511232427,0.0,0.0,0.06718570340527999,0.0,0.03530860162517602,0.04166104408575759,0.0,0.0,0.0,0.0,0.0,0.0,0.0,0.0,0.13376201390048456,0.0,0.0,0.0,0.172632782270499,0.0,0.0,0.0,0.0,0.0,0.0,0.0,0.0,0.0,0.0,0.033918161176570025,0.0,0.0,0.0,0.0,0.0,0.0,0.0,0.06593189006972058,0.0,0.0,0.04070331959252374,0.028818617489724543,0.0,0.0,0.0,0.0,0.0,0.0,0.0,0.0,0.0386430708072865,0.0,0.0,0.0,0.0,0.0,0.0,0.0,0.0,0.04070331959252374,0.0,0.0,0.0,0.0,0.0,0.0,0.0,0.0,0.04015646949452812,0.0,0.0,0.0,0.025515835223510256,0.0,0.0,0.0,0.0,0.08140663918504748,0.0,0.0,0.1784053179231217,0.0,0.0,0.024686577320436144,0.036460031647047,0.0,0.0,0.0326636007822073,0.0,0.0,0.0,0.0,0.08770581468401847,0.0,0.0,0.22905468941749818,0.0,0.0,0.01554161425625782,0.0,0.0,0.0,0.0,0.0,0.0,0.0,0.04315819556762475,0.0,0.0,0.0,0.0,0.03606464543908431,0.0,0.0,0.0,0.0,0.0,0.13609891808775257,0.0,0.0,0.0,0.0,0.0,0.0,0.0,0.0,0.0,0.0,0.0,0.0,0.0,0.0,0.0,0.0,0.0,0.024686577320436144,0.0,0.0,0.0,0.0,0.0,0.0,0.0,0.0,0.0,0.0,0.0,0.0,0.03912799771129276,0.0,0.0,0.0,0.0,0.0,0.0,0.0,0.0,0.0,0.0,0.0,0.0,0.0,0.0,0.0,0.0,0.0,0.0,0.0,0.0,0.04015646949452812,0.0,0.04363879475205828,0.0,0.0,0.0,0.029501027647196188,0.05853901437475835,0.0,0.0,0.0,0.0,0.21269766940477725,0.025177683131935368,0.0,0.0,0.0,0.0,0.05103167044702051,0.0,0.0,0.0,0.0,0.034946632959805386,0.0,0.0,0.0,0.0,0.034594582502479515,0.08031293898905624,0.0,0.0,0.0,0.0,0.0,0.0,0.0,0.04187221941706414,0.03125019511232427,0.0386430708072865,0.10938009494114101,0.0,0.09141368114970483,0.0,0.0,0.0,0.0,0.0,0.034594582502479515,0.0,0.0,0.04249912608484385,0.045366306029250854,0.0,0.0,0.0,0.08140663918504748,0.0,0.0,0.0,0.0,0.0,0.0,0.14716175934215947,0.061970514219830394,0.0,0.03236820759160319,0.0,0.0,0.11102443400055023,0.0,0.0,0.0,0.0,0.0,0.03606464543908431,0.0,0.0,0.10938009494114101,0.0,0.0,0.0,0.0,0.0,0.0,0.03831892894216948,0.0,0.0,0.0,0.0,0.0,0.08937568292048167,0.0,0.0,0.0,0.0,0.0,0.0,0.0,0.0,0.0,0.0,0.0,0.0,0.0,0.0,0.0,0.0,0.0,0.0,0.0,0.0,0.0,0.0,0.0,0.04477792120131472,0.0,0.0,0.0,0.0,0.0,0.0,0.0,0.0,0.0,0.0,0.06473641518320639,0.0,0.02741632480057381,sport
Dokumen_74,0.0,0.0,0.11142052828978373,0.0,0.0,0.0,0.0,0.11968367130461209,0.0,0.0,0.0,0.0,0.0,0.0,0.0,0.0,0.0,0.0,0.0,0.0,0.0,0.0,0.0,0.0,0.0,0.0,0.0,0.0,0.0,0.0,0.05224028094141547,0.0,0.0,0.0,0.0,0.05334549446805968,0.0,0.0,0.0,0.0,0.0,0.0,0.0689254767071713,0.07109015744915707,0.0,0.06071019501728022,0.0,0.0,0.0,0.0,0.07345492712598926,0.07034807252564564,0.0,0.0,0.0,0.0,0.0,0.0,0.0,0.0,0.0,0.14949938076494454,0.0,0.12667034133801414,0.0,0.0,0.0,0.13136123128338353,0.0,0.06173433707552628,0.0,0.0,0.0,0.0,0.0,0.17197485780362612,0.0,0.0,0.0,0.0,0.0,0.0,0.0,0.08193551358667586,0.0,0.0,0.0,0.06068825354793259,0.0,0.0,0.027448372251383375,0.0,0.0,0.0,0.12992554505041776,0.061217144994667586,0.0,0.0,0.0,0.0,0.0,0.0,0.0,0.0,0.1438078579817831,0.0,0.0,0.0,0.0,0.0,0.0,0.0,0.0,0.0,0.0,0.0,0.0,0.06824276592071565,0.0,0.0,0.0,0.0,0.0,0.0,0.0,0.0,0.0,0.0,0.05741757248778825,0.0,0.0,0.05016345585689233,0.058315915092471235,0.0,0.047333568696507296,0.054897493109416176,0.0,0.0,0.0,0.0,0.0,0.0,0.0,0.08743872304658357,0.0,0.0,0.0,0.16209396437897464,0.0,0.23967976330297183,0.05786280348883879,0.0,0.0,0.0,0.0,0.08883482043025448,0.0,0.34394971560725224,0.0662975162703499,0.032585569604305954,0.0,0.08109638861165515,0.0,0.0,0.0,0.06071019501728022,0.0,0.055710264144891865,0.0,0.0,0.15354244117822166,0.0515291202865548,0.0,0.0,0.0,0.053724762698049454,0.0,0.1030582405731096,0.0,0.0,0.0,0.0,0.0,0.0,0.0,0.0,0.0,0.0,0.0,0.0,0.0,0.0,0.0,0.0,0.061217144994667586,0.0,0.0,0.0,0.0,0.0,0.07034807252564564,0.0,0.22288305327543337,0.0,0.06692965054259059,0.0,0.07034807252564564,0.08300453758976599,0.0,0.0,0.0,0.0,0.0,0.0,0.0,0.0,0.0,0.0,0.0,0.0,0.08598742890181306,0.0,0.0,0.04983312692164818,0.0,0.0,0.0,0.0,0.0,0.0,0.0689254767071713,0.06757778990274559,0.3337011144911567,0.0,0.0,0.0,0.0,0.0,0.0,0.13136123128338353,0.0,0.0,0.0,0.0,0.0,0.0,0.0,0.0,0.0,0.0,0.0,0.08342527862278917,0.0,0.0,0.0,0.0,0.0,0.0,0.0,0.061217144994667586,0.0,0.0,0.0,0.0,0.04222344711267138,0.0,0.0,0.0,0.0,0.0,0.0,0.0,0.21556319221246562,0.0,0.0,0.0,0.0,0.0,0.0,0.0,0.0,0.06173433707552628,0.07109015744915707,0.0,0.0,0.049184987561493185,0.0,0.0,0.0,0.0,0.0,0.0,0.0,0.0,0.0,0.0,0.0,0.0,0.0,0.0,0.09289429967840446,0.0,0.0,0.0,0.0,0.0,0.0,0.0,0.0,0.0,0.0,0.0,0.0,0.07185439740415521,0.0,0.0,0.0,0.0,0.0,0.0,0.0,0.0,0.0,0.0,0.0,0.08598742890181306,0.0,0.0,0.08598742890181306,0.0,0.0,0.0,0.0,0.0,0.08223435983603207,0.0,0.0,0.09836997512298637,0.11849386355196077,0.0,0.0,0.0,0.0,0.0,0.0,0.0,0.0,0.0,0.0,0.0,0.0,0.0,0.0,0.0,0.0,0.0,0.0,0.0,0.0,0.0,0.0,0.0,0.0,0.0,0.0,0.0,0.0,0.0,0.0,0.0,0.0,0.0,0.0,0.1304174460407106,0.0,0.0,0.06391438865993426,0.0,0.0,0.0,0.0,0.0,0.09121412529892071,0.15891528959604267,0.0,0.0,0.0,0.0,0.0,0.0,0.0,0.0,0.0,0.06568061564169177,0.0,0.0,0.0,0.0,0.0,0.0,0.0,0.0,0.0,0.0,0.0,0.0,0.0,0.0,0.0,0.0,0.0,0.0,0.0,0.0,0.0,0.0,0.0,0.0,0.0,0.0,0.0,0.0,0.08467431352368798,0.0,0.0,0.0,0.0,0.08109638861165515,0.0,0.0,0.0,0.0,0.0,0.0,0.048866969344103534,0.0,0.0,0.06448969685493468,0.0,0.0,0.055300653209814914,0.0,0.0,0.0,0.0,0.0,0.0,0.0,0.0,0.0,0.0,0.0,0.0,0.0,0.0,0.0,0.07634578171475127,0.0,0.0,0.0,0.0,0.16446871967206414,0.08903506135507863,0.0,0.0,0.0,0.0,0.0,0.0,0.0,0.0,0.0,0.0,0.0,0.0,0.0,0.0,0.0,0.0,0.0,0.0,0.0,0.0,0.0,0.0,0.0,0.14869089037932268,0.0,0.0,0.0,0.0,0.0,0.0,0.0,0.0,0.0,0.0,0.0,0.0,0.08193551358667586,sport
Dokumen_75,0.0,0.084672951130054,0.0,0.0,0.0,0.0,0.07368023526989795,0.10570322575200922,0.0,0.0608741789504432,0.0,0.0,0.0,0.0,0.0,0.0,0.0,0.0,0.0,0.06717581744694463,0.0,0.0,0.0,0.0,0.0,0.12947621599732553,0.4946278732795515,0.0,0.0,0.0,0.04613800821370719,0.0,0.0,0.0,0.059111488507070147,0.18845647975681964,0.0,0.0,0.05800835541746247,0.0,0.051503937594509164,0.0,0.0,0.0,0.0,0.0,0.0,0.0,0.0,0.0,0.0,0.0,0.0,0.0,0.0,0.0,0.0,0.0,0.0,0.0,0.0,0.0,0.0,0.0,0.0,0.0,0.0,0.0,0.0,0.0,0.0,0.0,0.06638241171239148,0.0,0.0,0.0,0.0,0.0,0.0,0.0828476972993801,0.0,0.11278274499093303,0.0,0.07236449212621593,0.0,0.0,0.0,0.05359915931176059,0.0,0.0,0.04848416591815154,0.0,0.0,0.0,0.045899491784349766,0.0,0.0,0.0,0.0,0.0,0.0,0.0,0.0,0.0,0.0,0.0,0.0,0.0,0.0,0.0,0.0,0.0,0.0,0.0,0.0,0.0,0.0,0.0,0.0,0.0,0.1545118127835275,0.0,0.0,0.0,0.0,0.0,0.0,0.0,0.0,0.0,0.0,0.0,0.0,0.0,0.0,0.0,0.0,0.0,0.0,0.06527399005666312,0.0,0.0,0.0,0.1287081044683866,0.0,0.0,0.0,0.1431595030719001,0.0,0.042336475565027,0.0,0.0,0.0,0.0,0.0,0.0,0.0,0.0,0.0,0.08633758764072179,0.0,0.0,0.0,0.0,0.05695654980357466,0.0,0.046458719170310976,0.0,0.0,0.0,0.0,0.04550991939902368,0.06157367863575101,0.0,0.0,0.0,0.0,0.0,0.0,0.0,0.0,0.0,0.0,0.0,0.0,0.0,0.0,0.0,0.0,0.0,0.0,0.0,0.0,0.20601575037803666,0.0,0.0,0.0,0.0,0.0,0.0,0.0,0.0,0.0,0.0,0.059111488507070147,0.0,0.0,0.036654320842821865,0.0,0.0,0.0,0.0,0.0,0.0,0.0,0.0,0.0,0.0,0.0,0.0,0.0,0.0,0.0,0.0,0.0,0.0,0.0,0.06213059902274644,0.0,0.0,0.0608741789504432,0.0,0.0,0.0,0.0,0.0,0.0,0.0,0.0,0.0,0.0,0.0,0.0,0.0,0.0,0.0,0.0,0.0,0.0,0.05855319487389627,0.0,0.0,0.0,0.0,0.0,0.0,0.0,0.0,0.0,0.0,0.0,0.0,0.0,0.0,0.11187377142248646,0.0,0.06885137967712283,0.0,0.0,0.0,0.0,0.0,0.0,0.0,0.0,0.0,0.0,0.0,0.0,0.1432467734261444,0.0,0.0,0.0,0.0,0.0,0.0,0.06415670693126833,0.07262842965601013,0.0,0.0,0.0,0.0,0.0,0.0,0.0,0.0,0.0,0.06717581744694463,0.0,0.0,0.05469544298425273,0.0,0.0,0.12692193525305595,0.0,0.0,0.0,0.0,0.0,0.0,0.0,0.0,0.0,0.0,0.0,0.0,0.0,0.0,0.0,0.0,0.0,0.0,0.0,0.0,0.0,0.0,0.0,0.0,0.0,0.0,0.0,0.0,0.0,0.0,0.0,0.0,0.0,0.0,0.313957204171544,0.0,0.0,0.0,0.0,0.0,0.0828476972993801,0.0,0.0,0.0,0.0,0.0,0.0,0.0,0.0,0.0,0.0,0.0,0.0,0.0,0.0,0.0,0.06638241171239148,0.0,0.11391309960714932,0.12557199958328075,0.0,0.0,0.0,0.0,0.0,0.0,0.0,0.0,0.0,0.0,0.0,0.0,0.0,0.10382266275875296,0.10300787518901833,0.06346096762652798,0.0,0.0,0.08055925401640253,0.0,0.08860756093363098,0.0,0.0,0.0,0.0,0.0,0.0,0.0,0.0,0.0,0.0,0.12692193525305595,0.0,0.0,0.0,0.1217483579008864,0.0,0.0,0.0,0.0,0.0,0.12557199958328075,0.0,0.0,0.0,0.0,0.0,0.0,0.0,0.0,0.06278599979164037,0.04957030320280711,0.0,0.0,0.0,0.0,0.0,0.0,0.07478336835950562,0.0,0.0,0.0,0.0,0.0,0.0,0.27493069723382413,0.0,0.0,0.0,0.0,0.04315873866577518,0.0,0.0,0.0,0.0,0.0,0.0,0.0,0.0,0.0,0.0,0.0,0.0,0.0,0.0,0.0,0.0,0.0,0.0,0.0,0.0,0.05800835541746247,0.0,0.0,0.0,0.0,0.0,0.0,0.03931736504935071,0.0,0.0,0.0,0.12298732544947899,0.07066112475422165,0.0,0.0,0.0,0.0,0.0,0.12974907370336694,0.11495267382049836,0.0,0.0,0.0,0.04315873866577518,0.0,0.0,0.07478336835950562,0.0,0.0,0.0,0.0,0.07879323845120281,0.0,0.0,0.0,0.0,0.0,0.0,0.0,0.0,0.0,0.0,0.0,0.06278599979164037,0.14472898425243186,sport
Dokumen_76,0.0,0.05410309642356349,0.03143880141648888,0.0,0.0,0.03370468052053514,0.0,0.13508143365308511,0.0,0.0,0.0,0.04640706247188302,0.0,0.0,0.0,0.0,0.0,0.0,0.0,0.0,0.0,0.0,0.0,0.0,0.0,0.0,0.04515002246825153,0.0,0.0,0.0,0.05896119301058244,0.04292303126510179,0.04930612119822105,0.043448429036545784,0.0,0.0,0.0,0.0,0.0,0.0,0.0,0.0,0.0,0.0,0.0,0.0,0.0,0.0,0.045764874683151366,0.0,0.04145259230813366,0.0,0.0,0.0,0.0,0.03851122946237251,0.0,0.0,0.0,0.0,0.0,0.0,0.0,0.02382782758743412,0.0,0.0,0.0,0.03706533910342652,0.0,0.03483834790027677,0.0,0.0,0.0,0.0,0.03813596559858404,0.0,0.0,0.0,0.0,0.0,0.0,0.018016071383251935,0.0,0.07706402581727606,0.0,0.0,0.0,0.11986805184151564,0.0,0.1496538909245925,0.04646956558163601,0.0,0.0,0.0,0.17596915638291524,0.0,0.0,0.0,0.03606860968222865,0.08689685807309157,0.0,0.0,0.029079269407914048,0.0,0.13525774105890873,0.0,0.0,0.0,0.0,0.0,0.0,0.043448429036545784,0.23203531235941513,0.0,0.0,0.4176635622469472,0.0,0.03851122946237251,0.0,0.0,0.0,0.04145259230813366,0.0,0.0,0.0,0.0,0.0,0.06241529388350252,0.0,0.0,0.0,0.056617176430826456,0.0,0.06781157578886875,0.026711606728572184,0.09294039853991175,0.0,0.0,0.11224041819344438,0.06256174370069077,0.0,0.0,0.0,0.0,0.0,0.0,0.0,0.0365895946475369,0.0,0.027051548211781747,0.0,0.0,0.0,0.0,0.0,0.0,0.0,0.0,0.0,0.05516674176065009,0.0,0.045764874683151366,0.0,0.0,0.0,0.0,0.0,0.0,0.04145259230813366,0.0,0.028882710641677727,0.058158538815828095,0.03934345771492922,0.0,0.0,0.0,0.0,0.14539634703957025,0.032909240373457015,0.0,0.0,0.0,0.03265353730069724,0.0,0.0,0.0,0.0,0.0,0.0,0.0,0.0,0.0,0.03969931064075416,0.09872772112037104,0.20727889493752064,0.0,0.0,0.0,0.0,0.03929233030657627,0.0,0.0,0.0,0.0,0.0755404062278688,0.0,0.0,0.07026254175976869,0.0,0.0,0.0,0.0,0.0,0.0,0.0,0.0,0.05013188002685678,0.0,0.0,0.0,0.0,0.0,0.0,0.0,0.0,0.0,0.0,0.0,0.0,0.0,0.0,0.0,0.0,0.0,0.03316955095589062,0.0,0.0,0.0,0.04145259230813366,0.0,0.0,0.0,0.045764874683151366,0.0,0.0,0.0,0.0,0.0,0.0,0.0,0.0,0.0470791299950713,0.0,0.0,0.0,0.0,0.03454648248958677,0.0,0.0,0.06909296497917354,0.0,0.045764874683151366,0.0,0.0,0.07148348276230236,0.0,0.0,0.0,0.0,0.0,0.0,0.0,0.0,0.0,0.0,0.0,0.0,0.0,0.0,0.0,0.043448429036545784,0.03483834790027677,0.08023617827042401,0.0,0.0,0.027756412222289625,0.0,0.0,0.04145259230813366,0.14690159048086784,0.0,0.0,0.0,0.0,0.04930612119822105,0.0,0.03191251095225914,0.17169212506040715,0.0,0.0,0.017474251140493214,0.0,0.0,0.0,0.03851122946237251,0.0,0.0879873155205186,0.04054937031020775,0.0,0.0,0.0,0.04292303126510179,0.0,0.0,0.0,0.0,0.0,0.0,0.0,0.0,0.0,0.0,0.0,0.0,0.04054937031020775,0.0,0.0,0.0,0.0,0.0,0.0,0.0,0.0,0.0,0.0,0.0,0.28670396403347503,0.0,0.10030391443470302,0.0,0.0,0.0,0.0,0.11284170672705558,0.0,0.0,0.0,0.0,0.0,0.0,0.0879873155205186,0.0,0.0,0.0,0.0,0.0,0.0,0.0810987406204155,0.0,0.0,0.0,0.0,0.0,0.0,0.03706533910342652,0.0,0.0,0.0,0.0,0.0,0.0,0.0,0.0,0.0,0.0,0.0,0.18034304841114324,0.03316955095589062,0.16454620186728505,0.0,0.0,0.0,0.051474585799723624,0.029893391629831324,0.056617176430826456,0.0,0.0755404062278688,0.10193960060584357,0.0,0.0,0.0,0.0,0.040118089135212004,0.0,0.07858466061315254,0.0,0.0,0.0,0.0,0.0,0.0,0.0,0.0,0.0,0.0,0.08023617827042401,0.0,0.0,0.0,0.035136231576606766,0.0,0.04099392373828203,0.0,0.034260396973536736,0.0,0.0,0.0,0.0,0.026880577619219602,0.038896501533322504,0.04640706247188302,0.04778399400557918,0.09556798801115836,0.15302314388978042,0.09152974936630273,0.0,0.0,0.0,0.0,0.0,0.0,0.0,0.0,0.0,0.0,0.0,0.0,0.07278654316047649,0.0,0.0,0.0,0.0,0.0,0.0,0.0,0.06063665902639007,0.0,0.0,0.0,0.04099392373828203,0.04778399400557918,0.0,0.0,0.0,0.0,0.0,0.06462596903348426,0.0,0.0,0.03010429824356723,0.0,0.0,0.05024488136992397,0.0,0.0986122423964421,0.0,0.0,0.0,0.0,0.0,0.0,0.0,0.0,0.0,0.11017619286065088,0.0,0.0,0.0,0.0,0.0,0.0,0.0,0.0,0.0,0.0,0.0,0.0,0.0,0.0,0.0,0.0,0.0,0.0,0.0,0.0,0.0,0.0,0.1819663579011912,0.0,0.15412805163455212,sport
Dokumen_77,0.0,0.06939601486706024,0.0,0.0,0.0,0.02882115399558883,0.0,0.0,0.0,0.0,0.0,0.0,0.0,0.31307141452435594,0.0,0.0,0.0,0.0,0.0,0.0,0.0,0.0,0.0,0.0,0.0,0.0,0.19304080774018156,0.0,0.0,0.07430622956747832,0.0,0.0,0.0,0.0,0.0322976163422803,0.0,0.0,0.0,0.09508464370825744,0.0,0.028140966478034858,0.0,0.0,0.10291593990367955,0.0,0.05859270355775681,0.0,0.0,0.0,0.0,0.0,0.0,0.0,0.09336057204087209,0.0,0.0,0.0,0.0,0.05859270355775681,0.0,0.0,0.0,0.0,0.0,0.0,0.0,0.0,0.0,0.0,0.029790562446483426,0.0,0.15443264619214525,0.03627033795817335,0.0,0.0,0.0,0.0,0.0,0.0,0.0,0.0,0.046217079620369084,0.0,0.052718474023132074,0.0,0.0,0.0,0.0878572910668431,0.0,0.03199257321063203,0.03973651389220114,0.0,0.0,0.0,0.10031513084156321,0.0,0.0,0.0,0.0,0.07430622956747832,0.0,0.0,0.0,0.0,0.09252801982274698,0.0,0.0,0.0,0.0,0.0,0.0,0.07430622956747832,0.0,0.0,0.0,0.0,0.0,0.1646563708293048,0.0,0.0,0.028140966478034858,0.0,0.0,0.0,0.0,0.0,0.0,0.026685919713737707,0.027707461677774284,0.0,0.08065074551078782,0.09682764147336079,0.0,0.0,0.022841318152377565,0.026491370509586287,0.0,0.0,0.03199257321063203,0.053497069890088365,0.0,0.03810386217497431,0.0322976163422803,0.0,0.0,0.0,0.0,0.031288068175882255,0.0,0.06939601486706024,0.0,0.0,0.03585153110033126,0.0,0.0,0.0,0.0,0.0,0.0,0.14152062578518101,0.0,0.0,0.0,0.0,0.031120190680290694,0.0,0.0,0.0,0.0,0.0,0.0246978472531924,0.024865926296915374,0.033642919499861465,0.0,0.0,0.0,0.0,0.0994637051876615,0.028140966478034858,0.0,0.0,0.0,0.05584462528702569,0.0,0.0,0.0,0.0,0.0,0.0,0.0,0.0,0.0,0.06789442462145774,0.22512773182427886,0.0,0.03761934442206466,0.0,0.0,0.06061074213316232,0.0,0.0,0.030045285267637247,0.0,0.0,0.0,0.0,0.0,0.04005472444588204,0.0,0.0,0.0,0.0,0.04025775751648489,0.0,0.0,0.0,0.0,0.0,0.0,0.0,0.0,0.0,0.03913392681554449,0.07214251985795243,0.0,0.0,0.0,0.0,0.04824594324108883,0.07721632309607263,0.0,0.032610382899716545,0.0,0.0,0.0,0.053767163673858545,0.0,0.0,0.0,0.03169488123608581,0.03140419443277664,0.0,0.0,0.027707461677774284,0.0,0.0,0.0,0.0,0.0,0.0,0.0,0.0,0.03715311478373916,0.03913392681554449,0.0,0.0,0.0,0.0,0.0,0.02954098589457524,0.0,0.0,0.0,0.0,0.0,0.03057105053514542,0.0,0.0,0.0,0.03810386217497431,0.03860816154803631,0.0,0.0,0.0,0.024532024372227134,0.0,0.0,0.0,0.0,0.0,0.0,0.0,0.06861062660245303,0.0,0.0,0.02373474006188123,0.03505424678998536,0.0,0.0,0.03140419443277664,0.0,0.23480356089326695,0.0,0.0,0.08432415261217455,0.0,0.05457730963986438,0.0,0.0,0.0,0.02988475637802915,0.0,0.0,0.1386964217533666,0.0,0.0,0.0,0.24271873806839156,0.08298830089252006,0.0,0.3372966104486982,0.1101115282753018,0.0,0.10402231631502494,0.0,0.0,0.0,0.0,0.0,0.0,0.0,0.0,0.0,0.0,0.0,0.0,0.0,0.0,0.0,0.0,0.0,0.0,0.03544645811732834,0.0,0.0,0.0,0.12258147786803811,0.0,0.0,0.0,0.0,0.0,0.0,0.0,0.0,0.0,0.0,0.0,0.0,0.0,0.0,0.0,0.0,0.0,0.0,0.2058318798073591,0.0,0.0,0.0,0.0,0.0,0.0,0.0,0.0,0.03169488123608581,0.0,0.0,0.0,0.0,0.0,0.0,0.0,0.0,0.0,0.0,0.0,0.12337027831193259,0.0,0.14070483239017428,0.0,0.0,0.0,0.0,0.07668626703839193,0.024206910368340197,0.0,0.0,0.02905646814166559,0.0,0.024532024372227134,0.04149415044626003,0.0,0.0,0.0,0.06719840005137641,0.0,0.0,0.0,0.030045285267637247,0.0,0.07721632309607263,0.0,0.0,0.0,0.0,0.0,0.0,0.0,0.0,0.0,0.0,0.03505424678998536,0.0,0.029296351778878404,0.0,0.0,0.0,0.0,0.0,0.06652144706718294,0.0,0.0,0.04086049262267937,0.08723424614076886,0.0,0.0,0.0,0.0,0.0,0.02503632374528913,0.0,0.03913392681554449,0.0,0.0,0.0,0.029790562446483426,0.0,0.0,0.0,0.0,0.0,0.0,0.0,0.0,0.0,0.025925456948224655,0.0693482108766833,0.0,0.0,0.03505424678998536,0.0,0.0,0.0,0.0,0.07170306220066253,0.0,0.09210367703942424,0.0,0.0,0.12871218510413726,0.09013585580291174,0.03968306696068977,0.10741204493619089,0.0,0.04216207630608727,0.0,0.0,0.0,0.0,0.0,0.0,0.0,0.0,0.0,0.0,0.0,0.0,0.0,0.02358127698099198,0.0,0.0,0.0,0.0,0.0,0.0,0.0,0.028700949681531328,0.0,0.0,0.0,0.0,0.0,0.03913392681554449,0.0,0.0,0.0,0.03670384275843393,0.18672114408174417,0.0,0.15815542206939623,sport
Dokumen_78,0.0,0.032745687057511325,0.0,0.0,0.0,0.0,0.0,0.0,0.026626988929699794,0.0,0.0,0.0,0.0,0.24929109927120746,0.0,0.0,0.0,0.0,0.0,0.0,0.0,0.05195799287948487,0.0,0.0,0.0,0.0,0.0,0.0,0.021085773520465558,0.07889097414496045,0.0,0.0,0.0,0.0,0.0,0.0,0.0,0.0,0.0,0.0,0.01991818875084381,0.0,0.047083910202502105,0.14568789725626627,0.0,0.1036798549364478,0.02402785216697662,0.0,0.0,0.0,0.025089019024307838,0.0,0.026969930813487683,0.0,0.0,0.02330877069035229,0.0,0.0,0.0,0.02769901103013416,0.0,0.01702083601871302,0.0,0.07210849627994927,0.0,0.0,0.0,0.0,0.0,0.0,0.0,0.02732687413693116,0.28239377701503354,0.0,0.06924493112283493,0.0,0.0,0.0,0.0,0.0,0.0,0.032712469776396,0.0,0.055971239495388965,0.0,0.0,0.0,0.020728476732466604,0.03034212389827633,0.0,0.04687587072410197,0.0,0.0,0.0,0.11538002905371406,0.06272736937376719,0.0,0.0,0.0218303846420772,0.0,0.0,0.0,0.0,0.0,0.016372843528755662,0.0,0.0,0.0,0.0,0.0,0.0,0.026296991381653482,0.0,0.0,0.0,0.0,0.0,0.0,0.0,0.0,0.21910007625928193,0.0,0.0,0.0,0.0,0.0,0.0,0.16999475396009522,0.0,0.0,0.0,0.10280197238450246,0.0,0.0,0.0,0.0,0.0,0.0,0.0,0.06310875028164478,0.0,0.0,0.0,0.039820370065654274,0.0,0.0,0.0,0.08858283500148097,0.0,0.06549137411502265,0.0,0.0,0.0,0.0,0.05465374827386232,0.0,0.0,0.0,0.0,0.03338945422890836,0.0,0.0,0.0,0.02378152891484301,0.06608065495008185,0.0,0.0,0.0,0.025089019024307838,0.0,0.05244344223705729,0.03520022767044054,0.03571871036753813,0.0,0.0,0.0,0.0,0.0,0.05975456625253144,0.0,0.0,0.0,0.0,0.0,0.0,0.0,0.0,0.0,0.0,0.05539802206026832,0.0,0.0,0.0,0.09959094375421906,0.0,0.0,0.0,0.0,0.0,0.0,0.0,0.0,0.0,0.05794476652580019,0.022860267397354875,0.0,0.0,0.02835075200771248,0.0,0.0,0.0,0.023541955101251053,0.0,0.0,0.0,0.0,0.03034212389827633,0.0,0.0,0.0,0.0,0.0,0.02769901103013416,0.051062508056139065,0.0,0.0,0.0,0.0,0.0,0.02732687413693116,0.0,0.0,0.0,0.0,0.020075740710594807,0.0,0.0,0.0,0.0,0.0,0.0,0.0,0.0,0.0,0.0,0.06174443871803862,0.0,0.0,0.0,0.0,0.022860267397354875,0.0,0.0,0.0,0.0,0.0,0.020909123124589063,0.0,0.0,0.0,0.0,0.05539802206026832,0.0,0.0,0.04326509776796956,0.0,0.0,0.0,0.0,0.08090979244046305,0.0,0.0,0.0,0.0,0.08681888951250458,0.01991818875084381,0.020909123124589063,0.0,0.0,0.0,0.026296991381653482,0.021085773520465558,0.07284394862813313,0.0,0.0,0.016799459708456255,0.0,0.0,0.0,0.0,0.025978996439742434,0.3046891213314758,0.0,0.5461115664435243,0.0,0.0,0.0,0.025978996439742434,0.0,0.0,0.03172866604147291,0.0,0.02808769267225924,0.0,0.11654385345176144,0.0,0.026626988929699794,0.09816938980068436,0.0,0.0,0.11936934641496653,0.10391598575896974,0.0,0.09816938980068436,0.0,0.0,0.0,0.0,0.0,0.03087221935901931,0.0,0.0,0.0,0.0,0.02454234745017109,0.0,0.0,0.0,0.0,0.029369578379250912,0.0,0.0,0.025089019024307838,0.11654385345176144,0.0,0.0,0.0,0.0,0.04047236738550972,0.0,0.0,0.03087221935901931,0.0,0.0,0.0,0.0,0.0,0.0,0.0,0.0,0.026626988929699794,0.0,0.0,0.0,0.0,0.0,0.0,0.0,0.0,0.0,0.0,0.0,0.0,0.0,0.022433651217654282,0.0,0.0,0.0,0.0,0.0,0.0,0.0,0.0,0.014848315435690443,0.0,0.0,0.0436607692841544,0.040151481421189614,0.03983637750168762,0.0,0.0,0.0,0.03115479130467384,0.0,0.0,0.0,0.0,0.020566181240801173,0.0,0.017363777902500918,0.0,0.0,0.0,0.0,0.02378152891484301,0.0,0.02567216154682123,0.0,0.08506426579213015,0.0,0.0,0.0,0.0,0.0,0.0,0.0,0.0,0.05794476652580019,0.0,0.06379819934409761,0.0,0.024811411670120687,0.0,0.062207912961868686,0.0,0.019170391658274513,0.0,0.0,0.03253872849542656,0.0,0.0,0.0,0.0,0.12348887743607724,0.0,0.0,0.0,0.0,0.0,0.01772072122594439,0.0,0.02769901103013416,0.0,0.0,0.03338167694133343,0.0,0.0,0.02202688498336062,0.0,0.0,0.0,0.0,0.0,0.0,0.0,0.0,0.02454234745017109,0.0,0.0,0.024811411670120687,0.0,0.0,0.07362704235051326,0.0,0.0,0.0,0.06519102410181758,0.0,0.0,0.01822050852047909,0.0,0.0,0.0,0.0,0.0,0.0,0.0,0.0,0.0,0.0,0.0,0.0,0.0,0.0,0.08891161186926291,0.0,0.0,0.0,0.0,0.02769901103013416,0.0,0.0,0.0,0.0,0.0,0.0,0.04062909022910947,0.0,0.0,0.0,0.0,0.0,0.02769901103013416,0.0,0.0,0.0,0.0,0.17621507986688495,0.0,0.13992809873847242,sport
Dokumen_79,0.0,0.06853012062828964,0.0,0.0,0.0,0.04269230366645443,0.0,0.08555099019116831,0.0,0.0,0.0,0.058781877552901214,0.0,0.0,0.0,0.0,0.0,0.0,0.0,0.0,0.0,0.0,0.0,0.0,0.0,0.0,0.0,0.0,0.0,0.0,0.0,0.0,0.0,0.055034300803666475,0.0478419304375637,0.03813185060445359,0.0,0.0,0.0,0.0,0.0,0.05718963775928503,0.0,0.05081589908068838,0.0,0.0,0.0,0.0,0.05796844524427225,0.0,0.0,0.0,0.05644262735238527,0.0,0.0,0.04878055739986612,0.0,0.0,0.0,0.0,0.0,0.0,0.0,0.030181708752731608,0.0,0.0,0.0,0.0,0.0,0.04412827253740088,0.0,0.0,0.0,0.0,0.09661045283940638,0.0,0.0,0.0,0.04694910879037962,0.0,0.0,0.0,0.0,0.11713651900469271,0.0,0.0,0.0,0.021690261200227077,0.0,0.04739007503962621,0.019620349205908296,0.0,0.0,0.0,0.1485951613486262,0.0,0.0,0.0,0.0,0.055034300803666475,0.0,0.0,0.0,0.0,0.13706024125657928,0.0,0.0,0.0,0.0,0.0,0.0,0.055034300803666475,0.17634563265870365,0.0,0.0,0.2939093877645061,0.0,0.04878055739986612,0.0,0.0,0.0,0.0,0.0,0.0,0.0,0.0,0.0,0.0,0.041042609465090626,0.0,0.0,0.03585730010776101,0.0416847530300715,0.0,0.0,0.07848246704548424,0.0,0.0,0.0,0.0,0.0,0.0,0.0956838608751274,0.041668002862020534,0.0,0.0,0.0,0.11586625815763105,0.0,0.13706024125657928,0.0,0.0,0.0,0.0,0.11437927551857006,0.0,0.0,0.0,0.14217022511887864,0.1397547910356014,0.0,0.0,0.0,0.0,0.04609782907666642,0.0,0.15040560587463314,0.0,0.0525062582184202,0.0,0.03658451687959399,0.0368334896159281,0.024917352992423487,0.0,0.0,0.038402955027220624,0.0,0.11050046884778429,0.0416847530300715,0.0478419304375637,0.0,0.0,0.0,0.0,0.0,0.0,0.0,0.0,0.0,0.0,0.0,0.0,0.0,0.083369506060143,0.0,0.0,0.0,0.0,0.08978170023983675,0.0,0.05028544994489307,0.0,0.0,0.0,0.0,0.0,0.20114179977957228,0.05933240770239377,0.0,0.0,0.0,0.0,0.0,0.0,0.0,0.0,0.0,0.0,0.0,0.0,0.0,0.0,0.0,0.0,0.1249079870391863,0.0,0.0,0.0,0.0,0.05718963775928503,0.0,0.04830522641970319,0.0,0.0,0.0,0.0,0.0,0.0,0.0525062582184202,0.0,0.0,0.0,0.0,0.0,0.0478419304375637,0.0,0.04489085011991838,0.0,0.0,0.0,0.0,0.0,0.0,0.05796844524427225,0.0,0.0,0.0,0.0,0.0,0.0,0.0,0.0,0.0,0.0,0.060363417505463215,0.0,0.0,0.0,0.0,0.0,0.0,0.0,0.051362184836974537,0.0,0.2543722031215666,0.0416847530300715,0.04375857887615047,0.0,0.0,0.0,0.055034300803666475,0.0,0.10163179816137675,0.0,0.0,0.0,0.05192528199897691,0.0,0.0,0.04651851918662517,0.0,0.0,0.0,0.0,0.0,0.0,0.0,0.1087376030126126,0.05963315726661441,0.0,0.022133900233212454,0.0,0.0,0.0,0.0,0.0,0.3343495148137791,0.051362184836974537,0.0,0.0,0.0,0.0543688015063063,0.11288525470477054,0.20544873934789815,0.0,0.0,0.0,0.0,0.0,0.0,0.0,0.0,0.0,0.0,0.0,0.0,0.0,0.0,0.0,0.0,0.0,0.0,0.0,0.04878055739986612,0.0,0.0,0.0,0.0,0.12705075698229504,0.0,0.0,0.0,0.0,0.0,0.0,0.0,0.0,0.0,0.0,0.05572491913562986,0.0,0.0,0.0,0.0,0.0,0.0,0.0,0.10272436967394907,0.0,0.0,0.0,0.0,0.0,0.0,0.04694910879037962,0.0,0.0,0.0,0.0,0.0,0.0,0.0,0.0,0.09322359119974706,0.0,0.0,0.13705978044583542,0.0,0.0,0.0,0.09953989008671672,0.0,0.0,0.11359411215633233,0.0,0.0,0.0,0.0,0.0,0.0,0.0,0.0,0.0,0.0,0.0,0.0,0.0,0.0,0.0,0.0,0.0,0.0,0.0,0.0,0.0,0.0,0.0,0.0,0.0,0.0,0.0,0.0,0.0,0.0,0.0,0.0,0.0,0.0,0.0,0.04926856535582878,0.058781877552901214,0.0,0.12105195782759698,0.12921866095042342,0.0,0.0,0.0,0.0,0.0,0.0,0.0,0.0,0.0,0.0,0.034930559611505006,0.08825654507480175,0.0,0.0,0.0,0.0,0.0,0.0,0.0,0.06349994755692318,0.0,0.0,0.0,0.0,0.0,0.0,0.0,0.0,0.0,0.0,0.0,0.04694910879037962,0.027286333847464744,0.0,0.0,0.0,0.0,0.0,0.06364308161363089,0.0,0.0,0.0,0.0,0.0,0.0,0.0,0.0,0.0,0.0,0.0,0.09303703837325034,0.0,0.05796844524427225,0.0,0.0,0.05796844524427225,0.0,0.0,0.0,0.0,0.04926856535582878,0.0,0.06377137047533393,0.0,0.0,0.0,0.0,0.0,0.0,0.0,0.0,0.0,0.0543688015063063,0.2304891453833321,0.0,0.11713651900469271,sport
Dokumen_80,0.0,0.03168813828191517,0.22096415604105338,0.0,0.0,0.0,0.0,0.0,0.0,0.0,0.0,0.0,0.0,0.0,0.0,0.0,0.0,0.0,0.0,0.0,0.0,0.0,0.0,0.0,0.0,0.0,0.42310928578421564,0.0,0.0,0.0,0.0,0.0,0.0,0.0,0.04424395268767298,0.0705282491156422,0.0,0.0,0.0,0.0,0.07709965814471993,0.052888660723026955,0.0,0.0,0.0,0.0,0.0,0.0,0.0,0.0,0.048557497224203244,0.046503706014616536,0.0,0.0,0.0,0.0,0.0,0.0,0.0,0.0,0.0,0.03294226836575479,0.0,0.02791187734014406,0.0,0.0,0.0,0.0,0.0,0.0,0.0,0.0,0.0,0.0,0.0,0.0,0.0,0.0,0.0,0.0,0.0,0.06331198756018334,0.0,0.16249080746038919,0.0,0.0,0.0,0.06017710081192444,0.0,0.0,0.018144790438895907,0.05153409704022727,0.0,0.0,0.051532493788887856,0.04046769174590187,0.0,0.0,0.0,0.050895417026165034,0.0,0.0,0.0,0.0,0.0,0.0,0.0,0.0,0.0,0.0,0.0,0.0,0.0,0.0,0.0,0.0,0.0,0.0,0.0,0.0,0.0,0.0,0.05775710781660984,0.0,0.0,0.0,0.0,0.0,0.0,0.0,0.036827359340175565,0.06632126567492491,0.07709965814471993,0.0,0.03128993139765956,0.03629007574541641,0.0,0.0,0.0,0.12214120303607381,0.0,0.0,0.04424395268767298,0.15413735443832063,0.0,0.0,0.0,0.0,0.0,0.06337627656383034,0.0,0.0,0.0,0.0,0.0,0.0,0.0,0.0,0.08765215862912691,0.06462222893079449,0.0,0.0,0.0,0.0,0.0,0.04013257165140398,0.034773568130588864,0.0,0.0,0.0,0.0,0.034063407495979074,0.06913029073968355,0.0,0.0,0.0,0.0,0.0,0.0,0.0,0.0,0.0,0.3442526902895571,0.0,0.0,0.05027996695638765,0.1490583484162502,0.0,0.0,0.0,0.24337015066113413,0.0,0.09300741202923307,0.0,0.0,0.0,0.0,0.0,0.0,0.0,0.0,0.0,0.0,0.0,0.0,0.0,0.0,0.02743514125810968,0.0,0.0,0.0,0.0,0.0,0.0,0.05153409704022727,0.0,0.0,0.0,0.0,0.0,0.0,0.0,0.0,0.0,0.0,0.0,0.0,0.0,0.0,0.0,0.0,0.04467240624978247,0.0,0.0,0.0,0.0,0.0,0.0,0.048557497224203244,0.04341827616594284,0.0,0.059750351513471765,0.0,0.11386793476416716,0.0,0.0,0.0,0.06084253766528353,0.0,0.0,0.0,0.0,0.0,0.0,0.0,0.050895417026165034,0.0,0.0,0.0,0.0,0.0,0.0,0.0,0.0,0.02791187734014406,0.04187875969406408,0.0,0.0,0.0,0.0,0.0,0.11194818114340131,0.0,0.0,0.0,0.0,0.0,0.0,0.0,0.0,0.0,0.0,0.0,0.0,0.05514841404997052,0.0,0.0,0.0,0.0,0.0,0.0,0.0,0.0,0.0,0.0,0.0,0.0,0.0,0.0,0.0,0.02046930852821572,0.0,0.0,0.18999785795251778,0.0,0.0,0.0,0.0,0.0,0.0,0.17327132344982954,0.0,0.0,0.0,0.059750351513471765,0.0,0.0,0.0,0.0,0.0,0.0,0.0,0.0,0.0,0.0,0.0,0.0,0.0,0.0,0.0,0.0,0.06326423492425494,0.0,0.0,0.0,0.0,0.0,0.0,0.0,0.0,0.0,0.1792510545404153,0.0,0.0,0.0,0.0,0.0,0.0,0.0,0.0,0.0,0.0,0.05436115527857425,0.0,0.05027996695638765,0.046994262441848775,0.0,0.0,0.0,0.0,0.0,0.0,0.04263101739454657,0.0,0.0,0.0,0.0,0.0,0.0,0.0,0.0,0.0,0.0,0.028737553861874193,0.0,0.0,0.0,0.0,0.0,0.047499464488129445,0.0,0.0,0.0,0.21010241342171568,0.06632126567492491,0.0,0.0,0.0,0.0,0.0,0.0,0.0,0.0,0.0,0.0,0.0,0.04968611613875007,0.0,0.04115852283899928,0.0,0.0,0.03948160632881365,0.0,0.0,0.10577732144605391,0.14098278732554634,0.0,0.03738226189722818,0.0,0.0,0.050895417026165034,0.09604042725888817,0.0,0.04013257165140398,0.0,0.11130760897805583,0.0,0.0,0.0,0.0,0.0,0.0,0.0,0.0,0.0,0.0,0.0,0.0,0.0,0.06859366409710896,0.0,0.0,0.0,0.0,0.06460717670338512,0.040809582399303525,0.0,0.0,0.0,0.0,0.036556585375498045,0.0,0.0,0.0,0.0,0.10654452128610892,0.0,0.0,0.0,0.0,0.0,0.0,0.0,0.047499464488129445,0.0,0.0,0.02523425064009098,0.0,0.0,0.10579237367346331,0.0,0.0,0.0,0.0,0.0,0.0,0.0,0.0,0.0,0.0,0.0,0.0,0.0,0.048557497224203244,0.0,0.0,0.10721779515618352,0.0,0.03230358835169256,0.0,0.0,0.11194818114340131,0.0,0.0,0.0,0.0,0.09829235123294709,0.0,0.0,0.0,0.0,0.0,0.0,0.0,0.0,0.0,0.0,0.0,0.0,0.23470894410945106,sport
Dokumen_81,0.0,0.020403249955075108,0.0,0.0,0.0,0.02542128147094081,0.0,0.016980545398836155,0.0,0.0,0.0,0.0,0.0,0.0,0.0,0.0,0.0,0.0,0.0,0.0,0.0,0.0,0.0,0.0,0.0,0.0,0.2043226184361116,0.02542128147094081,0.0,0.0,0.022235325483522583,0.0,0.037188448781071484,0.0,0.0,0.0681172312553391,0.0,0.0,0.05591202192763667,0.0,0.0,0.0,0.0,0.0,0.0,0.025840422793499247,0.0,0.0287635159472008,0.0,0.0,0.0,0.05988529393631551,0.0,0.0,0.0,0.029046553441101016,0.03360895978100709,0.0,0.025840422793499247,0.0,0.0,0.0,0.0,0.017971803992390848,0.0,0.0,0.0,0.0,0.0,0.05255266831061683,0.0,0.0,0.0,0.0,0.0,0.0,0.0,0.0,0.083868032891455,0.0,0.036040405743691356,0.01358836857555052,0.0,0.08137424137717973,0.0,0.0,0.0,0.03874662558318151,0.0,0.0,0.0467320221104356,0.0,0.0,0.0,0.04424075415765692,0.0,0.0,0.0,0.0,0.0,0.0,0.0,0.021932630162078286,0.0,0.0,0.0,0.0,0.03917508478541091,0.0,0.0,0.0,0.0,0.0,0.0,0.0,0.0,0.0,0.0,0.0,0.0,0.0,0.0,0.0,0.0,0.0,0.0,0.0,0.0,0.0,0.0,0.023712274009855747,0.02135135470667122,0.0,0.0,0.0,0.0,0.0,0.0,0.0,0.0,0.0,0.0,0.0,0.04962271595194815,0.0,0.0,0.0,0.0,0.0,0.0,0.0,0.0,0.03162232377666768,0.0,0.0,0.0,0.0,0.0,0.0,0.0,0.0,0.0,0.0,0.0,0.027449113482204822,0.025840422793499247,0.06716965787824358,0.0,0.0,0.0,0.0,0.0,0.014837124950671299,0.0,0.032770366814047804,0.0,0.03917508478541091,0.0,0.0,0.0,0.0,0.0,0.024628471474077332,0.0,0.0,0.0,0.0,0.030258504760522924,0.0,0.0,0.03917508478541091,0.0,0.0,0.024821331922098788,0.0,0.0,0.0,0.0,0.0,0.0,0.0,0.0,0.0,0.0,0.0,0.0,0.0,0.03532968959312269,0.0,0.0,0.0,0.02933713948456002,0.0,0.0,0.0,0.0,0.0,0.7373893763525761,0.0,0.0,0.0,0.041606530748095165,0.0,0.02121075493845757,0.0,0.0,0.0,0.0,0.0,0.0,0.05867427896912004,0.0,0.03550877197256157,0.0,0.0,0.0,0.0,0.0,0.06253007003719795,0.0,0.0,0.0,0.0,0.0,0.0,0.0,0.1069216545711914,0.0,0.0,0.0,0.0,0.0,0.0,0.0,0.0,0.0,0.0,0.0,0.0,0.0,0.0,0.034517513379006874,0.0,0.0,0.035943607984781696,0.0,0.0,0.0,0.0,0.0,0.0,0.0,0.03058379252392437,0.0,0.04327623361048037,0.0,0.0,0.0,0.06253007003719795,0.0,0.032770366814047804,0.0,0.0,0.0,0.0,0.0209348837262049,0.0,0.0,0.0,0.0,0.0,0.0,0.0,0.0,0.0,0.0,0.0,0.0,0.03550877197256157,0.0,0.052718833096873814,0.0,0.0,0.03058379252392437,0.0,0.0,0.0,0.0,0.0,0.0,0.0,0.0,0.0,0.0,0.0,0.0,0.0,0.0,0.0,0.0,0.0,0.0,0.0,0.0,0.03058379252392437,0.0,0.0,0.0,0.0,0.0,0.0,0.0,0.03126503501859897,0.029046553441101016,0.035001874490948055,0.0,0.0,0.0209348837262049,0.0,0.0,0.0,0.0,0.0,0.08510927099938256,0.0,0.0,0.0,0.0,0.0,0.0,0.0,0.0,0.0,0.0,0.0,0.0,0.0,0.0,0.0,0.0,0.0,0.0,0.19214379437543375,0.2723265428447063,0.0,0.0,0.0,0.0,0.0,0.034517513379006874,0.0,0.0,0.0,0.0,0.0,0.0,0.0,0.0,0.0,0.03058379252392437,0.0,0.0,0.0,0.022546670403239967,0.0,0.0,0.02848764473494813,0.0,0.0,0.0,0.0,0.0,0.0,0.027956010963818334,0.0,0.0,0.0,0.0,0.0,0.0,0.0,0.0,0.03318159791422448,0.0,0.2043226184361116,0.0,0.0,0.0,0.0,0.0,0.0,0.0,0.0,0.0,0.06051700952104585,0.023889454025105936,0.027956010963818334,0.0,0.02027429778909544,0.0,0.0,0.0,0.0,0.0,0.0,0.0,0.0,0.0,0.0,0.044165853527170056,0.1829965722492212,0.0,0.0,0.0,0.0,0.026276334155308414,0.0,0.0,0.03992685393958525,0.0,0.0,0.0,0.0,0.0,0.0,0.0,0.0,0.0,0.03405376973935194,0.0,0.036040405743691356,0.0,0.0,0.0,0.0,0.0,0.03249548576557607,0.0,0.0,0.0,0.0,0.0,0.018948247721865482,0.05125767381096251,0.14875379512428594,0.06810753947870388,0.08890706331698477,0.0,0.0,0.0,0.0,0.0,0.0,0.0,0.055399229757833776,0.0,0.034517513379006874,0.0,0.020799523838280893,0.0,0.0,0.18020202871845678,0.0,0.0,0.0,0.0,0.025315256996620846,0.0,0.0,0.0,0.0,0.0,0.0,0.0,0.0,0.0,0.0,0.0,0.030258504760522924,0.13949869950373667,sport
Dokumen_82,0.0,0.0,0.0,0.0,0.0,0.0,0.0,0.08783938565749541,0.0,0.0,0.0,0.09053134277878866,0.09466307533856243,0.08927855667828417,0.0,0.0,0.0,0.0,0.0,0.0,0.0,0.0,0.08692860889949618,0.10535824906986326,0.0,0.0,0.08807909707751503,0.0,0.0,0.0,0.0,0.0,0.0,0.0,0.0,0.0,0.0,0.0,0.0,0.0,0.0,0.0,0.0,0.0,0.0,0.0,0.0,0.0,0.0,0.0,0.0,0.0,0.0,0.0,0.0,0.0,0.0,0.0,0.0,0.0,0.0,0.05486100827048521,0.0,0.0,0.0,0.0,0.0,0.0,0.0,0.0,0.0,0.17615819415503006,0.1654913619275775,0.0,0.22318802289396972,0.09466307533856243,0.0,0.0,0.0,0.0,0.09321747402735661,0.07029184986283082,0.0,0.09020234462895728,0.0,0.11275247338819465,0.0,0.1336227118578862,0.0,0.0,0.03021775814835213,0.0,0.0,0.0,0.05721371980341723,0.0,0.0,0.0,0.0,0.0,0.0,0.0,0.056728117797148495,0.0,0.052772419830312285,0.0,0.0,0.0,0.0,0.0,0.0,0.0,0.09053134277878866,0.09466307533856243,0.11006634213962667,0.09053134277878866,0.0,0.0,0.0,0.10535824906986326,0.3209983095400714,0.0,0.0,0.0,0.0,0.0,0.0,0.0,0.06321068160295072,0.0,0.0,0.0,0.0,0.0,0.0,0.0,0.0,0.0,0.0,0.1220460499355572,0.0,0.0,0.0,0.0,0.0,0.0,0.0,0.03568966617074788,0.0,0.0,0.0,0.0,0.0,0.0,0.0,0.0,0.0,0.09466307533856243,0.0,0.0,0.08927855667828417,0.0,0.0,0.0,0.0,0.0,0.0,0.0,0.0,0.0,0.0,0.0,0.0,0.0,0.0,0.0,0.0,0.056728117797148495,0.0,0.0,0.0,0.0,0.0,0.0,0.0,0.0,0.0,0.0,0.0,0.0,0.0,0.0,0.0,0.0,0.0,0.0,0.18368483710397665,0.0,0.0,0.0,0.07744579614099187,0.0,0.0,0.0,0.0,0.0,0.0,0.0,0.0,0.0,0.10761409643835305,0.0,0.0,0.0,0.08582324970902523,0.0,0.0,0.0,0.0,0.0,0.0,0.0,0.08927855667828417,0.0,0.0,0.18932615067712485,0.0,0.0,0.0,0.0,0.0,0.0,0.0,0.0,0.0,0.0,0.0,0.0,0.0,0.0,0.0,0.0,0.0,0.0,0.0,0.0,0.0,0.0,0.0,0.0,0.0,0.0,0.0,0.0,0.0,0.0,0.0,0.0,0.0,0.0,0.0,0.0,0.0,0.0,0.0,0.0,0.0,0.0,0.0,0.0,0.0,0.0,0.0,0.0,0.0,0.0,0.0,0.0,0.0,0.0,0.08475961228294907,0.06796298338248757,0.0,0.0,0.18368483710397665,0.05414747530568056,0.0,0.0,0.0,0.0,0.0,0.08927855667828417,0.0,0.0,0.0,0.0,0.0,0.0,0.0,0.0,0.0,0.0,0.0,0.0,0.0,0.0,0.0,0.07910410070108666,0.0,0.0,0.0,0.0,0.0,0.15820820140217332,0.0,0.0,0.0,0.0,0.0,0.0,0.0,0.0,0.0,0.0,0.0,0.0,0.0,0.0,0.0,0.0,0.0,0.0,0.0,0.0,0.0,0.0,0.0,0.0,0.0,0.0,0.0,0.0,0.0,0.0,0.0,0.0,0.0,0.0,0.0,0.0,0.0,0.0,0.0,0.0,0.0,0.0,0.0,0.0,0.0,0.0,0.0,0.0,0.14199268683590127,0.3913137662322827,0.0,0.11006634213962667,0.0,0.0,0.0,0.0,0.09950633915521703,0.0,0.0,0.0,0.09184241855198833,0.0,0.07036298987195261,0.0,0.0,0.0,0.0,0.0,0.0,0.0,0.055224665531585906,0.0,0.0,0.0,0.0,0.0,0.0,0.0,0.0,0.0,0.0,0.0,0.0,0.0,0.13708819543335404,0.0,0.0,0.0,0.0,0.0,0.0,0.0,0.0,0.06225523258881659,0.0,0.0,0.0,0.0,0.0,0.06683551116875455,0.07826275324645654,0.06178938649997994,0.0,0.0,0.0524388887577581,0.0,0.09053134277878866,0.0,0.0,0.0,0.0,0.0,0.0,0.0,0.0,0.0,0.09466307533856243,0.08927855667828417,0.0,0.0,0.0,0.0,0.0,0.0,0.0,0.0,0.0,0.0,0.0,0.0,0.0,0.0,0.0,0.0,0.0,0.0,0.0,0.0,0.0,0.0,0.0,0.0,0.0,0.0,0.09779775260729456,0.0,0.0,0.0,0.0,0.0,0.0,0.0,0.0,0.0,0.0,0.10761409643835305,0.0,0.0,0.0,0.16173222968339085,0.07164425808372575,0.0,0.0,0.0,0.0,0.0,0.0,0.0,0.0,0.0,0.0,0.0,0.0,0.0,0.0,0.0,0.0,0.0,0.08927855667828417,0.13592596676497515,0.07164425808372575,0.0,0.0837346612688523,0.0,0.0,0.09020234462895728,sport
Dokumen_83,0.0,0.08826970548923754,0.0,0.0,0.04560210118155651,0.03665966669590631,0.0,0.0,0.0,0.0,0.0,0.0,0.0,0.0,0.0,0.0,0.0,0.0,0.0,0.0,0.0,0.0,0.0,0.0,0.0,0.0,0.0,0.0,0.0,0.0,0.0,0.0,0.10725786100203308,0.0,0.0,0.03274362856075546,0.0,0.0,0.0,0.0,0.07158897605164083,0.0,0.04230666957307721,0.0,0.0,0.0,0.0,0.0,0.0,0.0,0.0,0.0,0.0,0.0,0.0,0.0,0.0,0.0,0.0,0.0,0.0,0.061175453117991545,0.0,0.077750645069368,0.0,0.0,0.0,0.0,0.0,0.07578545190375216,0.0,0.0,0.0,0.0,0.0,0.0,0.0,0.05120669258090202,0.0403149638719906,0.0,0.0,0.0,0.0,0.15087681066054404,0.0,0.0,0.03206524509917881,0.05587595499834344,0.0,0.04069361937504855,0.016847895301350547,0.0,0.0,0.0,0.15949739823788783,0.18787635931048235,0.0,0.0,0.0,0.0,0.0,0.0,0.0,0.0,0.23538588130463345,0.0,0.0,0.056493829890467924,0.0,0.05120669258090202,0.0,0.0,0.0,0.0,0.0,0.0,0.04785070813064842,0.08377523918554729,0.0,0.0,0.0,0.0,0.0,0.0,0.0,0.0,0.0,0.06788742201849873,0.0,0.0,0.0,0.15395241737663462,0.0,0.0,0.0,0.03369625009976474,0.0,0.0,0.0,0.04536447434127518,0.0,0.0,0.0,0.05367015711098792,0.0,0.0,0.0,0.13929128336490854,0.0,0.02942323516307918,0.0,0.0,0.0,0.0,0.0,0.0,0.0,0.0,0.04069361937504855,0.06000336850581897,0.0,0.0,0.0,0.0,0.0,0.037264104406925645,0.0,0.0,0.0450868601698095,0.0,0.0,0.06325746500430963,0.0,0.0,0.0,0.0,0.0,0.1897723950129289,0.0,0.0,0.0,0.0,0.0,0.0,0.0,0.0,0.0,0.0,0.0,0.0,0.0,0.0,0.0,0.035794488025820415,0.03757527186209647,0.0,0.05120669258090202,0.0,0.07709509498243325,0.0,0.0,0.038216725945934935,0.0,0.0,0.04108162533538632,0.0,0.08635972652288397,0.02547422022045246,0.0,0.0,0.0,0.0,0.0,0.041479455267907195,0.0,0.0,0.0,0.0,0.0,0.0,0.0,0.0,0.0,0.09176317967698731,0.0,0.0,0.1400586502041955,0.0,0.0,0.0,0.0,0.041479455267907195,0.25603346290451007,0.0,0.0,0.0,0.0,0.0,0.0450868601698095,0.0806299277439812,0.0,0.0,0.049777212729907594,0.0,0.0,0.0,0.0,0.0,0.0,0.0,0.0,0.0,0.0,0.0,0.0,0.0,0.0,0.0,0.0,0.0,0.0,0.049777212729907594,0.0,0.0,0.02591688168978934,0.0,0.0,0.0,0.0,0.0,0.0,0.0,0.044104450104352856,0.0,0.0,0.0,0.0,0.0,0.0450868601698095,0.049777212729907594,0.0,0.07578545190375216,0.0,0.046686216734731834,0.0,0.060379793252949794,0.0,0.0,0.0,0.03994521874229024,0.0,0.0,0.0,0.0,0.0,0.0,0.0,0.0,0.0,0.0,0.09503134470904503,0.0,0.05047570296709409,0.0,0.0,0.0,0.0,0.0,0.0,0.0,0.0,0.0,0.04846700057100789,0.0,0.0,0.0,0.0,0.0,0.0,0.0,0.0,0.0,0.0,0.0,0.08820890020870571,0.0,0.0,0.0,0.0,0.0,0.0,0.0,0.0450868601698095,0.0,0.0,0.0,0.0,0.0,0.0,0.0,0.0,0.0,0.0,0.0,0.0,0.0,0.0,0.03994521874229024,0.0,0.0,0.0,0.0,0.0,0.0,0.0,0.04363535726966688,0.0,0.0,0.15142710890128228,0.0,0.0,0.0,0.0,0.5672596445056693,0.0,0.0,0.0,0.0,0.0,0.0,0.0,0.0,0.0,0.026683543153185055,0.0,0.0,0.0,0.03607762078489283,0.0,0.044104450104352856,0.04273720179210511,0.0,0.02799375531208476,0.0650284623165099,0.0,0.0,0.0,0.0,0.0,0.0,0.05277934830168506,0.0,0.0,0.0,0.0,0.0,0.0,0.0,0.0,0.04230666957307721,0.0,0.0,0.0,0.0,0.0,0.0,0.0,0.034710372472645086,0.20482677032360808,0.0,0.0472576776382753,0.08917595761735232,0.0,0.07452820881385129,0.0,0.0,0.0,0.0,0.0,0.0,0.0,0.0,0.0,0.0,0.0,0.0,0.0,0.0,0.0,0.09553641924958109,0.0,0.0,0.0,0.0,0.02999469606662265,0.0,0.0,0.03958397425818267,0.0,0.0,0.06788742201849873,0.046686216734731834,0.0,0.0,0.0,0.0,0.0,0.0,0.0,0.04458797880867616,0.0,0.0,0.0,0.0,0.0,0.0,0.0234306378033959,0.0,0.0,0.03274362856075546,0.11465017783780479,0.0,0.0,0.0,0.0,0.0,0.0,0.0,0.0,0.0,0.0,0.0,0.0,0.180347440679238,0.0,0.0,0.0,0.0,0.0,0.09955442545981519,0.0,0.0,0.0,0.0,0.0,0.0,0.018253385158379754,0.0,0.0,0.0,0.0,0.0,0.0,0.0,0.0,0.0,0.0,0.03958397425818267,0.0,0.08382045036696892,sport
Dokumen_84,0.0,0.0905223450661506,0.052601684901903534,0.0,0.0,0.05639283002470509,0.0,0.07533695824877837,0.0,0.0,0.0,0.0,0.0,0.0,0.0,0.0,0.0,0.0,0.0,0.0,0.0,0.21544941256481218,0.0,0.0,0.0,0.0,0.0,0.0,0.05828962034768032,0.0,0.0,0.0,0.0,0.0,0.0,0.0,0.0,0.0,0.06201570035930428,0.0,0.0,0.0,0.0,0.0,0.0,0.0573226244328425,0.0,0.0,0.0,0.0,0.0,0.0,0.0,0.0,0.0,0.0,0.0,0.0,0.0,0.0,0.0,0.04705248629214145,0.0,0.03986741930924011,0.0,0.0,0.0,0.0,0.1531425760013647,0.0,0.0,0.0,0.0,0.0,0.06380701411837043,0.0,0.0,0.0,0.0,0.0,0.0,0.06028701269603662,0.0,0.10315145414383256,0.0,0.0,0.0,0.08595286091462245,0.0,0.06259817852526782,0.025916779437309617,0.07360778461400352,0.0,0.0,0.14721098927857354,0.0,0.0,0.0,0.0,0.0,0.0,0.0,0.0,0.0,0.0905223450661506,0.0,0.0,0.0,0.0,0.0,0.0,0.07269553770152412,0.0,0.0,0.0,0.0,0.0,0.0,0.0,0.0,0.055061943028708406,0.0,0.0,0.0,0.0,0.0,0.0,0.0,0.054213727078724926,0.0,0.0,0.1420931495700012,0.11012388605741681,0.0,0.0,0.051834265709736475,0.0,0.0,0.06259817852526782,0.06978326104021282,0.0,0.0,0.0,0.055039817509618054,0.0,0.0,0.0,0.030609855363771404,0.0,0.0452611725330753,0.054634114617454044,0.0,0.0,0.0,0.0,0.0,0.4962541801169309,0.0,0.06259817852526782,0.09230197833294124,0.0,0.07657128800068234,0.0,0.0,0.06089123369725745,0.0573226244328425,0.09933637960974642,0.0,0.13871242545626503,0.0,0.0,0.04865384485587959,0.032913661978644225,0.0,0.0,0.0,0.0,0.04865384485587959,0.0,0.0,0.0,0.0,0.0,0.07657128800068234,0.0,0.0,0.0,0.0,0.0,0.0,0.0,0.0,0.0,0.0,0.0,0.0,0.0,0.0,0.05929691918841611,0.0,0.0,0.11757604608066473,0.0,0.0,0.0,0.0,0.0,0.0,0.0,0.0,0.0,0.0,0.0,0.0,0.0,0.0,0.08387792275470458,0.0,0.0,0.0,0.0,0.0,0.0,0.14115745887642434,0.0,0.16237882587863228,0.07181647085493739,0.0,0.0,0.0,0.0,0.06380701411837043,0.0,0.0,0.0,0.0,0.0,0.0,0.0,0.0,0.0,0.0,0.0,0.0,0.0,0.0,0.0,0.0,0.0,0.0,0.0,0.0,0.0,0.0,0.0,0.0,0.0,0.0,0.0,0.0,0.0,0.07657128800068234,0.0,0.0,0.0,0.0,0.0,0.0,0.0,0.07455581491452405,0.0,0.0,0.06784499102785332,0.0,0.2400025829633098,0.0,0.0,0.0,0.0,0.0,0.0,0.0,0.0,0.0,0.0,0.0,0.0,0.0,0.0,0.06144692884196849,0.0,0.0,0.0,0.0,0.0,0.0,0.0,0.28726588341974957,0.0,0.0,0.05847392463930687,0.0,0.0,0.0,0.06443488511308715,0.0,0.0,0.13568998205570665,0.0,0.0,0.08249630819715723,0.07181647085493739,0.0,0.0,0.0,0.0,0.0,0.0,0.0,0.1706866427243889,0.0,0.0,0.0,0.0,0.0,0.0,0.0,0.0,0.0,0.08118941293931614,0.0,0.0,0.0,0.06443488511308715,0.0,0.0,0.0,0.0,0.055941009875295135,0.0,0.0,0.08534332136219445,0.0,0.0,0.0,0.0,0.0,0.0,0.0,0.0,0.0,0.0,0.0,0.0,0.0,0.0,0.0,0.0,0.0,0.0,0.0,0.0,0.06089123369725745,0.0,0.0,0.0,0.0,0.0,0.0,0.0,0.0,0.0,0.0,0.041046759262066086,0.0,0.0,0.0,0.055497480473422255,0.0,0.0,0.0,0.0,0.043062232348224386,0.0,0.0,0.0,0.0,0.0,0.0,0.0,0.0,0.0,0.0,0.0,0.0,0.0,0.0,0.0,0.0,0.0,0.0,0.0,0.0,0.0,0.0,0.0,0.0,0.0,0.0,0.0,0.0,0.0,0.0,0.0,0.0,0.0,0.0,0.0,0.0,0.0,0.0,0.0,0.0,0.0,0.0,0.0,0.0,0.07657128800068234,0.0,0.09797450508939852,0.0,0.0,0.0,0.0,0.04614023937966204,0.05828962034768032,0.0,0.0,0.0,0.0,0.05221492986367118,0.0,0.0,0.0,0.0,0.05072697252919879,0.0,0.0,0.0,0.06858879353596546,0.0,0.0,0.0,0.0,0.0,0.0,0.0,0.0,0.0,0.050368867102246626,0.0,0.0,0.0,0.05685325678777455,0.0,0.07554255086656134,0.0,0.0,0.0,0.0,0.0,0.0,0.0,0.0,0.0,0.0,0.0,0.0,0.0,0.0,0.0,0.0,0.0,0.0,0.0,0.0,0.05615763259118392,0.0,0.0,0.0,0.0,0.0,0.0,0.0,0.0,0.0,0.0,0.2435649347890298,0.0,0.10315145414383256,sport
Dokumen_85,0.0,0.0,0.0,0.0,0.0,0.0,0.0,0.024795736633868817,0.0,0.0,0.0,0.051111271233300004,0.0,0.0,0.0,0.0,0.0,0.0,0.0,0.0,0.0,0.0,0.0,0.0,0.07484870187788513,0.0,0.0,0.037121269396453015,0.07673970960475932,0.0,0.0,0.0,0.0,0.0,0.041598907430582775,0.033155922199285204,0.0,0.0,0.04082259249693474,0.0,0.036245196769968666,0.04972680712041537,0.0,0.0,0.0,0.0,0.08744713092598753,0.0,0.0,0.0,0.0,0.0,0.049077276123607884,0.0,0.0,0.0,0.0,0.0,0.037733317926251286,0.0,0.0,0.030972874010017012,0.0,0.0787296476345298,0.0,0.0,0.0,0.0,0.05040398590851859,0.0,0.0,0.09945361424083074,0.0,0.0,0.0,0.0,0.0,0.0,0.0,0.0,0.0,0.01984233136035685,0.0,0.0679007050405448,0.0,0.44559656919656226,0.0,0.07543936120980285,0.0,0.0,0.017060036727352654,0.19381289437933674,0.0,0.0,0.19380686476398779,0.0,0.0,0.0,0.0,0.0,0.0,0.0,0.0,0.1491804213612461,0.029793719841043117,0.0,0.0,0.0,0.0,0.051851465152826376,0.0,0.0,0.051111271233300004,0.0,0.0,0.051111271233300004,0.0,0.0,0.0,0.0,0.07249039353993733,0.0,0.05430420284738146,0.0,0.0,0.0,0.0,0.0,0.03568684825701213,0.0,0.0,0.062356367907855495,0.0,0.0,0.0,0.0,0.0,0.0,0.0,0.0,0.0,0.0,0.0,0.12680721331840802,0.0,0.0,0.0,0.020149311298036116,0.0,0.0,0.03596357349086258,0.0,0.0,0.0,0.0,0.0,0.06533307550327308,0.0,0.123618047599973,0.04050593668286821,0.0,0.0,0.0,0.0,0.040082398577408376,0.0,0.0,0.0,0.04565457445336243,0.0,0.03181050424068806,0.03202698785070915,0.06499746045363154,0.0,0.0,0.0,0.0,0.0,0.036245196769968666,0.0,0.0,0.0,0.0,0.05040398590851859,0.0,0.0,0.046715720912903755,0.0,0.0,0.0,0.0,0.0,0.0,0.0,0.0,0.0,0.0,0.0,0.0,0.0,0.0,0.03869793446452375,0.0,0.0,0.0,0.0,0.0,0.025794980606672648,0.0,0.0,0.425289758434149,0.12851813068973908,0.0,0.0,0.0,0.0,0.0,0.0,0.0,0.0,0.0,0.0,0.0,0.030972874010017012,0.0,0.0,0.09454813885172059,0.0,0.0,0.0,0.0428393768965797,0.04200174666590864,0.0,0.0,0.0,0.0,0.0,0.0,0.0,0.04082259249693474,0.0,0.0,0.0,0.0,0.041598907430582775,0.0,0.0,0.0,0.0,0.0,0.0,0.051851465152826376,0.0,0.0,0.0,0.0,0.03804840346771625,0.0,0.05617828404934092,0.0,0.0,0.0,0.051851465152826376,0.0,0.0787296476345298,0.0,0.0,0.0,0.0,0.0,0.0,0.0526277800864744,0.0,0.0,0.22117848577153498,0.0,0.0,0.0,0.0,0.0,0.04785272591845591,0.0,0.04418479485517683,0.04727406942586029,0.0,0.0,0.04514941139344929,0.051111271233300004,0.0,0.0,0.0,0.0,0.0,0.0,0.0,0.0,0.0,0.14182220827758088,0.0,0.0,0.019245587677127342,0.0,0.0,0.0,0.08483010083957626,0.0,0.0,0.04465979430437445,0.0,0.0,0.05430420284738146,0.04727406942586029,0.0,0.0,0.0,0.0,0.0,0.0,0.0,0.0,0.0,0.0,0.0,0.0,0.0,0.0,0.0,0.0,0.0,0.05344392307567976,0.0,0.0,0.0,0.0,0.0,0.0,0.0,0.030570034774691144,0.0,0.0,0.0,0.0,0.0,0.0,0.0,0.0,0.0,0.12134457508843491,0.0,0.0,0.0,0.0,0.0,0.0,0.0,0.0,0.0,0.0,0.0,0.0,0.0,0.0,0.08016479715481675,0.0,0.0,0.0,0.0,0.0,0.0,0.0,0.0,0.0,0.0,0.08105859243547389,0.0,0.0,0.0,0.03653189461454186,0.0,0.04465979430437445,0.0,0.0,0.028346240596735336,0.03292363632370142,0.031178183953927747,0.046176303157548865,0.0,0.0,0.0,0.0,0.0,0.0,0.0,0.04082259249693474,0.0,0.0,0.046715720912903755,0.0,0.0,0.0,0.0,0.07424253879290603,0.0,0.0,0.0,0.0,0.0,0.07029486100331446,0.0,0.03869793446452375,0.0,0.0,0.0,0.0,0.0,0.0,0.0,0.0,0.11842167294567474,0.0,0.051111271233300004,0.0,0.0,0.0,0.0,0.0,0.0,0.05040398590851859,0.0,0.09673937260679459,0.10688784615135952,0.0,0.0,0.0,0.09111712900091619,0.07673970960475932,0.0,0.12024719573222513,0.0,0.0,0.0,0.09454813885172059,0.0,0.0,0.0,0.0,0.0,0.0,0.0,0.0,0.0,0.0,0.0,0.0,0.0,0.0,0.02372566628184049,0.0,0.0,0.0,0.0,0.0,0.0,0.0,0.0,0.04972680712041537,0.0,0.0,0.0,0.0,0.0,0.0,0.0,0.0,0.24268915017686982,0.0,0.0,0.0,0.0,0.05040398590851859,0.0,0.0,0.0,0.0,0.0,0.051111271233300004,0.05544967171813621,0.0,0.0,0.0,0.0,0.0,0.0,0.0,0.0,0.0,0.0,0.1603295943096335,0.0,0.0339503525202724,sport
Dokumen_86,0.0,0.042463468957981226,0.0,0.0,0.0658127291988477,0.0,0.07390124807140565,0.03534009846572091,0.06905790774064449,0.0,0.0,0.0,0.0,0.07183822974788256,0.0,0.0,0.0,0.0,0.0,0.0,0.0,0.0,0.0,0.25433039189207013,0.0,0.0,0.07087308136758491,0.0,0.0,0.0,0.0,0.0,0.0,0.0,0.0,0.0,0.0,0.0,0.05818235851469344,0.0,0.0,0.0,0.0,0.0,0.0,0.10755874613788473,0.0,0.05986294679699046,0.0,0.06167812042393087,0.0,0.0,0.0,0.0,0.0,0.060452007552636744,0.0,0.0,0.0,0.0,0.0,0.0,0.06820204903698904,0.03740311678924401,0.0,0.0,0.0,0.0,0.0,0.0,0.0,0.0,0.06658153380707062,0.0,0.0,0.0,0.0,0.0,0.0,0.0,0.07500769014250175,0.08484078788447696,0.0,0.07258155819659304,0.0,0.0,0.0,0.10751987298106516,0.0,0.0,0.024314800026950776,0.0,0.0,0.0,0.11509293219142622,0.0,0.0,0.0,0.05661776825519366,0.0,0.0,0.0,0.0,0.0,0.042463468957981226,0.0,0.0,0.08153161875555992,0.0,0.07390124807140565,0.0,0.0,0.0,0.0,0.0,0.0,0.06905790774064449,0.0,0.0,0.25433039189207013,0.10331685980327054,0.0,0.0,0.0,0.0,0.0,0.0,0.0489873975710394,0.050862644250358406,0.0,0.0,0.0,0.05165842990163527,0.0,0.12578956379019968,0.0,0.0,0.0,0.0,0.06546978730615838,0.0,0.0,0.0,0.0,0.0,0.0,0.0,0.08615335641810556,0.0,0.042463468957981226,0.0512570466089827,0.0,0.0,0.0,0.07087308136758491,0.0,0.0,0.0,0.0,0.05773104513715221,0.0,0.0,0.0,0.0,0.0,0.0,0.04659807773289805,0.0,0.0,0.0,0.04533788887621141,0.04564643192162793,0.030879188176185835,0.0,0.06820204903698904,0.0,0.0,0.04564643192162793,0.0,0.0,0.0,0.0,0.0,0.07183822974788256,0.07087308136758491,0.0,0.0,0.0,0.0,0.0,0.0,0.0,0.0,0.0,0.0542284484170523,0.06905790774064449,0.0,0.0,0.0,0.06167812042393087,0.0,0.0,0.0,0.0,0.0,0.0,0.0,0.0,0.0,0.0,0.0,0.0,0.0,0.0,0.0,0.0,0.0,0.0,0.0,0.0,0.0,0.0,0.07183822974788256,0.13243217172083474,0.0,0.0,0.06737731945834749,0.0,0.0,0.0,0.06105677843292363,0.05986294679699046,0.07390124807140565,0.0,0.0,0.0,0.0,0.0,0.0,0.0,0.0,0.0,0.0,0.0,0.0,0.0,0.055631631845622115,0.0,0.0,0.0,0.0,0.0,0.0,0.07183822974788256,0.07390124807140565,0.0,0.0,0.0,0.0,0.0,0.0,0.0,0.0,0.0,0.07480623357848802,0.0,0.13811581548128898,0.0,0.0,0.0,0.0,0.0,0.0,0.0,0.0,0.0,0.0542284484170523,0.0,0.0,0.0,0.0,0.054686596605456,0.0,0.0,0.22170374421421696,0.0,0.0,0.0,0.0,0.0,0.0,0.07183822974788256,0.0,0.0,0.1547940199612862,0.0,0.0,0.0,0.0,0.0,0.027429754299427903,0.0,0.0,0.0,0.24180803021054698,0.0,0.0,0.44555928546754603,0.0,0.0,0.0,0.13475463891669498,0.06994733797376451,0.12730265299072743,0.0,0.0,0.0,0.0,0.0,0.0,0.0,0.0,0.0,0.0,0.0,0.0,0.0,0.0,0.0,0.0,0.0,0.0,0.0,0.0,0.0,0.0,0.0,0.0,0.0,0.0,0.0,0.16013608462247791,0.0,0.0,0.0,0.0,0.0,0.0,0.0,0.0,0.0,0.0,0.0,0.0,0.0,0.0,0.0,0.0,0.0,0.0,0.0,0.0,0.17138219364691665,0.1259486680251928,0.0,0.0,0.0,0.0,0.0,0.0,0.0,0.0,0.0,0.07701911772068018,0.0,0.0,0.0,0.0,0.0,0.0,0.0,0.0,0.040400450634458136,0.04692437924751631,0.0,0.0658127291988477,0.0,0.05333901818393229,0.0,0.0,0.0,0.0,0.0,0.0,0.06167812042393087,0.0,0.0,0.0,0.11030838362174542,0.06105677843292363,0.0,0.0,0.0,0.0,0.0,0.0,0.0,0.0,0.0,0.0,0.06820204903698904,0.0,0.0,0.053779373068942364,0.0629743340125964,0.0,0.0,0.0,0.042195092287146976,0.0,0.0,0.0,0.0,0.0,0.0,0.0,0.0,0.0,0.0,0.0,0.0,0.07183822974788256,0.0,0.0,0.0,0.0,0.0,0.0,0.0,0.0,0.0,0.06737731945834749,0.0,0.0,0.0,0.04759141451211629,0.0,0.0,0.0,0.0,0.0,0.0,0.0,0.0,0.0,0.05818235851469344,0.10144494534836333,0.0,0.0,0.0,0.0,0.0,0.03943530225416049,0.0,0.0,0.07087308136758491,0.0,0.0,0.0,0.0,0.0,0.0,0.0,0.0,0.0,0.0,0.0,0.0,0.0,0.0,0.0,0.0,0.0,0.0,0.0,0.0,0.15805917665169864,0.0,0.0,0.0,0.0,0.0,0.07183822974788256,0.0,0.0,0.0,0.0,0.05712739788230555,0.0,0.024193852732197683,sport
Dokumen_87,0.0,0.0,0.0,0.0,0.0,0.051613079166350294,0.14418762177781544,0.06895153849421586,0.0,0.0,0.0,0.14212930383836392,0.14861590013023443,0.0700812487636684,0.0,0.0,0.0,0.0,0.0,0.0,0.0,0.0,0.0,0.0,0.0,0.04222947893931847,0.06913970546602771,0.0,0.0,0.0,0.0,0.0,0.0,0.0,0.0,0.0,0.0,0.0,0.0,0.0,0.05039499566432087,0.0,0.0,0.0,0.0,0.0,0.0,0.0,0.0,0.0,0.0,0.0,0.0,0.0,0.0,0.0,0.0,0.0,0.0,0.0,0.0682366034087897,0.0,0.0,0.0,0.0,0.0,0.0,0.0,0.0,0.10669820217440171,0.0,0.13827941093205542,0.06495311827944157,0.0,0.0583988508754949,0.14861590013023443,0.0,0.0,0.0,0.0,0.07317319219186026,0.0,0.0,0.023602132427639342,0.0,0.0,0.04514460121856889,0.10489020945906807,0.0,0.05729247392759968,0.04744024331634688,0.0,0.0,0.0,0.157189271175201,0.0,0.0,0.0,0.0,0.0,0.0,0.0,0.08906007182805757,0.0,0.16569968062167112,0.0,0.0,0.0,0.0,0.0,0.0,0.0,0.14212930383836392,0.14861590013023443,0.08639909728592692,0.14212930383836392,0.0,0.0,0.0,0.0,0.20157998265728347,0.0,0.0755040753238696,0.0,0.0,0.0,0.0,0.0,0.0,0.0,0.0,0.0,0.0,0.0,0.0,0.04744089024144087,0.0,0.0,0.05729247392759968,0.1596714056989476,0.0,0.0,0.0,0.1007494909257392,0.0,0.0,0.0,0.0,0.0,0.0,0.0,0.0,0.0,0.0,0.0,0.0,0.18167704138122912,0.14861590013023443,0.0,0.028159545062861085,0.0,0.0,0.0,0.0,0.0,0.0,0.0,0.0,0.0,0.0,0.0,0.0,0.0,0.0,0.0,0.0,0.0,0.13359010774208635,0.0,0.0,0.0,0.0,0.0,0.0,0.0,0.0,0.0,0.0,0.05956348441606785,0.0,0.0,0.0,0.0,0.0,0.0,0.0,0.21628143266672314,0.0,0.0,0.0,0.06079285224799528,0.053805260099282756,0.0,0.0,0.0,0.0,0.0,0.0,0.0,0.0,0.0,0.0,0.0,0.0,0.06736892638439798,0.0,0.0,0.0,0.0,0.0,0.0,0.0,0.0700812487636684,0.0,0.0,0.0,0.0,0.0,0.0,0.0,0.0,0.0,0.0,0.0,0.0,0.0,0.0,0.0,0.0,0.0,0.0,0.0,0.0,0.0,0.0,0.0,0.0,0.0,0.0,0.0,0.0,0.0,0.0,0.0,0.0,0.0,0.0,0.0,0.0,0.0,0.0,0.0,0.0,0.0,0.036488331372347235,0.0,0.0,0.0,0.07430795006511721,0.0,0.0,0.0,0.0,0.0,0.13179624759942496,0.0,0.0,0.0,0.0,0.0,0.13306799962993304,0.053349101087200854,0.0,0.0,0.07209381088890772,0.0,0.0,0.0,0.0,0.05623880201543757,0.0,0.0700812487636684,0.11794700939674449,0.0,0.0,0.0,0.0,0.13145888206213166,0.0,0.0,0.02675889204579363,0.0,0.07106465191918196,0.0,0.058973504698372245,0.0,0.0,0.0,0.0,0.0,0.0,0.0,0.0,0.12418915282055776,0.0,0.0,0.0,0.0,0.0,0.0,0.0,0.0,0.0,0.0,0.0,0.0,0.0,0.0,0.0,0.0,0.0,0.0,0.0,0.0,0.0,0.0,0.0,0.0,0.0,0.0,0.0,0.0,0.0,0.0,0.0,0.0,0.0,0.0,0.0,0.0,0.0,0.0,0.0,0.0,0.0,0.0,0.0,0.0,0.0,0.0,0.0,0.0,0.167190619657311,0.3686048486844733,0.0,0.08639909728592692,0.0,0.0,0.0,0.0,0.0781097809749308,0.0,0.0,0.0,0.07209381088890772,0.0,0.11046608234810819,0.0,0.0,0.0,0.0,0.0,0.0,0.0,0.0,0.0,0.0,0.0,0.0,0.0,0.0,0.0,0.0,0.0,0.0,0.06209457641027888,0.0,0.0,0.10761052019856551,0.0,0.0,0.0,0.0,0.0,0.06913970546602771,0.0,0.0,0.04886867131621221,0.0,0.0,0.0,0.0,0.0,0.0,0.0,0.048502994754538085,0.0,0.0,0.0411631072975967,0.0,0.14212930383836392,0.0,0.07317319219186026,0.0,0.0,0.0,0.0,0.0,0.0,0.0,0.14861590013023443,0.0700812487636684,0.0,0.0,0.04222947893931847,0.0,0.0,0.0,0.0,0.0,0.0,0.0,0.0,0.0,0.0,0.0,0.0,0.0,0.0,0.0,0.0,0.0,0.0,0.0,0.0,0.0,0.0,0.0,0.0,0.0,0.0,0.0,0.0,0.0,0.0,0.0,0.0,0.0,0.0,0.0,0.0,0.0,0.0,0.1904331293524609,0.05623880201543757,0.0,0.0,0.0,0.0,0.0,0.0,0.0,0.0,0.0,0.05956348441606785,0.0,0.0,0.0,0.0,0.0,0.0,0.0,0.0700812487636684,0.10669820217440171,0.0,0.0,0.13145888206213166,0.0,0.0,0.047204264855278684,sport
Dokumen_88,0.0,0.09817047824912245,0.0,0.0,0.0,0.0,0.0,0.0,0.0,0.18820799104730135,0.0,0.0,0.0,0.0,0.0,0.0,0.0,0.0,0.0,0.0,0.0,0.0,0.0,0.0,0.041104483869313264,0.0,0.0,0.08154319745474514,0.0,0.0,0.0,0.0,0.0,0.0,0.0,0.0,0.0,0.0,0.08967378472542803,0.0,0.11942813183869942,0.0,0.04705199776182534,0.048529717732623656,0.0,0.04144383320276467,0.0,0.0,0.0,0.0,0.0,0.0,0.0,0.044023911288573976,0.0,0.0,0.0,0.0,0.04144383320276467,0.0,0.0,0.0,0.0,0.02882384908968298,0.0,0.0,0.0,0.08967378472542803,0.0,0.0,0.0,0.0,0.0,0.056137310901580514,0.0,0.0,0.0,0.05695029197572055,0.044836892362714015,0.0,0.0,0.0,0.0,0.11186660683605162,0.0,0.0,0.0,0.10357213713000388,0.0,0.0,0.07495055886082634,0.0,0.0,0.0,0.10643245569509675,0.04178990275992896,0.0,0.0,0.0,0.0,0.0,0.0,0.0351763697288951,0.05461670516312552,0.0,0.0,0.0,0.0,0.0,0.0,0.0,0.0,0.0,0.0,0.0,0.0,0.0,0.0,0.0,0.0,0.27866564095696533,0.0,0.0,0.0,0.0,0.0,0.0,0.0,0.0,0.0,0.0,0.03424409848816247,0.0,0.0,0.0,0.0,0.0,0.0,0.0,0.025226390622465733,0.0,0.0,0.0,0.039793380693021844,0.0,0.0,0.0,0.04426139775031187,0.0,0.03272349274970748,0.039500060504717785,0.0,0.05071706150310102,0.0,0.0,0.0,0.0,0.0,0.04525801976560757,0.11122274529949573,0.0,0.0,0.0,0.0,0.0,0.08288766640552934,0.0,0.0,0.05014402847601187,0.0,0.17469299074409403,0.0703527394577902,0.07138900201960628,0.0,0.0,0.0,0.0,0.0,0.0,0.0,0.0,0.0,0.0,0.0,0.2184668206525021,0.0,0.0,0.0,0.0,0.0,0.0,0.0,0.0480231332325485,0.0,0.04178990275992896,0.053217883482319796,0.0,0.0,0.0,0.0,0.0,0.04250330555011899,0.0,0.0,0.04568954641995347,0.0,0.0,0.02833153649040101,0.0,0.0,0.0,0.0,0.0,0.0,0.0,0.0,0.48514493876504156,0.0,0.0,0.0,0.0,0.0,0.0,0.06803719867890855,0.0,0.0,0.0,0.0,0.0,0.10923341032625104,0.0,0.04613199895246081,0.0,0.0,0.0,0.0,0.0,0.0,0.0,0.08967378472542803,0.0,0.0,0.0,0.0,0.0,0.0,0.042871233698688345,0.0,0.0,0.0,0.0,0.05695029197572055,0.0,0.0,0.0,0.0,0.0,0.0,0.0,0.0,0.0,0.0,0.0,0.0,0.0,0.0,0.0,0.0,0.0,0.053903302372935495,0.0,0.0,0.0,0.0,0.03470401823006997,0.039809377279566474,0.0,0.0,0.0,0.05536047449709855,0.0,0.0,0.0,0.0,0.0,0.0,0.0,0.0,0.0,0.0,0.0,0.0,0.046585945034576776,0.0,0.0,0.0,0.0,0.05192277689257301,0.0,0.0,0.0,0.0,0.0,0.0,0.09317189006915355,0.0,0.0,0.14715427911516454,0.058699344647583314,0.0,0.11928844049254615,0.05192277689257301,0.0,0.0,0.0,0.0,0.0,0.0,0.0,0.0,0.0,0.0,0.0,0.0,0.0,0.0,0.0,0.0,0.0,0.0,0.0,0.0,0.0,0.046585945034576776,0.0,0.0,0.0,0.06715229361389387,0.04044493610340754,0.0,0.0,0.0,0.0,0.0,0.0,0.0,0.0,0.0,0.0,0.0,0.0,0.0,0.0,0.0,0.0,0.09705943546524731,0.0,0.04905142637172152,0.0,0.0,0.0,0.0,0.0,0.145589153197871,0.0,0.0,0.0,0.0,0.058699344647583314,0.05536047449709855,0.0,0.0,0.0,0.029676503146922426,0.0,0.0,0.04363117697324203,0.0,0.039809377279566474,0.0,0.0,0.0,0.1245347010843419,0.14464476141693208,0.03424409848816247,0.0,0.04568954641995347,0.041104483869313264,0.0,0.0,0.0,0.0,0.0,0.13451067708814204,0.0,0.0,0.0,0.0,0.17001322220047596,0.0,0.0,0.04077159872737257,0.0,0.0,0.0,0.048529717732623656,0.0,0.0,0.0,0.12750991665035696,0.0,0.049589190079977974,0.0,0.0,0.0,0.0,0.0,0.0,0.06503334891918523,0.0,0.0,0.0,0.0,0.0,0.0,0.0,0.0,0.0,0.0,0.14166968408104,0.0,0.0,0.0,0.0,0.0,0.0421429640921615,0.0,0.044023911288573976,0.0,0.0,0.15100403133142012,0.05192277689257301,0.0,0.0,0.0,0.0,0.0,0.0,0.0,0.0,0.0,0.0,0.0,0.0,0.0,0.0,0.05211747124548409,0.0,0.0,0.07283263623923426,0.0,0.0,0.030389905937112452,0.0,0.0,0.05461670516312552,0.04753082063326654,0.0,0.0,0.0,0.0,0.0,0.0,0.20057611390404748,0.0,0.0,0.0,0.0,0.06671810314709711,0.0,0.0,0.0,0.0,0.0,0.0,0.0,0.06090232908555678,0.0,0.0,0.0,0.0,0.0,0.0,0.0,0.044425674765331255,0.0,0.0,0.13207173386572194,0.0,0.09322217236337635,sport
Dokumen_89,0.0,0.10883110179705661,0.03162036577859503,0.0,0.0,0.033899330715293934,0.04735101988339206,0.06793077581779824,0.0,0.0,0.0,0.0,0.34163682351520447,0.0,0.0,0.0,0.0,0.0,0.0,0.0431709189847406,0.0,0.0431709189847406,0.0,0.16295805223473603,0.0,0.0,0.0,0.0,0.0,0.04369935101661839,0.0296508519049193,0.0,0.0,0.0,0.0,0.0908344668766786,0.0,0.0,0.0,0.0,0.0,0.0,0.0,0.0,0.0,0.0,0.0,0.0,0.0,0.0,0.04169198799565899,0.0,0.0,0.03660344884023889,0.0,0.0,0.0,0.0,0.0,0.0,0.04481761644926263,0.02828458499237162,0.0,0.023965437296499522,0.0,0.0,0.0,0.0,0.04602917452615862,0.035039545214689286,0.0,0.04541077143637941,0.0,0.0,0.11506862162830672,0.0,0.0,0.0,0.0,0.0,0.0,0.0181201172234551,0.0,0.09301090022224533,0.0,0.0,0.0296508519049193,0.017222901426735566,0.0,0.0,0.03115862342201304,0.2212386426392403,0.0,0.0,0.23598054378159933,0.0,0.0,0.0,0.0,0.0,0.0,0.0,0.029247207076103645,0.09082154287275881,0.16324665269558492,0.0,0.0,0.0,0.0,0.0,0.0,0.17479740406647357,0.0,0.048805260502172064,0.0,0.0,0.0,0.11620091485532433,0.0,0.16295805223473603,0.0,0.0,0.0,0.0,0.0,0.0,0.0,0.0,0.0651788201707649,0.0,0.0,0.028472075070187584,0.0,0.0,0.0,0.031159048320663987,0.0,0.0,0.0376295418242607,0.08389739771377015,0.0,0.0,0.03798833238496331,0.033085996490166844,0.0,0.0,0.0,0.05520135855937089,0.0,0.05441555089852831,0.03284211696669562,0.0,0.04216843328361478,0.0,0.04541077143637941,0.0,0.0,0.0,0.0376295418242607,0.018495112988734557,0.0,0.0,0.0,0.0,0.03660344884023889,0.0,0.0,0.0,0.0,0.0,0.05809902629991328,0.05849441415220729,0.03957067279569611,0.0,0.0,0.0,0.0,0.17548324245662186,0.03309929676767664,0.0,0.0,0.0,0.0,0.0,0.0,0.0,0.04266103230244641,0.0,0.0,0.0,0.0,0.0,0.0,0.06619859353535328,0.0,0.04424772852784806,0.0,0.0,0.0,0.0,0.0,0.10601744765794638,0.0,0.0,0.0,0.0,0.0,0.023556106582490483,0.0,0.0,0.0,0.039121135367020596,0.0,0.0,0.0,0.0,0.0,0.0,0.0,0.0,0.048805260502172064,0.0,0.0,0.02828458499237162,0.0,0.19522104200868826,0.0,0.0,0.0,0.0,0.039121135367020596,0.038356207209435576,0.0,0.0,0.0,0.0,0.0,0.0,0.04169198799565899,0.0,0.036937492963918975,0.0,0.04602917452615862,0.0651788201707649,0.0,0.0,0.0,0.0,0.0,0.0,0.03798833238496331,0.0,0.0,0.04602917452615862,0.0,0.0,0.0,0.0,0.0,0.06949198846439734,0.0,0.0,0.0,0.0,0.0,0.0,0.0,0.0,0.0,0.04481761644926263,0.0,0.0,0.0,0.0,0.0,0.0,0.06949198846439734,0.0,0.0,0.0,0.0,0.0,0.04034977784262349,0.0,0.04735101988339206,0.0,0.08246134107545589,0.0,0.04169198799565899,0.0,0.0,0.0,0.0,0.0,0.0,0.0,0.0,0.0,0.0,0.0,0.03515033575546121,0.0,0.0,0.0,0.0,0.0,0.04424772852784806,0.040783549738890354,0.0,0.0,0.0,0.0431709189847406,0.0,0.0,0.0,0.0,0.0,0.0,0.0,0.0,0.0,0.0,0.0,0.0,0.0,0.0,0.0,0.0,0.0,0.0,0.0,0.0,0.08338397599131799,0.0,0.04667507105730284,0.0,0.04805995460202727,0.0,0.03362772879955444,0.0,0.0,0.0,0.0,0.0,0.0,0.0,0.0,0.0,0.0,0.0,0.0,0.0,0.0,0.0,0.0,0.0,0.0,0.0,0.0,0.0,0.0,0.0,0.03660344884023889,0.0,0.0,0.0,0.0,0.0,0.048805260502172064,0.0,0.0,0.0,0.0,0.049348744030269454,0.0,0.0,0.07255382393040459,0.0,0.0,0.0,0.1580770004718677,0.0,0.051771860184061436,0.27059427891613963,0.0,0.0,0.03798833238496331,0.0,0.0,0.028854472913786195,0.0,0.0,0.0,0.07455879533265622,0.0,0.0,0.04266103230244641,0.04169198799565899,0.0,0.0,0.04541077143637941,0.0,0.0,0.0,0.0,0.0,0.04216843328361478,0.0,0.0,0.0,0.0,0.0,0.0,0.0,0.08069955568524698,0.0,0.03727939766632811,0.0,0.0270358174727949,0.23472681220212355,0.0,0.09611990920405454,0.0,0.0,0.0,0.0,0.0,0.04602917452615862,0.0,0.05889525580180594,0.048805260502172064,0.0,0.0,0.0,0.0,0.0,0.0,0.10981034652071667,0.0,0.0,0.0,0.0431709189847406,0.0,0.0,0.0,0.0,0.0,0.0,0.0,0.0,0.09611990920405454,0.0,0.0,0.0,0.0,0.0,0.021666398288784257,0.0,0.0,0.0,0.0,0.0,0.10107010800900601,0.03417610631078411,0.049590872335030886,0.04541077143637941,0.0,0.0,0.0,0.0,0.0,0.0,0.0,0.04169198799565899,0.3324374366752708,0.0,0.0,0.0,0.0,0.04602917452615862,0.0,0.0,0.0,0.0,0.0,0.0,0.06751589372487671,0.0,0.0,0.0,0.0,0.0,0.0,0.0,0.0,0.0,0.0431709189847406,0.07320689768047778,0.0,0.062007266814830216,sport
Dokumen_90,0.0,0.12406792695637822,0.0,0.0,0.0,0.07729076739290981,0.0,0.0,0.0,0.0,0.0,0.0,0.38946745705591873,0.0,0.0,0.0,0.0,0.0,0.0,0.0,0.0,0.04921503444140797,0.05109227667615578,0.0,0.0,0.0,0.0,0.038645383696454906,0.0399452331594272,0.09963489848850497,0.033802099469633494,0.0,0.056533809039614906,0.0,0.04330686329282127,0.0,0.0,0.0,0.0,0.0,0.0,0.0,0.0,0.045998921332431934,0.0,0.0,0.0,0.0,0.05247345812617955,0.0,0.09505809342916188,0.0,0.0,0.0,0.0,0.0,0.0,0.0,0.0,0.0,0.0,0.16122274638773998,0.0,0.10928280886191233,0.0,0.0,0.0,0.0,0.0,0.0399452331594272,0.0,0.20707390371210527,0.0,0.0,0.0,0.0,0.0,0.0,0.0,0.0,0.0,0.02065701203974616,0.0,0.08836069058977258,0.0,0.0,0.033802099469633494,0.05890254644780932,0.0,0.04289784050114818,0.01776048276159307,0.0,0.0,0.0,0.10088206537095024,0.03961058376920478,0.0,0.056533809039614906,0.0,0.0,0.0,0.0,0.033341942618228954,0.0,0.24813585391275644,0.0,0.0,0.0,0.0,0.0,0.0,0.14945234773275745,0.0,0.11127641630169105,0.0,0.0,0.0,0.0,0.0,0.0,0.0,0.04752904671458094,0.0,0.0,0.0,0.0,0.0,0.10734694455204942,0.0,0.0,0.0,0.032458288777520106,0.037733341534456975,0.07775194201367427,0.03062720889894046,0.03552144990948674,0.0,0.0,0.12869352150344454,0.04782169820715609,0.0,0.0,0.0,0.05657726874081907,0.0,0.0,0.0,0.12585957522341462,0.0,0.0,0.0,0.0,0.0,0.0,0.0,0.0,0.0,0.0,0.12869352150344454,0.0,0.0,0.0,0.0,0.0,0.04172809005950087,0.0,0.0,0.0,0.0,0.0,0.06623314137401563,0.0,0.0225553691038895,0.0,0.0,0.0,0.0,0.26673554094583163,0.0,0.0,0.0,0.0,0.0,0.0,0.0,0.0,0.0,0.0,0.0,0.0,0.0,0.0,0.0,0.11320002460337093,0.03961058376920478,0.0,0.0,0.0,0.08127104786371303,0.045052116132663904,0.0,0.04028678302107533,0.0,0.036590503497458855,0.04330686329282127,0.0,0.0,0.0,0.0,0.0,0.0,0.04459826359395882,0.0,0.04372624218449899,0.0,0.0,0.11496122847876587,0.0,0.0,0.0,0.0,0.0,0.0,0.0,0.0,0.055638208150845525,0.04921503444140797,0.0,0.0,0.2588423796401316,0.0,0.04372624218449899,0.0,0.0,0.0380318105358844,0.0,0.0,0.0,0.0,0.12749602393813664,0.042108901805891455,0.0,0.0,0.03715206851038274,0.0,0.0,0.0,0.0,0.0,0.0,0.0,0.0,0.0,0.0,0.0,0.0,0.0,0.0,0.0,0.03961058376920478,0.0,0.0,0.0,0.0,0.027320702215478082,0.0,0.0,0.0,0.0,0.0,0.0,0.0,0.0,0.0,0.032894223973842375,0.0,0.0,0.0,0.0,0.0,0.0,0.0399452331594272,0.0,0.0,0.0,0.031825170385870266,0.04700314281643774,0.0,0.0,0.042108901805891455,0.0,0.0,0.0,0.0,0.056533809039614906,0.0,0.0,0.04921503444140797,0.05398036755299655,0.0,0.08014306971058668,0.0,0.053209782966451874,0.0,0.0,0.0,0.0,0.0,0.0,0.0,0.0,0.0,0.0,0.0,0.0,0.0,0.0,0.0,0.0,0.0,0.0,0.0,0.0,0.0,0.0,0.0,0.0,0.0,0.0,0.0,0.0,0.0,0.0,0.0,0.0,0.0,0.0,0.0,0.0,0.0,0.0,0.0,0.0,0.0,0.0,0.0,0.0,0.0,0.0,0.0,0.050442601979861404,0.0,0.0,0.0,0.0,0.0,0.0,0.0,0.053209782966451874,0.0,0.0,0.0,0.0,0.0,0.0,0.0,0.0,0.0,0.0,0.0,0.0,0.05176847592802632,0.0,0.056257781724507586,0.05398036755299655,0.0,0.04135583660904743,0.0380318105358844,0.037733341534456975,0.0,0.0,0.0,0.02951007231227755,0.17137702711933067,0.032458288777520106,0.0,0.1299205898784638,0.0,0.0,0.032894223973842375,0.0,0.0,0.0,0.0,0.0,0.0,0.0,0.0,0.0,0.0,0.0,0.0,0.0,0.0,0.0,0.0,0.0,0.0,0.0,0.04028678302107533,0.09963489848850497,0.0,0.0,0.07856512307413904,0.0,0.0,0.0,0.0,0.030820948901864466,0.0,0.0,0.05478855619977226,0.05478855619977226,0.0,0.0,0.0,0.0,0.0,0.0,0.13428169290285163,0.0,0.0,0.0,0.0,0.03161939654193907,0.11983569947828158,0.0,0.0,0.0,0.0,0.07156462970136628,0.0,0.0,0.0,0.0,0.0,0.0,0.0,0.0,0.0,0.10957711239954453,0.0,0.0,0.04649342317108945,0.04807219640440985,0.0,0.024699787798834767,0.0,0.0,0.0,0.04028678302107533,0.0,0.02880509011412433,0.0,0.056533809039614906,0.0,0.045052116132663904,0.0,0.0,0.0,0.0,0.0,0.0,0.0,0.12632670541767435,0.0,0.0,0.0,0.06323879308387814,0.0,0.0,0.0,0.0,0.0,0.0,0.0,0.0384842054924374,0.0,0.0,0.0,0.0,0.0,0.0,0.0,0.0,0.0,0.0,0.12518427017850262,0.0,0.24740993365136324,sport
Dokumen_91,0.0,0.0,0.04030979898093615,0.0,0.0,0.0432150347750496,0.0,0.028866163208524333,0.0,0.0,0.0,0.0,0.0,0.0,0.0,0.0,0.0,0.0,0.0,0.0,0.0,0.0,0.0,0.0,0.0,0.0,0.23155950579279155,0.0,0.04466858586891104,0.0,0.037799052935367755,0.0,0.0,0.05570814921659401,0.0,0.03859874282687807,0.0,0.0,0.0475239608732583,0.15647954185674198,0.0,0.0,0.0,0.05143809673645884,0.0,0.0,0.0,0.0488966830146574,0.0,0.0,0.053149152890516936,0.050901152700154675,0.0,0.0,0.0,0.0987556680403698,0.0,0.0,0.04392755616586652,0.0,0.0,0.03605732910507662,0.0,0.030551258219981576,0.0,0.0,0.0,0.0,0.0,0.1340057576067331,0.0,0.0,0.0,0.0,0.0,0.0,0.0,0.0,0.0,0.0,0.0,0.02309961522592254,0.0,0.05928537824715205,0.0,0.0,0.037799052935367755,0.13173504049408935,0.0,0.0,0.11916350261016886,0.0,0.0,0.0,0.09400911454754096,0.0,0.0,0.0,0.0,0.0,0.0,0.0,0.0,0.0,0.0,0.0,0.0,0.0,0.0,0.0,0.0,0.0,0.0,0.0,0.0,0.0,0.0,0.0,0.0,0.0692465774948305,0.0,0.0,0.0,0.0,0.0,0.0,0.0,0.0,0.08309028293014448,0.0,0.0,0.0,0.0,0.0,0.06849749030965556,0.0,0.0,0.0,0.0,0.026738204584235457,0.0,0.0,0.0,0.12653457682378302,0.0,0.0,0.0,0.0,0.0,0.0,0.0,0.0,0.0,0.07605804369676711,0.0,0.0,0.0,0.0,0.0,0.07073298505708023,0.0,0.0,0.0,0.0,0.0,0.04392755616586652,0.1522471951622956,0.0,0.0,0.0,0.03703246331076575,0.07456896901487613,0.07566733464297935,0.0,0.0,0.0,0.0,0.0,0.042195147534269846,0.0,0.0,0.042868795307013235,0.0,0.0,0.0,0.0,0.05438449537465302,0.0,0.0,0.0,0.13319176322816545,0.0,0.0,0.0,0.0,0.0,0.0,0.0,0.0,0.05037933587760556,0.0,0.04505052253861711,0.0,0.0,0.048427714365513484,0.0,0.0,0.0,0.0,0.0,0.0,0.049871817220346525,0.0,0.0,0.0,0.0,0.0,0.3342743370694378,0.0,0.0,0.0,0.0,0.0,0.0,0.0,0.0,0.0,0.0,0.0,0.0,0.09974363444069305,0.0,0.0,0.06126706827509427,0.0,0.0,0.0,0.0,0.0,0.0,0.0,0.0,0.0,0.0,0.0,0.0,0.04544050056821225,0.0,0.0,0.0,0.048427714365513484,0.0,0.0,0.0,0.0,0.0,0.0,0.0,0.13080083403758044,0.0,0.0,0.058678219771381844,0.0,0.0,0.030551258219981576,0.0,0.0,0.0,0.0,0.0,0.0,0.0,0.05199107129926208,0.0,0.03678382505122521,0.042195147534269846,0.0,0.0,0.0,0.0,0.0,0.0,0.0,0.0,0.0,0.0,0.0,0.059501611869854414,0.0,0.0,0.0,0.0,0.0,0.0,0.0,0.0,0.040917173794921165,0.0,0.0,0.0,0.0672147332989206,0.0,0.0,0.05199107129926208,0.0,0.0,0.0,0.05199107129926208,0.0,0.0,0.06321868978718635,0.0,0.0,0.05199107129926208,0.0,0.0,0.0,0.0,0.0,0.0,0.0,0.0,0.0,0.0,0.0,0.0,0.0,0.0,0.0,0.0,0.0,0.0,0.0,0.0,0.0,0.0,0.0,0.0,0.042868795307013235,0.0,0.0,0.0,0.0,0.14468193155887038,0.0,0.0,0.0,0.14126429719322567,0.0,0.0,0.0,0.0,0.0,0.0,0.0,0.05143809673645884,0.0,0.0,0.0,0.0,0.0,0.0,0.04666225796027363,0.05143809673645884,0.0,0.0,0.0,0.0,0.0,0.0,0.0,0.0,0.0,0.03145501171223676,0.0,0.0,0.0,0.08505781843315537,0.0,0.05199107129926208,0.0,0.0,0.13199804780888114,0.0,0.036296342385334045,0.0,0.0,0.0,0.0,0.0,0.0,0.0,0.0,0.0,0.0,0.0,0.0,0.0,0.0,0.049871817220346525,0.0,0.0,0.0,0.0,0.28944938224098943,0.0,0.05375652770450195,0.0,0.0,0.0,0.0,0.0,0.0,0.0,0.0,0.040610997035378585,0.0,0.0,0.0,0.049871817220346525,0.0,0.0,0.0,0.0,0.0,0.06787385535343142,0.0,0.0,0.0,0.0,0.06221718792976568,0.0,0.0,0.0,0.14143301894568364,0.04466858586891104,0.0,0.0,0.06787385535343142,0.058678219771381844,0.04001342030266598,0.0,0.0,0.0,0.0,0.0,0.0,0.0,0.0,0.05256106310920944,0.0,0.0,0.0,0.05199107129926208,0.0,0.0,0.0,0.0,0.0,0.07719748565375614,0.0,0.059501611869854414,0.06442233725807266,0.043567869675668947,0.1264373795743727,0.11577975289639578,0.0,0.0,0.0,0.0,0.0,0.0,0.0,0.0,0.04708809906440856,0.0,0.0,0.0,0.0,0.0,0.0,0.49013654620075414,0.0,0.0,0.0,0.0,0.043034797938838916,0.0,0.0,0.0,0.0,0.0,0.0,0.0,0.0,0.0,0.0,0.0,0.05143809673645884,0.1185707564943041,sport
Dokumen_92,0.0,0.0,0.040373012817016,0.0,0.0,0.043282804602573346,0.0,0.11564572452936238,0.0,0.0,0.0,0.05959492231134301,0.0,0.0,0.0,0.0,0.0,0.0,0.0,0.0,0.0,0.0,0.0,0.2774206799746593,0.0,0.07082740711934384,0.0,0.0,0.0,0.0,0.0,0.0,0.0,0.0,0.0,0.0386592733843016,0.0,0.0,0.0,0.0,0.0,0.0,0.0,0.051518761971651304,0.0,0.0,0.0,0.0,0.0,0.0,0.0,0.0,0.0,0.0,0.0,0.09891053670181889,0.0,0.0,0.0,0.0,0.05722331664357439,0.03611387421691415,0.0,0.0,0.0,0.0,0.0,0.0,0.0,0.0,0.0,0.0,0.0,0.0,0.19589345121705545,0.0,0.0,0.0,0.0,0.0,0.0,0.0,0.0,0.0791711327880314,0.0,0.0,0.0,0.0,0.0,0.0,0.03978345828083592,0.0,0.0,0.0,0.11298784759524648,0.0,0.0,0.0,0.0,0.05579551074907288,0.0,0.0,0.07468590808932249,0.05798065936582568,0.1389559974893424,0.0,0.0,0.0,0.0,0.0,0.0,0.0,0.23837968924537203,0.0,0.0,0.23837968924537203,0.0,0.049455268350909444,0.0,0.2774206799746593,0.0845226359487737,0.0,0.0,0.0,0.0,0.0,0.0,0.0,0.0,0.0,0.0,0.03635326231785293,0.0,0.0,0.034302454044896465,0.03978400079317752,0.0,0.0,0.04804555345775696,0.026780135442845212,0.0,0.0,0.09700731743675191,0.08448867225093841,0.0,0.0,0.0,0.04698754746100643,0.0,0.0347389993723356,0.04193294974885819,0.0,0.0,0.0,0.0,0.0,0.0,0.0,0.04804555345775696,0.023614636180199086,0.0,0.0,0.0,0.0,0.046735433723993296,0.0,0.07624297462447116,0.0,0.10646500280873142,0.0,0.0,0.037342954044661245,0.05052399744977174,0.0,0.0,0.0,0.0,0.14937181617864498,0.0,0.0,0.0,0.0,0.0,0.058770238969191285,0.05798065936582568,0.0,0.0,0.0,0.0,0.0,0.0,0.0,0.0,0.0,0.17745531222489871,0.05649568140631511,0.0,0.0,0.04551176037170727,0.0,0.0,0.0,0.0,0.0,0.0,0.0,0.0,0.06015306714874692,0.0,0.0,0.0,0.0,0.0,0.0,0.0,0.0,0.06437825055900101,0.0,0.0,0.0,0.0,0.0,0.0,0.0,0.0,0.18694427081477746,0.0,0.0,0.0,0.0,0.0,0.04897336280426386,0.0,0.0,0.0,0.0,0.0,0.0,0.0,0.047598487959685305,0.04716194263224617,0.0,0.0,0.0,0.048503658718375954,0.0,0.0,0.0,0.0,0.0,0.0,0.0,0.0,0.058770238969191285,0.0,0.0,0.08872765611244936,0.0,0.0,0.04436382805622468,0.0,0.0,0.0,0.0,0.0,0.0,0.0,0.0,0.0,0.0,0.0,0.0,0.0,0.0,0.11052452836252029,0.0,0.0,0.0,0.0,0.0,0.05579551074907288,0.0,0.051518761971651304,0.0,0.0,0.0,0.05264348938052722,0.0,0.0,0.0,0.0,0.0,0.0,0.0,0.0,0.0,0.040981340116324705,0.11024161312347312,0.0,0.0,0.06732013945921721,0.0,0.05959492231134301,0.1041452074185835,0.09891053670181889,0.0,0.1694870442189453,0.15621781112787525,0.06231475693825916,0.0,0.25327131740449654,0.05512080656173656,0.0,0.05207260370929175,0.0,0.0,0.0,0.0,0.0,0.0,0.0,0.0,0.0,0.0,0.05207260370929175,0.0,0.0,0.0,0.0,0.0,0.0,0.0,0.0,0.0,0.0,0.0,0.0,0.0,0.04293602216172317,0.0,0.0,0.0,0.0,0.0,0.0,0.0,0.0,0.0,0.0,0.0,0.0,0.0,0.0,0.0,0.0,0.0,0.0,0.05207260370929175,0.0,0.0,0.0,0.0,0.09347086744798659,0.0,0.0,0.0,0.0,0.0,0.0,0.0,0.0,0.0,0.0,0.03150433946887497,0.0,0.0,0.0,0.04259560306184203,0.0,0.05207260370929175,0.05045834076377443,0.0,0.03305126179449187,0.07677686355958065,0.07270652463570586,0.0,0.048503658718375954,0.0,0.0,0.11052452836252029,0.0,0.0,0.0,0.0,0.0,0.0,0.0,0.0,0.0,0.0,0.0,0.0,0.0,0.0,0.0,0.0,0.0,0.0,0.0,0.0,0.0,0.0,0.0,0.0,0.10303752394330261,0.0,0.0,0.0,0.06903888544430065,0.0,0.05959492231134301,0.0,0.0,0.0,0.0,0.0,0.0,0.0,0.0,0.03759885217642472,0.0,0.0,0.0,0.0,0.0,0.04473863515559618,0.0,0.046735433723993296,0.0,0.0,0.040076169357634056,0.0,0.0,0.0,0.0,0.0,0.05207260370929175,0.0,0.0,0.0,0.0,0.0,0.0,0.0,0.05384082870367442,0.0,0.05532749253671201,0.0,0.0,0.0386592733843016,0.1804846831139039,0.0,0.03226168219112626,0.04363619281896541,0.12663565870224827,0.05798065936582568,0.05045834076377443,0.0,0.0,0.0,0.0,0.0,0.0,0.0,0.09432388526449234,0.0,0.0,0.0,0.0,0.058770238969191285,0.0,0.0,0.0,0.0,0.0,0.0,0.02155114255945723,0.0,0.0,0.0,0.09990005243127952,0.0,0.0,0.0,0.0,0.0,0.0,0.18694173489597318,0.0,0.09896391598503924,sport
Dokumen_93,0.0,0.05916599651036494,0.0,0.0,0.09169942545131472,0.03685872236311463,0.051484736089638036,0.07386109262179563,0.0,0.0,0.0,0.0,0.0,0.0,0.0,0.0,0.0,0.0,0.0,0.0,0.0,0.0,0.0,0.11812279627975515,0.0,0.0301575620928683,0.049375105093541725,0.0,0.0,0.0,0.06447870769909818,0.0,0.0,0.04751427867698722,0.0,0.06584284163263308,0.0,0.0,0.0,0.0,0.0,0.0,0.0,0.0,0.0,0.03746644206665318,0.0,0.0,0.05004749440960515,0.0,0.09066334808816762,0.0,0.0,0.0,0.0,0.0,0.04873016802466412,0.0,0.0,0.0,0.04873016802466412,0.061507625277061745,0.0,0.0781728176618943,0.0,0.0,0.0,0.0,0.0,0.038098476918169914,0.0,0.049375105093541725,0.0,0.0,0.08340936311151731,0.0,0.0,0.0,0.12160160151723075,0.0,0.0,0.0,0.0,0.08427558095535918,0.0,0.0,0.03223935384954909,0.01872645059888855,0.0,0.0,0.016939376466961927,0.09622105844529959,0.0,0.0,0.20847247408088654,0.0,0.0,0.0,0.0,0.04751427867698722,0.0,0.0,0.03180047106441165,0.09875021018708345,0.2070809877862773,0.0,0.0,0.0,0.0,0.0,0.0,0.0,0.0,0.0,0.0,0.0,0.0,0.16846024857004063,0.0,0.11812279627975515,0.0,0.0,0.0,0.0,0.0,0.0,0.0,0.0,0.0354344464320904,0.0,0.0,0.061915340979893575,0.03598884592207361,0.0,0.0,0.06775842985195461,0.0,0.0,0.040914578709540426,0.11402698903154618,0.0,0.0,0.04130469147532072,0.017987192269077086,0.05789058375652918,0.0,0.0,0.08002720629087602,0.0,0.0887489947655474,0.03570921447561901,0.0,0.0,0.0,0.049375105093541725,0.0,0.0,0.0,0.0,0.10054862741267125,0.0,0.0,0.0,0.0,0.0,0.0,0.0,0.0,0.0,0.0,0.06317103714940499,0.0636009421288233,0.043025169273922914,0.0,0.0,0.0,0.0,0.2226032974508816,0.03598884592207361,0.0,0.0,0.0,0.0,0.0,0.0,0.0,0.0,0.0,0.0,0.05004749440960515,0.0,0.0,0.04341432247141702,0.0,0.11333789732230902,0.048110529222649794,0.0,0.0,0.0,0.0,0.0,0.0768484723526279,0.0,0.0,0.0,0.0,0.04341432247141702,0.1280627042126583,0.0,0.0,0.0,0.042536387491930276,0.0,0.0,0.0,0.0,0.0,0.0,0.0,0.04296925742665059,0.0,0.0,0.0,0.030753812638530872,0.0,0.10613186211947588,0.0,0.0,0.12340129249106765,0.0,0.042536387491930276,0.041704681555758655,0.10296947217927607,0.0,0.0,0.0,0.0,0.0,0.0,0.04053386717241025,0.0,0.0,0.1000949888192103,0.0354344464320904,0.04130469147532072,0.0,0.0,0.0,0.0,0.0,0.04130469147532072,0.0,0.0,0.0,0.051484736089638036,0.0,0.0,0.0,0.0,0.0,0.0,0.05004749440960515,0.0,0.0,0.026057605887298097,0.07819325098475473,0.0,0.0,0.0,0.04873016802466412,0.0,0.0,0.0,0.0,0.0,0.0,0.03777929910743634,0.0,0.0,0.0,0.0,0.0,0.08774457946708863,0.0,0.10296947217927607,0.030353822558092932,0.0,0.0,0.0,0.0,0.0,0.0,0.16846024857004063,0.0,0.0,0.0,0.0,0.0,0.0,0.0,0.07643787881607281,0.0,0.0,0.0443439296614149,0.0,0.0,0.0,0.1330317889842447,0.0,0.0,0.0,0.0469397148393014,0.04873016802466412,0.0,0.0,0.0,0.0,0.0,0.0,0.0,0.0,0.0,0.0,0.0,0.0443439296614149,0.0,0.0,0.0,0.0,0.0,0.0,0.0,0.0,0.04211506214251016,0.0,0.0,0.0,0.0,0.07312681951951888,0.0,0.0,0.0,0.0,0.0,0.0,0.0,0.0,0.04016211439042816,0.0,0.0,0.048110529222649794,0.0,0.0,0.0,0.0,0.0,0.0,0.0,0.0,0.0,0.0,0.0,0.0,0.39485060760189883,0.0,0.0,0.0,0.0,0.0,0.0,0.0,0.0,0.0,0.05365686038041712,0.0,0.0,0.07888773011753243,0.0,0.03598884592207361,0.0,0.04296925742665059,0.0,0.0,0.2615262226038898,0.0,0.0,0.0,0.0,0.0,0.0,0.0,0.0,0.0,0.0,0.0,0.0,0.0,0.0,0.0,0.0,0.049375105093541725,0.0,0.0,0.0,0.0,0.0,0.0,0.0,0.0,0.0,0.0,0.04483008384320509,0.0,0.03746644206665318,0.08774457946708863,0.0,0.0,0.0,0.029396028448432164,0.08507277498386055,0.0,0.0,0.0,0.0,0.0,0.0,0.0,0.0,0.0,0.0,0.05306593105973794,0.0,0.0,0.0,0.0603151241857366,0.0,0.0,0.15919563364431305,0.0,0.0,0.0,0.0469397148393014,0.0,0.0548231586507721,0.0,0.033155480864428544,0.0,0.0,0.049375105093541725,0.0,0.0,0.0,0.0,0.0,0.0,0.0,0.023557862125421505,0.0,0.0,0.0,0.0,0.0,0.027473367259086164,0.07431932061084404,0.10784025268775674,0.049375105093541725,0.0,0.0,0.0,0.0,0.0,0.0,0.0,0.0,0.24097268634256894,0.0,0.0,0.0,0.0,0.05004749440960515,0.0,0.0,0.0,0.0,0.0,0.0,0.05505749367450026,0.0,0.0,0.0,0.042536387491930276,0.0,0.0,0.0,0.04016211439042816,0.0,0.0469397148393014,0.0,0.08774457946708863,0.10113069714643101,sport
Dokumen_94,0.0,0.0,0.03303232099850178,0.0,0.04405139504019237,0.0,0.049465401486704245,0.023654704146504613,0.0,0.040868025067061164,0.0,0.0,0.0,0.0,0.0,0.0,0.0,0.0,0.0,0.0,0.0,0.0,0.0,0.0,0.0,0.0289747220260915,0.04743851444917503,0.0,0.0,0.09130134675319251,0.061949723470014255,0.0,0.0,0.04565067337659626,0.0,0.031630176667441265,0.0,0.0,0.03894404761056066,0.0,0.06915458241755652,0.0,0.0,0.0,0.0,0.0,0.04171152567593917,0.0,0.0,0.0,0.043553674874645364,0.0,0.0,0.03823791540582019,0.0,0.0,0.0,0.0,0.0,0.0,0.0,0.029547586429562758,0.0,0.05007114865086883,0.0,0.0,0.0,0.03894404761056066,0.0,0.0,0.0,0.04743851444917503,0.0,0.04875926928196377,0.12020682091711903,0.0,0.0,0.0,0.03894404761056066,0.0,0.0,0.018929241136762226,0.0,0.1943282967700913,0.0,0.0,0.0,0.05397588495057202,0.0,0.0,0.04882494044917571,0.0,0.0,0.0,0.12325893264763399,0.0,0.0,0.0,0.03789679756583119,0.09130134675319251,0.0,0.0,0.09165957843866862,0.0,0.19895885614091957,0.0,0.0,0.0,0.0,0.0,0.0,0.0,0.0,0.0,0.0,0.0,0.0,0.0,0.0,0.0,0.0,0.0,0.0,0.0,0.0,0.0,0.0,0.03278945013619949,0.03404463637864963,0.0,0.0,0.0,0.0,0.0,0.0,0.03255040417124905,0.0,0.0,0.0,0.0,0.0,0.0,0.0,0.017281698514669343,0.0,0.0,0.0,0.19222094691062233,0.0,0.05684538746883416,0.03430862746845915,0.0,0.0,0.0,0.0,0.0,0.0,0.0,0.0,0.05796294515615671,0.0,0.0,0.0,0.0,0.0,0.03599693306922366,0.0,0.0,0.0,0.0,0.12138668476367033,0.03055319281288954,0.0,0.0,0.0,0.03185505641105498,0.0,0.09165957843866862,0.03457729120877826,0.11905391591522989,0.0,0.0,0.0,0.0,0.0,0.0,0.0,0.0,0.040868025067061164,0.09616906261554889,0.0,0.0,0.04171152567593917,0.0,0.0,0.04622353778006751,0.0,0.043553674874645364,0.07447346496625622,0.0,0.0,0.0,0.0,0.0,0.11905391591522989,0.0,0.0,0.09843186249723639,0.0,0.0,0.0,0.0,0.0,0.0,0.0,0.0,0.0,0.0,0.0,0.12385175092444156,0.0,0.0,0.0,0.0,0.0,0.0,0.0,0.0,0.0,0.0,0.0,0.04006894030570634,0.0,0.0,0.0,0.0,0.049465401486704245,0.0,0.0,0.0,0.0,0.0,0.0,0.0,0.11905391591522989,0.0,0.0,0.0,0.0,0.0,0.0,0.049465401486704245,0.0,0.0,0.0,0.18260269350638503,0.03629751922942729,0.0,0.0,0.10889255768828188,0.0,0.0,0.0,0.0,0.05007114865086883,0.07512635486326173,0.0,0.0,0.0,0.046818873105570875,0.04743851444917503,0.0,0.0,0.0,0.0,0.0,0.0,0.0,0.0,0.0,0.0,0.03660417824630747,0.0,0.0,0.0,0.0,0.04307175804739263,0.0,0.0,0.0,0.0,0.0,0.0,0.0,0.0,0.0,0.03353004116404879,0.2705918705095311,0.0,0.0,0.0,0.0,0.09751853856392755,0.042604671807602586,0.0,0.0,0.0,0.08520934361520517,0.050984578818963906,0.0,0.10361054170191487,0.04509864508492185,0.0,0.12781401542280776,0.0,0.0,0.0,0.0,0.0,0.05359311192353622,0.0,0.0,0.0,0.0,0.0,0.0,0.0,0.0,0.0,0.10196915763792781,0.0,0.0,0.0,0.0,0.0,0.0,0.0,0.029163284762266383,0.1405172780018107,0.05457274891633595,0.0,0.0,0.0,0.0,0.0,0.0,0.0,0.0,0.0,0.0,0.0,0.0,0.0,0.0,0.0,0.0,0.0,0.0,0.0,0.0,0.0,0.0,0.0,0.46366683597943326,0.0,0.0,0.0,0.0,0.0,0.0,0.0,0.0,0.0,0.1546569921197023,0.0,0.0,0.03789679756583119,0.03485079599683752,0.03457729120877826,0.0,0.16513566789925543,0.0,0.027041823555487284,0.21986005970088782,0.0,0.0,0.0,0.0,0.0,0.0,0.050984578818963906,0.0,0.0,0.0,0.0,0.0,0.044565990254793214,0.0,0.0,0.0,0.04743851444917503,0.03541304935124992,0.0,0.0,0.0,0.0,0.0,0.0,0.049465401486704245,0.03691716057303146,0.0,0.04307175804739263,0.0,0.03599693306922366,0.0,0.0,0.0,0.0,0.05648611451691719,0.040868025067061164,0.0,0.0,0.0,0.05359311192353622,0.0,0.0,0.0,0.19233812523109778,0.0,0.030762563098670277,0.10196915763792781,0.0,0.0,0.0,0.0,0.0,0.0,0.03823791540582019,0.0,0.0,0.0,0.0,0.0,0.0,0.0,0.0,0.0,0.0,0.0,0.0,0.0,0.0,0.0,0.0,0.0,0.03894404761056066,0.06790162658152948,0.0,0.0,0.06326035333488253,0.03691716057303146,0.0,0.0,0.0,0.0,0.04743851444917503,0.0,0.0,0.0,0.0,0.0,0.0,0.0,0.043553674874645364,0.07717375143648865,0.0,0.0,0.0,0.0,0.048084531307774445,0.0,0.0,0.0,0.0,0.0,0.0,0.03526535223590877,0.0,0.0,0.0,0.040868025067061164,0.0,0.0,0.0,0.0,0.0,0.04509864508492185,0.0,0.0,0.06477609892336378,sport
Dokumen_95,0.0,0.0,0.0,0.0,0.0,0.03727377381745963,0.0,0.024897604364155595,0.0,0.0430153728815263,0.0,0.0,0.0,0.0,0.0,0.0,0.0,0.0,0.0,0.0,0.0,0.0,0.0,0.0,0.07515620100516643,0.030497154439093264,0.0,0.0,0.0,0.0,0.03260238842710648,0.0,0.0,0.0,0.0,0.0,0.0,0.0,0.0,0.0,0.0,0.0,0.0,0.0,0.0,0.07577667362311563,0.0,0.0,0.0,0.0,0.045842136046931714,0.0,0.0,0.0,0.0,0.04258930315444419,0.0,0.0,0.0,0.0,0.0,0.0,0.0,0.05270206050547326,0.0,0.0,0.0,0.08198060594977725,0.0,0.038527488756872175,0.0,0.0,0.0,0.0,0.0,0.0,0.0,0.0,0.0,0.0,0.0,0.039847698269052025,0.0,0.1193144047882693,0.0,0.0,0.0,0.07574928692865528,0.0,0.0,0.06852049626876794,0.0,0.0,0.0,0.21081999993123346,0.03820471681139799,0.0,0.0,0.0,0.0,0.0,0.0,0.0,0.0,0.20941284466132473,0.0,0.0,0.05744019046562918,0.0,0.0,0.0,0.0,0.0,0.0,0.0,0.0,0.0,0.04258930315444419,0.0,0.0,0.0,0.0,0.054527299501890183,0.07515620100516643,0.0,0.0,0.0,0.0,0.03583345968004462,0.0,0.0,0.1252250901580316,0.0,0.0,0.02954018172328086,0.0,0.0,0.0,0.04137530155364806,0.06918660103912487,0.0,0.0,0.0417698072245649,0.018189738907490538,0.0,0.0,0.0,0.0606962706915684,0.0,0.0,0.03611132177753827,0.0,0.046366008156644094,0.0,0.04993109856981099,0.0,0.0,0.0,0.08275060310729612,0.061008519377000414,0.0,0.050611059395292694,0.0,0.13035935157871523,0.0,0.0,0.0,0.0,0.0,0.0,0.0319411905725412,0.06431712711397344,0.0,0.0,0.0,0.0670576631699282,0.0,0.16079281778493362,0.03639410204280944,0.0,0.0,0.03697513581599917,0.0,0.0,0.0,0.0,0.0,0.0,0.0,0.0,0.0,0.0,0.1317095818158829,0.0,0.0,0.04865228281156831,0.052064485283873724,0.0,0.0,0.0,0.0,0.1165707487824777,0.0,0.0,0.0,0.0,0.043903193938627634,0.05180190701402815,0.0,0.0,0.0,0.0430153728815263,0.0,0.0,0.0,0.0,0.0,0.0,0.0,0.08690623438581016,0.0,0.0,0.0,0.0933003573770319,0.0,0.0,0.0,0.0,0.0,0.0,0.0,0.0421743014346624,0.2082579411354949,0.0,0.0,0.0,0.0,0.0,0.0,0.04099030297488863,0.0,0.0,0.050611059395292694,0.03583345968004462,0.0,0.0,0.0,0.0,0.04865228281156831,0.08275060310729612,0.0417698072245649,0.0,0.0,0.0,0.0,0.0,0.0,0.0,0.0,0.07640943362279598,0.0,0.050611059395292694,0.052064485283873724,0.0,0.13175515126368315,0.0395368770863076,0.0,0.0,0.0,0.0,0.04993109856981099,0.0,0.04484326906650945,0.04865228281156831,0.03172673543449209,0.0,0.03820471681139799,0.0,0.045842136046931714,0.0,0.0,0.0,0.04436631818846372,0.0,0.0,0.0,0.0,0.0,0.0,0.0,0.0,0.0,0.0,0.0,0.0,0.0,0.0,0.09493656870358909,0.0,0.0,0.07729861545412314,0.0,0.0,0.0,0.0,0.0,0.0,0.04484326906650945,0.053663485463429285,0.0,0.0,0.047468284351794544,0.049278899120383086,0.04484326906650945,0.0,0.0,0.0,0.0,0.0,0.0564090799467169,0.0,0.0,0.0,0.0,0.04484326906650945,0.0,0.0,0.0,0.0,0.10732697092685857,0.0,0.0,0.0,0.0,0.05132125044341536,0.0,0.0,0.0306956249155798,0.14790054326399668,0.11488038093125837,0.0,0.0,0.0,0.0,0.0,0.0,0.0,0.0,0.0,0.0,0.0,0.0,0.0,0.0,0.0,0.0,0.0,0.0,0.05132125044341536,0.0,0.0,0.0,0.0,0.5323958182615647,0.0,0.0,0.0,0.0,0.0,0.0,0.0,0.04993109856981099,0.0,0.0813916035072387,0.0,0.0,0.0,0.0,0.0,0.0,0.04345311719290508,0.0,0.0,0.26447116567521356,0.0,0.0,0.0,0.037578100502583214,0.0,0.0,0.0,0.0,0.0,0.0,0.0,0.0,0.04690764198902972,0.0,0.0,0.0,0.0,0.0,0.0,0.0,0.0,0.0,0.046366008156644094,0.0,0.15619345585162117,0.0777138325216518,0.0,0.0,0.054527299501890183,0.0,0.0,0.0,0.0,0.0,0.11890818186524689,0.0430153728815263,0.0,0.0,0.0,0.0,0.0,0.0,0.0843486028693248,0.0,0.0,0.0,0.0,0.0,0.0,0.0,0.09149146331727978,0.0,0.0,0.0,0.0,0.0,0.06902464319596545,0.047468284351794544,0.0,0.0,0.0,0.0,0.04484326906650945,0.0,0.0,0.045334897637731804,0.0,0.0,0.0,0.0,0.0,0.04099030297488863,0.04764627573551411,0.0,0.0,0.03329213587947863,0.0,0.10264250088683072,0.0,0.0,0.0,0.04993109856981099,0.04345311719290508,0.0,0.0,0.0,0.0,0.0,0.0,0.045842136046931714,0.04061436403226596,0.0,0.0,0.0,0.0,0.050611059395292694,0.0,0.0,0.0,0.046366008156644094,0.0,0.0,0.01855915809164727,0.0,0.0,0.0,0.0,0.0,0.0,0.0,0.0,0.0,0.0,0.0,0.0,0.10226948981851655,sport
Dokumen_96,0.0,0.0,0.0,0.0,0.0,0.0,0.0,0.016855925828059906,0.0,0.0,0.0,0.0,0.0,0.0,0.0,0.0,0.0,0.0,0.0,0.0,0.0,0.0,0.0,0.0,0.0,0.0,0.10141155129181355,0.0,0.0,0.0,0.022072141283442846,0.03213650070570722,0.0,0.0,0.0,0.04507821434017841,0.0,0.0,0.0,0.0,0.02463916912004658,0.0,0.0,0.0,0.0,0.0,0.0,0.028552421607934076,0.0,0.0,0.062071164253807834,0.0,0.0,0.0,0.0,0.0,0.03336230491546712,0.0,0.025650780922666087,0.0,0.0,0.0,0.03252986635009764,0.0,0.0,0.0,0.0,0.027750842872623457,0.0,0.052166986295452314,0.0,0.0,0.2858124622411961,0.0,0.0,0.0,0.0,0.0,0.027750842872623457,0.0,0.0,0.013488644060250167,0.0,0.0576978849598417,0.0,0.0,0.04414428256688569,0.012820755195187076,0.0,0.0,0.023194528797135922,0.0,0.0,0.0,0.07685312768237212,0.0,0.0,0.0,0.0,0.0,0.0,0.0,0.0,0.0,0.14177457900873972,0.0,0.0,0.0,0.0,0.0,0.040435411026678476,0.0,0.0,0.0,0.0,0.0,0.0,0.0,0.0,0.0,0.24639169120046578,0.0,0.07383104836636281,0.0,0.0,0.0,0.0,0.0,0.0,0.0,0.0,0.0,0.0,0.0,0.0,0.046389690184733996,0.0,0.0,0.0,0.09368003430000789,0.0,0.0,0.0,0.012314634186164781,0.07926766458273572,0.0,0.0,0.013697326348525335,0.0,0.0,0.0,0.0,0.0,0.0,0.0,0.0,0.0,0.0,0.0840344722208646,0.0,0.0,0.0,0.0,0.0,0.0,0.025650780922666087,0.022225567445936,0.0,0.0,0.0,0.0,0.02177166743134175,0.0,0.0,0.0,0.022699352517277203,0.0,0.02177166743134175,0.04927833824009316,0.0,0.0,0.025032534764437,0.0,0.13705676269396708,0.0,0.0,0.0,0.030036438755749847,0.0,0.03426419067349177,0.0,0.0,0.02972289903159664,0.0,0.0,0.032938079441017835,0.0,0.0,0.0,0.0,0.0,0.0,0.0,0.0,0.0,0.0,0.0,0.0,0.0,0.0,0.0,0.058243670688349576,0.0,0.0,0.0,0.0,0.0,0.0,0.11890149687410359,0.02941819259752076,0.0,0.0,0.0,0.04211018004454686,0.0,0.0,0.0,0.0,0.0,0.0,0.08736550603252435,0.028552421607934076,0.0352481744582841,0.0,0.0,0.0,0.0,0.0,0.0,0.0,0.0,0.0,0.10279257202047531,0.0,0.0,0.0,0.026534240163289625,0.03888758034215459,0.032938079441017835,0.0,0.0,0.0,0.0,0.0,0.0,0.0,0.0,0.0,0.0,0.0,0.0,0.0,0.0,0.0,0.1248793672899657,0.0,0.0,0.0,0.0,0.0,0.0,0.0,0.06071867848948784,0.0,0.021479315496722724,0.04927833824009316,0.0,0.0,0.031035582126903917,0.0,0.0,0.0,0.0,0.0,0.0352481744582841,0.0,0.0,0.0,0.0,0.0,0.0,0.0,0.0,0.6755501422510374,0.0,0.0,0.0,0.0,0.0,0.0,0.05233193160472225,0.0,0.0,0.0,0.11533352760213098,0.0,0.0,0.18215603546846348,0.036330713486193385,0.0,0.25840866928226985,0.06427300141141444,0.0,0.0,0.0,0.0,0.0,0.0,0.0,0.11456852479106486,0.0,0.0,0.0,0.0,0.03035933924474392,0.0,0.0,0.0,0.0,0.0,0.0,0.0,0.0,0.0,0.06948999415565536,0.0,0.0,0.02078124341825642,0.0,0.0,0.0,0.0,0.0,0.0,0.0,0.0,0.0,0.0,0.0,0.032938079441017835,0.0,0.0,0.0,0.0,0.0,0.030036438755749847,0.0,0.0,0.0,0.0,0.0,0.0,0.0,0.0,0.027750842872623457,0.0,0.0,0.0,0.0,0.03426419067349177,0.0,0.0,0.0,0.05510292523243753,0.0,0.0,0.0,0.07450219145416938,0.0,0.0,0.02941819259752076,0.0,0.05780858250651146,0.0,0.12716794760511588,0.0,0.02827857500391706,0.025440747855357194,0.0,0.0,0.0,0.0,0.0,0.027750842872623457,0.02941819259752076,0.03035933924474392,0.0,0.0,0.1315325942247194,0.0,0.0,0.0,0.0,0.0,0.0,0.0,0.0,0.0,0.0,0.02630651884494388,0.0,0.0,0.0,0.0,0.0,0.04742826047832744,0.0,0.0,0.040251010991957256,0.0,0.0,0.0,0.0,0.0,0.0,0.0,0.0,0.0,0.0,0.02192086101186012,0.0,0.0,0.0,0.0,0.0,0.0,0.0,0.0,0.0,0.0,0.0,0.0,0.0,0.0,0.0,0.0,0.0,0.0,0.0,0.0,0.0715518131791554,0.0,0.0,0.0,0.0,0.0,0.0161285013215438,0.0,0.03753377034141049,0.0,0.0,0.0,0.0,0.0,0.0,0.0,0.0,0.0,0.0,0.0,0.0,0.04441285576884204,0.0,0.0,0.027496328468745716,0.0,0.0,0.0,0.020646876931353243,0.0,0.0,0.0,0.0,0.0,0.0,0.0,0.01256473464870458,0.0,0.0,0.0,0.029121835344174788,0.0,0.0,0.0,0.0,0.0,0.0,0.0,0.0,0.0576978849598417,sport
Dokumen_97,0.0,0.08716979481546121,0.0,0.0,0.0,0.10860857435198926,0.0,0.10882021208853951,0.0,0.0,0.0,0.0,0.0,0.07373542365586556,0.0,0.0,0.0,0.0,0.0,0.0,0.0,0.0691567040626343,0.0,0.08701568909543302,0.0,0.0,0.21823435928651366,0.0,0.0,0.0,0.0,0.0,0.0,0.07000321413249654,0.0,0.0,0.0,0.0,0.059718911078885946,0.0,0.0,0.0,0.0,0.0,0.0,0.055199646081231485,0.0,0.0,0.0,0.0,0.0,0.0,0.0,0.0,0.0,0.0,0.0,0.0,0.0,0.0,0.0,0.04530986876937397,0.07000321413249654,0.0383909051236889,0.0,0.0,0.0,0.11943782215777189,0.0,0.0,0.0,0.0,0.13667980461521306,0.0,0.0,0.0,0.0,0.0,0.0,0.0,0.0,0.0,0.0,0.09933117713713142,0.0,0.0,0.0,0.11035939239465144,0.0,0.0,0.04991387141322791,0.0,0.0,0.0,0.18901192069378928,0.0,0.0,0.0,0.0,0.0,0.0,0.0,0.0,0.07274478642883789,0.1307546922231918,0.0,0.0,0.0,0.0,0.0,0.0,0.0,0.0,0.0,0.0,0.0,0.0,0.0,0.0,0.08701568909543302,0.21209076156591583,0.0,0.0,0.0,0.0,0.0,0.0,0.0,0.05220588863645119,0.0,0.0,0.0,0.05302269039147896,0.0,0.0,0.0,0.0,0.0,0.06027981681077373,0.033599397706631874,0.0,0.0,0.0,0.10600276860896082,0.0,0.0,0.0,0.1179048028170737,0.0,0.043584897407730604,0.0,0.0,0.0,0.0,0.0,0.0,0.0,0.0,0.0,0.059255678852655556,0.0,0.0,0.0,0.0,0.05863608972537572,0.0,0.09565739621487451,0.0,0.06678756309583841,0.0,0.0,0.09370384008436865,0.0,0.0,0.07000321413249654,0.0,0.0,0.14055576012655296,0.0,0.0,0.0,0.0,0.0,0.07373542365586556,0.0,0.0,0.0,0.0,0.0,0.0,0.0,0.0,0.0,0.0,0.0,0.0,0.0,0.0,0.0,0.06330699344508954,0.0,0.0,0.0,0.0,0.0,0.0,0.0,0.0,0.0,0.0,0.0,0.0,0.0,0.0,0.0,0.0,0.0,0.0,0.0,0.0,0.0,0.0,0.07373542365586556,0.18123947507749588,0.0,0.0,0.0,0.0,0.0,0.0,0.0,0.06144388244052932,0.0,0.0,0.10688419488266804,0.0,0.0,0.0,0.06678756309583841,0.17915673323665784,0.05917120436153557,0.0,0.0,0.0,0.0,0.0,0.0,0.0,0.0,0.0,0.0,0.0,0.0,0.0,0.0,0.0,0.0,0.0,0.0,0.0,0.0,0.0,0.0,0.0,0.0383909051236889,0.0,0.0,0.0,0.0,0.0,0.0,0.0,0.0,0.0,0.0,0.0,0.0,0.0,0.0,0.0,0.0,0.0,0.0,0.0,0.0758529247500413,0.0,0.0660485657414309,0.0,0.0,0.0,0.0,0.07373542365586556,0.0,0.0,0.0,0.0,0.05141678047364085,0.0,0.0,0.0,0.02815415359123923,0.0,0.07477010339653108,0.0,0.18614549955022963,0.0,0.0,0.45732617288947897,0.0,0.0,0.0794410071162449,0.20747011218790293,0.0,0.06533231041278272,0.0,0.0,0.0,0.0,0.0,0.0,0.0,0.0,0.0,0.0,0.06533231041278272,0.0,0.0,0.0,0.0,0.0,0.0,0.0,0.0,0.0,0.0,0.0,0.0,0.0,0.0,0.0,0.0,0.0,0.0,0.0,0.0,0.0,0.0,0.0,0.0,0.0,0.0,0.0,0.0,0.0,0.0,0.0,0.0,0.0,0.0,0.0,0.0,0.0,0.11727217945075144,0.06463743906497983,0.0,0.0,0.0,0.0,0.0,0.0,0.0,0.0,0.0,0.039526567502192154,0.0,0.0,0.0,0.05344209744133402,0.0,0.0,0.0,0.0,0.04146739631355487,0.0,0.0,0.0,0.0,0.16424298525936698,0.0,0.0,0.0,0.0,0.0,0.0,0.0,0.0,0.0,0.0,0.05661077275768255,0.0,0.0,0.0,0.0,0.06533231041278272,0.0,0.0,0.0,0.05141678047364085,0.0,0.0,0.07000321413249654,0.0,0.0,0.055199646081231485,0.0,0.05103203681293656,0.0,0.0,0.08661886621956558,0.0,0.0,0.0,0.0,0.0,0.0,0.0,0.0,0.0,0.0,0.04717297977393419,0.0,0.07373542365586556,0.0,0.08077145273613519,0.0,0.0,0.0,0.0,0.0,0.0,0.0502811180951376,0.0,0.0,0.0,0.0,0.0,0.06533231041278272,0.0,0.14548957285767578,0.0,0.0,0.0,0.06533231041278272,0.0,0.0,0.059718911078885946,0.0,0.0,0.0,0.0,0.0,0.0,0.0,0.0,0.0,0.0,0.0,0.0,0.0,0.0,0.0,0.0,0.0,0.0,0.1775136130846067,0.0,0.0,0.0,0.04443140747759283,0.0,0.0,0.0,0.0,0.0,0.0,0.0,0.10815560084569793,0.0,0.0,0.0,0.0,0.0,0.07373542365586556,0.0,0.05917120436153557,0.0,0.0,0.0,0.0,0.09933117713713142,sport
Dokumen_98,0.0,0.05997841334573059,0.0,0.0,0.0,0.0,0.0,0.09983371992303659,0.0,0.0,0.0,0.0,0.0,0.0,0.0,0.0,0.0,0.0,0.0,0.0,0.0,0.0,0.0,0.0,0.0,0.03057165992951234,0.05005308178609882,0.03736483479836478,0.038621612602104324,0.0,0.0,0.0,0.0,0.0,0.0,0.0,0.0,0.0,0.0,0.0,0.07296602791678825,0.0,0.0,0.04447470647437157,0.0,0.03798089918884275,0.0440104507976862,0.0,0.0,0.0,0.0,0.0,0.0,0.0,0.0,0.042693350137728014,0.049399288993268085,0.0,0.0759617983776855,0.0,0.0,0.0,0.0,0.05283081326737103,0.0,0.0,0.0,0.08218088710267432,0.0,0.0,0.0,0.0,0.1880889552299578,0.0,0.0,0.0,0.0,0.1565750412894271,0.0,0.0,0.0,0.01997252371345331,0.0,0.0,0.0,0.0,0.0,0.037967172388342275,0.0,0.0,0.10303184093685273,0.0,0.0,0.0,0.22759158121943418,0.07659610422959243,0.0,0.0,0.0,0.0,0.0,0.0,0.0,0.05005308178609882,0.0,0.0,0.0,0.0,0.0,0.0,0.0,0.1445001122805391,0.0,0.0,0.0,0.10289325968735051,0.0,0.0,0.0,0.0,0.291864111667153,0.0,0.0,0.0,0.0,0.0,0.0,0.03459663626580834,0.0,0.0,0.0,0.0,0.0,0.0,0.0,0.0,0.0,0.0,0.0,0.0,0.0,0.0,0.041871852153976,0.05470253100468809,0.0,0.0,0.0,0.08112607140787946,0.0,0.029989206672865296,0.0,0.0,0.0,0.0,0.0,0.0,0.0,0.0,0.04147638269351796,0.06115756507452617,0.0,0.0,0.0,0.0,0.04034539296520339,0.0,0.03290921391921434,0.0,0.2757247788087544,0.0,0.032019223887843756,0.0,0.021807977040742475,0.0,0.048166704093513035,0.0,0.0,0.0,0.0,0.0,0.0,0.0,0.03619954285219919,0.0,0.10010616357219763,0.0,0.0940444776149789,0.0,0.0,0.0,0.0,0.0,0.0,0.0,0.0,0.04877114184145331,0.0,0.0,0.0,0.0,0.0,0.0,0.0,0.0,0.041871852153976,0.0,0.0,0.051928460673138596,0.0,0.0,0.12230863732914136,0.0,0.0,0.04227733455592449,0.0,0.0,0.0,0.0,0.0,0.04355927450056999,0.0,0.0,0.0,0.0,0.0,0.0,0.0,0.0,0.06254786672214711,0.10010616357219763,0.04312046076631563,0.04227733455592449,0.0,0.0,0.03677159292602361,0.0,0.0,0.0,0.045954129801459076,0.20545221775668582,0.0,0.0,0.0,0.0,0.0,0.0,0.0,0.0,0.0,0.0,0.0,0.0,0.0,0.0,0.0,0.0,0.0,0.0,0.0,0.0,0.0,0.05073470377688266,0.0,0.0,0.07924621990105654,0.0,0.0,0.0,0.0,0.049399288993268085,0.05005308178609882,0.052973089032447865,0.0,0.0,0.0,0.0,0.03829805211479621,0.0,0.045954129801459076,0.05073470377688266,0.09633340818702607,0.0,0.0,0.0,0.0,0.0,0.04544565219315577,0.0,0.0,0.0,0.0,0.0,0.042693350137728014,0.0,0.05466051137904186,0.0,0.0,0.0,0.0,0.0,0.019371864589900575,0.0,0.0,0.0,0.08538670027545603,0.0,0.0,0.22476411279073216,0.0,0.0,0.10932102275808372,0.04758425083686599,0.0,0.08990564511629286,0.0,0.0,0.0,0.0,0.0,0.0,0.0,0.0,0.0,0.0,0.04495282255814643,0.0,0.0,0.0,0.0,0.0,0.0,0.0,0.0,0.042693350137728014,0.051446629843675255,0.0,0.0,0.0,0.0,0.0,0.0,0.0,0.0,0.0,0.0,0.0,0.0,0.0,0.0,0.0,0.0,0.0,0.0,0.0,0.0,0.0,0.0,0.04495282255814643,0.0,0.0,0.0,0.0,0.24207235779122036,0.0,0.0,0.0,0.0,0.0,0.0,0.0,0.0,0.0,0.0,0.02719681523632435,0.0,0.0,0.03998547446139022,0.0,0.18241506979197059,0.0,0.04355927450056999,0.0,0.0,0.03313965961288197,0.031382754730441734,0.0,0.041871852153976,0.0,0.0,0.06360848965853479,0.0,0.11309377814325529,0.0,0.0,0.0,0.0,0.04702223880748945,0.0,0.23371106944576173,0.0,0.10010616357219763,0.07472966959672955,0.0,0.04495282255814643,0.0,0.0,0.0,0.0,0.0,0.0,0.0,0.0,0.0,0.0,0.0,0.0,0.04109044355133716,0.0,0.0,0.0,0.051446629843675255,0.0,0.0,0.056546889071627644,0.0,0.0,0.0,0.0,0.0,0.0,0.0,0.0,0.0,0.0,0.0,0.0,0.0,0.0,0.0,0.05073470377688266,0.06919327253161668,0.04758425083686599,0.0,0.0,0.0,0.0,0.0,0.0,0.0,0.0,0.0,0.0,0.0,0.0,0.0,0.0,0.04776267705903453,0.0,0.0,0.06674693919179943,0.0,0.0,0.027850608029155084,0.0,0.0,0.0,0.04355927450056999,0.0,0.0,0.0,0.0,0.0,0.0,0.0,0.04071358617826408,0.0,0.0,0.0,0.03057165992951234,0.05073470377688266,0.0,0.0,0.0,0.0,0.0,0.0,0.055813496064595486,0.0,0.0,0.0,0.04312046076631563,0.0,0.0,0.0,0.0,0.0,0.0,0.3631085366868305,0.0,0.051259668670736655,sport
Dokumen_99,0.0,0.11472626619086478,0.033333178121566324,0.0,0.0,0.03573559005758548,0.0,0.16709105204412011,0.0,0.0,0.0,0.0,0.0,0.0,0.0,0.0,0.0,0.0,0.0,0.0,0.0,0.0,0.0,0.28630860985385465,0.0,0.029238622692071354,0.04787058263415913,0.0,0.0,0.0,0.0,0.0,0.05227711128713223,0.0,0.0,0.0638365262265556,0.0,0.0,0.0,0.0,0.0,0.0,0.0,0.0,0.0,0.07264958353250178,0.0,0.0,0.0,0.0,0.04395036008856868,0.0,0.0,0.0,0.0,0.0,0.0,0.0,0.0,0.0,0.0,0.0,0.046066457973102964,0.05052719476801334,0.0,0.0,0.0,0.03929874851471855,0.0485224833897314,0.07387513541861444,0.0,0.04787058263415913,0.0,0.0,0.04043388668973932,0.10289788884666286,0.0,0.0,0.0,0.0,0.10132653356895774,0.0,0.0,0.11439063504434284,0.0,0.0,0.0,0.127090822267251,0.0,0.0,0.0,0.0,0.0,0.0,0.1554769628965855,0.0,0.0,0.0,0.0,0.0,0.0,0.0,0.06166294026149719,0.0,0.08604469964314858,0.0,0.0,0.1652093863123559,0.0,0.0499159304817209,0.0,0.0,0.0,0.0,0.0,0.0,0.09328908000753716,0.0,0.0,0.28630860985385465,0.06978443972349091,0.0,0.0,0.0,0.0,0.0,0.0,0.0,0.0,0.0,0.0,0.0,0.10467665958523638,0.0,0.02832114154739189,0.0,0.0,0.0,0.0,0.0663314647000879,0.0,0.0,0.0,0.052317298701972145,0.0,0.0,0.0,0.019397168798276486,0.0,0.028681566547716194,0.0,0.0,0.0,0.0,0.0,0.0,0.0,0.10289788884666286,0.0,0.03899391297043854,0.0,0.0,0.0,0.0,0.038586184884719425,0.0,0.12589700279214372,0.0,0.04395036008856868,0.0,0.0,0.030831470130748596,0.0,0.0,0.046066457973102964,0.0,0.0,0.09249441039224578,0.0,0.0,0.0,0.03544927600610061,0.0,0.0485224833897314,0.04787058263415913,0.0,0.0,0.0,0.04124024948470241,0.0,0.0,0.0,0.0,0.0,0.0,0.0,0.0,0.0,0.0,0.04165992932012987,0.0,0.0,0.0,0.0,0.0,0.0,0.0,0.02483209403909826,0.0,0.0,0.0,0.0,0.0,0.0,0.0,0.0,0.0,0.0,0.0,0.0,0.0,0.0,0.0,0.0894501141682109,0.0,0.05144894442333143,0.13652820548624345,0.0,0.0,0.0,0.04124024948470241,0.04043388668973932,0.1996637219268836,0.0,0.0,0.0,0.0,0.0,0.04395036008856868,0.0,0.0,0.0,0.0,0.0,0.0,0.0,0.0,0.0,0.0,0.0,0.04004608481747651,0.0,0.0,0.0970449667794628,0.0,0.0,0.03662811565376698,0.0,0.0,0.0,0.0,0.0,0.0,0.0,0.0,0.0,0.0,0.0,0.0,0.0,0.0,0.0,0.04299271353769252,0.0,0.0,0.034892219861745455,0.0,0.0,0.0,0.0,0.0,0.03693756770930722,0.0,0.0,0.1497477914451627,0.02942890285047416,0.043464053981186045,0.0,0.0,0.0,0.0,0.0,0.04083176245632907,0.0,0.0,0.0,0.0,0.0,0.0,0.0,0.07410871910677248,0.0,0.0,0.0,0.0,0.0,0.04664454000376858,0.3009489947638476,0.05144894442333143,0.0,0.10455422257426446,0.09101880365749562,0.0,0.17197085415077007,0.0,0.0,0.0,0.0,0.0,0.0,0.0,0.0,0.0,0.0,0.0,0.0,0.0,0.0,0.0,0.0,0.0,0.0,0.0,0.0,0.0,0.0,0.0,0.0,0.0,0.0,0.0,0.0,0.0,0.0,0.0,0.0,0.0,0.0,0.0,0.0,0.0,0.0,0.0,0.0,0.0,0.0,0.0,0.0,0.0,0.0,0.0,0.0,0.19293092442359713,0.0,0.0,0.0,0.0,0.0,0.0,0.0,0.054081235948188394,0.0,0.0,0.0,0.0499159304817209,0.0,0.0,0.0,0.034892219861745455,0.0,0.0,0.0,0.027288119455726692,0.031694648108699784,0.0,0.0,0.0,0.0,0.0,0.0,0.0,0.0,0.0,0.0,0.0,0.0,0.0,0.0,0.14901360266862715,0.0,0.0,0.0,0.0,0.04299271353769252,0.0,0.0,0.0,0.0,0.0,0.0,0.046066457973102964,0.0,0.0,0.07264958353250178,0.0850708901605603,0.0,0.03929874851471855,0.0,0.028500293949568267,0.0,0.0,0.0,0.15198980035343662,0.0,0.0,0.0,0.0,0.0,0.0,0.03104274735312752,0.05144894442333143,0.0,0.0,0.0,0.0,0.03693756770930722,0.0,0.0,0.0,0.0,0.06617619040137858,0.18203760731499125,0.0,0.0,0.0,0.032145191053041644,0.0,0.0,0.04787058263415913,0.043464053981186045,0.10132653356895774,0.0,0.0,0.0,0.0,0.0,0.022840024004457764,0.0,0.0,0.0,0.0,0.0,0.026636218700154427,0.03602735803676623,0.20910844514852892,0.0,0.0,0.0,0.0,0.0,0.0,0.0,0.0,0.04395036008856868,0.07787664702878849,0.0,0.0,0.0,0.029238622692071354,0.0,0.0,0.0,0.0,0.0,0.0,0.0,0.05337982158380459,0.0,0.0,0.0,0.0,0.0,0.0,0.0,0.0,0.0,0.04550940182874781,0.0,0.0,0.24512278938073467,sport
Dokumen_100,0.0,0.17740646076354905,0.0,0.0,0.0,0.0,0.0,0.029529202138632533,0.0,0.0,0.0,0.06086832918482654,0.0,0.0,0.0,0.0,0.0,0.0,0.05921957314072453,0.0,0.0,0.0,0.0,0.21251139295673624,0.0,0.0,0.2368782925628981,0.0,0.04569459722934092,0.0,0.0,0.0,0.0,0.0,0.0,0.07897066686683105,0.0,0.0,0.0,0.0,0.0,0.0,0.05101734376966519,0.0,0.0,0.0,0.0,0.050019811300106305,0.0,0.0,0.10873991585675594,0.0,0.0,0.0,0.0,0.0,0.0,0.0,0.0,0.06002602425016972,0.0,0.0,0.0,0.06250600559903878,0.0,0.0,0.0,0.0,0.0,0.3198621806053864,0.0,0.0,0.0,0.0,0.0,0.0,0.0,0.0,0.0,0.0,0.0,0.0,0.0,0.10107854800324742,0.0,0.0,0.0,0.134760917527902,0.0,0.0,0.02031676979204508,0.0,0.0,0.0,0.1923368981388164,0.0,0.06174982491105657,0.0,0.0,0.0,0.0,0.0,0.0,0.0,0.0,0.0,0.0,0.27250220066682995,0.0,0.0,0.0,0.0,0.06086832918482654,0.0,0.0,0.0,0.0,0.0,0.0,0.21251139295673624,0.04316434545900888,0.0,0.0,0.0,0.0,0.0,0.0,0.0,0.0,0.0,0.0,0.0,0.04316434545900888,0.0,0.035035418852366475,0.0,0.0,0.0,0.0,0.08205709663820225,0.0,0.0,0.0,0.06472050112036397,0.0,0.0,0.06812555016670749,0.047991563635276874,0.0,0.0,0.0,0.0,0.0,0.0,0.0,0.0,0.0,0.0,0.0,0.07235768046245215,0.0,0.0,0.0,0.0,0.047734062805653156,0.0,0.07787211221163691,0.0,0.0,0.0,0.0,0.03814088736703761,0.0,0.0,0.0,0.0,0.0,0.0,0.0,0.0,0.0,0.0,0.0,0.0,0.0,0.0,0.0,0.0,0.0,0.0,0.0,0.0,0.0,0.0,0.0,0.0,0.0,0.0,0.0,0.05153651983442546,0.052070322484991834,0.0,0.0,0.04185701740836073,0.049540070714659795,0.0,0.0,0.0,0.0,0.0,0.0,0.0,0.0,0.050019811300106305,0.0,0.0,0.0,0.0,0.0,0.0,0.0,0.0,0.0,0.0,0.0,0.0,0.0,0.0,0.0,0.0,0.05101734376966519,0.050019811300106305,0.30874912455528286,0.0,0.0,0.0,0.0,0.0,0.10873991585675594,0.09723111706376639,0.0,0.0,0.0,0.0,0.0,0.0,0.0,0.0,0.0,0.0,0.0,0.0,0.056987732907299776,0.0,0.0,0.0,0.0,0.0,0.0,0.0,0.0,0.0,0.0,0.0,0.06250600559903878,0.0,0.0,0.06690262644702359,0.0,0.05844604774064275,0.0,0.06267433709383317,0.05318527587852747,0.0,0.0,0.04316434545900888,0.0,0.0,0.0,0.0,0.0,0.0,0.0,0.0,0.0,0.0,0.05376836006785021,0.0,0.0,0.0,0.0,0.0,0.2525600703177804,0.0,0.0,0.0,0.0,0.0,0.0,0.0,0.02291953883791502,0.0,0.12173665836965308,0.10637055175705494,0.0,0.0,0.0,0.10637055175705494,0.0,0.0,0.06467078621359884,0.11259722367636452,0.05844604774064275,0.0,0.0,0.0,0.0,0.0,0.0,0.0,0.0,0.0,0.0,0.0,0.0,0.0,0.0,0.0,0.06364628044272945,0.0,0.0,0.0,0.0,0.0,0.0,0.0,0.0,0.0,0.0,0.0,0.0,0.0,0.0,0.0,0.0,0.0,0.0,0.0,0.0,0.0,0.0,0.0,0.0,0.0,0.0,0.0,0.0,0.05318527587852747,0.0,0.0,0.0,0.0,0.23867031402826577,0.10523919962517779,0.0,0.0,0.0,0.0,0.0,0.0,0.0,0.0,0.0,0.06435502996459198,0.0,0.0,0.0,0.08701154690492548,0.0,0.0,0.0,0.0,0.10127247447546887,0.1568348182587891,0.0,0.0,0.0,0.0,0.0,0.07525745611034061,0.0,0.0,0.0,0.0,0.0,0.0,0.0,0.0,0.0,0.05101734376966519,0.0,0.0,0.0,0.05318527587852747,0.0,0.0,0.0,0.0,0.0,0.0,0.056987732907299776,0.0,0.0,0.0,0.0,0.04154380794725665,0.0,0.0,0.0,0.0,0.0,0.0,0.0,0.0,0.06002602425016972,0.0,0.0,0.0,0.0,0.07680450691050417,0.0,0.0,0.0,0.13150773238352456,0.03617041322182733,0.0,0.0,0.0,0.0,0.0,0.0,0.0,0.0,0.0,0.0,0.0,0.0,0.0,0.05921957314072453,0.0,0.0,0.0,0.0,0.0,0.0,0.0,0.08476457132794928,0.0,0.0,0.0,0.0,0.0,0.0,0.0,0.06467078621359884,0.0,0.0,0.0,0.0,0.0,0.0,0.0,0.0,0.0,0.0,0.0,0.0,0.0,0.03617041322182733,0.0,0.0,0.0,0.0,0.0,0.0,0.0,0.06603492321535367,0.0,0.0,0.05318527587852747,0.0,0.0,0.0,0.04569459722934092,0.0,0.0,0.0,0.0,0.0,0.1415099672045464,sport
Dokumen_101,0.0,0.0,0.0,0.0,0.0,0.0,0.0,0.0,0.0,0.0,0.0,0.0,0.0,0.0,0.0,0.0,0.0,0.0,0.0,0.0,0.0,0.0,0.0,0.0,0.0,0.04650755498741019,0.0,0.0,0.0,0.0,0.0,0.0,0.0,0.0,0.0,0.0,0.0,0.0,0.0,0.0,0.0,0.0,0.0,0.0,0.0,0.0,0.13390299808472003,0.0,0.0,0.06626514094157229,0.0,0.0,0.0,0.0,0.0,0.0,0.0,0.0,0.0,0.0,0.0,0.0,0.0,0.0,0.0,0.0,0.0,0.0,0.0,0.0,0.0,0.0,0.0,0.0,0.0,0.0,0.0,0.0,0.0,0.0,0.0,0.0,0.0,0.02599315689582337,0.0,0.0,0.0,0.0,0.08454566246710142,0.0,0.026123099077560254,0.0,0.0,0.0,0.0741914570738239,0.0,0.0,0.0,0.0,0.0,0.0,0.0,0.0,0.0,0.0,0.0,0.0,0.0,0.0,0.0,0.0,0.0,0.0,0.0,0.0,0.0,0.0,0.0,0.0,0.0,0.0,0.0,0.0,0.0,0.0,0.0,0.0,0.0,0.0,0.06913481875649088,0.21208175647948896,0.0,0.0,0.0,0.0,0.0,0.5464900405076011,0.18216334683586705,0.0,0.0,0.0,0.0,0.0,0.11095596267989423,0.0,0.0,0.0,0.0,0.0,0.0,0.0,0.0,0.0,0.0,0.0,0.0,0.0,0.0,0.0,0.031012260234452294,0.0,0.0,0.0,0.0,0.0,0.05777896135077686,0.0,0.05302043911987224,0.0,0.0,0.0,0.0,0.033175682763873,0.0,0.0,0.0,0.0,0.0,0.0,0.0,0.0,0.11277269592898247,0.0,0.0,0.0,0.0,0.0,0.0,0.0,0.0,0.0,0.0,0.0,0.0,0.0,0.0,0.0,0.0,0.0,0.0,0.0,0.05925602577940983,0.0,0.0,0.0,0.0,0.0,0.0,0.0,0.0,0.0,0.327987947791469,0.0,0.0,0.0,0.0,0.0,0.0,0.0,0.0,0.0,0.0,0.0,0.047427064162365445,0.0,0.0,0.0,0.0,0.0,0.0,0.0,0.0,0.0,0.0,0.0,0.0,0.0,0.18216334683586705,0.0,0.0,0.0,0.0,0.0,0.0,0.0,0.0,0.0,0.0,0.0,0.0,0.06369812666259143,0.0,0.0,0.0,0.0,0.0,0.0,0.0,0.0,0.0,0.25363698740130425,0.0,0.0,0.0,0.0,0.0,0.0,0.0,0.0,0.0,0.0,0.0,0.0,0.0,0.0,0.0,0.0,0.07419376527869001,0.0,0.0,0.0,0.0,0.0,0.14477638227251893,0.0,0.04681021852334792,0.0,0.0,0.0,0.0,0.07238819113625947,0.0,0.0,0.0,0.0,0.0,0.0,0.0,0.0,0.0,0.17681828066268884,0.0,0.0,0.0,0.0,0.06990834725911575,0.0,0.0,0.0,0.0,0.0,0.0,0.0,0.0,0.0,0.0,0.0,0.0,0.0,0.0,0.0,0.0,0.0,0.0,0.0,0.0,0.150298685415871,0.0,0.0,0.0,0.0,0.0,0.0,0.0,0.0,0.0,0.0,0.0,0.0,0.0,0.0,0.0,0.0,0.0,0.0,0.0,0.0,0.06193609873608468,0.0,0.0,0.0,0.0,0.0,0.0,0.0,0.0,0.0,0.0,0.0,0.0,0.0,0.0,0.0,0.0,0.0,0.0,0.0,0.0,0.0,0.0,0.0,0.0,0.0,0.0,0.0,0.3576661133240161,0.0,0.0,0.0,0.0,0.0,0.0,0.0,0.0,0.0,0.14141448364950782,0.0,0.0,0.0,0.24191320795805468,0.0,0.0,0.0,0.0,0.0,0.0,0.0,0.0,0.0,0.0655975895582938,0.0,0.0,0.0,0.0,0.0,0.0,0.0,0.05381933368551039,0.0,0.0,0.0,0.0,0.0,0.0,0.0,0.0,0.0,0.0,0.0,0.0,0.0,0.0,0.0,0.0,0.0,0.0,0.0,0.0,0.0,0.0,0.0,0.0,0.0,0.0,0.0,0.0,0.0,0.0,0.0,0.0,0.0,0.0,0.0,0.0,0.0,0.05113080243979955,0.0,0.0,0.0,0.0,0.0,0.07718086067664091,0.0,0.0,0.0,0.0,0.0,0.0,0.0,0.0,0.0,0.0,0.0,0.0,0.0,0.0,0.0,0.0,0.07614393391865333,0.0,0.07614393391865333,0.0,0.0,0.0,0.0,0.0,0.0,0.0,0.0,0.0,0.0,0.0,0.0,0.0,0.0,0.0,0.028302347590858933,0.0,0.0,0.0,0.0,0.0,0.0,0.0,0.0,0.0,0.0,0.0,0.0,0.02599315689582337,finance
Dokumen_102,0.0,0.0,0.0,0.0,0.0,0.023900035150024722,0.0,0.1117508346909581,0.0,0.0,0.07659351171462572,0.0,0.0,0.0,0.0,0.0,0.0,0.0,0.0,0.0,0.0,0.0,0.0,0.0,0.024095170166596003,0.07821940076576211,0.0,0.023900035150024722,0.0,0.0,0.020904731385626832,0.030436780296924027,0.0,0.0,0.02678290279288109,0.0,0.0,0.02875361406066065,0.0,0.0,0.04667197490313119,0.0,0.0,0.0,0.04098448848359796,0.024294094448468254,0.08445250675208392,0.0,0.0,0.0,0.0,0.0,0.0,0.0,0.0333838756023587,0.027308365592149428,0.0,0.0,0.0,0.0,0.0,0.0,0.0,0.0,0.06490387071892814,0.0,0.0,0.026283082757000264,0.0,0.0,0.07823347131314048,0.0,0.0,0.0,0.0,0.0,0.0,0.0,0.026283082757000264,0.0,0.0,0.06387610454618238,0.0,0.07650468885466517,0.06881831687501572,0.0,0.0,0.09714125696261772,0.0,0.0,0.04393551018849596,0.0,0.0,0.0,0.08318664664016022,0.0,0.0,0.06992607623329297,0.051152601116784005,0.0,0.0,0.0,0.0,0.0,0.0,0.08001620889188568,0.0,0.0,0.043270433196494006,0.0,0.0,0.0,0.0,0.0,0.0,0.0,0.03119596301195443,0.0,0.0,0.0,0.0,0.0,0.0,0.0,0.03440915843750786,0.0,0.0,0.0,0.0,0.11627539002310858,0.022293297171914608,0.0,0.0,0.0,0.03788247388000318,0.0,0.11489026757193858,0.07659351171462572,0.0,0.02957507880015566,0.0,0.0,0.0,0.02332661036083012,0.0,0.0,0.0,0.012972865855656003,0.0,0.0,0.0,0.0,0.0,0.0,0.0,0.07109716966750089,0.0,0.0,0.0,0.0651980203159303,0.06490387071892814,0.0,0.48677903039196113,0.0,0.0,0.0,0.0,0.0,0.0,0.0,0.0,0.0,0.08369549935986667,0.03440915843750786,0.0,0.0,0.07366158188734838,0.0,0.0,0.0,0.0,0.02370854773136429,0.09261867220890266,0.0,0.0,0.0,0.0,0.0,0.027581562545682857,0.0,0.0,0.0,0.0,0.0,0.024496958079985035,0.0,0.0,0.0,0.0,0.0,0.0,0.0,0.0,0.0,0.0,0.0,0.0,0.0,0.0,0.0,0.0,0.055163125091365714,0.0,0.02704226547203067,0.0,0.0,0.0,0.0,0.0,0.0,0.0,0.03911673565657024,0.0,0.11964883576003345,0.0,0.0,0.0,0.0,0.0,0.0,0.0,0.0,0.0,0.0,0.0,0.0,0.0,0.11489026757193858,0.0,0.0,0.0,0.0,0.0,0.0,0.0,0.036169640351135575,0.025130826955669032,0.0,0.0,0.0,0.08034870837864327,0.0,0.0,0.0,0.0,0.0,0.0,0.0,0.036169640351135575,0.0,0.07109716966750089,0.0,0.0333838756023587,0.0,0.08448172599372891,0.0,0.0,0.0,0.03440915843750786,0.0,0.0,0.0,0.0,0.0,0.0,0.023335987451565596,0.024496958079985035,0.09358788903586329,0.05878818003454608,0.0,0.0,0.0,0.0,0.09131034089077208,0.0,0.01968210994752266,0.0,0.0,0.0,0.0,0.060873560593848054,0.0,0.0,0.0,0.0,0.0,0.0,0.0,0.0,0.0,0.07434609259512717,0.0,0.03290731160058442,0.0,0.0,0.11757636006909215,0.0,0.0,0.0,0.03753757314228246,0.0,0.0,0.0,0.0,0.0,0.0,0.07659351171462572,0.0,0.0,0.0,0.0,0.034963038116646486,0.0,0.03753757314228246,0.0,0.03440915843750786,0.06319550185068694,0.0,0.0,0.0,0.03290731160058442,0.0,0.0,0.0,0.0,0.04098448848359796,0.0,0.0,0.0,0.0,0.0,0.036169640351135575,0.0,0.0,0.0,0.0,0.0,0.0,0.0,0.0,0.03119596301195443,0.0,0.0,0.0,0.0,0.028447791988392014,0.0,0.0,0.0,0.0,0.0,0.0,0.0,0.0,0.026283082757000264,0.0,0.0,0.035548584833750445,0.10322747531252358,0.0,0.0,0.0,0.0,0.0,0.0,0.5413913107106437,0.0,0.0,0.023335987451565596,0.0,0.0,0.0,0.0,0.0,0.020073658701014435,0.029729998098315766,0.0,0.07228551049978801,0.11627539002310858,0.02034326054006128,0.0,0.07233928070227115,0.028447791988392014,0.0,0.027862245271288052,0.02875361406066065,0.0,0.02939409001727304,0.07474544989756016,0.0,0.0,0.0,0.0,0.0,0.0,0.05689558397678403,0.0,0.022629205252957335,0.0,0.0,0.0,0.0,0.0,0.0,0.05689558397678403,0.022459874478302645,0.0,0.0,0.01906105443013753,0.0,0.0,0.0,0.0,0.0,0.03245193535946407,0.0,0.0,0.0,0.0,0.02076145242592962,0.0,0.0,0.0,0.0,0.01955485019144053,0.0,0.036169640351135575,0.0,0.0,0.03245193535946407,0.0,0.09131034089077208,0.15318702342925145,0.0,0.036169640351135575,0.0,0.0575072281213213,0.0,0.0,0.0,0.0,0.06490387071892814,0.0,0.0,0.0,0.026283082757000264,0.1833054528511116,0.0,0.0,0.0,0.0,0.0,0.017814357120494954,0.0,0.0,0.0,0.0,0.0,0.06403188562242362,0.0,0.03201594281121181,0.0,0.0,0.0,0.0,0.10322747531252358,0.0,0.0,0.0,0.0,0.0,0.03388369563823952,0.0,0.0,0.0,0.0,0.07140106600166084,0.0,0.0,0.0,0.027581562545682857,0.024703920242712476,0.0,0.0,0.0,0.0,0.0,0.0,0.028447791988392014,0.08743393011961734,finance
Dokumen_103,0.0,0.0,0.0,0.0,0.0,0.0,0.0,0.0,0.0,0.0,0.0,0.0,0.0,0.0,0.0,0.0,0.0,0.0,0.07170620083704748,0.0,0.0,0.0,0.0,0.0,0.0,0.0,0.0,0.0,0.0,0.0,0.0,0.0,0.0,0.0,0.0,0.0,0.0,0.0,0.0,0.0,0.0,0.0,0.0,0.0,0.0,0.0,0.06304950886569279,0.0,0.0,0.0,0.0,0.0,0.0,0.0,0.0,0.0,0.0,0.0,0.0,0.0,0.0,0.0,0.0,0.0,0.0,0.0,0.0,0.0,0.0,0.0,0.0,0.0,0.0,0.0,0.0,0.0,0.0,0.0,0.0,0.0,0.0,0.0,0.0,0.024478253655137134,0.0,0.0,0.0,0.027195944698547875,0.07961826951630686,0.0,0.02460062269625843,0.0,0.0,0.0,0.11644585999921965,0.0,0.0,0.0,0.0,0.0,0.0,0.0,0.0,0.0,0.0,0.0,0.0,0.0,0.0,0.0,0.0,0.0,0.0,0.0,0.0,0.0,0.0,0.0,0.0,0.0,0.0,0.0,0.0,0.0,0.0,0.0,0.0,0.0,0.0,0.06510558285420259,0.0,0.0,0.0,0.0,0.08484548764537528,0.0,0.5146401372162951,0.08577335620271585,0.0,0.0,0.0,0.0,0.0,0.026122338755482154,0.0,0.0,0.0,0.0,0.0,0.0,0.0,0.0,0.0,0.0,0.0,0.0,0.0,0.0,0.0,0.0584096787843437,0.0,0.0,0.0,0.0,0.0,0.05441155445423936,0.0,0.04993036293685162,0.0,0.0,0.0,0.0,0.0624843516415608,0.0,0.0,0.0,0.0,0.0,0.05226567940853485,0.0,0.0,0.10620020751564972,0.0,0.0,0.0,0.0,0.0,0.0,0.0,0.0,0.0,0.0,0.0,0.0,0.0,0.0,0.0,0.0,0.0,0.0,0.0,0.0,0.0,0.0,0.0,0.0,0.0,0.0,0.0,0.0,0.0,0.4324215446266359,0.0,0.060566641140648345,0.0,0.0,0.0,0.0,0.0,0.0,0.0,0.0,0.0,0.0,0.0,0.0,0.0,0.0,0.0,0.0,0.0,0.0,0.0,0.0,0.0,0.0,0.0,0.1715467124054317,0.0,0.0,0.0,0.0,0.0,0.0,0.0,0.0,0.0,0.0,0.0,0.0,0.1199714915778087,0.0,0.0,0.0,0.0,0.0,0.0,0.0,0.0,0.0,0.15923653903261373,0.0,0.0,0.0,0.0,0.0,0.0,0.0,0.0,0.0,0.0,0.0,0.0,0.0,0.0,0.0,0.0,0.06986968968025965,0.0,0.0,0.0,0.0,0.0,0.06816934593099104,0.0,0.0,0.0,0.0,0.0,0.0,0.0,0.0,0.0,0.0,0.0,0.0,0.0,0.0,0.0,0.0,0.11100877414962988,0.0,0.14740520424795792,0.0,0.0,0.0,0.0,0.0,0.0,0.0,0.0,0.0,0.0,0.0,0.0,0.0,0.0,0.0,0.0,0.0,0.0,0.0,0.0,0.0,0.0,0.0,0.2830783009842492,0.0,0.0,0.0,0.0,0.0,0.0,0.0,0.0,0.0,0.0,0.0,0.0,0.0,0.0,0.0,0.0,0.0,0.0,0.0,0.0,0.0,0.0,0.0,0.0,0.0,0.0,0.0,0.0,0.0,0.0,0.0,0.0,0.0,0.0,0.0,0.0,0.0,0.0,0.0,0.0,0.0,0.0,0.0,0.0,0.0,0.0,0.0389622422011499,0.0,0.4715494402328135,0.0,0.0,0.0,0.0,0.0,0.0,0.0,0.0,0.0,0.06658636377174924,0.0,0.05396602315780346,0.0,0.045562860183994795,0.0,0.0,0.0,0.0,0.0,0.0,0.0,0.0,0.0,0.0,0.0,0.0,0.0,0.0,0.0,0.0,0.0,0.0,0.0,0.0,0.0,0.0,0.0,0.0,0.0,0.0,0.0,0.0,0.0,0.0,0.0,0.0,0.0,0.0,0.0,0.0,0.0,0.0,0.0,0.0,0.0,0.0,0.0,0.0,0.0,0.0,0.0,0.0,0.0,0.0,0.0,0.0,0.0,0.0,0.0,0.0,0.0,0.0,0.0,0.0,0.0,0.0,0.0,0.0,0.0,0.0,0.0,0.0,0.0,0.04781093647139448,0.0,0.0,0.0,0.0,0.0,0.0,0.062403152297436176,0.0,0.0,0.0,0.07170620083704748,0.0,0.0,0.0,0.0,0.0,0.0,0.07830681881989238,0.0,0.0,0.0,0.0,0.0,0.0,0.0,0.0,0.0,0.0,0.0,0.0,0.0,0.05532944248532329,0.0,0.0,0.0,0.14341240167409497,0.0,0.0,0.0,0.0,finance
Dokumen_104,0.0,0.020260577765350698,0.023546463069746677,0.0532027274667365,0.0,0.025243520089737053,0.0,0.10117084130480275,0.0,0.0,0.0,0.0,0.0,0.0,0.0,0.0,0.3380565365678675,0.0369284040611503,0.0,0.0,0.0,0.0,0.0,0.0,0.02544962416783182,0.04130816131112818,0.0,0.025243520089737053,0.0,0.0,0.022079842284377635,0.0,0.0,0.0,0.0,0.0,0.0,0.0,0.0,0.0,0.0,0.0,0.0,0.0,0.0,0.02565973051597137,0.0,0.0,0.0,0.0,0.0,0.0,0.03337394507026866,0.0,0.0,0.0,0.0,0.0,0.02565973051597137,0.0,0.0,0.0,0.06508243213184114,0.0,0.0,0.0,0.0,0.0,0.0,0.0,0.12394677616914006,0.0,0.0,0.0,0.0,0.0,0.0,0.0,0.0,0.07929532118166789,0.0,0.04048005080103067,0.0,0.26550287282961216,0.0,0.0,0.0,0.0,0.0,0.0,0.034803932100963796,0.0,0.0,0.07640566527296597,0.02196569767028742,0.0,0.03526047259560422,0.0,0.0,0.0,0.0,0.03820283263648298,0.0,0.0,0.0,0.0,0.0,0.0,0.0,0.0,0.0,0.0,0.0,0.0,0.0,0.0,0.0,0.0,0.0,0.0,0.0,0.0,0.0,0.0,0.0,0.0,0.0,0.0,0.0,0.0,0.0,0.0,0.0,0.0,0.0,0.0,0.0,0.0,0.0,0.0,0.0,0.10012183521080599,0.0,0.0,0.0,0.0,0.0,0.04110631609448207,0.0,0.0,0.024456253912536467,0.06951423931171336,0.0,0.0,0.0,0.0,0.0,0.0,0.0,0.04131778531684465,0.0,0.0,0.0,0.0,0.0,0.0,0.022233321977473266,0.023546463069746677,0.0,0.11460849790944895,0.0,0.0,0.0,0.03634338932289296,0.09762364819776172,0.0,0.0,0.0,0.0,0.0,0.0,0.0,0.0,0.03427614549749448,0.0,0.06429542635141437,0.03176802028984806,0.0,0.0,0.0,0.11670344481981859,0.11315376575299624,0.0,0.0,0.0,0.0,0.0,0.0,0.0,0.029428456646023535,0.02973326939260002,0.0,0.0,0.0,0.0,0.0,0.0,0.0,0.0,0.03475711965585668,0.0,0.0,0.0,0.0,0.0,0.0,0.0,0.0,0.0,0.0,0.0,0.0,0.0,0.0,0.0,0.0,0.0,0.0,0.0,0.0,0.0,0.0,0.0,0.0,0.0,0.0,0.0,0.0,0.0,0.0,0.0,0.11460849790944895,0.0,0.0,0.0,0.0,0.0,0.0,0.0,0.0,0.0,0.0,0.0,0.0,0.0,0.0,0.0,0.0,0.0,0.0,0.0,0.0,0.03526047259560422,0.0,0.053538401946730624,0.0,0.06589914316591715,0.0,0.0,0.0,0.0,0.0,0.0,0.0,0.0,0.0,0.0,0.32949571582958576,0.0,0.0,0.0,0.0,0.0,0.0,0.0,0.020788494023122297,0.0,0.0,0.0,0.0,0.0,0.0,0.0,0.0,0.0,0.4361206718747155,0.02390125344301934,0.0,0.0,0.0738568081223006,0.05235019028878158,0.0,0.0,0.0,0.0,0.0,0.0,0.0,0.0,0.0,0.0,0.0,0.0,0.0,0.0,0.0,0.0,0.0,0.0,0.0,0.23340688963963718,0.1107852121834509,0.1910141631824149,0.0,0.0,0.0,0.0,0.0,0.0,0.0,0.0,0.0,0.0,0.0,0.0,0.0,0.0,0.0,0.0,0.0,0.0,0.07640566527296597,0.0,0.0,0.0,0.0,0.0,0.0,0.0,0.0,0.0,0.0,0.0,0.0,0.0,0.0,0.0,0.0,0.0,0.0,0.06353604057969613,0.0,0.0,0.0,0.0,0.0,0.0,0.0750937318526557,0.0,0.0,0.0,0.0,0.0,0.0,0.0,0.0,0.0,0.0,0.02464776576058042,0.0,0.0,0.0,0.0,0.0,0.0,0.0,0.0,0.05089924833566364,0.18421731132813732,0.06446042897973654,0.0,0.0,0.0,0.0,0.0,0.030369931660626955,0.0,0.03104641048487344,0.0263156972261265,0.029131995993217776,0.0,0.0,0.032949571582958574,0.0,0.0,0.0,0.0,0.04780250688603868,0.0,0.0,0.0,0.0,0.0,0.0,0.0,0.14233442479403688,0.0,0.0,0.020132527312967174,0.0,0.0,0.0,0.0,0.0,0.0,0.07929532118166789,0.0,0.0,0.0,0.0,0.0,0.0,0.0,0.03754686592632785,0.04130816131112818,0.0,0.03820283263648298,0.0,0.039647660590833946,0.0,0.0,0.0,0.0,0.0,0.07640566527296597,0.04541454470617574,0.0,0.0,0.0,0.0,0.0,0.0,0.0,0.0,0.0,0.0,0.03226825715638189,0.0,0.0,0.0,0.0263156972261265,0.0,0.0,0.0,0.0,0.0,0.0,0.0,0.0,0.0,0.33815644641253256,0.0,0.0,0.0,0.0,0.0,0.0,0.0,0.0,0.0,0.0,0.0,0.09140556010321947,0.0,0.0,0.03475711965585668,0.07541471101307992,0.0,0.0,0.0,0.0,0.0,0.0,0.026092593714931382,0.0,0.0,0.0,0.0,0.0,0.08080522216553414,finance
Dokumen_105,0.02009898215251538,0.03454826305113512,0.020075671322874678,0.0,0.0,0.03228386854871684,0.0,0.0431290370761358,0.0,0.0,0.0,0.0,0.0,0.0,0.0,0.0,0.0,0.03148508972298657,0.0,0.013704540711397989,0.0,0.0,0.0,0.0,0.04339660598457569,0.03521926273929425,0.0,0.0,0.0,0.0,0.0,0.027409081422795977,0.0,0.0,0.024118673401966106,0.009611753147603697,0.015742544861493284,0.41429357050249954,0.0,0.15586442654083443,0.0,0.014415578368990097,0.0,0.025617947736324784,0.0,0.010938719640106882,0.0,0.012176117988647107,0.0,0.037635972422803754,0.0,0.0,0.0,0.0,0.015031507203901171,0.0,0.0,0.021650998862659147,0.0,0.0,0.0,0.0,0.013872290633437772,0.0,0.0,0.45782043582236487,0.0,0.0,0.0,0.0,0.0,0.0,0.0,0.044450784918775875,0.0,0.0,0.021650998862659147,0.0,0.011834286483342475,0.0,0.01525655742154175,0.08628304308460036,0.0,0.08857849441310865,0.10845207529707031,0.0,0.037650466250415474,0.0,0.06402477835488436,0.0,0.03461939695380609,0.014046372216702617,0.0,0.03257166519409122,0.04681978409030207,0.02206012305095838,0.0,0.0,0.06909629379258436,0.0,0.0,0.0,0.009284480143006113,0.0,0.0,0.0,0.0,0.0,0.0,0.0,0.0,0.0,0.0,0.0,0.0,0.0,0.0,0.0,0.29484356249611904,0.0,0.0,0.0,0.0,0.0,0.0,0.0,0.0,0.009964032255286965,0.0,0.0,0.020075671322874678,0.0,0.0,0.0,0.0170570572995016,0.009891391155928218,0.0,0.0,0.0,0.09987411632542934,0.015031507203901171,0.014227282246037887,0.0,0.010503097838545746,0.0,0.0,0.0,0.046729559835948856,0.12917644699470313,0.01727413152556756,0.02085135733050595,0.044450784918775875,0.0,0.13257835907436386,0.0,0.0,0.0,0.0,0.0,0.0058712446914926724,0.0,0.0,0.0,0.0,0.011619707585699928,0.0,0.02843413444600629,0.010037835661437339,0.02647011276399207,0.0,0.0,0.0,0.012561648189553467,0.0,0.0,0.0,0.0,0.0,0.0,0.0,0.0,0.0,0.02085135733050595,0.0,0.028831156737980194,0.0,0.0,0.012808973868162392,0.0,0.014611889462643888,0.016583523914044933,0.04823734680393221,0.0,0.04202927996335717,0.01103006152547919,0.0,0.0,0.0,0.01131546890851232,0.012545324140934587,0.0,0.0,0.0,0.0,0.0,0.0,0.0,0.0,0.0,0.0592677132250345,0.0,0.0,0.0,0.012176117988647107,0.014046372216702617,0.0,0.0,0.0,0.0,0.0,0.03098630722773437,0.017612799089548794,0.0,0.01795779453617682,0.0,0.0,0.013704540711397989,0.02535053107178825,0.0,0.0,0.01241894323590728,0.0,0.0,0.0,0.052952162050980335,0.040151342645749356,0.0,0.0,0.0,0.0,0.011725749370309497,0.0,0.0,0.010345457261019472,0.012059336700983053,0.0,0.01131546890851232,0.0,0.014046372216702617,0.0,0.0,0.0,0.0,0.0,0.030063014407802343,0.0,0.01103006152547919,0.0,0.0,0.0,0.0,0.0,0.0,0.0,0.0,0.011414668742085191,0.04213911665010785,0.0,0.0,0.0,0.0,0.0,0.0,0.0,0.0,0.010507319990839292,0.02206012305095838,0.028092744433405235,0.02647011276399207,0.0,0.0,0.0,0.0,0.0,0.0,0.008862115980424357,0.0,0.0,0.0,0.0,0.0,0.0,0.07377559735985093,0.0,0.015742544861493284,0.1859178433664062,0.04075632989171017,0.0,0.0,0.04722763458447986,0.044633676438557854,0.0,0.014816928306258624,0.0,0.0,0.0,0.0,0.0,0.0,0.0,0.0,0.0,0.0,0.0,0.01628583259704561,0.0,0.03448718587452263,0.0,0.0,0.0,0.06633409565617973,0.015742544861493284,0.01628583259704561,0.08450880715978343,0.0,0.0,0.0,0.23613817292239925,0.0,0.03098630722773437,0.044450784918775875,0.0,0.0,0.0,0.0,0.0,0.0,0.0,0.0,0.0,0.0,0.01628583259704561,0.0,0.0,0.0,0.0,0.02009898215251538,0.0,0.03602829805363464,0.0,0.0,0.0,0.0,0.0,0.027409081422795977,0.07685384320897436,0.0,0.02589334815640622,0.02963385661251725,0.0,0.013542677981578169,0.0,0.0,0.0,0.011834286483342475,0.0,0.248752858710674,0.0,0.0,0.029223778925287776,0.0,0.0,0.0,0.007832840804920495,0.0,0.027085355963156338,0.011516048965430726,0.010590432410196067,0.0,0.0,0.0,0.0,0.008217448021526495,0.0,0.018076831400104607,0.01338630319348624,0.0,0.021698302992287845,0.0,0.0,0.015493153613867185,0.0,0.0,0.02366857296668495,0.0,0.0,0.013542677981578169,0.0,0.011218357648431404,0.0,0.014415578368990097,0.010761289516238948,0.014046372216702617,0.0,0.0,0.025617947736324784,0.0,0.010189082472927543,0.0,0.0,0.0,0.0,0.015742544861493284,0.0,0.05123589547264957,0.01011283917543322,0.03550285945002742,0.0,0.008582477972099836,0.0,0.0,0.0,0.0,0.0,0.0,0.0,0.0,0.014611889462643888,0.0,0.0,0.0,0.0,0.33121190639927317,0.0,0.05282889410894138,0.0,0.0,0.0,0.050705284295870054,0.0,0.009964032255286965,0.0,0.0,0.0,0.0,0.03872035770716672,0.01294667407820311,0.08450880715978343,0.0,0.0,0.0,0.0,0.01294667407820311,0.0,0.01338630319348624,0.011834286483342475,0.03438982125015235,0.0,0.01600619458872109,0.009611753147603697,0.011218357648431404,0.0,0.04812682156723624,0.0,0.015742544861493284,0.028831156737980194,0.0,0.0,0.0,0.0,0.0,0.0,0.0,0.0,0.0,0.0,0.014611889462643888,0.015742544861493284,0.008804815684823563,0.0,0.0,0.0,0.15586442654083443,0.0,0.0,0.0,0.021432814866555072,0.015031507203901171,0.08222724426838793,0.01294667407820311,0.0,0.011123248825750363,0.0,0.0,0.03517724811092849,0.0,0.0,0.011619707585699928,0.012808973868162392,0.08857849441310865,finance
Dokumen_106,0.0,0.06379489772755877,0.037070616168438465,0.0,0.0,0.03974239533194465,0.0,0.026546558990899093,0.0,0.0,0.0,0.0,0.0,0.0,0.0,0.0,0.0,0.0,0.0,0.0,0.0,0.0,0.0,0.0,0.0,0.03251696418381122,0.0,0.0,0.0,0.0,0.0,0.0,0.0,0.0,0.0,0.0,0.0,0.0,0.0,0.0,0.03880446338006579,0.0,0.0,0.0,0.20445431149807303,0.20198830247361133,0.0,0.0,0.0,0.13899297964915208,0.0,0.0,0.0,0.0,0.0,0.0,0.0,0.0,0.0,0.0,0.0,0.0,0.0,0.0,0.0,0.0,0.0,0.0,0.0,0.0,0.19513688111337135,0.0,0.0,0.0,0.0,0.0,0.0,0.0,0.0,0.0,0.0,0.0637301840738853,0.0,0.10904274181274146,0.0,0.0,0.0,0.08076612048929102,0.0,0.0,0.018264642751164347,0.051874496710961254,0.0,0.0,0.08645480478269854,0.0,0.0,0.0,0.042529788828331506,0.0,0.0,0.0,0.0,0.0,0.0,0.13305569580894513,0.0,0.0,0.0,0.0,0.0,0.0,0.0,0.0,0.0,0.0,0.0,0.0,0.0,0.0,0.0,0.0,0.0,0.0,0.0,0.0,0.0,0.036798053652613,0.0,0.04833740294383682,0.037070616168438465,0.033379669730461504,0.0,0.0,0.031496611692004066,0.0,0.06368211601608127,0.0,0.0,0.024589597175717664,0.0,0.05254261347285178,0.0,0.07757774119536287,0.0,0.0,0.0,0.04314410085068297,0.0,0.0,0.03850295473354354,0.10944045719870511,0.0,0.0,0.0,0.0,0.0,0.0,0.0,0.13009816003989502,0.053963001989191656,0.0,0.053963001989191656,0.0,0.04291260929423254,0.0,0.0,0.037070616168438465,0.0,0.0,0.10216991410558217,0.0,0.06958691906067972,0.0,0.0,0.0,0.0,0.0,0.07760892676013158,0.0,0.0,0.039423978700097624,0.03850295473354354,0.053963001989191656,0.0,0.0,0.0,0.0,0.0,0.0,0.0,0.1336085956673529,0.0,0.0,0.0,0.0,0.0,0.0,0.0,0.04633099321638403,0.0,0.0,0.0,0.0,0.0,0.0,0.0,0.027616359394977606,0.0,0.0,0.0,0.0,0.0,0.044967482194674856,0.0,0.0,0.0,0.0,0.0,0.0,0.0,0.0,0.0,0.0,0.0,0.0,0.0,0.0,0.0,0.0,0.0,0.0,0.0,0.0,0.07822280981236002,0.0,0.0,0.0,0.0,0.0,0.0,0.0,0.0,0.0,0.0,0.0,0.0,0.0,0.0,0.0,0.0,0.05551268747401942,0.05123159800521764,0.0,0.05551268747401942,0.0,0.04073499416773176,0.0,0.0,0.0,0.05911229431612869,0.0,0.0,0.0,0.0,0.0,0.0,0.0,0.0,0.0,0.0,0.0,0.0,0.0,0.0,0.03880446338006579,0.0,0.0,0.09775647094711697,0.0,0.0,0.0,0.0,0.0,0.0,0.0,0.1933496117753473,0.0,0.0,0.0,0.050612082685185814,0.0,0.0,0.0,0.0,0.2860879427747498,0.0,0.0,0.0,0.1162772250430081,0.10302257523729524,0.0,0.0,0.0,0.0,0.04887823547355848,0.0,0.0,0.0,0.0,0.0,0.0,0.0,0.0,0.0,0.0,0.0,0.0,0.34075718583012177,0.0,0.0,0.0,0.0,0.06241970199030583,0.0,0.05721758855494996,0.0,0.0,0.0,0.0,0.0,0.0,0.04887823547355848,0.0,0.0,0.20445431149807303,0.0,0.0,0.0,0.0,0.0,0.0,0.18043506674687054,0.0,0.0,0.0,0.0,0.0,0.0,0.0,0.0,0.0,0.0,0.05721758855494996,0.0,0.047304675011008664,0.07195264155407685,0.0,0.0,0.0,0.0,0.0,0.0,0.0,0.0437050681688994,0.0,0.0,0.0,0.2860879427747498,0.0,0.0,0.0,0.0,0.02892737486261175,0.0,0.2500715464373122,0.0,0.0,0.0,0.04781321408306615,0.0,0.0,0.0,0.0,0.06675933946092301,0.04943680334461791,0.0,0.08013375481168249,0.0,0.0,0.0,0.0,0.047304675011008664,0.0,0.0,0.0,0.0,0.0,0.0,0.0,0.0,0.0,0.0,0.04781321408306615,0.0,0.047304675011008664,0.0,0.0,0.0,0.0,0.0,0.0,0.0,0.0,0.09460935002201733,0.0,0.0,0.0,0.03169585131783612,0.0,0.0,0.0,0.0,0.0,0.053963001989191656,0.0,0.0,0.0,0.0,0.0,0.0,0.0,0.0,0.0,0.0,0.0,0.0,0.0,0.06241970199030583,0.0,0.0,0.0,0.12736423203216254,0.0,0.0,0.07149885527521573,0.0,0.0,0.10647601546534087,0.0,0.0,0.0,0.0,0.04781321408306615,0.0,0.0,0.025400931170117554,0.0,0.0,0.0,0.0,0.0,0.0,0.0,0.0,0.0,0.0,0.0,0.0,0.0,0.0,0.0,0.0,0.0,0.0,0.0,0.0,0.0,0.0,0.0,0.0,0.22537527144361727,0.0,0.0,0.0,0.10944045719870511,0.05936496273641134,0.0,0.0,0.0,0.0,0.04107914312141477,0.0,0.0,0.0,0.0,0.0,0.0,0.0,0.07269516120849431,finance
Dokumen_107,0.0,0.018650941773128038,0.0,0.0,0.0,0.0,0.0,0.06208876805547806,0.0,0.0,0.0,0.0,0.0,0.0,0.0,0.0,0.0,0.033994564315779144,0.03112910335180102,0.0,0.0,0.0,0.0,0.0,0.02342773557593101,0.0,0.0,0.0,0.0,0.0,0.0,0.0,0.0,0.0,0.0,0.04151137740923196,0.0,0.02795714088790333,0.0,0.0,0.0,0.0,0.02681755512094594,0.0,0.35864298821831164,0.0,0.0,0.02629319653990913,0.0,0.05418092590791497,0.0,0.0,0.0,0.0,0.06491828899354271,0.0,0.0,0.0,0.0,0.0,0.0,0.0,0.0,0.0328566351496151,0.0,0.0,0.0,0.0,0.15776509467916663,0.0,0.34229884242260417,0.0,0.0,0.0,0.0,0.0,0.0,0.0,0.0,0.0,0.0,0.0745280889032159,0.0,0.13814452623479162,0.0,0.0,0.0,0.035418919007917986,0.0,0.0,0.0747573741522764,0.030331836937752665,0.0,0.0,0.09099267989774827,0.0,0.032459144496771355,0.0,0.0,0.0,0.0,0.07033548749928913,0.0,0.0,0.0,0.11669964794270557,0.0,0.0,0.0,0.0,0.0,0.0,0.0,0.0,0.0,0.0,0.030331836937752665,0.0,0.0,0.0,0.0,0.0,0.0,0.0,0.0,0.0,0.0,0.02151640273710616,0.0,0.0282636423878229,0.021675774341835673,0.019517619707073885,0.022689582170971577,0.0,0.0,0.021359541026001242,0.0,0.0,0.0,0.02875585110944475,0.0,0.030722495353003577,0.0,0.09072185930007148,0.0,0.0,0.03581058051530219,0.02522703669050445,0.0,0.018650941773128038,0.04502657061356089,0.03199578128574687,0.0,0.0,0.0,0.0345638914282593,0.0,0.0,0.0,0.07607044745357343,0.03155301893583332,0.0,0.0,0.0,0.0,0.0,0.020466957972651086,0.021675774341835673,0.0,0.0,0.0,0.0,0.013562856610829427,0.0,0.0,0.0,0.0,0.0,0.0,0.0,0.1036916742847779,0.0,0.022513285306780446,0.03155301893583332,0.0,0.0,0.0,0.0,0.0,0.0,0.0,0.10416407275800964,0.0,0.09075832868388631,0.0,0.0,0.0,0.0,0.024434704741704217,0.0,0.0,0.0,0.0,0.0,0.0,0.0,0.0,0.0,0.0,0.12798312514298749,0.0,0.0,0.0,0.02629319653990913,0.0,0.0,0.0,0.0,0.0,0.0,0.0,0.0,0.0,0.07755638071234988,0.0,0.0,0.029593683532793236,0.0,0.0,0.0,0.02681755512094594,0.0,0.0,0.0,0.022869055725604718,0.08670309736734269,0.0,0.0,0.0,0.0,0.02532066731438757,0.0,0.0,0.0,0.0,0.0,0.048869409483408434,0.0,0.0,0.0,0.0,0.0,0.0,0.0,0.0,0.0,0.0,0.0,0.0,0.0,0.0,0.0,0.0,0.0,0.0657132702992302,0.0,0.030331836937752665,0.0,0.0,0.0,0.0,0.0,0.0,0.0,0.0,0.022689582170971577,0.0,0.0,0.02857987570365733,0.0,0.0,0.0,0.0,0.0,0.0,0.0382738336553615,0.08479092716346871,0.0,0.08573962711097198,0.0,0.0,0.0,0.0,0.0,0.0,0.2676482165315652,0.04400475558331775,0.0,0.0,0.033994564315779144,0.0,0.0,0.0,0.0,0.0,0.02857987570365733,0.0,0.0,0.0,0.0,0.0,0.0,0.0,0.0,0.0,0.0,0.22341562979744595,0.03294511955132407,0.0,0.0,0.0,0.033994564315779144,0.03516774374964456,0.0,0.0,0.0,0.0,0.0,0.0,0.0,0.0,0.0,0.0,0.0,0.0,0.0,0.0,0.0,0.0,0.0,0.0,0.0,0.0,0.0,0.0,0.19767071730794442,0.0,0.0,0.3111990611805482,0.0,0.0,0.0,0.0,0.0,0.0,0.19361853046506347,0.0,0.0,0.0,0.0,0.0,0.0,0.0,0.0,0.0,0.0,0.0,0.0,0.0669120541328913,0.0,0.0,0.0,0.0,0.01691429262936026,0.0,0.3801740279059735,0.0,0.0,0.0,0.02795714088790333,0.0,0.0,0.01774481621219001,0.0,0.019517619707073885,0.028906479153480536,0.0,0.0,0.0282636423878229,0.039559507186676765,0.03345602706644565,0.0,0.0,0.0,0.0,0.0,0.02924415599276719,0.0,0.024225001989979365,0.0,0.0,0.0,0.030331836937752665,0.0,0.0,0.0,0.0,0.0,0.0,0.0,0.0,0.0,0.033994564315779144,0.0,0.08297937019931292,0.0,0.025555043134949697,0.0,0.0,0.02681755512094594,0.0,0.0,0.0,0.0,0.0,0.0,0.0,0.03155301893583332,0.0,0.020186361592135826,0.0,0.0,0.0,0.0345638914282593,0.0,0.0,0.0,0.0,0.0,0.0,0.02151640273710616,0.0,0.0,0.0,0.0,0.041806509112320096,0.02795714088790333,0.036497784894614894,0.03112910335180102,0.0,0.0,0.0,0.0,0.0,0.0,0.051110086269899394,0.13367092811536735,0.0,0.0,0.0,0.0,0.03199578128574687,0.0,0.02342773557593101,0.0,0.0,0.0,0.0,0.0,0.0,0.0,0.0,0.0,0.0,0.0,0.0,0.0,0.0,0.0,0.0,0.0,0.03294511955132407,0.08414369022293243,0.0,0.0,0.06399156257149374,0.08099380482980675,0.0,0.0,0.0,0.0,0.02401962331594191,0.0,0.0,0.0,0.0,0.0,0.05018335984785042,0.05531958013287528,0.08501201614448717,finance
Dokumen_108,0.0,0.026442636055057554,0.0,0.0,0.0,0.0,0.0,0.06602042071529683,0.0,0.0,0.0,0.0,0.0,0.0,0.0,0.0,0.055150857900168604,0.04819627357088868,0.0,0.0,0.0,0.0,0.0,0.0,0.0,0.0,0.0,0.0,0.0,0.0,0.0,0.04195686269921579,0.0,0.0,0.0,0.0,0.0,0.0,0.0,0.0,0.06433695101153059,0.0,0.0,0.0,0.22598718252438718,0.0,0.0,0.03727755066130958,0.0,0.0,0.0,0.0,0.0,0.0,0.09203882088391709,0.0,0.0,0.0,0.0,0.0,0.0,0.0,0.0,0.0,0.0,0.0,0.0,0.0,0.08946947626641462,0.0,0.5392211302159642,0.0,0.0,0.0,0.0,0.0,0.0,0.0,0.0,0.0,0.0,0.05283162519937974,0.0,0.13559285956599337,0.0,0.0,0.0,0.05021567254793155,0.0,0.0,0.07570594485584504,0.0,0.0,0.0,0.0716700870920082,0.0,0.0,0.0,0.07051345907246162,0.0,0.0,0.09971913055770733,0.0,0.0,0.0,0.275754289500843,0.0,0.0,0.0,0.0,0.0,0.0,0.0,0.0,0.0,0.0,0.04300339011201732,0.0,0.0,0.0,0.0,0.0,0.0,0.0,0.0,0.0,0.0,0.0,0.0,0.04007117808540317,0.030731135140774565,0.05534276186725949,0.06433695101153059,0.0,0.0,0.030282790891952672,0.0,0.0,0.0,0.0407690139505992,0.0,0.0,0.0,0.09646664777940031,0.0,0.0,0.0,0.017882993740179248,0.0,0.0,0.03191852813720021,0.04536247070671812,0.0,0.0,0.0,0.0,0.0,0.0,0.0,0.08987495917669788,0.0,0.0,0.0,0.0,0.035574083513267615,0.0,0.0,0.030731135140774565,0.0,0.0,0.0,0.0,0.0,0.0,0.0,0.0,0.0,0.0,0.0,0.0,0.14701033537096814,0.0,0.0,0.04473473813320731,0.04413372582814592,0.0,0.0,0.0,0.0,0.0,0.0,0.07384004248839159,0.0,0.12867390202306117,0.0,0.0,0.0,0.0,0.0,0.03840788637743818,0.0,0.0,0.0,0.0,0.0,0.0,0.0,0.0,0.0,0.0,0.0,0.0,0.0,0.03727755066130958,0.0,0.0,0.0,0.0,0.0,0.0,0.0,0.0,0.0,0.0,0.0,0.0,0.08391372539843157,0.0,0.0,0.0,0.0,0.0,0.0,0.0,0.09726878001618072,0.0,0.0,0.0,0.0,0.0,0.07179746723891567,0.0,0.0,0.0,0.0,0.0,0.0,0.0,0.0,0.0,0.0,0.0,0.0,0.0,0.0,0.0,0.033768864402988416,0.0,0.0,0.0,0.0,0.0,0.0,0.0,0.04658295842770036,0.0,0.04300339011201732,0.0,0.0,0.0,0.0,0.0,0.0,0.0,0.0,0.0,0.0,0.0,0.04051952233422506,0.0,0.0,0.0,0.0,0.0,0.0,0.0,0.08014235617080634,0.0,0.0,0.0,0.0,0.0,0.0,0.0,0.0,0.33202928346950916,0.09358254538046418,0.0,0.0,0.04819627357088868,0.0,0.0,0.0,0.0,0.0,0.04051952233422506,0.0,0.0,0.0,0.0,0.0,0.0,0.0,0.0,0.0,0.0,0.21116710922187126,0.046708408437646294,0.0,0.0,0.0,0.0,0.0,0.0,0.0,0.0,0.0,0.0,0.0,0.0,0.0,0.0,0.04051952233422506,0.0,0.0,0.0,0.0,0.0,0.0,0.0,0.0,0.149578695836561,0.0,0.0,0.0,0.046708408437646294,0.0,0.0,0.22060343160067442,0.0,0.0,0.0,0.0,0.0,0.0,0.0,0.0,0.0,0.0,0.0,0.0,0.0,0.0,0.0,0.0,0.0,0.0,0.0,0.04743275478135845,0.0,0.0,0.0,0.0,0.04796095441907585,0.0,0.2487678905635382,0.0,0.0,0.0,0.0,0.0,0.0,0.0,0.0,0.0,0.0,0.03692002124419579,0.0,0.0,0.02804302495228068,0.04743275478135845,0.0,0.0,0.0,0.0,0.0,0.0,0.0,0.0,0.03802096744365566,0.0,0.0,0.08600678022403464,0.0,0.0,0.03921505793020555,0.0,0.0,0.0,0.0,0.0,0.0,0.0,0.0,0.03921505793020555,0.0,0.03623102324850805,0.0,0.026275513895547685,0.0,0.0,0.0,0.0,0.0,0.0,0.0,0.0,0.0,0.0,0.05723899836797537,0.0,0.0,0.0,0.0,0.0,0.0,0.0,0.0,0.0,0.0,0.0,0.0,0.0,0.0,0.0,0.029635884306450307,0.0,0.0,0.08826745165629184,0.0,0.0,0.0,0.0,0.0,0.08196513797387711,0.0,0.12634256386949239,0.0,0.0,0.0,0.0,0.0,0.0,0.0,0.0,0.0,0.0,0.0,0.0,0.0,0.0,0.0,0.0,0.0,0.0,0.0,0.0,0.0,0.0,0.0,0.0,0.0,0.0,0.0,0.0,0.04536247070671812,0.08202150746520986,0.0,0.0,0.0,0.0,0.03405416011957791,0.0,0.0,0.0,0.0,0.0,0.0,0.0,0.04519761985533113,finance
Dokumen_109,0.0,0.11389951855456072,0.03309297047655625,0.0,0.0,0.07095614000111569,0.0,0.0,0.13892522155622702,0.0,0.0,0.0,0.0,0.0,0.0,0.0,0.0,0.0,0.04752561463027198,0.0,0.0,0.0,0.0,0.0,0.0,0.05805584297993231,0.0,0.0,0.0,0.0,0.0,0.0,0.0,0.0,0.03975750220195759,0.0,0.0,0.08536579348186336,0.0780311028021518,0.0,0.0,0.0,0.0,0.04222892348024168,0.0,0.0,0.0,0.0,0.0,0.0,0.0,0.0,0.0,0.0,0.0,0.0,0.0,0.0,0.0,0.0,0.0,0.029601837709538018,0.0,0.0,0.04817281761761149,0.0,0.0,0.0,0.0,0.0,0.0,0.0,0.0,0.0,0.04014250947197374,0.0,0.0,0.0,0.0390155514010759,0.0,0.0,0.07585598579172183,0.0580662863927077,0.08111879003879986,0.20431275921448622,0.0,0.031031733584766727,0.0,0.0,0.0,0.0652194482641198,0.0,0.3979435526349131,0.0,0.07717827751312485,0.14545665529057455,0.04955622316351162,0.0,0.03796637853752276,0.0,0.0,0.0,0.061218580902464806,0.0,0.0,0.0,0.0914689819316743,0.0,0.0,0.0,0.0,0.0,0.0,0.0,0.0,0.0,0.0,0.0,0.0,0.0,0.0,0.0,0.0,0.0,0.0,0.0,0.05684907894784473,0.032849653687640624,0.0,0.08630168116254307,0.0,0.0,0.0,0.0,0.028117051955625822,0.09783050645650745,0.0,0.0,0.0,0.1756092339375244,0.0,0.0,0.03975750220195759,0.12119400181708291,0.0,0.0,0.0,0.03851477540059888,0.0,0.02847487963864018,0.034371620327750554,0.0,0.0,0.0,0.04752561463027198,0.0,0.0,0.0,0.0,0.09678228145467707,0.0,0.0,0.0,0.0,0.11492436807579373,0.0,0.03124743897276151,0.03309297047655625,0.0,0.0,0.030402389642203622,0.0,0.12424060326195473,0.0,0.0,0.03191354435517534,0.0,0.0,0.0,0.0,0.0,0.07038763840680286,0.0,0.0,0.0,0.0,0.0,0.0,0.0,0.0,0.0,0.0,0.0,0.45033010557698094,0.0,0.0,0.0,0.0,0.0,0.04135971691683671,0.0,0.0,0.0,0.0,0.0,0.0,0.0,0.0,0.0,0.0,0.0,0.0,0.0,0.1204275284159212,0.0,0.0,0.0,0.0,0.0,0.0,0.0,0.0,0.0,0.11840735083815207,0.0,0.0,0.2259072455725559,0.0,0.059389466216802675,0.0,0.0,0.0,0.0,0.0,0.0698295686252346,0.0,0.0,0.0,0.04363364223899197,0.0,0.0,0.0,0.0,0.06821428906644768,0.0,0.0,0.0,0.0,0.04630840718540901,0.0,0.0,0.0,0.0,0.0,0.0,0.0,0.1090924914679309,0.0,0.053691512343707254,0.0,0.0,0.0,0.04955622316351162,0.0,0.0,0.0,0.0,0.0,0.0,0.0,0.0,0.10059634792878662,0.0,0.0,0.06039653221841673,0.0,0.03636416382264364,0.18523362874163604,0.08726728447798394,0.0,0.0,0.03667138588531509,0.0,0.04518144911451118,0.0,0.0,0.0,0.0,0.04363364223899197,0.0,0.0,0.0,0.0,0.0,0.05190038867927243,0.0,0.06718320897704463,0.0,0.0,0.0,0.05518100414499075,0.0,0.0,0.0,0.0,0.1309009267169759,0.04630840718540901,0.0,0.0,0.0,0.0,0.0,0.0,0.0,0.0,0.0,0.0,0.0,0.0,0.0,0.0,0.0,0.0,0.0,0.0,0.0,0.0,0.0,0.0,0.0,0.0,0.0,0.0,0.0,0.0,0.0,0.0,0.02921683043952187,0.0,0.0,0.0,0.0,0.0,0.0,0.0,0.0,0.0,0.0,0.0,0.18523362874163604,0.0,0.0,0.0,0.0,0.04518144911451118,0.0,0.0,0.0,0.0,0.0,0.0,0.0,0.0,0.0,0.0,0.0,0.0,0.0,0.0,0.0,0.0,0.04752561463027198,0.0,0.07747047618062378,0.0,0.04464781629565956,0.0,0.0,0.0,0.0,0.0,0.0,0.02709147409274005,0.0,0.0,0.0,0.0,0.0,0.08630168116254307,0.030198266109208366,0.0,0.0,0.04222892348024168,0.0,0.0,0.0,0.08929563259131912,0.04363364223899197,0.03698494286783626,0.0,0.0,0.0,0.0,0.0,0.0,0.0,0.0,0.0,0.0,0.0,0.0,0.0,0.0,0.0,0.0,0.0,0.0,0.0,0.0,0.0,0.0,0.0,0.0,0.0,0.09634563523522298,0.0,0.0,0.0,0.0,0.030819045154400985,0.0,0.0,0.0,0.0,0.0,0.0,0.0,0.0,0.0,0.09634563523522298,0.06569930737528125,0.0,0.0,0.0,0.0,0.0,0.0,0.0,0.0,0.0,0.0,0.0,0.0,0.04268289674093168,0.0,0.0780311028021518,0.04535086557344084,0.0,0.0,0.06337650343561194,0.03698494286783626,0.0,0.0,0.0,0.0,0.0,0.0,0.04752561463027198,0.09505122926054396,0.0,0.0,0.0,0.0,0.0,0.0,0.0,0.04817281761761149,0.05190038867927243,0.029027921489966156,0.0,0.0,0.0,0.0,0.0,0.0,0.0,0.03533010170375912,0.0,0.0,0.0,0.0,0.03667138588531509,0.0,0.0,0.0,0.0,0.0,0.03830812269193124,0.0,0.08111879003879986,finance
Dokumen_110,0.0,0.0444475086832422,0.0,0.0,0.0,0.0,0.0,0.0,0.0,0.0,0.0,0.0,0.0,0.0,0.0,0.0,0.0,0.0,0.0,0.0,0.0,0.0,0.0,0.0,0.0,0.09062154494454314,0.0,0.0,0.0,0.0,0.19375439200709407,0.0,0.0,0.07138868399532187,0.12411795566977996,0.0,0.0,0.0,0.0,0.0,0.0,0.0,0.0639095617047578,0.0,0.0,0.0,0.0,0.0,0.0,0.0,0.0,0.0,0.0,0.0,0.386770846325175,0.0,0.0,0.0,0.11258426172512963,0.0,0.0,0.0,0.0,0.039150719408141396,0.0,0.0,0.0,0.0,0.0,0.0,0.0,0.0,0.0,0.0,0.0,0.0,0.0,0.0,0.0,0.0,0.0,0.0,0.0,0.10129709190358749,0.0,0.0,0.14531579400532058,0.0281358930700877,0.0,0.0,0.12725435672702656,0.0,0.0,0.0,0.0,0.0,0.0,0.0,0.05926314566147857,0.14277736799064375,0.0,0.0,0.04777919065451776,0.0,0.0,0.0,0.0,0.0,0.0,0.0,0.0,0.0,0.0,0.0,0.0,0.0,0.0,0.0,0.0,0.0,0.0,0.0,0.0,0.0,0.0,0.0,0.0,0.0512762577419847,0.0,0.0,0.05165606005284083,0.0,0.0,0.0,0.0,0.0,0.0,0.0,0.0,0.0,0.0,0.07321551885068556,0.06205897783488998,0.18917626752008668,0.0,0.0,0.0,0.03005957945697911,0.0,0.0444475086832422,0.0,0.0,0.0,0.0,0.0,0.0,0.0,0.0,0.0,0.030214219339514507,0.0,0.0,0.0,0.0,0.0,0.0,0.09755060128059061,0.0,0.0,0.0,0.0,0.0,0.032321970349398904,0.0,0.0,0.0,0.0,0.0,0.05407208991539611,0.0,0.24711012715684533,0.0,0.0,0.0,0.0,0.0,0.0,0.0,0.0,0.0,0.0,0.0,0.0,0.0,0.0,0.0,0.0,0.0,0.0,0.0,0.0,0.0,0.0,0.0,0.0,0.0,0.0,0.0,0.0,0.15249983446673318,0.0,0.0,0.0,0.0,0.0,0.0,0.0,0.0,0.0,0.0,0.0,0.0,0.0,0.13861985953919737,0.0,0.0,0.0,0.0,0.0,0.0,0.1278191234095156,0.0,0.0,0.0,0.2179991906694775,0.05165606005284083,0.0,0.0,0.0,0.0,0.0,0.0,0.0,0.0,0.0,0.0,0.05823093355768967,0.0,0.0,0.0,0.0,0.0,0.07138868399532187,0.07519475961013337,0.0,0.0,0.0,0.0,0.08380909740088718,0.0,0.0,0.0,0.0,0.0,0.039150719408141396,0.0,0.07228453136944941,0.08380909740088718,0.0,0.0,0.0,0.0,0.0,0.0,0.04713760732763527,0.0,0.0,0.0,0.0,0.0,0.0,0.05724174301169782,0.0,0.0,0.0,0.0,0.0,0.0,0.06810939034373723,0.0,0.0,0.0,0.12655306768620564,0.0,0.0,0.0,0.05243439660273608,0.0,0.0,0.0,0.028711367024899414,0.0,0.0,0.0,0.0,0.0,0.0,0.0,0.0,0.0,0.0,0.0,0.0,0.0,0.0,0.0,0.0,0.0,0.0,0.0,0.0,0.0,0.0,0.0,0.0,0.0,0.0,0.0,0.0,0.0,0.0,0.0,0.13621878068747445,0.0,0.0,0.0,0.0,0.0,0.0,0.0,0.0,0.0,0.0,0.0,0.0,0.0,0.0,0.0,0.0,0.0,0.0,0.0,0.0,0.0,0.28210168082517006,0.06591671209471871,0.0,0.0,0.0,0.0,0.0,0.0,0.0,0.0,0.0,0.0,0.0,0.0,0.0,0.0,0.0,0.0,0.0,0.24185314961335666,0.0,0.0,0.0,0.0,0.0,0.0,0.0,0.0,0.0,0.04911684808708307,0.04651290974787551,0.0,0.06205897783488998,0.0,0.0,0.09427521465527054,0.15945972826799845,0.0,0.0,0.0,0.0,0.0,0.0,0.0,0.0,0.0,0.0,0.0,0.0,0.0,0.0,0.0,0.0,0.0,0.0,0.0,0.0,0.0,0.0,0.0,0.0,0.10408407656199817,0.0609008389741386,0.0,0.0,0.0,0.0,0.0,0.0,0.0,0.0,0.0,0.0,0.0,0.0,0.09621320929136595,0.0,0.0,0.0,0.0,0.18124308988908627,0.0,0.0,0.0,0.0,0.07519475961013337,0.0,0.0,0.0,0.0,0.0,0.0,0.0,0.08697875049718891,0.0,0.0,0.0,0.0,0.06662533600121268,0.0,0.06888772689363248,0.0609008389741386,0.0,0.0,0.0,0.04946338180382232,0.05773118587783689,0.0,0.04127785558694049,0.0,0.0,0.0,0.0,0.0,0.0,0.0,0.0,0.0,0.0,0.0,0.0,0.0,0.0,0.16202653045495155,0.0,0.0,0.0,0.0,0.0,0.0,0.0,0.0,0.11029616435159445,0.077354169265035,0.0,0.0,0.0,0.05724174301169782,0.0,0.0,0.0,0.0,0.0,0.0,0.06591671209471871,0.20259418380717498,finance
Dokumen_111,0.0,0.0,0.0,0.0,0.0,0.0,0.0,0.0,0.0,0.0,0.0,0.0,0.0,0.0,0.0,0.0,0.0,0.0,0.0,0.0,0.0,0.10910698656101585,0.0,0.0,0.0,0.0,0.0,0.0,0.0,0.11044250658135361,0.0,0.0,0.0,0.0,0.0,0.0,0.0,0.0,0.0,0.0,0.0,0.0,0.0,0.0,0.0,0.0,0.0,0.09693864024554706,0.0,0.0,0.0,0.0,0.0,0.09250884842433874,0.11967146429970062,0.0,0.0,0.0,0.08708724808086725,0.0,0.0,0.07148436742190754,0.0,0.06056847309556417,0.23266146028604948,0.0,0.0,0.0,0.0,0.0,0.0,0.0,0.0,0.2359262424959565,0.0,0.0,0.0,0.0,0.0,0.0,0.0,0.045795443619867315,0.0,0.156712578424433,0.0,0.0,0.0,0.08705577359484737,0.0,0.0,0.0787479995078858,0.0,0.0,0.0,0.22364991258473854,0.0,0.0,0.0,0.0,0.0,0.0,0.0,0.0,0.0,0.0,0.0,0.11044250658135361,0.0,0.0,0.0,0.0,0.0,0.0,0.0,0.0,0.0,0.0,0.0,0.0,0.0,0.0,0.0,0.0,0.0,0.0,0.0,0.0,0.0,0.0,0.0,0.0,0.07195821597277627,0.0,0.0,0.06789881400401031,0.3937453668264964,0.0,0.0,0.0,0.05300901891905559,0.0,0.0,0.0,0.0,0.0,0.0,0.0,0.04650394314913676,0.0,0.0,0.0,0.0,0.0,0.0,0.0,0.0,0.0,0.0,0.0,0.0,0.0,0.0,0.0,0.0,0.0,0.0,0.0,0.0,0.0,0.0,0.0,0.0,0.0,0.0,0.0,0.0,0.0,0.0,0.0,0.0,0.0,0.0,0.0,0.0,0.0,0.0,0.0,0.0,0.0,0.0,0.0,0.0,0.0,0.0,0.08781445507522392,0.0,0.0,0.0,0.0,0.0,0.0,0.0,0.0,0.0,0.0,0.0,0.0,0.0,0.0,0.0,0.0,0.0,0.0,0.0,0.0,0.0,0.0,0.0,0.0,0.0,0.0,0.0,0.0,0.0,0.0,0.0,0.0,0.0,0.0,0.0,0.0,0.0,0.0,0.0,0.0,0.07991497297704106,0.0,0.0,0.0,0.0,0.0,0.38897285703773493,0.0,0.0,0.0,0.1296576190125783,0.0,0.0,0.0,0.0,0.0,0.0,0.0,0.0,0.0,0.0,0.0,0.0,0.0,0.0,0.0,0.0,0.0,0.0,0.1817054192866925,0.0,0.0,0.0,0.0,0.0,0.0,0.0,0.0,0.0,0.0,0.0,0.0,0.0,0.0,0.0,0.0,0.08855635410945337,0.0,0.0,0.0,0.0,0.0,0.0,0.0,0.0,0.0,0.0,0.0,0.0,0.0,0.0,0.0,0.0,0.0,0.0,0.08883635792515539,0.0,0.0,0.0,0.0,0.0,0.11182843533050178,0.0,0.0,0.0,0.0,0.0,0.0,0.0,0.0,0.0,0.0,0.0,0.0,0.0,0.0,0.0,0.0,0.0,0.0,0.0,0.0,0.0,0.0,0.0,0.0,0.1372827081541413,0.0,0.0,0.0,0.0,0.0,0.0,0.0,0.0,0.0,0.0,0.0,0.0,0.0,0.0,0.0,0.0,0.0,0.0,0.0,0.0,0.0,0.0,0.0,0.0,0.0,0.0,0.0,0.0,0.0,0.0,0.0,0.0,0.0,0.0,0.0,0.0,0.0,0.0,0.0,0.0,0.0,0.06236018225158443,0.0,0.0,0.0,0.0843144028674813,0.0,0.1030733261630235,0.0,0.0,0.06542218449574572,0.0,0.14391643194555254,0.0,0.0,0.0,0.0,0.0729246599902692,0.0,0.0,0.0,0.0942171914760611,0.0,0.0,0.0,0.0,0.0,0.0,0.0,0.0,0.0,0.0,0.11476782392762357,0.0,0.0,0.0,0.0,0.0,0.0,0.0,0.0,0.08708724808086725,0.0,0.0,0.0942171914760611,0.0,0.06832832478532505,0.0,0.0,0.0,0.0,0.0,0.0,0.0,0.0,0.0,0.0,0.0,0.0,0.0,0.0,0.0,0.14019687734551875,0.35422541643781347,0.0,0.0,0.0,0.0,0.0,0.0,0.0,0.0,0.0,0.0,0.1030733261630235,0.0,0.0,0.0,0.0,0.0,0.0,0.0,0.0,0.0,0.0,0.0,0.0,0.07652277034218248,0.0,0.11796312124797825,0.0,0.0,0.0,0.0,0.0,0.0,0.0,0.0,0.0,0.0,0.0,0.0,0.0,0.0,0.0,0.0,0.0,0.0,0.0,0.0,0.0,0.0,0.0,0.0,0.04265866862771024,0.0,0.0,0.0,0.0,0.0,0.0,0.0,0.09335308682764983,0.0,0.0,0.0,0.0,0.03917814460610825,finance
Dokumen_112,0.0,0.0,0.0,0.0,0.0,0.0,0.0,0.0,0.0,0.0,0.0,0.0,0.0,0.0,0.0,0.0,0.0,0.0,0.0,0.0,0.0,0.0,0.0,0.0,0.10305745304975687,0.08363805034642406,0.0,0.0,0.0,0.13177463151438418,0.08941162724298672,0.0,0.0,0.13177463151438418,0.0,0.0,0.0,0.0,0.11241537405648007,0.0,0.0,0.0,0.11796910200000509,0.0,0.0,0.0,0.0,0.0,0.0,0.0,0.0,0.0,0.0,0.0,0.0,0.11680061130176797,0.0,0.0,0.10390827210178111,0.0,0.0,0.0,0.0,0.14453471712320562,0.27760034741885276,0.0,0.0,0.0,0.0,0.0,0.0,0.0,0.0,0.0,0.0,0.0,0.0,0.0,0.0,0.0,0.0,0.05464089773805103,0.0,0.04674545814553983,0.0,0.0,0.0,0.05193535913733726,0.0,0.0,0.046979142989672686,0.0,0.0,0.0,0.08894940221640443,0.0,0.0,0.0,0.0,0.0,0.0,0.0,0.08819444329534315,0.0,0.0,0.0,0.0,0.0,0.0,0.0,0.0,0.0,0.0,0.0,0.0,0.0,0.0,0.0,0.0,0.0,0.0,0.0,0.0,0.0,0.0,0.0,0.0,0.0,0.0,0.0,0.0,0.0858570462384452,0.0,0.4113311164586275,0.3240542603603956,0.0,0.0,0.0,0.0,0.0,0.0,0.0,0.0,0.09977024588122424,0.0,0.0,0.0,0.0,0.0,0.08204457276240654,0.0,0.0,0.0,0.0,0.0,0.0,0.0,0.0,0.0,0.0,0.0,0.0,0.13880017370942638,0.0,0.0,0.10390827210178111,0.0,0.0,0.0,0.0,0.0,0.0,0.0,0.0,0.13177463151438418,0.0,0.0,0.0,0.0,0.0,0.0,0.0,0.0,0.0,0.0,0.0,0.0,0.0,0.0,0.0,0.0,0.0,0.0,0.0,0.0,0.0,0.0,0.0,0.0,0.0,0.0,0.0,0.0,0.0,0.0,0.0,0.0,0.0,0.0,0.0,0.0,0.0,0.0,0.0,0.0,0.0,0.0,0.0,0.0,0.0,0.0,0.0,0.0,0.0,0.0,0.0,0.0,0.0,0.0,0.0,0.0,0.0,0.0,0.0,0.0,0.0,0.0,0.0,0.0,0.0,0.0,0.15470116984197038,0.0,0.0,0.0,0.15470116984197038,0.21497412146737382,0.0,0.0,0.0,0.0,0.0,0.0,0.0,0.0,0.0,0.0,0.0,0.0,0.0,0.0,0.0,0.0,0.0,0.0,0.0,0.0,0.0,0.0,0.0,0.0,0.0,0.0,0.0,0.0870101602724028,0.09981035263629312,0.0,0.0,0.0,0.0,0.0,0.10566113801876292,0.0,0.13018115393036667,0.0,0.0,0.0,0.0,0.0,0.0,0.0,0.0,0.0,0.0,0.0,0.0,0.19357474894641308,0.0,0.0,0.0,0.0,0.0,0.0,0.0,0.0,0.0,0.0,0.0,0.0,0.0,0.0,0.0,0.1351467414403629,0.0,0.0,0.0,0.0,0.0,0.0,0.0,0.0,0.0,0.0,0.0,0.0,0.0,0.0,0.0,0.0,0.0,0.0,0.16379905563790392,0.0,0.0,0.0,0.0,0.0,0.0,0.0,0.0,0.0,0.0,0.0,0.0,0.0,0.0,0.0,0.0,0.0,0.0,0.0,0.0,0.0,0.0,0.0,0.0,0.0,0.0,0.0,0.0,0.0,0.0,0.0,0.0,0.0,0.0,0.0,0.0,0.0,0.0,0.0,0.0,0.0,0.0,0.0,0.0,0.0,0.0,0.0,0.0,0.0,0.0,0.07805857112127931,0.0,0.0,0.0,0.0,0.0,0.0,0.0,0.0,0.0,0.0,0.0,0.0,0.0,0.0,0.0,0.0,0.0,0.0,0.10222284106446623,0.0,0.0,0.0,0.0,0.0,0.0,0.0,0.0,0.13177463151438418,0.0,0.0,0.10390827210178111,0.0,0.0,0.11241537405648007,0.0,0.0,0.11796910200000509,0.0,0.0,0.14492395564116664,0.0,0.0,0.0,0.0,0.0,0.0,0.0,0.0,0.0,0.0,0.0,0.0,0.0,0.0,0.0,0.0,0.0,0.0,0.0,0.0,0.0,0.0,0.0,0.0,0.0,0.0,0.0,0.0,0.0,0.12298208357023588,0.0,0.0,0.0,0.1306692929907665,0.0,0.0,0.0,0.0,0.0,0.0,0.20611490609951374,0.0,0.0,0.0,0.0,0.0,0.0,0.0,0.0,0.0,0.0,0.0,0.0,0.0,0.0,0.0,0.0,0.0,0.0,0.0,0.0,0.0,0.0,0.10179650051984253,0.0,0.0,0.0,0.0,0.0,0.0,0.0,0.0,0.0,0.0,0.0,0.0,0.1402363744366195,finance
Dokumen_113,0.0,0.0,0.0,0.0,0.0,0.0,0.0,0.0,0.0,0.0,0.0,0.0,0.0,0.0,0.0,0.0,0.0,0.0,0.0,0.0,0.0,0.10618117336791053,0.0,0.0,0.0,0.13643735757232534,0.0,0.0,0.0,0.10748088008042703,0.0,0.0,0.0,0.0,0.0,0.0,0.0,0.30092793486151487,0.0,0.0,0.0,0.0,0.0,0.0,0.0,0.0,0.0,0.09433913345416939,0.0,0.0,0.0,0.0,0.0,0.0,0.0,0.0,0.0,0.0,0.08475191624358161,0.0,0.0,0.06956744246690622,0.0,0.0,0.0,0.0,0.0,0.0,0.0,0.0,0.0,0.0,0.0,0.0,0.0,0.0,0.0,0.0,0.0,0.0,0.0,0.04456739290239847,0.0,0.0762550867872767,0.600195681319512,0.0,0.14585569733807666,0.0,0.0,0.0,0.03831814648939519,0.0,0.0,0.0,0.2539279353728421,0.0,0.0,0.0,0.0,0.0,0.0,0.0,0.0,0.0,0.06691897207364615,0.0,0.0,0.0,0.0,0.0,0.0,0.0,0.0,0.0,0.0,0.0,0.0,0.0,0.0,0.0,0.0,0.0,0.0,0.0,0.0,0.0,0.0,0.0,0.0801553889426595,0.0,0.0,0.0,0.0,0.0,0.0,0.0,0.0,0.0,0.0,0.051587528950398,0.0,0.22046262688166252,0.0,0.24413030892028814,0.0,0.0,0.0,0.04525689330672291,0.0,0.0,0.0,0.0,0.0,0.0,0.0,0.0,0.0,0.0,0.0,0.09097942989863449,0.0,0.0,0.0,0.0,0.0,0.0,0.0,0.07777197288481393,0.0,0.0,0.0,0.0,0.0,0.0,0.0,0.0,0.0,0.0,0.08140948238064735,0.0,0.0,0.0,0.0,0.0,0.0,0.0,0.0,0.0,0.0,0.0,0.0,0.0,0.0,0.0,0.0,0.0,0.0,0.0,0.0,0.0,0.0,0.0,0.0,0.0,0.0,0.0,0.0,0.0,0.0,0.0,0.0,0.0,0.0,0.0,0.0,0.0,0.0,0.0,0.0,0.0,0.0,0.0,0.0,0.06956744246690622,0.0,0.0,0.0,0.29461941024372734,0.0,0.0,0.0,0.0,0.0,0.0,0.0,0.0,0.0,0.0,0.0,0.0,0.0,0.0,0.0,0.0,0.0,0.0,0.0,0.0,0.0,0.0,0.0,0.0,0.0,0.0,0.0,0.0,0.0,0.0,0.0,0.0,0.0,0.0,0.0,0.0,0.0,0.0,0.0,0.0,0.0,0.0,0.0,0.0,0.0,0.0,0.0,0.0,0.0,0.0,0.0,0.0,0.0,0.0,0.0,0.0,0.0,0.0,0.0,0.0,0.0,0.0,0.0,0.0,0.0,0.0,0.0,0.0,0.0,0.0,0.0,0.0,0.0,0.0,0.0,0.0,0.0,0.0,0.0,0.0,0.0,0.0,0.0,0.0,0.0,0.0,0.0,0.0,0.0,0.0,0.0,0.0,0.0,0.0,0.0,0.0,0.0,0.0,0.0,0.12197139038742823,0.0,0.0,0.0,0.0,0.0,0.0,0.0,0.0,0.0,0.0,0.0,0.0,0.0,0.0,0.0,0.0,0.0,0.11820601672749935,0.0,0.0,0.0,0.0,0.0,0.0,0.0,0.0,0.0,0.0,0.0,0.0,0.0,0.0,0.0,0.0,0.0,0.0,0.0,0.0,0.0,0.0,0.0,0.0,0.0,0.0,0.0,0.12137586293260987,0.0,0.0,0.0,0.0,0.0,0.0,0.0,0.0,0.0,0.0,0.0,0.0,0.0,0.0,0.0,0.14193822429313382,0.0,0.0,0.0,0.0,0.0,0.0,0.0,0.0,0.0,0.0,0.0,0.0,0.0,0.0,0.0,0.0,0.0,0.0,0.0,0.08691851871990307,0.0,0.0,0.0,0.16950383248716322,0.0,0.0,0.0,0.0,0.0,0.0,0.0,0.0,0.0,0.0,0.0,0.0,0.0,0.0,0.0,0.0,0.0,0.0,0.0,0.0,0.0,0.0861816267216536,0.0,0.0,0.0,0.0,0.0,0.0,0.0,0.0,0.0,0.0,0.0,0.0,0.0,0.0,0.0,0.0,0.0,0.0,0.10371550642049818,0.09169066306090932,0.0,0.0,0.0,0.0,0.0,0.0,0.0,0.0,0.0,0.0,0.0,0.0,0.0,0.0,0.0,0.0,0.0,0.0,0.0,0.0,0.0,0.12197139038742823,0.0,0.0,0.0,0.0,0.0,0.0,0.0,0.0,0.0,0.0,0.0,0.0,0.0,0.0,0.0,0.0,0.0,0.11169020970716623,0.0,0.0,0.0,0.03812754339363835,finance
Dokumen_114,0.0,0.009945368507884468,0.04623328218929886,0.0,0.015413998442751483,0.0,0.0,0.016554007996582028,0.0,0.014300107276222562,0.0,0.0,0.0,0.0,0.0,0.0,0.0,0.0,0.0,0.0,0.0,0.015780441106914633,0.0,0.0,0.02498506149899708,0.020277056823369156,0.0,0.024782719687093203,0.0,0.0,0.03251518845967681,0.015780441106914633,0.0,0.031947202021429484,0.02777205841565263,0.011067697026417824,0.0,0.0,0.0,0.0,0.012098920189936968,0.0,0.028600214552445123,0.014749217943395487,0.0,0.0,0.0,0.0,0.01682523084733694,0.014445631775789577,0.0,0.0,0.0,0.0,0.0,0.0,0.0,0.0,0.012595666261342989,0.0,0.0,0.02067795813489208,0.0,0.017520366985587746,0.21872800101538026,0.0,0.0,0.0,0.03365046169467388,0.0,0.0,0.0,0.0,0.01706132802596046,0.0,0.0,0.0,0.0173084103418398,0.027253778849724266,0.0,0.0,0.019870559818024283,0.0,0.15299393214206874,0.0,0.0,0.06503037691935362,0.0818422411336951,0.0,0.0,0.06833722794607248,0.0,0.0,0.0,0.10782365655800258,0.05080337677094287,0.0,0.018127152692767243,0.013260446760698983,0.0,0.0,0.0,0.0,0.033198366915684153,0.009945368507884468,0.0,0.015973601010714742,0.0,0.0,0.0,0.0,0.015973601010714742,0.0,0.0,0.0,0.0,0.0,0.0,0.0,0.0,0.0,0.0,0.0,0.0,0.0,0.0,0.0,0.04589335097123854,0.023825078485970885,0.045213642668750734,0.0,0.020815026152005704,0.012098920189936968,0.8476401265978167,0.01964078139066623,0.0,0.0,0.0,0.0,0.06133471210624494,0.0173084103418398,0.0,0.0,0.0604702924277811,0.0,0.0,0.0,0.04035595295415111,0.0,0.04972684253942233,0.0,0.0,0.0,0.0,0.0,0.0,0.0,0.0,0.0,0.054084749298502585,0.0,0.01682523084733694,0.10095138508402166,0.0,0.09365864976287956,0.025191332522685978,0.0,0.011558320547324715,0.0,0.0,0.031855759077734684,0.0,0.01446442851573741,0.0,0.0,0.0,0.019095519359729148,0.0,0.0,0.0,0.0,0.0,0.024009824428455177,0.0,0.0,0.015780441106914633,0.0,0.0,0.0,0.01682523084733694,0.0,0.0,0.0,0.06049460094968483,0.0,0.0,0.0,0.0,0.0,0.0,0.014595256091824037,0.025835325081728824,0.0,0.0,0.0,0.0,0.0,0.017221118353518822,0.0,0.0,0.0,0.0,0.0,0.0,0.0,0.0,0.0,0.0,0.0,0.0,0.0,0.0,0.0,0.01033897906744604,0.0,0.0,0.0,0.014595256091824037,0.0,0.0,0.0,0.0,0.0,0.0,0.0121946220938922,0.0,0.0,0.0,0.0,0.0,0.0,0.0,0.01682523084733694,0.0,0.02777205841565263,0.018752735139894578,0.11726535388628757,0.0,0.0,0.0,0.0,0.0,0.04792080303214423,0.0,0.0,0.0,0.0,0.0,0.018752735139894578,0.0,0.0,0.0,0.0,0.0,0.06132128444955711,0.0,0.016174051666476206,0.0,0.017839984813257756,0.0,0.0,0.0,0.0,0.0,0.010547292510683221,0.0,0.025401688385471435,0.0,0.030479682928604764,0.03365046169467388,0.0,0.051232588295738755,0.0,0.015780441106914633,0.0,0.010204508290848648,0.0,0.0,0.0,0.0,0.0,0.0,0.0,0.0,0.0,0.0,0.03519743257732145,0.0,0.0692336413673592,0.0,0.032121611974104264,0.0,0.01706132802596046,0.02981555268781592,0.0,0.0,0.0,0.0,0.0,0.0,0.0,0.0,0.03276473021942677,0.0,0.0,0.0,0.0,0.0,0.0,0.0,0.019095519359729148,0.0,0.0,0.0,0.0,0.05351995443977327,0.0,0.018127152692767243,0.0,0.0,0.0,0.0,0.015239841464302382,0.0,0.03412265605192092,0.0,0.0,0.010204508290848648,0.0,0.0,0.018127152692767243,0.0,0.018752735139894578,0.0,0.0,0.0,0.0,0.0,0.0,0.0,0.016174051666476206,0.0,0.0,0.03567996962651551,0.015780441106914633,0.0,0.0,0.01490777634390796,0.01706132802596046,0.0,0.0,0.0,0.0,0.0,0.0,0.0,0.0,0.0,0.0,0.0,0.0,0.04979755037352623,0.0,0.018038646551516106,0.0,0.0,0.05304178704279593,0.0121946220938922,0.0,0.04472332903172388,0.014445631775789577,0.0,0.00946218901338161,0.0,0.010407513076002852,0.030827996885502966,0.0,0.01249253074949854,0.0,0.03164187753204966,0.0,0.0,0.014749217943395487,0.0,0.0,0.0,0.0,0.030479682928604764,0.07750597524518647,0.014300107276222562,0.016599183457842077,0.012391359843546602,0.0,0.0,0.0,0.0,0.0,0.0,0.0,0.0,0.015973601010714742,0.07535607111458455,0.0,0.03778699878402897,0.0,0.0,0.013626889424862133,0.0,0.02964753603398168,0.0,0.0,0.0,0.01756755012480398,0.0,0.0,0.0,0.0,0.0,0.0,0.02152822171762382,0.0,0.0,0.0,0.0,0.020277056823369156,0.06404073536967345,0.0,0.0,0.0,0.0,0.011473337742809635,0.0,0.0,0.0,0.0,0.0,0.0,0.0,0.016599183457842077,0.03014242844583382,0.0,0.0,0.02981555268781592,0.0,0.0,0.0,0.007919806439977974,0.0,0.0,0.011067697026417824,0.012917662540864412,0.0,0.009236141623886746,0.01249253074949854,0.0,0.0,0.014445631775789577,0.0,0.0,0.0,0.0,0.0,0.0389239240477846,0.0,0.0,0.0,0.01682523084733694,0.03625430538553449,0.0,0.0,0.0,0.0,0.0,0.0,0.0,0.0,0.10488727345835619,0.0,0.031560882213829265,0.0,0.0,0.012808147073934689,0.0,0.0,0.0,0.0,0.0,0.0,0.029498435886790974,0.14166104827969328,finance
Dokumen_115,0.0,0.0,0.0,0.0,0.0,0.0,0.0,0.0,0.0,0.0,0.0,0.0,0.0,0.0,0.0,0.0,0.0,0.0,0.0,0.0,0.0,0.0,0.0,0.0,0.0,0.08237141800538697,0.0,0.0,0.0,0.1297790085973861,0.08805755863113317,0.0,0.0,0.0,0.0,0.0,0.0,0.0,0.0,0.0,0.19659760705124302,0.0,0.0,0.0,0.0,0.0,0.0,0.0,0.0,0.0,0.0,0.1185805169761861,0.0,0.0,0.0,0.0,0.0,0.0,0.10233466323117422,0.0,0.0,0.0,0.0,0.0,0.27339630898816875,0.0,0.0,0.0,0.0,0.0,0.0,0.0,0.0,0.13861634800310263,0.0,0.0,0.0,0.0,0.0,0.0,0.0,0.1614402132448693,0.0,0.09207507006227601,0.0,0.0,0.0,0.0,0.0,0.0,0.13880304270755725,0.0,0.0,0.0,0.13140350045731317,0.0,0.0,0.0,0.0,0.0,0.0,0.0,0.0,0.0,0.0,0.0,0.1297790085973861,0.0,0.0,0.0,0.0,0.0,0.0,0.0,0.0,0.0,0.0,0.0,0.0,0.0,0.09829880352562151,0.0,0.0,0.0,0.0,0.0,0.0,0.0,0.0,0.0,0.18781330279583328,0.0,0.0,0.0,0.0,0.0,0.0,0.0,0.0,0.0,0.0,0.0,0.0,0.049129652077871094,0.0,0.0,0.0,0.0,0.0,0.0,0.0,0.0,0.0,0.0,0.0,0.0,0.0,0.0,0.0,0.05492707263917511,0.0,0.13669815449408437,0.0,0.0,0.0,0.0,0.08866965752655957,0.0,0.0,0.0,0.0,0.0,0.0,0.0,0.0,0.0,0.0,0.0,0.0,0.0,0.0,0.0,0.09753502697457164,0.0,0.0,0.0,0.0,0.0,0.0,0.0,0.0,0.0,0.1185805169761861,0.0,0.0,0.0,0.0,0.0,0.0,0.1173648802901321,0.0,0.0,0.0,0.0,0.0,0.0,0.0,0.0,0.0,0.0,0.0,0.0,0.14062379128250202,0.0,0.0,0.0,0.0,0.0,0.0,0.0,0.0,0.0,0.0,0.0,0.0,0.0,0.0,0.1185805169761861,0.0,0.0,0.0,0.0,0.0,0.0,0.0,0.0,0.0,0.0,0.0,0.0,0.0,0.15235834257487724,0.0,0.09678453416953918,0.0,0.0,0.0,0.0,0.0,0.0,0.0,0.0,0.0,0.0,0.0,0.0,0.0,0.0,0.0,0.0,0.0,0.0,0.0,0.0,0.071172926384187,0.0,0.0,0.0,0.0,0.0,0.0,0.0,0.0,0.0,0.08569245998475426,0.0,0.0,0.0,0.0,0.0,0.0,0.0,0.0,0.0,0.0,0.0,0.0,0.0,0.0,0.0,0.0,0.0,0.0,0.0,0.0,0.0,0.0953216059838162,0.0,0.28124758256500404,0.0,0.0,0.0,0.0,0.0,0.0,0.0,0.0,0.0,0.0,0.0,0.0,0.0,0.5324002023070135,0.0,0.0,0.0,0.0,0.0,0.0,0.0,0.0,0.0,0.0,0.0,0.0,0.0,0.0,0.0,0.0,0.0,0.0,0.0,0.0,0.0,0.0,0.0,0.0,0.0,0.0,0.0,0.0,0.0,0.0,0.0,0.0,0.0,0.0,0.0,0.0,0.0,0.0,0.0,0.0,0.0,0.0,0.0,0.0,0.0,0.0,0.0,0.0,0.0,0.0,0.0,0.0,0.0,0.0,0.0,0.0,0.0,0.0,0.0,0.0,0.07327833167750028,0.0,0.0,0.0,0.0,0.0,0.0,0.0,0.0,0.0,0.0,0.16911361790769378,0.0,0.0,0.0,0.0,0.08569245998475426,0.0,0.0,0.0,0.11071293183287548,0.0,0.0,0.12669539361916574,0.0,0.0,0.0,0.0,0.0,0.0,0.0,0.0,0.0,0.12523246543344274,0.0,0.0,0.0,0.0,0.0,0.0,0.10233466323117422,0.0,0.0,0.0,0.0,0.0,0.0,0.0,0.0,0.0,0.0,0.0,0.0,0.0,0.0,0.0,0.0,0.0,0.0,0.0,0.0,0.0,0.0,0.0,0.0,0.0,0.0,0.0,0.0,0.0,0.0,0.0,0.0,0.0,0.1581205224248746,0.0,0.0,0.0,0.0,0.0,0.0,0.0,0.0,0.06434520477718786,0.0,0.0,0.0,0.0,0.0,0.0,0.0,0.0,0.0,0.0,0.0,0.0,0.0,0.0,0.0,0.0,0.0,0.0,0.0,0.0,0.0,0.0,0.0,0.0,0.0,0.0,0.0,0.0,0.0,0.0,0.0,0.0,0.0,0.0,0.0,0.0,0.0,0.0,0.0,0.0,0.0,0.0,0.18415014012455203,finance
Dokumen_116,0.0,0.0,0.0,0.0,0.0,0.0,0.0,0.0,0.0,0.0,0.0,0.0,0.0,0.0,0.0,0.0,0.0,0.0,0.0,0.0,0.0,0.0,0.0,0.0,0.0,0.0,0.0,0.0,0.0,0.09648784058436441,0.0,0.0,0.0,0.0,0.0,0.0,0.0,0.0,0.0,0.0,0.0,0.0,0.0,0.0,0.0,0.0,0.0,0.3387608758983586,0.0,0.0,0.0,0.17632401637317194,0.0,0.0,0.0,0.0,0.0,0.0,0.0,0.0,0.0,0.0,0.0,0.0,0.50816036744126,0.0,0.0,0.0,0.0,0.0,0.0,0.0,0.0,0.0,0.0,0.0,0.0,0.0,0.0,0.0,0.0,0.16003633384503535,0.0,0.13691158189571823,0.0,0.0,0.0,0.03802803768484156,0.0,0.0,0.0687980077422231,0.0,0.0,0.0,0.1302608194384379,0.0,0.0,0.0,0.0,0.0,0.0,0.0,0.0,0.0,0.0,0.0,0.0,0.0,0.0,0.0,0.0,0.0,0.0,0.0,0.0,0.0,0.0,0.0,0.0,0.0,0.0,0.0,0.0,0.0,0.0,0.0,0.0,0.0,0.0719571740061093,0.0,0.0,0.0,0.0,0.0,0.23727856761963254,0.0,0.0,0.0,0.0,0.0,0.0,0.0,0.0,0.03652681653903767,0.0,0.0,0.0,0.04062806243729187,0.0,0.0,0.36257574456088504,0.0,0.0,0.0,0.0,0.0,0.0,0.0,0.0,0.0,0.0,0.0,0.10163207348825201,0.0,0.0,0.0,0.0,0.0,0.0,0.0,0.0,0.0,0.0,0.0,0.0,0.0,0.0,0.0,0.0,0.0,0.0,0.0,0.0,0.0,0.0,0.09532106660568206,0.0,0.0,0.0,0.0,0.0,0.0,0.17632401637317194,0.0,0.0,0.0,0.0,0.0,0.0,0.08725820902799966,0.0,0.0,0.0,0.0,0.0,0.0,0.0,0.0,0.0,0.0,0.0,0.0,0.0,0.0,0.0,0.0,0.0,0.0,0.0,0.0,0.0,0.0,0.0,0.0,0.0,0.0,0.0,0.0,0.0,0.0,0.0,0.0,0.0,0.0,0.0,0.06981753141606414,0.0,0.0,0.0,0.0,0.0,0.2265501582874448,0.0,0.0,0.0,0.0,0.0787040287023818,0.0,0.0,0.0,0.0,0.0,0.0,0.0,0.0,0.0,0.0,0.0,0.0,0.07671889569130412,0.0,0.0,0.0,0.0,0.10583101302899699,0.0,0.0,0.0,0.0,0.0,0.0,0.0,0.0,0.0,0.0,0.0,0.0,0.0,0.0,0.0,0.0,0.0773670540676417,0.0,0.0,0.0,0.0,0.0,0.0,0.0,0.0,0.0,0.0,0.0,0.0,0.0,0.0,0.07086951905253884,0.0,0.0,0.0,0.0,0.0,0.0,0.09004977314592308,0.08552358397003837,0.18411119606058055,0.0,0.0,0.0,0.0,0.0,0.0,0.19791392461106047,0.0,0.0,0.0,0.0,0.0,0.0,0.0,0.0,0.0,0.0,0.0,0.0,0.0,0.0,0.0,0.0,0.0,0.0,0.11993672064667713,0.0,0.0,0.0,0.0,0.0,0.0,0.0,0.0,0.0,0.0,0.0,0.0,0.0,0.0,0.0,0.0,0.0,0.0,0.0,0.0,0.0,0.1077616505842645,0.0,0.0,0.0,0.0,0.0,0.0,0.0,0.0,0.0,0.0,0.0,0.0,0.0,0.0,0.0,0.0,0.0,0.0,0.0,0.0,0.0,0.0,0.0,0.0,0.07308299999145593,0.0,0.0,0.0,0.0,0.0,0.06286612905151799,0.0,0.0,0.0,0.0,0.0,0.0,0.0,0.0,0.08231263154782067,0.0,0.0,0.0,0.0,0.0,0.0,0.0,0.0,0.0,0.0,0.0,0.0,0.0,0.0,0.0,0.0,0.0,0.0,0.0,0.07608357298164037,0.0,0.0,0.0,0.0,0.0,0.0,0.0,0.0,0.0,0.0,0.10163207348825201,0.0,0.0,0.0,0.0,0.0,0.0,0.0,0.0,0.0,0.0,0.0773670540676417,0.0,0.0,0.0,0.0,0.0,0.0,0.0,0.0,0.0,0.0,0.0,0.0,0.0,0.0,0.0,0.0,0.0,0.0,0.0,0.0,0.04783924556066175,0.0,0.0,0.0,0.0,0.0,0.0,0.0,0.0,0.0,0.0,0.0,0.0,0.0,0.0,0.0,0.0,0.0,0.0,0.0,0.0,0.0,0.0,0.0,0.0,0.0,0.0,0.0,0.0,0.0,0.0,0.0,0.09532106660568206,0.0,0.0,0.0,0.0,0.0,0.0,0.0,0.0,0.0,0.0,0.10268368642178868,finance
Dokumen_117,0.0,0.0,0.0,0.0,0.0,0.0,0.0,0.07493080881791318,0.0,0.0,0.0,0.0,0.0,0.0,0.0,0.0,0.0,0.0,0.0,0.0,0.0,0.0,0.0,0.0,0.0,0.0,0.0,0.0,0.0,0.0,0.0,0.0,0.0,0.0,0.0,0.0,0.0,0.0,0.0,0.0,0.0,0.0,0.0,0.0,0.0,0.0,0.0,0.0,0.0,0.0,0.0,0.13212925160973182,0.0,0.0,0.0,0.12817501980022467,0.0,0.0,0.0,0.0,0.0,0.0,0.0,0.0,0.30463393667548483,0.0,0.0,0.0,0.0,0.0,0.0,0.0,0.0,0.0,0.0,0.0,0.0,0.0,0.0,0.0,0.0,0.11992399819521718,0.0,0.051297676926494375,0.0,0.0,0.0,0.056992986693890885,0.0,0.0,0.10310823746189995,0.0,0.0,0.0,0.0,0.11497934859382465,0.0,0.0,0.0,0.0,0.0,0.0,0.0,0.0,0.0,0.0,0.0,0.0,0.0,0.0,0.0,0.0,0.0,0.0,0.0,0.0,0.0,0.0,0.0,0.0,0.0,0.0,0.0,0.0,0.0,0.0,0.0,0.0,0.0,0.0,0.0,0.0,0.0,0.0,0.08890291920375454,0.0,0.0,0.0,0.0,0.0,0.15669113927384504,0.0,0.0,0.10948618417980518,0.0,0.0,0.0,0.060889668856359,0.0,0.0,0.0,0.0,0.0,0.0,0.0,0.0,0.0,0.0,0.0,0.0,0.0,0.0,0.30463393667548483,0.0,0.0,0.0,0.0,0.0,0.0,0.16976645315992736,0.0,0.0,0.06547244196069464,0.0,0.0,0.0,0.0,0.0,0.0,0.0,0.0,0.0,0.0,0.0,0.0,0.0,0.0,0.0,0.0,0.0,0.0,0.0,0.13212925160973182,0.0,0.0,0.0,0.0,0.0,0.0,0.0,0.0,0.0,0.0,0.0,0.0,0.0,0.0,0.0,0.0,0.0,0.0,0.0,0.0,0.0,0.0,0.0,0.0,0.0,0.0,0.0,0.0,0.0,0.0,0.18719528564566662,0.0,0.0,0.0,0.0,0.0,0.0,0.0,0.0,0.0,0.0,0.0,0.0,0.0,0.0,0.0,0.0,0.0,0.0,0.0,0.0,0.0,0.0,0.0,0.0,0.0,0.0,0.0,0.0,0.0,0.0,0.0,0.0,0.0,0.0,0.0,0.0,0.0,0.0,0.0,0.0,0.0,0.0,0.0,0.0,0.0,0.0,0.0,0.0,0.0,0.0,0.0,0.0,0.11497934859382465,0.0,0.13796461224529158,0.0,0.0,0.0,0.0,0.0,0.0,0.0,0.0,0.0,0.0,0.0,0.0,0.0,0.0,0.0,0.0,0.0,0.2124256628668386,0.0,0.47007341782153506,0.0,0.0,0.0,0.0,0.0,0.0,0.0,0.0,0.0,0.0,0.0,0.0,0.0,0.14830775341834326,0.0,0.0,0.0,0.0,0.0,0.0,0.0,0.0,0.0,0.0,0.0,0.0,0.0,0.0,0.0,0.0,0.0,0.0,0.0,0.0,0.0,0.0,0.0,0.0,0.0,0.0,0.0,0.0,0.0,0.0,0.0,0.0,0.0,0.0,0.0,0.0,0.0,0.0,0.0,0.0,0.0,0.0,0.0,0.0,0.0,0.0,0.0,0.0,0.0,0.0,0.0,0.0,0.0,0.0,0.0,0.0,0.0,0.0,0.0,0.0,0.08165094376930608,0.0,0.0,0.12004536922674043,0.0,0.0,0.0,0.0,0.0,0.0,0.0,0.0,0.0,0.0,0.0,0.0,0.0,0.0,0.0,0.0,0.0,0.0,0.0,0.0,0.0,0.0,0.0,0.0,0.22435524149135772,0.0,0.0,0.0,0.0,0.0,0.0,0.0,0.0,0.0,0.0,0.0,0.0,0.0,0.0,0.0,0.0,0.0,0.0,0.0,0.0,0.1590371032891353,0.0,0.0,0.0,0.0,0.0,0.0,0.0,0.0,0.0,0.0,0.0,0.0,0.23190149960224074,0.0,0.0,0.0,0.0,0.0,0.0,0.0,0.0,0.0,0.20181399243357767,0.0,0.0,0.0,0.0,0.0,0.0,0.0,0.0,0.0,0.0,0.07169713852396309,0.0,0.0,0.10019464653059626,0.0,0.0,0.0,0.0,0.0,0.0,0.0,0.0,0.0,0.0,0.0,0.0,0.0,0.0,0.0,0.0,0.0,0.0,0.0,0.0,0.0,0.0,0.0,0.0,0.0,0.0,0.0,0.0,0.0,0.0,0.0,0.0,0.0,0.0,0.24446264805654627,0.0,0.0,0.0,0.0,0.10259535385298875,finance
Dokumen_118,0.0,0.0,0.0,0.0,0.0,0.0,0.0,0.05785864952394527,0.0,0.0,0.0,0.0,0.0,0.0,0.0,0.0,0.0,0.0,0.0,0.0,0.0,0.0,0.0,0.0,0.0,0.0,0.0,0.0,0.0,0.11166008651259657,0.0,0.0,0.0,0.0,0.0,0.0,0.0,0.0,0.0,0.0,0.0,0.0,0.0,0.0,0.0,0.0,0.0,0.0,0.0,0.0,0.0,0.20405011453502583,0.0,0.0,0.0,0.09897175361295509,0.0,0.0,0.08804734658653031,0.0,0.0,0.0,0.0,0.06123621380147494,0.4704529005695975,0.0,0.0,0.0,0.0,0.0,0.0,0.0,0.0,0.11926361263942016,0.0,0.0,0.0,0.0,0.0,0.0,0.0,0.09260063638107352,0.0,0.039610066373300244,0.0,0.0,0.0,0.044007762554090966,0.0,0.0,0.11942424221331004,0.0,0.0,0.0,0.15074370282937663,0.08878257071731023,0.0,0.0,0.0,0.0,0.0,0.0,0.0,0.0,0.0,0.0,0.0,0.0,0.0,0.0,0.0,0.0,0.0,0.0,0.0,0.0,0.0,0.0,0.0,0.0,0.0,0.0,0.0,0.0,0.0,0.0,0.0,0.0,0.0,0.0,0.0,0.0,0.0,0.0,0.06864736848584456,0.0,0.0,0.0,0.0,0.0,0.24198157883985807,0.0,0.0,0.1268114449471765,0.0,0.0,0.0,0.047016628614676634,0.0,0.0,0.0,0.0,0.0,0.0,0.0,0.0,0.0,0.0,0.0,0.0,0.0,0.0,0.23522645028479874,0.0,0.0,0.0,0.0,0.0,0.0,0.13108703708474215,0.0,0.0,0.05055526735452872,0.0,0.0,0.0,0.0,0.0,0.0,0.0,0.0,0.0,0.0,0.0,0.0,0.0,0.0,0.0,0.0,0.0,0.0,0.0,0.10202505726751292,0.0,0.0,0.0,0.0,0.0,0.0,0.0,0.0,0.0,0.0,0.0,0.0,0.0,0.0,0.0,0.0,0.0,0.0,0.0,0.0,0.0,0.0,0.0,0.0,0.0,0.0,0.0,0.0,0.0,0.0,0.1445449020979764,0.0,0.0,0.0,0.0,0.0,0.0,0.0,0.0,0.0,0.0,0.0,0.0,0.0,0.0,0.0,0.0,0.0,0.0,0.0,0.0,0.0,0.0,0.0,0.0,0.0,0.0,0.0,0.0,0.0,0.0,0.0,0.0,0.0,0.0,0.0,0.0,0.0,0.0,0.0,0.0,0.0,0.0,0.0,0.0,0.0,0.0,0.0,0.0,0.0,0.0,0.0,0.0,0.08878257071731023,0.0,0.10653089526906356,0.0,0.0,0.0,0.0,0.0,0.12099078941992904,0.0,0.0,0.0,0.0,0.0,0.0,0.0,0.0,0.0,0.0,0.0,0.16402681582646852,0.0,0.3629723682597871,0.0,0.0,0.0,0.0,0.0,0.0,0.0,0.0,0.0,0.0,0.0,0.0,0.0,0.2290349313476047,0.0,0.0,0.0,0.0,0.0,0.0,0.0,0.0,0.0,0.0,0.0,0.0,0.0,0.0,0.0,0.0,0.0,0.0,0.0,0.0,0.0,0.0,0.0,0.0,0.0,0.0,0.0,0.0,0.0,0.0,0.0,0.0,0.0,0.0,0.0,0.0,0.0,0.0,0.0,0.0,0.0,0.0,0.0,0.0,0.0,0.0,0.0,0.0,0.0,0.0,0.0,0.0,0.0,0.0,0.0,0.0,0.0,0.0,0.0,0.0,0.06304767576081814,0.0,0.0,0.09269435436018046,0.0,0.0,0.0,0.0,0.0,0.0,0.0,0.0,0.0,0.0,0.0,0.0,0.0,0.0,0.0,0.0,0.0,0.0,0.0,0.0,0.0,0.0,0.0,0.0,0.17323837138676823,0.0,0.0,0.0,0.0,0.0,0.0,0.0,0.0,0.0,0.0,0.0,0.0,0.0,0.0,0.0,0.0,0.0,0.0,0.0,0.0,0.12280225137927225,0.0,0.0,0.0,0.0,0.0,0.0,0.0,0.0,0.0,0.0,0.0,0.0,0.179065297722447,0.0,0.0,0.0,0.0,0.0,0.0,0.0,0.0,0.0,0.15583289759513513,0.10420966412987426,0.0,0.0,0.0,0.0,0.0,0.0,0.0,0.0,0.0,0.05536173538188247,0.0,0.0,0.07736640013958411,0.0,0.0,0.0,0.0,0.0,0.0,0.0,0.0,0.0,0.0,0.0,0.0,0.0,0.0,0.0,0.0,0.0,0.0,0.0,0.0,0.0,0.0,0.0,0.0,0.0,0.0,0.0,0.0,0.11030984297298284,0.0,0.0,0.0,0.0,0.0,0.18876452688467335,0.0,0.0,0.0,0.0,0.11883019911990073,finance
Dokumen_119,0.0,0.0,0.0,0.0,0.0,0.0,0.0,0.0,0.0,0.0,0.0,0.0,0.0,0.0,0.0,0.0,0.0,0.0,0.0,0.0,0.0,0.1445188427213528,0.0,0.0,0.0,0.0,0.0,0.0,0.0,0.0,0.0,0.0,0.0,0.0,0.0,0.0,0.0,0.0,0.0,0.0,0.0,0.0,0.0,0.0,0.0,0.0,0.0,0.12840112759812602,0.0,0.0,0.0,0.4009944028791327,0.0,0.0,0.0,0.0,0.0,0.0,0.0,0.0,0.0,0.0,0.0,0.0,0.30817426130265585,0.0,0.0,0.0,0.0,0.0,0.0,0.0,0.0,0.0,0.0,0.0,0.0,0.0,0.0,0.0,0.0,0.06065885166898119,0.0,0.20757534588413284,0.0,0.0,0.0,0.11531066935941511,0.0,0.0,0.0,0.0,0.0,0.0,0.09874597267701986,0.0,0.0,0.0,0.0,0.0,0.0,0.0,0.0,0.0,0.0,0.0,0.0,0.0,0.0,0.0,0.0,0.0,0.0,0.0,0.0,0.0,0.0,0.0,0.0,0.0,0.0,0.0,0.0,0.0,0.0,0.0,0.0,0.10507396349114212,0.0,0.0,0.0,0.09531303562181315,0.0,0.0,0.08993611070473866,0.10430793945324045,0.0,0.0,0.0,0.0,0.0,0.0,0.0,0.0,0.0,0.0,0.0,0.0,0.0,0.0,0.0,0.0,0.0,0.0,0.0,0.0,0.0,0.0,0.0,0.0,0.0,0.0,0.30817426130265585,0.0,0.0,0.0,0.09994906774469109,0.0,0.0,0.0,0.0,0.0,0.0,0.0,0.0,0.0,0.0,0.0,0.0,0.0,0.0,0.0,0.0,0.0,0.0,0.0,0.0,0.0,0.0,0.0,0.0,0.0,0.1336648009597109,0.0,0.0,0.0,0.0,0.0,0.0,0.0,0.0,0.0,0.0,0.0,0.0,0.0,0.0,0.07885635382294426,0.0,0.0,0.0,0.0,0.0,0.0,0.0,0.0,0.0,0.0,0.0,0.0,0.0,0.0,0.0,0.0,0.0,0.0,0.0,0.0,0.0,0.0,0.0,0.0,0.0,0.0,0.0,0.10585224443250014,0.0,0.0,0.0,0.0,0.0,0.3434788117665602,0.0,0.0,0.0,0.0,0.11932530290107286,0.0,0.0,0.0,0.0,0.0,0.0,0.0,0.0,0.0,0.0,0.0,0.0,0.0,0.0,0.0,0.0,0.0,0.0,0.0,0.0,0.0,0.0,0.0,0.0,0.0,0.0,0.0,0.0,0.0,0.0,0.0,0.0,0.0,0.0,0.11729827955942548,0.0,0.0,0.0,0.0,0.0,0.0,0.0,0.0,0.0,0.0,0.0,0.0,0.0,0.0,0.10744719129151305,0.0,0.0,0.0,0.0,0.0,0.0,0.13652689238365492,0.0,0.0,0.0,0.0,0.0,0.0,0.0,0.0,0.0,0.0,0.0,0.0,0.0,0.0,0.0,0.0,0.0,0.0,0.0,0.0,0.0,0.16338034798335294,0.0,0.0,0.0,0.0,0.0,0.18183930042825117,0.0,0.0,0.0,0.0,0.0,0.0,0.0,0.0,0.0,0.0,0.0,0.0,0.0,0.0,0.0,0.0,0.0,0.0,0.0,0.0,0.0,0.0,0.0,0.0,0.0,0.0,0.0,0.0,0.0,0.0,0.0,0.0,0.0,0.0,0.0,0.0,0.0,0.0,0.0,0.15201696626817476,0.0,0.0,0.0,0.0,0.0,0.0,0.0,0.0,0.0,0.0,0.0,0.0,0.0,0.0,0.0,0.0,0.0,0.0,0.0,0.0,0.0,0.0,0.0,0.0,0.0,0.0,0.0,0.0,0.0,0.0,0.0,0.0,0.0,0.0,0.0,0.0,0.0,0.0,0.0,0.0,0.0,0.11535235923133086,0.0,0.0,0.0,0.0,0.0,0.0,0.0,0.0,0.0,0.0,0.0,0.17823457593637262,0.0,0.0,0.0,0.0,0.0,0.0,0.0,0.0,0.09284964742285874,0.0,0.0,0.0,0.0,0.30817426130265585,0.0,0.0,0.0,0.0,0.0,0.0,0.0,0.0,0.0,0.0,0.0,0.0,0.0,0.0,0.0,0.0,0.07253037183993627,0.0,0.0,0.0,0.0,0.0,0.0,0.11440783399821154,0.0,0.0,0.0,0.0,0.0,0.0,0.0,0.0,0.0,0.0,0.0,0.0,0.0,0.0,0.0,0.0,0.0,0.0,0.0,0.0,0.0,0.0,0.0,0.0,0.1445188427213528,0.0,0.0,0.0,0.0,0.0,0.0,0.0,0.0,0.0,0.0,0.10378767294206642,finance
Dokumen_120,0.0,0.0,0.0,0.0,0.0,0.0,0.0,0.0,0.0,0.0,0.0,0.0,0.0,0.0,0.0,0.0,0.0,0.0,0.02480661177705601,0.0,0.0,0.0,0.0,0.0,0.0,0.0454545018322258,0.0,0.0,0.0,0.0,0.032394832714736144,0.02358304414214949,0.0,0.0,0.0,0.0,0.0,0.0,0.0,0.0,0.0,0.0,0.0,0.0,0.0,0.0,0.0,0.0,0.0,0.0,0.0,0.0,0.0,0.01999542215117965,0.0,0.0,0.0,0.0,0.0,0.0,0.0,0.0,0.0,0.0,0.02514442778159971,0.0,0.0,0.0,0.0,0.0,0.0,0.0,0.0,0.0,0.0,0.0,0.0,0.0,0.0,0.0,0.0,0.0296955127009951,0.0,0.059277408344118335,0.0,0.0,0.016197416357368072,0.09408380783975448,0.0,0.0,0.05957374155977251,0.0,0.0,0.0,0.048341045125686745,0.0,0.1810655999091376,0.0,0.0,0.0,0.0,0.0,0.0,0.0,0.0,0.0,0.0,0.14268627629820754,0.0,0.0,0.0,0.0,0.0,0.0,0.0,0.0,0.0,0.0,0.0,0.0,0.0,0.0,0.0,0.0,0.0,0.0,0.0,0.03429260672921355,0.0,0.02252314164647156,0.0,0.0,0.0,0.0,0.05870424171088993,0.0,0.0,0.0,0.0,0.0,0.0,0.0,0.0,0.018073938059794497,0.0,0.0,0.0,0.010051643608145965,0.0,0.014862833234022323,0.0,0.0,0.0,0.0,0.0,0.0,0.0,0.0,0.0,0.06062012247386357,0.0,0.0,0.10057771112639884,0.0,0.0,0.0,0.0,0.017273305722565236,0.0,0.0,0.015868922113182946,0.0,0.0,0.0,0.0,0.0,0.028537255259641507,0.0,0.0,0.0,0.0,0.07347948399805317,0.0,0.0,0.0,0.0,0.0,0.022041935042542454,0.0,0.0,0.0,0.0,0.0,0.0,0.0,0.0,0.0,0.0,0.0,0.06476472416485395,0.0,0.0,0.0,0.0,0.0,0.0,0.0,0.0,0.0,0.0,0.0,0.0,0.0,0.020952904154421186,0.0,0.0,0.0,0.0,0.0,0.021588241388284652,0.0,0.0,0.0,0.0,0.0,0.0,0.0,0.0,0.0,0.0,0.0,0.0,0.0,0.0,0.0,0.03454661144513047,0.0,0.0,0.0,0.0,0.0,0.0,0.0,0.0,0.0,0.0,0.0,0.0,0.0,0.0,0.02075194460970125,0.0,0.0,0.0,0.0,0.0,0.0,0.0,0.0,0.0,0.0,0.0,0.07759954281820182,0.0,0.11782472577526809,0.0196425872622439,0.0,0.0,0.0,0.0,0.0,0.0,0.0,0.0,0.0,0.0,0.0,0.04834254908638509,0.0,0.0,0.0,0.0,0.0,0.14149826485289696,0.0,0.0,0.0,0.0,0.0,0.0,0.04716608828429898,0.0,0.0,0.0,0.0,0.0,0.01753357422092989,0.0,0.0,0.0,0.028802441755713705,0.0,0.0,0.022278892281764103,0.0,0.0,0.0,0.0,0.0,0.0,0.0,0.0,0.0,0.0,0.0,0.0,0.0,0.0,0.0,0.0,0.0,0.0,0.05604996433165474,0.0,0.0,0.10664369810600127,0.0,0.0,0.0,0.0,0.28046988937589007,0.0,0.0,0.0,0.0,0.09526687694523861,0.0,0.0,0.0,0.0,0.05418016381528092,0.0,0.05604996433165474,0.0,0.0,0.0,0.0,0.0,0.0,0.024171274543192546,0.024171274543192546,0.0,0.0,0.026660924526500318,0.02358304414214949,0.0,0.0,0.0,0.0,0.0,0.0,0.0,0.0,0.0,0.0,0.0,0.0,0.0,0.0,0.0,0.0,0.0,0.0,0.0,0.0,0.09321803024798911,0.0,0.0,0.054243610868381045,0.0,0.0,0.0,0.0,0.0,0.0,0.0,0.0,0.22403320828604084,0.5405553995153174,0.015762377184159578,0.0,0.0,0.022041935042542454,0.0,0.0,0.0,0.0,0.0,0.0,0.0,0.0,0.0,0.0,0.0,0.0,0.0,0.0230354147402857,0.03506714844185978,0.0,0.0,0.0,0.0,0.18963057335348324,0.0,0.0,0.0,0.0,0.0,0.0,0.0,0.0,0.0,0.0,0.0,0.07543328334479912,0.0,0.0,0.0,0.0,0.0,0.0,0.0,0.0,0.0,0.1818180073289032,0.0,0.0,0.0,0.0,0.0,0.0,0.0,0.029673115062548355,0.0,0.0,0.016657688941163755,0.0,0.0,0.0,0.0,0.0,0.15086656668959825,0.0668366768452923,0.022278892281764103,0.0,0.0,0.03550720989467917,0.0,0.027543775561898267,0.01654009452318665,0.0,0.0,0.0,0.0,0.0,0.0,0.0,0.09922644710822404,0.0,0.0,0.47132562376406417,0.0,0.17450930796903183,0.0,0.0,0.0,0.0,0.0,0.0,0.0,0.0,0.0,0.0,0.0230354147402857,0.0,0.025497262670535464,0.0461025135512299,0.0,0.02358304414214949,0.0,0.021370762632538755,0.019141106118471612,0.0,0.0,0.0,0.0,0.0,0.0,0.0,0.04234100596008453,finance
Dokumen_121,0.0,0.06546504316048513,0.0,0.0,0.0,0.0,0.0,0.0,0.0,0.0,0.0,0.0,0.0,0.0,0.0,0.0,0.0,0.0,0.0,0.0,0.0,0.05193710305136845,0.0,0.0,0.041115825122581266,0.0,0.0,0.0,0.0,0.0,0.0,0.0,0.0,0.0,0.04570215275067146,0.036426365847942725,0.0,0.049064960288152805,0.0,0.0,0.0,0.10926354922243026,0.0,0.0,0.0,0.0,0.0960727668594795,0.0,0.0553757491606682,0.0,0.0,0.0,0.0,0.0,0.0,0.0,0.0,0.0,0.0829105361737154,0.0,0.0,0.0,0.0,0.0,0.0,0.0,0.0,0.0,0.0,0.0,0.0,0.0,0.0,0.0,0.0,0.0,0.0,0.0,0.0,0.0,0.0,0.08719818041122655,0.06674851646623556,0.03729915742161827,0.0,0.0,0.0,0.0621604284050638,0.0,0.0,0.07497123867943983,0.0,0.19604792649786637,0.0,0.10646182177203889,0.08360286625808551,0.0,0.0,0.0,0.0,0.0,0.0,0.0,0.0,0.0,0.0,0.3680098606381726,0.0,0.0,0.0,0.0,0.0,0.0,0.0,0.0,0.0,0.0,0.0,0.0,0.0,0.0,0.0,0.0,0.0,0.0,0.0,0.06534930883262213,0.03776142381915754,0.0,0.0,0.0,0.034253546873285697,0.0,0.0,0.0,0.0,0.0,0.0,0.0,0.12616675453277668,0.0,0.0,0.0,0.07960872039228079,0.0,0.0,0.0,0.17709444014612208,0.0,0.09819756474072769,0.039510959077041656,0.0,0.0,0.0,0.0,0.0,0.0,0.0,0.0,0.1780054929258545,0.0,0.0,0.0,0.04754393499510968,0.044036058049237825,0.0,0.0,0.03804112200032943,0.050157863855349864,0.0,0.03494823815528852,0.035186075339587425,0.09521159887879556,0.0,0.0,0.0,0.0,0.0,0.0,0.0,0.0,0.12136828613701266,0.0,0.0,0.0,0.05193710305136845,0.051323679992846254,0.0,0.0,0.0,0.0,0.0,0.0,0.47784433435617624,0.0,0.0,0.0,0.0,0.0,0.04754393499510968,0.04803638342973975,0.0,0.0,0.0,0.0,0.0,0.0,0.0,0.0,0.0,0.0,0.047064980010308954,0.0,0.09228945472299249,0.0,0.0,0.0,0.0,0.0,0.0,0.17614662164450265,0.0,0.0,0.13611194202590324,0.11932135370026022,0.0,0.0,0.04803638342973975,0.0,0.10926354922243026,0.0,0.0,0.0,0.0,0.0,0.0,0.0,0.0,0.0,0.0,0.0,0.0,0.0,0.0,0.0,0.0,0.0,0.0,0.0,0.0,0.04570215275067146,0.0,0.0,0.0,0.0,0.0,0.0,0.0,0.0,0.0,0.0,0.0553757491606682,0.0,0.0,0.0,0.0,0.0,0.0,0.0,0.0,0.0,0.05781889460569189,0.0,0.0,0.0,0.0,0.041801433129042755,0.0,0.0,0.0,0.0,0.0,0.04854310770296315,0.0,0.0,0.03358541089565102,0.0,0.0,0.050157863855349864,0.0,0.0,0.0,0.0,0.0,0.0,0.0,0.03861431313456601,0.0,0.0,0.0,0.021143939639863562,0.0,0.0,0.0,0.0,0.0,0.0,0.0,0.0,0.0640538449063889,0.0,0.0,0.0,0.0,0.0,0.0,0.0,0.11563778921138378,0.0,0.0,0.0,0.0,0.0,0.0,0.0,0.0,0.0,0.05966067685013011,0.0,0.0,0.0,0.0,0.0,0.0,0.0,0.0,0.0,0.0,0.0,0.0,0.23864270740052043,0.0,0.0,0.0,0.0,0.0,0.0,0.0,0.0,0.053232566977601696,0.0,0.0,0.0,0.0,0.0,0.0,0.0,0.0,0.0,0.0,0.0,0.0,0.0,0.0,0.0,0.0,0.0,0.0,0.0,0.0,0.0,0.0,0.0,0.05936938254804466,0.0,0.0,0.0,0.0,0.11946108358904406,0.0,0.0,0.0,0.03114226545062734,0.03617116768954232,0.0,0.0,0.0,0.0,0.0,0.0,0.0,0.0,0.0,0.0,0.0,0.0,0.0,0.050157863855349864,0.0,0.0,0.0,0.0,0.0,0.0,0.0,0.0,0.05073105498958644,0.0,0.0,0.0,0.0,0.0,0.0,0.0414552680868577,0.0,0.0,0.0,0.0,0.0,0.0,0.0,0.0,0.0,0.0,0.1107514983213364,0.0,0.0,0.0,0.0,0.0,0.0,0.0,0.0,0.060659849557983585,0.06673651152579754,0.0,0.0,0.0,0.0,0.0,0.07552284763831509,0.0,0.0,0.0,0.0,0.0,0.0,0.0,0.0,0.0,0.0,0.0553757491606682,0.0,0.0,0.0,0.0,0.0,0.0,0.0,0.0,0.0425150327561947,0.0,0.03039829090117426,0.0,0.0,0.0,0.142631804985329,0.0,0.0,0.0,0.0,0.0,0.1281076898127778,0.0,0.0,0.0,0.0,0.0,0.0,0.0553757491606682,0.0,0.0,0.0,0.0,0.0,0.0,0.040612755211831546,0.0,0.05193710305136845,0.0,0.0,0.042154591875416314,0.0,0.0,0.0,0.0,0.0,0.22018029024618913,0.0,0.14919662968647307,finance
Dokumen_122,0.0,0.0,0.0,0.0,0.0,0.0,0.0,0.0,0.0,0.0,0.11274823654144513,0.0,0.0,0.0,0.0,0.0,0.0,0.0,0.0,0.0,0.0,0.0,0.0,0.0,0.0,0.0,0.0,0.0,0.0,0.0,0.030772470752923532,0.08960793747813749,0.0,0.0,0.0,0.0,0.0,0.2962840382783514,0.0,0.0,0.0,0.0,0.0,0.0,0.0,0.0,0.0,0.03980712825150254,0.0,0.0,0.04326909342577107,0.0,0.0,0.0,0.0,0.0,0.0,0.0,0.07152345534544975,0.0,0.0,0.0,0.0,0.0,0.0,0.0,0.0,0.0,0.0,0.0,0.0,0.0,0.0,0.048440674271594375,0.0,0.0,0.0,0.0,0.0,0.0,0.0,0.056416670160408564,0.0,0.0965292739638714,0.0,0.0,0.15386235376461768,0.017874401455115548,0.0,0.0,0.048505916340780296,0.0,0.0,0.0,0.04592008269946296,0.0,0.0,0.0,0.037649178378930885,0.0,0.0,0.0,0.0,0.0,0.0,0.0,0.0,0.0,0.0,0.0,0.0,0.0,0.0,0.0,0.0,0.0,0.0,0.0,0.0,0.0,0.0,0.0,0.0,0.0,0.0,0.0,0.0,0.03257520256112326,0.0,0.0,0.09844945948657136,0.0,0.0,0.0,0.027882140602923433,0.0,0.0,0.0,0.0,0.06530327254185209,0.0,0.0,0.03942533762662908,0.034337558414504546,0.0,0.0,0.0,0.01909649675763123,0.0,0.028236978719848718,0.0,0.0,0.0,0.0,0.0,0.0,0.0,0.0,0.0,0.0,0.0,0.0,0.0,0.0,0.0,0.0,0.09295912191948152,0.03281648649552378,0.0,0.0,0.030148384830905962,0.0,0.041067534085826446,0.0,0.0,0.0,0.0,0.0,0.0,0.0,0.0,0.0,0.0,0.0,0.0,0.0,0.044274794296846394,0.04187611076169761,0.0,0.04777034506224195,0.0,0.0,0.0,0.0,0.0,0.0,0.0,0.0,0.0,0.0,0.0,0.0,0.0,0.03331095453765634,0.11827601287988723,0.0,0.0,0.0,0.0,0.0,0.0,0.0,0.0,0.0,0.0,0.0,0.0,0.0,0.0,0.0,0.0,0.6909738748057422,0.0,0.0,0.20586709257935648,0.0,0.0,0.29007286632385454,0.0,0.0,0.0,0.0,0.0,0.0,0.0,0.06563297299104756,0.0,0.0,0.0,0.0,0.0,0.0,0.04777034506224195,0.03382218736659911,0.0,0.0,0.036993426187806475,0.0,0.0,0.0,0.0,0.0,0.0,0.0,0.0,0.0,0.03606034979096812,0.0,0.053242932392537315,0.0,0.0,0.0,0.0,0.0,0.09948796353675107,0.0,0.0,0.0,0.0,0.0,0.0,0.0,0.0,0.0,0.02994596670199539,0.0,0.0,0.0,0.0,0.0,0.0,0.0,0.0,0.0,0.0,0.0,0.0,0.0,0.0,0.0,0.0,0.0,0.0,0.0,0.0,0.0,0.03331095453765634,0.0,0.0,0.0,0.05471997984032205,0.0,0.0,0.08465258236524327,0.0,0.0,0.0,0.0,0.0,0.0,0.0,0.0,0.04651295672121541,0.0,0.0,0.0,0.0,0.0,0.0,0.0,0.0,0.0,0.0,0.0,0.042326291182621635,0.0,0.0,0.05146677314483912,0.0,0.0,0.0,0.1691223548121677,0.0,0.0,0.0,0.0,0.0,0.0,0.0,0.0,0.0,0.0,0.0,0.0,0.0,0.0,0.0,0.0,0.0,0.0,0.0,0.0,0.0,0.0,0.17921587495627497,0.0,0.0,0.0,0.0,0.0,0.0,0.0,0.0,0.0,0.0,0.0,0.0,0.0,0.0,0.0,0.0,0.0,0.0,0.0,0.0,0.0,0.0,0.06924615901137228,0.0,0.0,0.0,0.0,0.026865131201747387,0.0,0.059098207375757036,0.0,0.0,0.0,0.0,0.05989193340399078,0.0,0.0,0.0,0.0,0.0,0.042326291182621635,0.0,0.0,0.0,0.0,0.0,0.0,0.0,0.0,0.0,0.0,0.0,0.0,0.0,0.0,0.0,0.0,0.0,0.0,0.0,0.0,0.0,0.0,0.0,0.162403967044613,0.0,0.0,0.0,0.0,0.0,0.0,0.0,0.0,0.0,0.0,0.0,0.0,0.0,0.0,0.08635620010993905,0.0,0.0,0.0,0.055256575669316035,0.0,0.0,0.0,0.0,0.0,0.0,0.0316469142018494,0.042326291182621635,0.0,0.0,0.0,0.0,0.0,0.0,0.0,0.0,0.0,0.04497196976335042,0.0,0.0,0.03142350383145033,0.0,0.0,0.0,0.0,0.0,0.0,0.0,0.0,0.047128549303564575,0.0,0.0,0.0,0.055256575669316035,0.0,0.0,0.0,0.04777034506224195,0.0,0.028785400036646355,0.0,0.0,0.0,0.0,0.0,0.0,0.0,0.05255239052663359,0.0,0.0,0.0,0.0,0.0,0.0,0.0,0.0,0.0,0.0,0.0,0.0,0.0965292739638714,finance
Dokumen_123,0.0,0.0,0.0,0.0,0.0,0.0,0.0,0.0,0.0,0.0,0.0,0.0,0.0,0.0,0.0,0.0,0.0,0.0,0.0,0.0,0.0,0.0,0.0,0.0,0.0,0.04212637566460486,0.0,0.0,0.0,0.0,0.0,0.0,0.0,0.0,0.0,0.0,0.0,0.0,0.0,0.0,0.0,0.0,0.0,0.0,0.0,0.0,0.18193327948956203,0.0,0.0,0.0,0.0,0.0,0.0,0.0,0.0,0.0,0.0,0.0,0.0,0.0,0.0,0.0,0.0,0.0,0.0,0.0,0.0,0.0,0.0,0.0,0.0,0.0,0.0,0.0,0.0,0.0,0.0,0.0,0.0,0.0,0.0,0.0,0.0,0.023544507820264696,0.0,0.0,0.0,0.026158530001999015,0.07658115630602684,0.0,0.023662208980087186,0.0,0.0,0.0,0.044801569589319065,0.0,0.0,0.0,0.0,0.0,0.7946239154180292,0.0,0.0,0.0,0.0,0.0,0.0,0.0,0.0,0.0,0.0,0.0,0.0,0.0,0.0,0.0,0.0,0.0,0.0,0.0,0.0,0.0,0.0,0.0,0.0,0.0,0.0,0.0,0.0,0.0,0.0,0.0,0.0,0.0,0.0,0.0,0.0,0.0,0.0,0.0,0.0,0.0,0.0,0.025125877759787744,0.0,0.0,0.0,0.0,0.0,0.0,0.0,0.0,0.0,0.0,0.06897090087204905,0.0,0.0,0.0,0.0,0.0280907935323343,0.0,0.0,0.0,0.0,0.0,0.0,0.0,0.04802572263518656,0.0,0.0,0.0,0.0,0.0,0.0,0.0,0.0,0.0,0.0,0.0,0.0,0.0,0.0,0.0,0.0,0.0,0.0,0.0,0.0,0.0,0.0,0.0,0.0,0.060644426496520666,0.0,0.0,0.0,0.0,0.0,0.0,0.06002272580290099,0.060644426496520666,0.0,0.0,0.0,0.0,0.0,0.0,0.0,0.0,0.0,0.0,0.11883612033241943,0.0,0.058256270078478015,0.0,0.0,0.0,0.0,0.0,0.0,0.0,0.0,0.0,0.0,0.0,0.0,0.0,0.0,0.17237630777210053,0.0,0.0,0.0,0.0,0.0,0.0,0.0,0.0,0.24750435439597282,0.0,0.0,0.0,0.0,0.0,0.0,0.0,0.0,0.0,0.0,0.0,0.0,0.0,0.0,0.0,0.0,0.0,0.0,0.0,0.0,0.0,0.0,0.07658115630602684,0.0,0.0,0.0,0.0,0.0,0.0,0.0,0.0,0.0,0.0,0.0,0.0,0.0,0.0,0.0,0.0,0.0,0.0,0.0,0.0,0.0,0.0,0.0,0.0,0.04240052720446418,0.0,0.0,0.0,0.0,0.19670688779357162,0.0,0.0,0.0,0.0,0.0,0.0,0.0,0.0,0.0,0.05338712041934096,0.0,0.0,0.0,0.0,0.0,0.0,0.0,0.0,0.0,0.0,0.0,0.0,0.0,0.0,0.0,0.0,0.0,0.0,0.0,0.0,0.0,0.0,0.0,0.0,0.0,0.0,0.0,0.0,0.0,0.0,0.0,0.0,0.0,0.0,0.0,0.0,0.0,0.0,0.0,0.0,0.0,0.0,0.0,0.0,0.0,0.0,0.0,0.0,0.06720444514762608,0.0,0.0,0.0,0.0,0.0,0.0,0.0,0.0,0.0,0.0,0.0,0.0,0.0,0.0,0.0,0.0,0.0,0.0,0.0,0.0,0.0,0.0,0.0,0.0,0.0,0.0,0.0,0.0,0.0,0.0,0.0,0.0,0.0,0.0,0.0,0.0,0.0,0.0,0.0,0.0,0.0,0.0,0.0,0.0,0.06002272580290099,0.0,0.0,0.0,0.0,0.0,0.0,0.0,0.06720444514762608,0.0,0.0,0.0,0.0,0.04874935845301433,0.0,0.0,0.0,0.0,0.0,0.0,0.0,0.0,0.0,0.0,0.0,0.0,0.0,0.0,0.0,0.0,0.06991014539168657,0.0,0.0,0.06991014539168657,0.0,0.0,0.0,0.0,0.0,0.0,0.0,0.0,0.0,0.0,0.0,0.0,0.0,0.0,0.0,0.0,0.0,0.0,0.0,0.0,0.0,0.0,0.0,0.0,0.30971486249602004,0.0,0.0,0.0,0.0,0.0,0.0,0.0,0.0,0.0,0.0,0.0,0.0,0.0,0.0,0.0,0.0,0.0,0.0,0.0,0.0,0.0,0.0,0.0,0.0,0.15063946424119837,0.0,0.0,0.0,0.0,0.0,0.0,0.0,0.0,0.025636164428026846,0.0,0.0,0.0,0.0,0.05321884925451729,0.0,0.0,0.0,0.0,0.0,0.0,0.0,0.0,finance
Dokumen_124,0.0,0.0,0.0,0.0,0.0,0.03396798632345255,0.0,0.0,0.044337342530473375,0.0,0.0,0.0,0.0,0.0,0.0,0.0,0.0,0.0,0.04550274092557378,0.08651670429487013,0.0,0.043258352147435064,0.0,0.0,0.0,0.05558476208846314,0.0,0.0,0.0,0.04378785440169641,0.0,0.0,0.0,0.0,0.0,0.0,0.0,0.24519688687437186,0.0,0.0,0.03316633208375095,0.0,0.03920036658733689,0.0,0.0,0.0,0.08001889470953638,0.0,0.0,0.0,0.0,0.0,0.0,0.0,0.0,0.11643625414697531,0.0,0.0,0.0,0.0,0.0,0.028341869173008533,0.0,0.0,0.0,0.0,0.0,0.0,0.0922447929084909,0.0,0.0,0.0,0.0,0.046769601106176055,0.0,0.0,0.0,0.0,0.0,0.0,0.0,0.07262726207724104,0.0,0.12426569768060762,0.0,0.0,0.02971090315746615,0.08628891305066176,0.0,0.0,0.09366518499839092,0.0,0.0,0.0,0.19212250708620274,0.0,0.04744691891733843,0.0,0.036350382839126186,0.0,0.0,0.0,0.0,0.0,0.027262878789970215,0.0,0.04378785440169641,0.7328419867522744,0.0,0.0,0.0,0.0,0.0,0.0,0.0,0.0,0.0,0.0,0.0,0.0,0.0,0.0,0.0,0.0,0.048904104779342546,0.0,0.0,0.031451445559873586,0.0,0.0,0.031684405846552716,0.0,0.0,0.0,0.0,0.0,0.0,0.0,0.0,0.0,0.0,0.0,0.0,0.016576502434733124,0.0,0.0,0.0,0.03687543781377676,0.0,0.0,0.0,0.0,0.0,0.0,0.0,0.050523517470629276,0.0,0.0,0.0,0.0,0.0922447929084909,0.0,0.0,0.0,0.0,0.0,0.02991742729108409,0.031684405846552716,0.0,0.0,0.0,0.0,0.059476221682199945,0.0,0.0,0.06111036131178766,0.0,0.0,0.03316633208375095,0.0,0.0,0.03369583433801231,0.0,0.0,0.04550274092557378,0.0,0.0,0.04043149740694517,0.0,0.04612239645424545,0.0,0.0,0.08001889470953638,0.0,0.0,0.0,0.0,0.0,0.0,0.0,0.0,0.0,0.08450767226581385,0.0,0.0,0.0,0.0,0.0472076285486564,0.0,0.0,0.0,0.0,0.0,0.0,0.0,0.0,0.0,0.0,0.0,0.0,0.0,0.0,0.0,0.0850256075190256,0.0,0.0,0.0,0.0,0.0,0.0,0.0,0.0,0.0,0.0,0.0,0.031684405846552716,0.0,0.0,0.0,0.0,0.0,0.0,0.0,0.0,0.0,0.0,0.0,0.0,0.044337342530473375,0.0,0.03806526936300355,0.0,0.0,0.0,0.0,0.0,0.0,0.0,0.0,0.0,0.0,0.0,0.04744691891733843,0.0,0.07204192199191006,0.0,0.0,0.0,0.0,0.04490838463402079,0.0,0.0,0.0,0.0,0.0,0.0,0.0,0.044337342530473375,0.0,0.0922447929084909,0.0,0.0,0.0,0.0,0.0,0.027973249299319443,0.0,0.0,0.08355285182047364,0.11103690509632635,0.043258352147435064,0.0,0.0,0.0,0.0,0.0,0.0,0.0,0.0,0.0,0.03522152499806128,0.0,0.046769601106176055,0.0,0.0,0.0,0.044337342530473375,0.0,0.0,0.0,0.0,0.0,0.0,0.0,0.0,0.0,0.0,0.0,0.0,0.0,0.0,0.0,0.0,0.0,0.0,0.0,0.13472515390206238,0.0,0.0,0.0,0.0,0.0,0.04177642591023682,0.0,0.0,0.0,0.0,0.0,0.0,0.0,0.0,0.0,0.0,0.0,0.0,0.0,0.0,0.0,0.0,0.044337342530473375,0.0,0.0,0.046769601106176055,0.0,0.0,0.08086299481389034,0.0,0.0,0.0,0.0,0.0,0.0,0.0,0.0,0.03735489885365432,0.0,0.0,0.0,0.0,0.0,0.0,0.0,0.0,0.0,0.0,0.0,0.0,0.0,0.0,0.0,0.0,0.0,0.0,0.0,0.028529738970572486,0.0,0.03806526936300355,0.034245322466789276,0.08262834831134082,0.02891291127655595,0.09780820955868509,0.0,0.04043149740694517,0.0,0.0,0.0,0.0,0.04177642591023682,0.0,0.0,0.0,0.0,0.0,0.0,0.0,0.0,0.0,0.03216181606922282,0.0,0.0,0.0,0.0,0.0,0.0,0.0,0.0,0.0,0.0,0.0541811451011884,0.0,0.0,0.048157289426687656,0.0,0.0,0.0,0.0,0.0,0.0,0.0,0.0,0.0,0.0,0.0,0.0,0.02779238104423157,0.0,0.0,0.0,0.0,0.04612239645424545,0.0,0.0,0.0,0.0,0.0,0.12222072262357532,0.04086614781239531,0.0,0.0,0.0,0.0,0.04612239645424545,0.0,0.0,0.0,0.0,0.21710278793789392,0.0,0.0,0.0,0.0,0.0,0.07595610239461671,0.0,0.0,0.0,0.0,0.04550274092557378,0.0,0.0,0.04550274092557378,0.0,0.0,0.0,0.0,0.048904104779342546,0.0,0.0,0.02779238104423157,0.0,0.0,0.0,0.0,0.0,0.0,0.0,0.016913158064412855,0.0,0.0,0.0,0.03920036658733689,0.0,0.0,0.0,0.03701230169877546,0.0,0.0,0.0,0.0,0.10873248547053166,finance
Dokumen_125,0.0,0.08717171138575176,0.16884887708562102,0.0,0.0,0.0,0.0,0.04836560207938211,0.0,0.0,0.0,0.0,0.0,0.0,0.0,0.0,0.0,0.21184734335071062,0.0,0.0,0.0,0.0,0.0,0.0,0.0,0.05924317916619251,0.0,0.0,0.0,0.0,0.0,0.0,0.0,0.0,0.0,0.0,0.0,0.0,0.03981348273111283,0.0,0.10604771236383051,0.0,0.0,0.0,0.3724985930086048,0.14720229262824977,0.0,0.0,0.0,0.04220559023514875,0.04452602101965311,0.0,0.0,0.0,0.10113945666728347,0.0,0.0,0.0,0.0,0.0,0.0,0.030207243320554383,0.0,0.025594499473621222,0.0,0.0,0.0,0.0,0.04915802989971157,0.0,0.2962691808185195,0.0,0.0,0.0,0.0,0.0,0.0,0.050569728333641734,0.0,0.0,0.0,0.0,0.0,0.03311112036509077,0.0,0.0,0.0,0.09196818235509521,0.0,0.0,0.049914968851202154,0.0,0.0,0.0,0.06300535880984309,0.0,0.0,0.0,0.0,0.0,0.0,0.0,0.062470600210876526,0.0,0.0,0.060604077162099985,0.0,0.0,0.0,0.0,0.0,0.0,0.0,0.0,0.0,0.0,0.0,0.0,0.0,0.0,0.0,0.0,0.0,0.0,0.0,0.0,0.0,0.0,0.0,0.22016672642336169,0.0,0.0,0.07069847490922034,0.0,0.0,0.0,0.0,0.0,0.0,0.022400090962839687,0.0,0.0,0.0,0.07067006616862347,0.0,0.0,0.0,0.11790739514670659,0.0,0.05811447425716784,0.0,0.0,0.0,0.0,0.0,0.0,0.0,0.0,0.0,0.019752327228507293,0.0,0.0,0.0,0.0,0.0,0.07360114631412489,0.0,0.0,0.0,0.0,0.09307250351748649,0.0,0.0,0.20849128664391103,0.0,0.03256622811790733,0.0,0.0,0.0,0.0,0.0,0.0359135899091225,0.0701491514648452,0.0,0.0,0.0,0.0,0.0,0.08356082688338214,0.0,0.0,0.0,0.0,0.14139694981844067,0.0,0.0,0.0,0.0,0.0,0.0,0.0,0.0,0.0,0.0,0.0,0.0,0.0,0.07547203291978079,0.0,0.0,0.0,0.0,0.0,0.0,0.0,0.0,0.0,0.0,0.0,0.0,0.0,0.0,0.0,0.06041448664110877,0.0,0.0,0.0,0.0,0.0,0.0,0.0,0.0,0.0,0.0,0.03562884830207948,0.0,0.0,0.0,0.0,0.0,0.0,0.0,0.0,0.03480469097877802,0.0,0.0,0.0,0.0,0.0,0.0,0.0,0.0,0.04666983551165141,0.0,0.0,0.0,0.07421573994949388,0.0,0.0,0.0,0.0,0.0,0.050569728333641734,0.0,0.051188998947242444,0.0,0.0,0.0,0.0,0.0,0.0,0.0,0.0,0.0,0.0,0.0,0.0,0.0,0.0,0.04915802989971157,0.0,0.0374213752270769,0.0,0.0,0.0,0.0,0.0,0.0,0.0,0.0,0.0,0.0,0.0,0.0,0.0,0.0,0.0,0.0,0.0,0.0,0.01876984840418848,0.0,0.0,0.0,0.0,0.0,0.0,0.0,0.0,0.0,0.0,0.0,0.0,0.0,0.0,0.0,0.0,0.0,0.0,0.0,0.0,0.0,0.0,0.0,0.0,0.0,0.047864115577275844,0.0,0.0,0.0,0.0,0.0,0.0,0.0,0.0,0.0,0.051326853232238547,0.0,0.0,0.0,0.0,0.0,0.0,0.0,0.0,0.0,0.0,0.0,0.0,0.0,0.0,0.0,0.0,0.0,0.0,0.0,0.0,0.0,0.0,0.0,0.0,0.0,0.0,0.0,0.03981348273111283,0.0,0.0,0.0,0.0,0.0,0.0,0.0,0.0,0.026351624372218035,0.0,0.45560936581306927,0.0,0.0,0.0,0.0,0.0,0.0,0.0,0.0,0.0,0.04503485290621231,0.0,0.0,0.0,0.0,0.0,0.0,0.04309257348308869,0.0,0.0,0.0,0.0,0.0,0.0,0.0,0.0,0.036203654096286085,0.0,0.0,0.0,0.04309257348308869,0.0,0.06855721460736679,0.0,0.0,0.0,0.0,0.0,0.0,0.12927772044926608,0.0,0.0,0.0,0.0,0.0,0.0,0.3079611193934313,0.0,0.0,0.0,0.0,0.0,0.0,0.0,0.06289868926523969,0.0,0.0,0.0,0.0,0.0,0.0,0.0,0.0,0.0,0.0,0.0,0.046105483057139074,0.0,0.0,0.0,0.03256622811790733,0.0,0.0,0.048497590561174996,0.0,0.0,0.0,0.0,0.0,0.0,0.0,0.09255672871507412,0.0,0.0,0.03233632788055979,0.0,0.049847831559571086,0.05397019871223438,0.0,0.0,0.0,0.0,0.0,0.09699518112234999,0.0,0.0,0.0,0.0,0.0,0.0,0.0,0.0,0.0,0.029621589583096256,0.0,0.0,0.0,0.0,0.0,0.0,0.0,0.05407898941160234,0.0,0.0,0.0,0.04178041344169107,0.0,0.0,0.0,0.0,0.0,0.0,0.0,0.0,0.18211116200799926,finance
Dokumen_126,0.02369466312148942,0.0,0.011833591007834428,0.0,0.0,0.038059409362904445,0.0,0.008474127334066441,0.0,0.0,0.0,0.0,0.0,0.0,0.0,0.0,0.0,0.03711773007583223,0.0,0.0,0.0,0.0,0.0,0.0,0.025580100315971604,0.0,0.0,0.0,0.0,0.0,0.0,0.016156264676849476,0.0,0.0,0.0,0.0,0.018558865037916115,0.3815704179680941,0.0,0.18374836354820134,0.0,0.01699450601840067,0.0,0.01510048212566255,0.0,0.0,0.0,0.0,0.0,0.044368997446788426,0.0,0.0,0.0,0.0,0.01772062369636492,0.0,0.0,0.02552433354095275,0.0,0.0,0.0,0.0,0.016354024835111586,0.0,0.0,0.3925264714086499,0.0,0.0,0.0,0.0,0.0,0.0,0.0,0.034935313843056585,0.0,0.0,0.02552433354095275,0.0,0.013951424474044946,0.0,0.017985935096312803,0.054250114053149064,0.0,0.08121949760112446,0.01826485803034191,0.0,0.0221930421003671,0.0,0.0,0.0,0.0291519719067285,0.0,0.0,0.0191993462212052,0.022078312285117165,0.0,0.0,0.0,0.027152509381407494,0.0,0.0,0.0,0.010945461196857463,0.0,0.0,0.0,0.0,0.0,0.0,0.0,0.0,0.0,0.0,0.0,0.0,0.0,0.0,0.0,0.374328425321832,0.0,0.0,0.0,0.0,0.0,0.0,0.0,0.0,0.0,0.0,0.0,0.0,0.0,0.0,0.0,0.010054270994639692,0.0,0.0,0.0,0.0,0.12559089266936266,0.01772062369636492,0.016772523971420403,0.0,0.012382087964849476,0.0,0.0,0.0,0.006886176932532624,0.17404107454906223,0.0,0.012290818605217411,0.034935313843056585,0.0,0.15629644982165258,0.0,0.0,0.0,0.0,0.0,0.0069216024977335235,0.0,0.0,0.0,0.0,0.0,0.0,0.0,0.0,0.0,0.0,0.0,0.0,0.007404455107317134,0.0,0.0,0.0,0.0,0.0,0.0,0.0,0.0,0.0,0.012290818605217411,0.0,0.03398901203680134,0.0,0.0,0.01510048212566255,0.0,0.0,0.0,0.042650207621978485,0.0,0.0,0.013003324749100431,0.0,0.0,0.0,0.0,0.0,0.0,0.0,0.0,0.0,0.0,0.0,0.0,0.0,0.0,0.05240297076458488,0.0,0.0,0.0,0.0,0.0,0.0,0.0,0.0,0.0,0.0,0.01826485803034191,0.02076370524072064,0.0,0.0,0.0,0.0,0.0,0.029885707103914156,0.0,0.0,0.0,0.0,0.0,0.0,0.062425232871579625,0.011833591007834428,0.0,0.0,0.0,0.0,0.0,0.0,0.0,0.012196245699285067,0.0,0.0,0.0,0.0,0.016559249380305775,0.0,0.0,0.0,0.0,0.0,0.03544124739272984,0.0,0.0,0.0,0.0,0.0,0.0,0.0,0.0,0.0,0.0,0.01345673768127881,0.0,0.0,0.0,0.0,0.0,0.0,0.0,0.0,0.0,0.012387065454529503,0.013003324749100431,0.0,0.0312055804603088,0.0,0.0,0.0,0.0,0.0,0.0,0.0,0.0,0.0,0.0,0.0,0.0,0.0,0.08697395284813164,0.0,0.0,0.20091343833376105,0.024023791342376605,0.0,0.0,0.03711773007583223,0.026309290666065698,0.0,0.0,0.0,0.0,0.0,0.0,0.0,0.0,0.0,0.0,0.0,0.0,0.0,0.0191993462212052,0.0,0.040656897205251494,0.0,0.0,0.0,0.07820117646331298,0.018558865037916115,0.0191993462212052,0.07970185559667779,0.0,0.0,0.0,0.2598241105308256,0.0,0.03652971606068382,0.05240297076458488,0.0,0.0,0.0,0.0,0.0,0.0,0.0,0.0,0.0,0.0,0.0191993462212052,0.0,0.0,0.0,0.0,0.0,0.0,0.04247371228769652,0.0,0.0,0.0,0.0,0.0,0.016156264676849476,0.01510048212566255,0.0,0.030525633437447526,0.0,0.0,0.01596544492160504,0.0,0.0,0.0,0.013951424474044946,0.0,0.27370411762159547,0.0,0.0,0.03445187380719757,0.0,0.0,0.0,0.0,0.0,0.03193088984321008,0.0,0.012485046574315924,0.0,0.0,0.0,0.0,0.009687538458958839,0.0,0.021310752309705194,0.0,0.0,0.0,0.0,0.0,0.0,0.0,0.0,0.027902848948089892,0.0,0.0,0.0,0.0,0.013225306796080699,0.0,0.0,0.012686469787634814,0.016559249380305775,0.0,0.0,0.0,0.0,0.0,0.0,0.0,0.0,0.0,0.018558865037916115,0.0,0.04530144637698766,0.011922012549959032,0.04185427342213484,0.0,0.0,0.0,0.0,0.0,0.0,0.0,0.0,0.0,0.0,0.0,0.0,0.0,0.0,0.0,0.3674967270964027,0.0,0.04151994163994835,0.0,0.0,0.0,0.05977639169750835,0.0,0.0,0.0,0.0,0.0,0.0,0.03423553335386419,0.015262816718723763,0.09962731949584724,0.0,0.0,0.0,0.0,0.0,0.0,0.015781094893508277,0.013951424474044946,0.016216845672030595,0.0,0.018869681347982524,0.011331282903342581,0.013225306796080699,0.0,0.037824430295042906,0.0,0.0,0.03398901203680134,0.0,0.0,0.0,0.0,0.0,0.0,0.0,0.0,0.0,0.0,0.017225936903598783,0.0,0.0,0.0,0.0,0.0,0.137811272661151,0.0,0.0,0.0,0.018950337540278733,0.01772062369636492,0.11309385273794632,0.0,0.0,0.0,0.0,0.0,0.013823470216959665,0.0,0.0,0.0,0.01510048212566255,0.02900696342897302,finance
Dokumen_127,0.0,0.035185520617909714,0.0,0.0,0.0,0.0,0.0,0.2342643771162493,0.0,0.0,0.0,0.0,0.0,0.0,0.0,0.0,0.0,0.0,0.0,0.0,0.0,0.0,0.0,0.0,0.0,0.035868897183828234,0.0,0.08767828902737974,0.0,0.0,0.03834494528906227,0.0,0.0,0.0,0.0982542108129082,0.0,0.0,0.05274192419314762,0.048210299943772815,0.0,0.0,0.0,0.0,0.0,0.0,0.04456195610886075,0.0,0.0,0.0,0.0,0.0,0.0,0.0,0.0,0.0,0.0,0.057958842337613774,0.0,0.0,0.0,0.0,0.0,0.0,0.0,0.0,0.0,0.0,0.0,0.0,0.0,0.0,0.0,0.0,0.0,0.0,0.0,0.0,0.0,0.0,0.0,0.0,0.023433218910297336,0.07175069896708561,0.06014157521923877,0.0,0.0,0.03834494528906227,0.0,0.0,0.0,0.080589637979431,0.0,0.35123316846513114,0.0,0.11444014833373999,0.0,0.0,0.06413169148128751,0.0,0.0,0.0,0.0,0.0,0.0,0.0,0.0,0.16953805198646826,0.0,0.0,0.0,0.0,0.0,0.0,0.0,0.0,0.0,0.0,0.050090946649744846,0.0,0.0,0.0,0.0,0.0,0.0,0.1262314519512159,0.0,0.07024663369302622,0.04059129245797472,0.0,0.0,0.0,0.0,0.0,0.0,0.0,0.0,0.0,0.0,0.0,0.05424871325021665,0.0,0.0,0.0,0.08557465595375155,0.0,0.0,0.0,0.14277451997861892,0.0,0.10555656185372914,0.04247193916394675,0.0,0.0,0.0,0.0,0.0,0.0,0.0,0.0,0.0,0.0,0.0,0.0,0.0,0.0,0.0,0.0386114857090044,0.0,0.05391673075067878,0.0,0.03756728460891801,0.0,0.025586706383141297,0.5049258078048636,0.0,0.0,0.0,0.0,0.0,0.0,0.0,0.0,0.0849438783278935,0.0,0.0,0.0,0.0,0.0,0.0,0.0,0.0,0.14738131621936226,0.0,0.25682716862224686,0.134802189035252,0.0,0.0,0.0,0.0,0.0,0.05163626503486749,0.0,0.0,0.0,0.0,0.0,0.0,0.09138937603128967,0.0,0.0,0.0,0.0,0.0,0.0,0.0,0.0,0.0,0.0,0.0,0.0,0.18934717792682385,0.0,0.0,0.07315613511100387,0.0,0.0,0.0,0.0,0.0,0.0,0.0,0.0,0.0,0.0,0.0,0.0,0.0,0.0,0.0,0.09642059988754563,0.0,0.0,0.0,0.04214513467383646,0.0,0.0,0.04609675039147246,0.0,0.0,0.0,0.0,0.0,0.0,0.059525648185960775,0.0,0.0,0.04493406301175067,0.0,0.0,0.08986812602350135,0.0,0.0,0.0,0.0,0.06198495644641261,0.046500868860097674,0.0,0.0,0.0,0.0,0.0,0.0621518847323172,0.0,0.0,0.0,0.0,0.0,0.0,0.0,0.0,0.0,0.0,0.0,0.0,0.0,0.0,0.0,0.0,0.0,0.0,0.05582930742957091,0.0,0.0,0.0,0.0,0.0,0.041508097920656004,0.0,0.0,0.0,0.022728481895855968,0.0,0.0,0.0,0.0,0.05391673075067878,0.0,0.0,0.0,0.0,0.0,0.0,0.0,0.0,0.0,0.0,0.0,0.0,0.0,0.0,0.0,0.0,0.0,0.0,0.0,0.0,0.0,0.06413169148128751,0.0,0.0,0.0,0.0,0.0,0.0,0.0,0.0,0.0,0.0,0.0,0.0,0.06413169148128751,0.0,0.0,0.0,0.0,0.0,0.0,0.0,0.0,0.05722185436716313,0.0,0.0,0.0,0.0,0.0,0.0,0.0,0.0,0.0,0.0,0.05516991399969956,0.0,0.0,0.0,0.048210299943772815,0.0,0.0,0.0,0.0,0.0,0.0,0.0,0.0,0.03190928368588758,0.0,0.0,0.0,0.04314310995837921,0.0,0.0,0.05110691215542442,0.0,0.03347608953423458,0.0,0.0,0.0,0.0,0.0,0.0,0.0,0.0,0.0,0.05218096359465883,0.0,0.05110691215542442,0.0,0.0,0.0,0.09140228063071883,0.0,0.0,0.04383914451368987,0.0,0.0,0.0,0.0,0.0,0.0,0.0,0.0,0.0,0.0,0.0,0.0,0.0,0.0,0.0,0.0,0.0,0.0,0.0,0.0,0.0,0.0,0.059525648185960775,0.13770817351086803,0.0,0.0,0.14350139793417122,0.0,0.0,0.0,0.0793697064528837,0.0,0.0,0.0,0.0,0.0,0.0,0.0,0.0,0.0,0.0,0.0,0.0,0.0,0.0,0.0,0.05872591964122251,0.0,0.0,0.0,0.0,0.0,0.054532877246519104,0.0,0.028019325031825786,0.0,0.0,0.0,0.13710342094607825,0.0,0.0,0.044197075041300035,0.0,0.0,0.15332073646627323,0.0,0.0,0.0,0.0,0.0,0.0,0.0,0.0,0.0,0.0,0.0,0.035868897183828234,0.0,0.0793697064528837,0.0,0.0,0.0,0.0,0.0,0.043656304704571124,0.061235079269635916,0.0,0.0,0.05059206393478111,0.0,0.0,0.0,0.0,0.0,0.0,0.04733615235308262,0.05218096359465883,0.16037753391797005,finance
Dokumen_128,0.0,0.0448350487155966,0.0,0.0,0.03474418120027499,0.0,0.0,0.07462767763474339,0.0,0.0,0.0,0.0,0.0,0.0,0.0,0.0,0.0,0.08171962390442966,0.0,0.0,0.0,0.0,0.0,0.0,0.0,0.04570583934441163,0.0,0.0,0.0,0.0,0.0,0.0,0.0,0.0,0.0,0.0,0.0,0.13441249121949508,0.0,0.0,0.027271773574397588,0.0,0.0,0.0,0.0,0.0,0.06579736259895866,0.0,0.03792519322403542,0.0,0.0,0.0,0.0,0.030158978174662624,0.0,0.0,0.0,0.0,0.056782944743073736,0.0,0.0,0.0,0.2880445018849243,0.13822226765248724,0.0,0.0,0.0,0.0,0.0,0.0,0.0,0.0,0.0,0.0,0.0,0.0,0.0,0.0,0.0,0.0,0.0,0.059719423953706774,0.045714061168814116,0.06386269141950142,0.0,0.0,0.0488609365398137,0.0,0.0,0.0,0.0513455575095415,0.03645739189151929,0.49231364312162695,0.1268097496158089,0.1215208589465361,0.05725710089667028,0.03901431205141918,0.0,0.0,0.0,0.0,0.08453983307720593,0.0,0.07483133464400736,0.0,0.0,0.18002781367807769,0.0,0.0,0.0,0.0,0.03600556273561554,0.0,0.0,0.0,0.0,0.0,0.06382824507955454,0.0,0.0,0.0,0.0,0.0,0.0,0.04021251638658771,0.0,0.22377892869164862,0.0517233379760189,0.0,0.0,0.0,0.023459229057267682,0.0,0.0,0.0,0.0,0.0,0.0,0.0,0.08640783405425378,0.0,0.0,0.0,0.05452162993651905,0.0,0.0,0.0,0.07580417605228622,0.0,0.1345051461467898,0.05411974664635596,0.0,0.0,0.0,0.0,0.0,0.0,0.0,0.0,0.04571648792438142,0.0,0.0,0.0,0.0,0.030158978174662624,0.0,0.0,0.0,0.0687032394956786,0.0,0.07180500697335923,0.024097889893598654,0.016301893605858455,0.12063754915976312,0.03600556273561554,0.0,0.0,0.0,0.0,0.0,0.0,0.0,0.02705987332317798,0.03792519322403542,0.07483133464400736,0.03557016742120803,0.0,0.0,0.0,0.0,0.0,0.03130003657006384,0.0,0.2999895093183735,0.05725710089667028,0.0,0.0,0.0,0.02936932597752116,0.06512283621080878,0.03289868129947933,0.0,0.03474418120027499,0.02644578735346455,0.0,0.0,0.0,0.0,0.0,0.03845737202147306,0.0,0.0,0.0,0.0,0.0,0.0,0.0,0.0,0.0,0.0,0.0,0.0,0.0,0.023304748828109567,0.16343924780885932,0.0,0.0,0.0,0.0,0.0,0.0,0.0,0.0,0.0,0.0,0.026053225901028862,0.0,0.0,0.0,0.0,0.0,0.0,0.0,0.0,0.0,0.0,0.02936932597752116,0.0,0.0,0.0,0.03130003657006384,0.0,0.0,0.03792519322403542,0.0,0.0,0.02862855044833514,0.0,0.0,0.02862855044833514,0.0,0.0,0.0,0.0,0.03949207647213921,0.05925359875444995,0.10937217567455787,0.0,0.0,0.0,0.0,0.0,0.0,0.0,0.0,0.0,0.02862855044833514,0.0,0.0,0.0,0.0,0.0,0.0664914431762723,0.0,0.0,0.023001642723253397,0.06794304538358506,0.03845737202147306,0.0,0.0,0.0,0.0,0.0,0.0,0.0,0.04021251638658771,0.0,0.0,0.0,0.0,0.02896170285778184,0.0,0.0,0.0,0.0,0.0343516197478393,0.0,0.0,0.0,0.0,0.0,0.0,0.0,0.0,0.0,0.0,0.0,0.0,0.0,0.0,0.04304257504708542,0.0,0.0,0.0,0.03360312280487377,0.0,0.0,0.0,0.0,0.0,0.03845737202147306,0.0,0.0,0.0,0.0,0.0,0.0,0.023001642723253397,0.0,0.0,0.04085981195221483,0.0,0.0,0.0,0.0,0.0,0.0,0.0,0.0,0.03645739189151929,0.0,0.03901431205141918,0.03845737202147306,0.0,0.0,0.0,0.0,0.0,0.03845737202147306,0.0,0.07030010465591206,0.0,0.0,0.0,0.030715918204608735,0.0,0.0,0.08308823086989318,0.0,0.03792519322403542,0.0,0.0,0.0,0.0,0.0,0.0,0.059779863967351396,0.0,0.027271773574397588,0.0,0.03256141810540439,0.0,0.0,0.04954510032125138,0.023459229057267682,0.0,0.0,0.028158998044708856,0.0,0.023774301231735854,0.0,0.0,0.0,0.0,0.0,0.0,0.07030010465591206,0.0,0.0,0.0,0.0,0.02793095207067782,0.0,0.03360312280487377,0.0,0.03324572158813615,0.0,0.0,0.0,0.0,0.03600556273561554,0.03397152269179253,0.0,0.028391472371536868,0.0,0.026247897696763944,0.030715918204608735,0.0,0.0,0.0,0.0,0.0,0.11879529125062281,0.0,0.0,0.04386856126801846,0.0,0.0,0.13714218350644233,0.0,0.0,0.0,0.1011366207708268,0.0,0.022852919672205815,0.0,0.0,0.0,0.0,0.0,0.0,0.0,0.0,0.0,0.0,0.0,0.0,0.0,0.03741566732200368,0.0,0.0,0.0,0.0,0.0,0.03474418120027499,0.030715918204608735,0.017851772273345362,0.0,0.0,0.0,0.029117273475193245,0.0,0.04163775925676561,0.0,0.0,0.0,0.0,0.0,0.0,0.0,0.0,0.24579102899512625,0.0,0.0,0.0,0.0,0.0,0.0,0.022852919672205815,0.0,0.0505683103854134,0.0,0.0,0.0,0.0,0.0,0.041721690779304765,0.03901431205141918,0.0,0.06720624560974754,0.032233396171263515,0.0,0.0,0.0,0.0,0.0,0.0,0.0,0.09973716476440847,0.1532704594068034,finance
Dokumen_129,0.0,0.0,0.06411177027942128,0.0,0.0,0.0343662391299134,0.0,0.0,0.0,0.0,0.22027004754274832,0.0,0.0,0.0,0.0,0.0,0.0,0.0,0.0,0.0,0.0,0.0,0.0,0.0,0.0,0.02811822884821083,0.0,0.0,0.0,0.0,0.0,0.17506211408691516,0.0,0.0,0.03851156017954329,0.03069518821418092,0.15082171901622168,0.0,0.0,0.0,0.0,0.0,0.0,0.0,0.0,0.0,0.0,0.11665350565295447,0.0,0.0,0.08453245530383754,0.0,0.0,0.0,0.0,0.0,0.0,0.0,0.0,0.0,0.0,0.0,0.0,0.0,0.046663151907150265,0.0,0.0,0.07558572206513597,0.0,0.0,0.0,0.0,0.0,0.0,0.0,0.0,0.0,0.0,0.0,0.0,0.0,0.11021815506505718,0.0,0.11000730397404139,0.0,0.0,0.0901777332002352,0.06984047607466033,0.0,0.0,0.1105572406032346,0.0,0.0,0.0,0.0897115476893471,0.0,0.0,0.0,0.0,0.0,0.0,0.0,0.0,0.0,0.0,0.0,0.0,0.0,0.0,0.0,0.0,0.0,0.0,0.0,0.0,0.0,0.0,0.0,0.0,0.0,0.0,0.0,0.0,0.0,0.0,0.0,0.0,0.0,0.09911482939028465,0.0,0.03205588513971064,0.0,0.0,0.0,0.0,0.0,0.0,0.0,0.0,0.06378971143465852,0.04800320354477612,0.0,0.0,0.050312553813321954,0.053975871033936924,0.0,0.0,0.0,0.0,0.0,0.0,0.0,0.0,0.0,0.0,0.0,0.0,0.0,0.0,0.05624955970757795,0.0,0.0,0.0,0.0,0.0,0.0,0.06053637979283611,0.0,0.0,0.0,0.0,0.0,0.0,0.0,0.044301238849579753,0.0,0.0,0.0,0.0,0.0,0.0,0.0,0.033294463973026,0.0,0.0,0.0,0.0,0.0,0.0,0.0,0.0,0.0,0.0,0.0,0.07044912813288134,0.0,0.0,0.0,0.03613601416356503,0.0,0.0,0.0,0.0,0.0,0.0,0.0,0.0,0.0,0.0,0.0,0.0,0.0,0.0,0.0,0.0,0.0,0.0,0.0,0.0,0.0,0.0,0.0,0.0,0.0,0.0,0.0,0.0,0.12143559722587854,0.0,0.0,0.11897989706771867,0.0,0.0,0.0,0.0,0.0,0.0,0.0,0.08453245530383754,0.0,0.0,0.0,0.0,0.0,0.07702312035908658,0.0,0.0,0.0,0.0,0.0,0.03851156017954329,0.0,0.0,0.0,0.0,0.0,0.03522456406644067,0.0,0.0,0.0,0.0,0.0,0.0,0.0,0.07288656722177177,0.0,0.0,0.0,0.049477473974394934,0.0,0.046036231315693225,0.0,0.0,0.0,0.0,0.0,0.0,0.0,0.0,0.0,0.0,0.17761079119301776,0.0,0.0,0.0,0.0,0.0,0.0,0.0,0.0,0.0,0.0,0.0,0.0,0.0,0.0,0.0,0.0,0.0,0.0,0.017817237369880196,0.0,0.0,0.0,0.0,0.0,0.0,0.0,0.0,0.053975871033936924,0.0,0.0,0.04543490657864881,0.0,0.0,0.0,0.0,0.0,0.05893224520395956,0.20803559521941611,0.0,0.0,0.0,0.0,0.0,0.0,0.0,0.0,0.0,0.0,0.0,0.660810142628245,0.0,0.0,0.0,0.0,0.04872190269175142,0.02830121766733516,0.0,0.0,0.0,0.10401779760970806,0.0,0.0,0.0,0.0,0.0,0.0,0.0,0.0,0.0,0.0,0.0,0.0,0.04376552852172879,0.0,0.1244384826341243,0.0,0.0,0.0,0.0,0.0,0.0,0.0,0.0,0.0,0.0,0.0,0.0,0.0,0.0,0.0,0.0,0.0,0.0,0.0,0.0,0.1352824239692732,0.0,0.0,0.0,0.0,0.13121233441367003,0.0,0.08659269546688703,0.0,0.0,0.0,0.0,0.0,0.0,0.0,0.0,0.0,0.0,0.041345277128468236,0.0,0.0,0.0358258888034851,0.0,0.0,0.1374649565196536,0.0,0.0,0.0,0.0,0.0,0.0,0.0,0.0,0.0,0.0,0.0,0.0,0.0,0.03229540928722815,0.0,0.0,0.02740819210107831,0.07931993137847912,0.0,0.0,0.0,0.0,0.0,0.0,0.0,0.046663151907150265,0.0,0.0,0.0,0.0,0.0,0.0,0.02811822884821083,0.0,0.0,0.0,0.0,0.0,0.0,0.0,0.0,0.0,0.0,0.0,0.0,0.10795174206787385,0.0,0.0,0.0,0.0,0.0,0.0,0.0,0.03779286103256799,0.15375372500739798,0.0,0.0,0.0,0.0358258888034851,0.14195383385288712,0.05123109258255394,0.0,0.0,0.0,0.04006356382653243,0.0,0.0,0.0,0.0,0.0,0.0,0.0,0.0,0.0,0.0,0.0,0.02811822884821083,0.0,0.0,0.0,0.0,0.0,0.0,0.0,0.05133436191497123,0.0,0.08753105704345758,0.0,0.0,0.0,0.0,0.0,0.0,0.0,0.0,0.0,0.0,0.09429197483489263,finance
Dokumen_130,0.0,0.0,0.02753344419495209,0.0,0.03671817754204853,0.029517853684273298,0.0,0.0,0.0,0.0,0.0,0.0,0.0,0.0,0.0,0.0,0.0,0.0,0.0,0.0,0.0,0.0,0.0,0.0,0.0,0.0,0.0,0.0,0.0,0.0,0.05163697864681428,0.0,0.0,0.0,0.0,0.026364714250293523,0.0,0.0,0.03246104812494294,0.0,0.0,0.0,0.0,0.0,0.0,0.0,0.0,0.10019604119626387,0.04007991928460259,0.03441140040467119,0.03630331264643879,0.0,0.0,0.03187246545603626,0.0,0.0,0.0,0.0,0.030004538521402984,0.0,0.0,0.0,0.0,0.0,0.04007991928460259,0.0,0.0,0.0,0.0,0.0,0.0,0.0,0.0,0.0,0.0,0.0,0.0,0.0,0.0,0.0,0.0,0.03155619640021501,0.0,0.18897496991928273,0.0,0.0,0.0,0.05998738896678942,0.0,0.0,0.013565690940904129,0.0,0.0,0.0,0.012842508643795103,0.0,0.0,0.0,0.0,0.0,0.0,0.0,0.025467015452213023,0.0,0.0,0.0,0.03805122467578065,0.0,0.0,0.04123091657642963,0.0,0.0,0.0,0.0,0.0,0.0,0.0,0.0,0.0,0.0,0.0,0.0,0.0,0.0,0.0849943941740424,0.0,0.0,0.0,0.05675447970558901,0.0,0.0,0.0,0.028821223853833473,0.0,0.046786932076419235,0.02713175186245226,0.0,0.0,0.0,0.0,0.0,0.0,0.0,0.028809642632693987,0.0,0.0,0.0,0.016022200544444084,0.0,0.0,0.0,0.0,0.0,0.0,0.0,0.0,0.0,0.0,0.032765936268872996,0.03220925177907812,0.04007991928460259,0.0,0.0,0.0,0.0,0.0,0.05199591362166716,0.0,0.0,0.0,0.025294873399165228,0.0,0.017228088359346888,0.0,0.03805122467578065,0.0,0.0,0.0,0.028821223853833473,0.0,0.0,0.029281356224293956,0.0,0.0,0.0,0.0,0.1114413249128436,0.0,0.0,0.0,0.0,0.0,0.0,0.0,0.03025508622793916,0.0,0.0,0.0,0.0,0.0,0.03476782526232027,0.0,0.0,0.027948309090561833,0.0,0.0,0.0,0.0615344633184218,0.0,0.0,0.0,0.0,0.0,0.0,0.0,0.04064233390752295,0.0,0.0,0.0,0.0,0.0,0.04831131303653511,0.0,0.0,0.17272507542463153,0.0,0.03759109230532017,0.03476782526232027,0.0,0.0,0.03406474185065192,0.0,0.0,0.0,0.0,0.05506688838990418,0.0,0.0,0.0,0.0,0.0,0.04467148876542565,0.0,0.08513171955838351,0.0,0.0,0.062075898080130025,0.0,0.03852872457913185,0.0,0.0,0.08246183315285927,0.03805122467578065,0.0,0.0,0.0,0.03025508622793916,0.0,0.0,0.0,0.0,0.0,0.0,0.0,0.020867912630456353,0.0,0.0,0.0,0.0,0.039024954679425856,0.0,0.0,0.03551228972714572,0.0,0.0,0.0,0.0,0.0,0.0,0.0,0.03805122467578065,0.0,0.0,0.03759109230532017,0.0,0.0,0.0,0.1625693356300918,0.0,0.0,0.0,0.0,0.0,0.0,0.0,0.0,0.0,0.0,0.0,0.0,0.1071250836112048,0.0,0.0,0.0,0.0,0.2541231885250715,0.0,0.0,0.0,0.3708876860544549,0.0,0.0,0.039024954679425856,0.0,0.0,0.0,0.0,0.0,0.0,0.0,0.0,0.21590634428078942,0.04467148876542565,0.0,0.0,0.0,0.0,0.0,0.0,0.0,0.0,0.0,0.0,0.0,0.0,0.0,0.041848221722425756,0.024308484819452365,0.0,0.0,0.0,0.0,0.0,0.4447098212310867,0.0,0.0,0.0,0.0,0.0,0.03852872457913185,0.0,0.0,0.0,0.1699887883480848,0.15036436922128069,0.035134582701780215,0.0,0.0,0.0,0.0,0.0,0.0,0.0,0.0,0.0,0.0,0.0,0.0,0.0,0.0,0.0,0.0,0.0,0.0,0.0,0.0,0.0,0.029049198413036364,0.0,0.0,0.0,0.0,0.022540182381629203,0.0,0.0,0.03671817754204853,0.0,0.0,0.0,0.050250084095123874,0.0,0.04467148876542565,0.0,0.03246104812494294,0.0,0.07102457945429144,0.0,0.0,0.09231472840068518,0.0,0.0,0.0,0.0,0.0,0.0,0.0,0.07343635508409706,0.027948309090561833,0.0,0.0,0.0,0.0,0.0,0.0,0.0,0.1109567052025019,0.03246104812494294,0.0,0.0,0.03406474185065192,0.0,0.0,0.0,0.0,0.0,0.0,0.0,0.0,0.0,0.0,0.0,0.0,0.0,0.0,0.0,0.0,0.0,0.0,0.0,0.0,0.0,0.0,0.0,0.0,0.13401446629627695,0.02655215835607235,0.0,0.0,0.0,0.0,0.0,0.0,0.0,0.0,0.0,0.0,0.037732047274018146,0.0,0.0,0.0,0.0,0.0812846678150459,0.04400341536415007,0.0,0.0,0.0,0.0,0.0,0.0,0.0,0.0,0.0,0.04636096075680686,0.0,0.0,0.0,0.0,0.0,0.04830262408783346,0.0,0.0,0.0,0.0,0.0,0.0,0.0,0.11757897458634688,0.0,0.4135020153585219,0.0,0.0,0.0,0.0,0.0,0.0,0.0,0.0,0.0,0.035134582701780215,0.09448748495964136,finance
Dokumen_131,0.0,0.1440242494171144,0.0,0.0,0.03720307186998474,0.029907661697156408,0.0,0.0,0.0,0.0,0.33546247432801163,0.0,0.0,0.0,0.0,0.0,0.0,0.0,0.0,0.0,0.0,0.0,0.0,0.0,0.0,0.0,0.0,0.0,0.0,0.0,0.10463777650981544,0.038087514204770447,0.0,0.0,0.0,0.02671288241258824,0.0,0.0,0.0,0.0,0.0,0.0,0.03451459533499429,0.03559856433177776,0.0,0.030400773615715897,0.0,0.0,0.0,0.0,0.0,0.0,0.0,0.06458673618409487,0.0,0.0,0.0,0.0,0.0,0.0,0.0,0.0,0.0,0.16914792733999442,0.0,0.0,0.0,0.0,0.0,0.0,0.0,0.0,0.0,0.0,0.0,0.0,0.0,0.0,0.0,0.1409195883718799,0.0,0.07993230609526701,0.0,0.12308820613705572,0.0,0.0,0.10463777650981544,0.03038978637309143,0.0,0.0,0.08246902359941591,0.0,0.0,0.0,0.15614525688881034,0.0,0.0,0.043751513725132155,0.0,0.0,0.0,0.0,0.0,0.040063622522004495,0.0,0.0,0.26987606106349205,0.0,0.0,0.0,0.2875392637097242,0.0,0.0,0.0,0.0,0.0,0.0,0.0,0.0,0.0,0.0,0.0,0.0,0.0,0.0,0.0,0.0,0.02769193277264672,0.028751985103463547,0.0,0.0,0.0,0.0,0.0,0.0,0.0,0.0,0.0,0.0,0.0,0.0,0.0,0.0,0.05838019624940754,0.0,0.0,0.0,0.016233787139562004,0.0,0.0,0.0,0.0,0.0,0.0,0.0,0.0,0.0,0.0,0.0,0.048951902941393545,0.0,0.0,0.0,0.0,0.0,0.0,0.05268256326712233,0.0,0.0,0.0,0.0,0.025803328749029034,0.0,0.0,0.03855372300907029,0.0,0.2765325227350455,0.0,0.0,0.0,0.0,0.029668041089880772,0.028974935579339695,0.0,0.0,0.0,0.0,0.0,0.0,0.0,0.0,0.0,0.0,0.17521099371348559,0.0,0.0,0.0,0.0,0.0,0.0,0.0,0.031177940602814983,0.03720307186998474,0.0,0.0,0.0,0.0,0.020782359170691253,0.0,0.0,0.0,0.0,0.0,0.0,0.0,0.0,0.0,0.0,0.0,0.0,0.0,0.04894930444119402,0.0,0.0,0.0,0.0,0.0,0.3170426719747561,0.0,0.0,0.10354378600498287,0.0,0.0,0.0,0.0,0.0,0.0,0.0,0.0,0.0,0.0,0.0,0.0,0.028751985103463547,0.0,0.0,0.0,0.0,0.0,0.0,0.0,0.0417754054078981,0.0,0.0,0.0,0.0,0.12261852005934924,0.0,0.04526141323806636,0.0,0.0,0.0,0.0,0.0,0.0634304727524979,0.0,0.0,0.0,0.0,0.03954031193402683,0.040063622522004495,0.0,0.0,0.0,0.0,0.0,0.0,0.0,0.0,0.0,0.0,0.0,0.0,0.0,0.0,0.0,0.07275146263775369,0.0,0.0,0.0,0.0,0.0,0.0,0.0,0.0,0.0,0.05663477990159044,0.0,0.0,0.0,0.015505680025734388,0.0,0.0,0.035981259295175094,0.0,0.0,0.0,0.0,0.0,0.23486598061979985,0.0,0.0,0.03954031193402683,0.0,0.0,0.0,0.0,0.0,0.0,0.0,0.0,0.043751513725132155,0.0,0.0,0.0,0.0,0.03954031193402683,0.0,0.0,0.0,0.0,0.0,0.036782728335504354,0.0,0.0,0.0,0.0,0.024629498747667563,0.0,0.0,0.0,0.0,0.0,0.0,0.0,0.0,0.0,0.0,0.0,0.0,0.0,0.0,0.0,0.0,0.0,0.0,0.0,0.0,0.0,0.0,0.0,0.0,0.0,0.0,0.0,0.0,0.0,0.0,0.0,0.0,0.0,0.040063622522004495,0.0,0.0217689480956478,0.0,0.0,0.0,0.029432817440027677,0.0,0.0,0.0,0.0,0.02283784439317603,0.0,0.0,0.0,0.0,0.0,0.0,0.05091367859755091,0.0,0.0,0.07119712866355551,0.0,0.0,0.035981259295175094,0.03763766702265307,0.07356545667100871,0.0,0.03451459533499429,0.0,0.029907661697156408,0.0,0.0,0.0,0.0,0.03720307186998474,0.02831738995079522,0.0,0.0,0.03855372300907029,0.0,0.0,0.030400773615715897,0.0,0.028105495386979713,0.0,0.0,0.023852331760568477,0.0,0.0,0.0,0.0,0.0,0.0,0.0,0.0,0.0,0.0,0.025980149886753116,0.0,0.0,0.0,0.0,0.048940500747637825,0.0,0.0,0.0,0.0,0.0,0.0,0.0,0.0,0.0,0.04526141323806636,0.02690280187498283,0.0,0.0,0.0,0.03637573131887684,0.0,0.0,0.0,0.0,0.0,0.0,0.11469099180612355,0.0,0.0,0.02671288241258824,0.031177940602814983,0.0,0.0,0.0,0.0,0.0,0.0,0.0,0.0,0.0,0.0,0.0,0.0,0.0,0.0,0.0,0.0,0.0,0.024470250373818912,0.0,0.2707354757862794,0.0,0.0,0.0,0.0,0.0,0.05956585177635326,0.0,0.30470011363816357,0.0,0.0,0.0,0.0,0.0,0.0,0.0,0.0,0.0,0.0,0.12308820613705572,finance
Dokumen_132,0.0,0.0,0.050331341570930936,0.0,0.0,0.05395885693429887,0.0,0.0,0.0,0.0,0.0,0.0,0.0,0.0,0.0,0.0,0.0,0.0,0.0,0.0,0.0,0.0,0.0,0.0,0.0,0.08829755749129055,0.0,0.0,0.0,0.0,0.0,0.0,0.0,0.0,0.0,0.0,0.0,0.0,0.0,0.0,0.052685412402764566,0.0,0.0,0.0,0.18506049357083013,0.10969704090095339,0.0,0.0,0.0,0.12580859375516207,0.0,0.0,0.0,0.0,0.07537042335848781,0.0,0.0,0.0,0.0,0.0,0.0,0.0,0.0,0.0,0.0,0.0,0.0,0.0,0.0,0.0,0.08831344095439449,0.0,0.0,0.0,0.0,0.0,0.0,0.0,0.0,0.0,0.0,0.02884248131931477,0.0,0.024674832573013165,0.0,0.0,0.0,0.05482869746802895,0.0,0.0,0.04959636866044591,0.0,0.0,0.0,0.04695240338271883,0.0,0.0,0.0,0.11548668728526741,0.0,0.0,0.0,0.0,0.0,0.0,0.18065174971166376,0.0,0.0,0.0,0.0,0.0,0.0,0.0,0.0,0.0,0.0,0.0,0.0,0.0,0.0,0.0,0.0,0.0,0.0,0.0,0.0,0.0,0.0,0.05187380633379272,0.06562842999867123,0.0,0.0,0.0,0.0,0.0,0.0,0.0,0.0,0.0,0.03338567152267481,0.0,0.07133790853962213,0.0,0.02633212092202434,0.0,0.0,0.0,0.0,0.0,0.0,0.0,0.14858897968997264,0.0,0.0,0.0,0.0,0.0,0.0,0.0,0.0,0.07326639171493542,0.0,0.07326639171493542,0.0,0.0,0.0,0.0,0.0,0.0,0.0,0.09247843488322113,0.0,0.0,0.0,0.0,0.0,0.0,0.0,0.0,0.0,0.0,0.0,0.0,0.0,0.0,0.0,0.0,0.0,0.0,0.0,0.0,0.2418699070548956,0.0,0.0,0.0,0.0,0.0,0.0,0.0,0.0,0.0,0.0,0.0,0.0,0.0,0.19538240004072474,0.0,0.0,0.0,0.0,0.0,0.0,0.0,0.0,0.0,0.0,0.0,0.0,0.0,0.0,0.0,0.0,0.0,0.045021652134295355,0.0,0.0,0.0,0.0,0.0,0.0,0.0,0.0,0.0,0.0,0.053102151599193424,0.0,0.0,0.0,0.0,0.0,0.0,0.0,0.0,0.0,0.0,0.0,0.0,0.0,0.0,0.0,0.0,0.07537042335848781,0.0,0.0,0.07537042335848781,0.0,0.05530652352877657,0.0,0.0816598150095168,0.0,0.0,0.0,0.0,0.0,0.0,0.0,0.0,0.0,0.0,0.0,0.0,0.0,0.0,0.0,0.0,0.052685412402764566,0.0,0.0,0.0663627265817765,0.0,0.0,0.0,0.0,0.0,0.0,0.0,0.0,0.0,0.0,0.0,0.06871679741361014,0.0,0.0,0.0,0.0,0.0776851935867211,0.0,0.0,0.0,0.1578713637768532,0.11190025868952064,0.0,0.0,0.0,0.0,0.0,0.0,0.0,0.0,0.0,0.0,0.0,0.0,0.0,0.0,0.0,0.0,0.0,0.4626512339270753,0.0,0.0,0.0,0.0,0.08474818242445571,0.0,0.1553703871734422,0.0,0.0,0.0,0.0,0.0,0.0,0.0,0.0,0.0,0.18506049357083013,0.0,0.0,0.0,0.0,0.0,0.0,0.1633196300190336,0.0,0.0,0.0,0.0,0.0,0.0,0.0,0.0,0.0,0.0,0.0776851935867211,0.0,0.06422627951644458,0.0,0.0,0.0,0.0,0.0,0.0,0.0,0.0,0.05933903834764225,0.0,0.0,0.0,0.1553703871734422,0.0,0.0,0.0,0.0,0.0,0.0,0.2716207653785531,0.0,0.0,0.0,0.12983346155803688,0.0,0.0,0.0,0.0,0.09064017447646817,0.0671211027086016,0.0,0.05439941120026324,0.0,0.0,0.0,0.0,0.0,0.0,0.0,0.0,0.0,0.0,0.0,0.0,0.0,0.0,0.0,0.06491673077901844,0.0,0.06422627951644458,0.0,0.0,0.0,0.0,0.0,0.0,0.0,0.0,0.12845255903288916,0.0,0.0,0.0,0.04303394127065168,0.0,0.0,0.0,0.0,0.0,0.0,0.0,0.0,0.0,0.0,0.0,0.0,0.0,0.0,0.0,0.0,0.0,0.0,0.0,0.08474818242445571,0.0,0.0,0.0,0.17292436244390874,0.0,0.0,0.048537543730542025,0.0,0.0,0.0,0.0,0.0,0.0,0.0,0.0,0.0,0.0,0.03448723207442565,0.0,0.0,0.0,0.0,0.0,0.0,0.0,0.0,0.0,0.0,0.0,0.0,0.0,0.0,0.0,0.0,0.0,0.0,0.0,0.0,0.0,0.0,0.0,0.0,0.3059954470982779,0.0,0.0,0.0,0.07429448984498632,0.02686690543309419,0.0,0.0,0.0,0.0,0.0,0.0,0.0,0.0,0.0,0.0,0.0,0.0,0.04934966514602633,finance
Dokumen_133,0.0,0.0,0.0,0.0,0.0,0.0,0.0,0.0,0.0,0.0,0.0,0.0,0.0,0.0,0.0,0.0,0.0,0.0,0.0,0.0,0.0,0.0,0.0,0.0,0.0,0.042207511889233024,0.0,0.0,0.0,0.0,0.0,0.0,0.0,0.0,0.0,0.0,0.0,0.0,0.0,0.0,0.0,0.0,0.0,0.0,0.08846159740475942,0.0,0.0,0.0,0.0,0.0,0.0,0.0,0.0,0.0,0.0,0.0,0.0,0.0,0.0,0.0,0.0,0.0,0.0,0.0,0.0,0.0,0.0,0.0,0.0,0.0,0.0,0.0,0.0,0.0,0.0,0.0,0.0,0.0,0.0,0.0,0.0,0.0,0.0,0.09435942001390149,0.0,0.0,0.0,0.02620891184313063,0.0,0.0,0.023707782858037003,0.0,0.0,0.0,0.08977571657968655,0.0,0.0,0.0,0.0,0.0,0.0,0.0,0.0,0.0,0.0,0.0,0.0,0.0,0.0,0.0,0.0,0.0,0.0,0.0,0.0,0.0,0.0,0.0,0.0,0.0,0.0,0.0,0.0,0.0,0.0,0.0,0.0,0.0,0.0,0.0627426809561259,0.19247288447050484,0.0,0.0,0.0,0.0,0.0,0.4959621052604481,0.08266035087674135,0.0,0.0,0.0,0.0,0.0,0.10069708276990026,0.0,0.0,0.0,0.0,0.0,0.0,0.0,0.0,0.0,0.0,0.0,0.0,0.0,0.0,0.0,0.028144896950871155,0.0,0.0,0.0,0.0,0.0,0.05243677503194091,0.0,0.0,0.0,0.0,0.0,0.0,0.0,0.0,0.0,0.0,0.0,0.0,0.0,0.0,0.0,0.0,0.0,0.0,0.0,0.0,0.0,0.0,0.0,0.0,0.0,0.0,0.0,0.0,0.0,0.0,0.0,0.0,0.0,0.0,0.0,0.053777271526533374,0.0,0.0,0.0,0.0,0.0,0.0,0.0,0.0,0.0,0.1785975015416022,0.0,0.0,0.0,0.0,0.0,0.0,0.0,0.0,0.0,0.0,0.0,0.0,0.0,0.0,0.0,0.0,0.0,0.06910374017801059,0.0,0.0,0.0,0.0,0.0,0.0,0.0,0.41330175438370675,0.0,0.0,0.0,0.0,0.0,0.0,0.0,0.0,0.0,0.0,0.0,0.0,0.1156173202036099,0.0,0.0,0.0,0.0,0.0,0.0,0.0,0.0,0.0,0.23018595933903196,0.0,0.0,0.0,0.0,0.0,0.0,0.0,0.0,0.0,0.0,0.0,0.0,0.0,0.0,0.0,0.0,0.06733388222526412,0.0,0.0,0.0,0.0,0.0,0.0,0.0,0.04248219145032772,0.0,0.0,0.0,0.0,0.06569524970407141,0.0,0.0,0.0,0.0,0.0,0.0,0.0,0.0,0.0,0.10697989011784524,0.0,0.0,0.0,0.0,0.0,0.0,0.0,0.0,0.0,0.0,0.0,0.0,0.0,0.0,0.0,0.0,0.0,0.0,0.0,0.0,0.0,0.0,0.0,0.0,0.0,0.13640221579792244,0.0,0.0,0.0,0.0,0.0,0.0,0.0,0.0,0.0,0.0,0.0,0.0,0.0,0.0,0.0,0.0,0.0,0.0,0.0,0.0,0.0,0.0,0.0,0.0,0.0,0.0,0.0,0.0,0.0,0.0,0.0,0.0,0.0,0.0,0.0,0.0,0.0,0.05672984027447888,0.0,0.0,0.0,0.0,0.0,0.0,0.0,0.0,0.0,0.0,0.45443531547552013,0.0,0.0,0.0,0.0,0.0,0.0,0.0,0.0,0.0,0.06416971932368966,0.0,0.0,0.2509707238245036,0.21954614908945738,0.0,0.0,0.0,0.0,0.0,0.0,0.0,0.0,0.0,0.0,0.0,0.0,0.0,0.0,0.0,0.0,0.0,0.0,0.0,0.0,0.0,0.0,0.0,0.0,0.0,0.0,0.0,0.0,0.0,0.0,0.0,0.0,0.0,0.0,0.0,0.0,0.0,0.0,0.0,0.0,0.0,0.0,0.0,0.0,0.0,0.0,0.0,0.0,0.0,0.0,0.0,0.0,0.0,0.0,0.0,0.0,0.0,0.0,0.0,0.0,0.0,0.07004479370098922,0.0,0.0,0.0,0.0,0.0,0.0,0.0,0.0,0.0,0.0,0.0,0.0520074135737869,0.0,0.0,0.0,0.0,0.06910374017801059,0.0,0.06910374017801059,0.0,0.0,0.0,0.0,0.0,0.0,0.0,0.0,0.0,0.0,0.0,0.0,0.0,0.0,0.0,0.0,0.0,0.0,0.0,0.0,0.053321349800539694,0.0,0.0,0.0,0.0,0.0,0.0,0.0,0.047179710006950745,finance
Dokumen_134,0.0,0.0,0.0,0.0,0.0,0.0660963568881701,0.0,0.04415010274443542,0.0,0.0,0.0,0.0,0.0,0.0,0.0,0.0,0.0,0.0,0.0,0.0,0.0,0.0,0.0,0.0,0.0,0.1351990016996709,0.0,0.0,0.0,0.0,0.0,0.0,0.0,0.0,0.11110353752958425,0.0,0.0,0.1192786406912146,0.0,0.0,0.0,0.0,0.0,0.0,0.0,0.0,0.0,0.0,0.0,0.0,0.0,0.0,0.0,0.0,0.0,0.0,0.0,0.0,0.0,0.0,0.0,0.0,0.0,0.0,0.0,0.0,0.0,0.0,0.0,0.0,0.0,0.0,0.0,0.0,0.0,0.0,0.0,0.0,0.0,0.0,0.0,0.08832576555240271,0.2163573152949276,0.1360133413962787,0.0,0.0,0.057812742853405076,0.03358092963285861,0.0,0.0,0.060752570932508826,0.0,0.21182195146700036,0.05001418286957922,0.02875693618306477,0.0,0.0,0.0,0.0,0.0,0.0,0.3000850972174753,0.0,0.0,0.0,0.0,0.0,0.0,0.0,0.0,0.0,0.0,0.0,0.0,0.0,0.0,0.0,0.0,0.0,0.0,0.0,0.0,0.0,0.0,0.0,0.0,0.6884213422677512,0.0,0.0,0.0,0.030826434288473776,0.0,0.0,0.0,0.0,0.03037669969645132,0.0,0.0,0.0,0.061343161770480284,0.0,0.0,0.0,0.06451053120727812,0.0,0.0,0.0,0.0,0.0,0.026524636302279917,0.03201750946390208,0.0,0.0,0.0,0.0,0.0,0.0,0.0,0.0,0.07212293357986022,0.0,0.0,0.0,0.0,0.0,0.0,0.0,0.030826434288473776,0.0,0.0,0.0,0.02851286140602494,0.01928856157497338,0.0,0.0,0.0,0.0,0.0,0.0,0.0,0.0,0.0,0.06403501892780417,0.0,0.0,0.0,0.0,0.0,0.038138872811468515,0.0,0.15278520015173416,0.0,0.0,0.0,0.0,0.0,0.0,0.0,0.0,0.0,0.0,0.03445184565060401,0.0,0.12516366750980065,0.0,0.0,0.0,0.0,0.0,0.0,0.0,0.0,0.0,0.0,0.0,0.0,0.0,0.0,0.0,0.0,0.0,0.0,0.0,0.0,0.0,0.0,0.0,0.0,0.0,0.0,0.0,0.0,0.0,0.0,0.097570416509295,0.0,0.0,0.0,0.0,0.0,0.0,0.0,0.0,0.06354229521134931,0.0,0.0,0.0,0.0,0.0,0.0,0.0,0.0,0.0,0.0,0.0,0.0,0.0,0.0,0.0,0.0,0.0,0.0,0.0,0.0,0.0,0.0,0.0,0.0,0.0,0.0,0.0,0.0,0.0,0.0,0.0,0.0,0.0,0.0,0.0,0.0,0.0,0.0,0.0,0.0,0.04616211947540781,0.0,0.0,0.0,0.08129035175007544,0.0,0.0,0.0,0.0,0.0,0.0,0.0,0.0,0.0,0.0,0.0,0.05140165943859902,0.0,0.0,0.0,0.0,0.0,0.0,0.0,0.0,0.0,0.0,0.0,0.0,0.0,0.0,0.0,0.0,0.0,0.0,0.0,0.0,0.0,0.0,0.0,0.0,0.0,0.0,0.0,0.0,0.0,0.0910062850589656,0.0,0.0,0.0,0.0,0.0,0.0,0.0,0.0,0.0,0.0,0.0,0.0,0.0,0.0,0.0,0.0,0.0,0.0,0.0,0.0,0.0,0.0,0.0,0.0,0.0,0.0,0.0,0.0,0.0,0.041589889192238605,0.0,0.0,0.0,0.07268675577768773,0.0,0.0,0.14746622349874638,0.0,0.0,0.0,0.0,0.0,0.0,0.0,0.0,0.0,0.0,0.0,0.0,0.0,0.0,0.0,0.14655563049762127,0.24981472435135282,0.0,0.0,0.0333180046936222,0.0,0.028129988104296313,0.0,0.0,0.0,0.0,0.0,0.0,0.0,0.0,0.0,0.0,0.0,0.0,0.04313674628018614,0.039759546897071535,0.0,0.0,0.0,0.0,0.0,0.0,0.0,0.0,0.0,0.0,0.0,0.0621135437610375,0.0,0.0,0.0,0.0,0.0,0.0,0.0,0.0,0.0,0.0,0.0,0.0,0.0,0.0,0.0,0.0,0.0,0.0,0.02703980033993418,0.0,0.0,0.0,0.0,0.0,0.0,0.0,0.0,0.0,0.0,0.08918336104104375,0.0,0.0,0.0,0.0,0.0,0.0,0.07951909379414307,0.0,0.0,0.0,0.02112239332693718,0.0,0.0,0.0,0.03445184565060401,0.0,0.12316552032020031,0.0,0.0,0.0,0.0,0.0,0.0,0.0,0.0,0.0,0.0,0.0,0.0,0.0,0.0,0.0,0.02703980033993418,0.0,0.0,0.0,0.0,0.0,0.0,0.0,0.032910344489853756,0.0,0.0,0.0,0.0,0.034159764172931026,0.0,0.0,0.0,0.0,0.0,0.0,0.0,0.03022518697695082,finance
Dokumen_135,0.0,0.0,0.036535305224986624,0.0,0.0,0.0,0.0,0.026163218625736322,0.10225082648295071,0.0,0.0,0.0,0.0,0.0,0.0,0.0,0.0,0.0,0.0,0.0,0.0,0.0,0.0,0.0,0.0,0.0,0.0,0.0,0.0,0.0,0.13703863290037327,0.04988122885720611,0.0,0.0,0.08778616467570458,0.0,0.0,0.0,0.0,0.0,0.0,0.0,0.0,0.0,0.0,0.0,0.04613491501367477,0.0,0.0,0.04566195961907255,0.0,0.0,0.0,0.042292938197779774,0.054711067426210104,0.04475423551800324,0.0,0.0,0.0,0.0,0.0,0.0,0.0,0.0,0.1595512796097173,0.0,0.0,0.04307395372589105,0.05318375986990577,0.0,0.0,0.0,0.0,0.0,0.0,0.0,0.0,0.0,0.0,0.0,0.0,0.083746534509682,0.0,0.2149362630821216,0.0,0.0,0.06851931645018663,0.07959983320769796,0.05825869485351952,0.0,0.16200806192062658,0.0,0.0,0.0,0.10224764540898357,0.0,0.0,0.0,0.0,0.0,0.0,0.0,0.0,0.0,0.0,0.0,0.0,0.0,0.0,0.0,0.0,0.0,0.0,0.0,0.0,0.0,0.0,0.0,0.0,0.0,0.0,0.0,0.0,0.0,0.0,0.0,0.0,0.03626667859457599,0.03765497378837118,0.09527879236276725,0.036535305224986624,0.0,0.0,0.0,0.12416716425663056,0.0,0.0,0.0,0.0,0.04846903186568517,0.21884426970484042,0.0,0.04389308233785229,0.038228747539010656,0.0,0.0,0.06036003460717533,0.02126054347296415,0.0,0.0,0.0,0.10786010379619766,0.04872292090685628,0.0,0.0,0.0,0.0,0.0,0.0,0.06410975157075387,0.05318375986990577,0.0,0.10636751973981154,0.0,0.0,0.0,0.06899560262671144,0.0,0.0,0.0,0.0,0.0,0.0,0.0,0.0,0.0,0.0,0.0,0.0,0.0,0.0,0.0,0.0,0.0,0.0,0.0,0.0,0.04662158115320046,0.0,0.0,0.0,0.2633584940271137,0.0,0.0,0.040146768494320945,0.0,0.0,0.0,0.0,0.0,0.0,0.0,0.04872292090685628,0.0,0.0,0.0,0.0,0.08165271236231532,0.0,0.0,0.0,0.0,0.0,0.0443181381101603,0.0,0.0,0.0,0.0,0.0,0.0,0.0,0.0,0.0,0.0,0.0,0.0,0.0,0.13840474504102432,0.0,0.0,0.0,0.0,0.0,0.0,0.03854662435424844,0.07307061044997325,0.0,0.0,0.0,0.0,0.0,0.0,0.0,0.0,0.0,0.0,0.0,0.0,0.051125413241475355,0.0,0.04389308233785229,0.0,0.0,0.0,0.0,0.0,0.0,0.0,0.0,0.0,0.0,0.0,0.054711067426210104,0.0,0.08307157854612197,0.0,0.0,0.0,0.05639134921832229,0.0,0.05246923475038761,0.0,0.0,0.0,0.03333949336300589,0.0,0.0,0.0,0.0,0.0,0.0,0.040485947832709535,0.0,0.0,0.0,0.0,0.0,0.0,0.048172418925305674,0.0,0.0,0.0,0.0,0.0,0.0,0.05639134921832229,0.0,0.0,0.0,0.05729907331939161,0.04061395919891213,0.0,0.0,0.0,0.0,0.0,0.0,0.0,0.0,0.24607337023010067,0.0,0.0,0.0,0.0,0.0,0.19231904535212,0.0,0.0,0.0,0.0,0.0,0.0,0.11855301976340535,0.0,0.0,0.05639134921832229,0.0,0.0,0.0,0.0,0.0,0.0,0.0,0.0,0.0,0.0,0.0,0.0,0.0,0.0,0.17189721995817484,0.0,0.11855301976340535,0.0,0.0,0.0,0.07315545625784421,0.0,0.0,0.0,0.051125413241475355,0.0,0.05393005189809883,0.16917404765496688,0.0,0.04662158115320046,0.0,0.0,0.0,0.0,0.0,0.0,0.0,0.0,0.04307395372589105,0.0,0.0,0.0,0.0,0.0,0.0,0.0,0.0,0.0,0.0,0.0,0.0,0.0,0.0,0.0,0.0,0.0,0.0,0.0,0.0,0.0,0.0,0.0,0.09527879236276725,0.13335797345202355,0.0,0.0,0.0,0.0,0.0,0.04712277676678377,0.0,0.0,0.0,0.045201963550645034,0.0,0.0,0.0,0.0,0.0,0.0,0.0,0.03708580720653723,0.0,0.0,0.0,0.0,0.0,0.0,0.0,0.0,0.04307395372589105,0.0,0.0,0.0,0.0,0.0,0.0,0.0,0.0,0.0,0.0,0.0,0.0,0.0,0.0,0.0,0.0,0.0,0.0,0.0,0.0,0.0,0.0,0.0,0.0,0.0,0.0,0.0,0.0,0.07046639011469087,0.09424555353356753,0.0,0.0,0.0,0.0,0.0,0.09424555353356753,0.0,0.0,0.0,0.025034134018231863,0.0,0.05825869485351952,0.10495340235864424,0.040832121050068566,0.05393005189809883,0.02919500734974951,0.0,0.0,0.0,0.0,0.05246923475038761,0.0,0.0,0.15740770425116282,0.0,0.1845550276725755,0.0,0.0,0.0,0.0,0.0,0.0,0.05318375986990577,0.0,0.0,0.0,0.0,0.0,0.05393005189809883,0.03900514311010812,0.0,0.34916860200044275,0.0,0.045201963550645034,0.040485947832709535,0.0,0.0,0.0,0.0,0.0,0.0,0.0,0.268670328852652,finance
Dokumen_136,0.0,0.0,0.015768026740115418,0.0,0.0,0.05071341270371486,0.0,0.011291607620564149,0.0,0.0,0.0,0.0,0.0,0.0,0.0,0.0,0.0,0.04945864361719352,0.0,0.0,0.0,0.0,0.0,0.0,0.034084979405662984,0.0,0.0,0.0,0.0,0.0,0.0,0.02152790419039207,0.0,0.0,0.0,0.0,0.0,0.36607324318017503,0.0,0.030605134020204625,0.0,0.022644844253598487,0.0,0.0,0.0,0.0,0.0,0.0,0.0,0.05912081444338365,0.0,0.0,0.0,0.0,0.02361238174539034,0.0,0.0,0.0,0.0,0.0,0.0,0.0,0.021791415702792825,0.0,0.0,0.09806883472560872,0.0,0.0,0.0,0.0,0.0,0.0,0.0,0.0465506170094051,0.0,0.0,0.0,0.0,0.018589998084588135,0.0,0.0,0.07228720753303344,0.0,0.10822337945813762,0.024337563266820038,0.0,0.02957179110309099,0.0,0.0,0.0,0.046613313464837304,0.0,0.0,0.051165500718804845,0.02941891588596106,0.0,0.0,0.0,0.036180183488158164,0.0,0.0,0.0,0.014584611274860021,0.0,0.0,0.0,0.0,0.0,0.0,0.0,0.0,0.0,0.0,0.0,0.0,0.0,0.0,0.0,0.42753021217208204,0.0,0.0,0.0,0.0,0.0,0.0,0.0,0.0,0.0,0.0,0.0,0.0,0.0,0.0,0.0,0.0,0.0,0.0,0.0,0.0,0.14642896509923353,0.02361238174539034,0.022349057551971478,0.0,0.016498888122713426,0.0,0.0,0.0,0.0,0.2029180133154241,0.0,0.0,0.0465506170094051,0.0,0.029751705469398964,0.0,0.0,0.0,0.0,0.0,0.009222898881367094,0.0,0.0,0.0,0.0,0.0,0.0,0.0,0.0,0.0,0.0,0.0,0.0,0.0,0.0,0.0,0.0,0.0,0.0,0.0,0.0,0.0,0.0,0.016377273500213896,0.0,0.045289688507196973,0.0,0.0,0.020121094753777168,0.0,0.0,0.0,0.05683056088465422,0.0,0.0,0.0,0.0,0.0,0.0,0.0,0.0,0.0,0.0,0.0,0.0,0.0,0.0,0.0,0.0,0.0,0.06982592551410766,0.0,0.0,0.0,0.019126967257829763,0.0,0.0,0.0,0.0,0.0,0.01970693814779455,0.024337563266820038,0.0,0.0,0.0,0.0,0.0,0.0,0.039822115573353196,0.0,0.0,0.0,0.0,0.0,0.0,0.09981647064110921,0.0,0.0,0.0,0.0,0.0,0.0,0.0,0.0,0.01625125696739268,0.0,0.0,0.0,0.0,0.022064873363633695,0.0,0.0,0.0,0.0,0.0,0.04722476349078068,0.0,0.0,0.0,0.0,0.0,0.0,0.0,0.0,0.0,0.0,0.017930837685081826,0.0,0.0,0.0,0.0,0.0,0.0,0.0,0.0,0.0,0.016505520529589864,0.0,0.0,0.020790410400917628,0.0,0.0,0.0,0.0,0.0,0.0,0.013921136634082534,0.0,0.0,0.0,0.0,0.0,0.0,0.13520625724212482,0.0,0.0,0.24337563266820036,0.032011228378161616,0.0,0.0,0.04945864361719352,0.026292458379371764,0.0,0.0,0.0,0.0,0.0,0.0,0.0,0.0,0.0,0.0,0.0,0.0,0.0,0.0,0.0,0.05417451404887181,0.0,0.0,0.0,0.1042015260427409,0.02472932180859676,0.025582750359402422,0.10620115140477712,0.0,0.0,0.0,0.2720225398945644,0.0,0.048675126533640076,0.0465506170094051,0.0,0.0,0.0,0.0,0.0,0.0,0.0,0.0,0.0,0.0,0.025582750359402422,0.0,0.0,0.0,0.0,0.0,0.0,0.05659538433100951,0.0,0.0,0.0,0.0,0.0,0.02152790419039207,0.020121094753777168,0.0,0.040674804797797226,0.0,0.0,0.0,0.0,0.0,0.0,0.018589998084588135,0.0,0.28655419661753745,0.0,0.0,0.022953221345884036,0.0,0.0,0.0,0.0,0.0,0.04254728125638977,0.0,0.0,0.0,0.0,0.0,0.0,0.0,0.0,0.02839615734977998,0.0,0.0,0.017042489702831492,0.0,0.0,0.0,0.0,0.0,0.018589998084588135,0.0,0.0,0.0,0.0,0.01762246059279628,0.0,0.0,0.016904470901238283,0.022064873363633695,0.0,0.0,0.0,0.0,0.0,0.0,0.0,0.0,0.0,0.0,0.0,0.020121094753777168,0.015885846701925825,0.07435999233835254,0.0,0.013481864689259493,0.0,0.0,0.0,0.0,0.0,0.0,0.0,0.0,0.0,0.0,0.0,0.0,0.0,0.39786674226266017,0.0,0.055324503744746734,0.0,0.0,0.0,0.10620115140477712,0.0,0.0,0.0,0.0,0.0,0.0,0.030412115534974492,0.0,0.1327514392559714,0.0,0.0,0.0,0.0,0.0,0.0,0.0,0.018589998084588135,0.021608627172226263,0.0,0.025143478414579378,0.015098711092974965,0.01762246059279628,0.0,0.05040030772797629,0.0,0.0,0.0,0.0,0.0,0.0,0.0,0.0,0.0,0.0,0.0,0.0,0.0,0.022953221345884036,0.0,0.0,0.0,0.0,0.0,0.18363080412122776,0.0,0.0,0.0,0.033667934934431015,0.02361238174539034,0.12916742514235244,0.0,0.0,0.017473058021381715,0.0,0.0,0.018419501559408535,0.0,0.0,0.0,0.020121094753777168,0.03865120694933487,finance
Dokumen_137,0.0,0.08382836331173651,0.16237291648980645,0.0,0.0,0.0,0.0,0.04651060760938573,0.0,0.0,0.0,0.0,0.0,0.0,0.0,0.0,0.0,0.20372223721114466,0.0,0.0,0.0,0.0,0.0,0.0,0.0,0.05697099056492335,0.0,0.0,0.0,0.0,0.0,0.0,0.0,0.0,0.0,0.0,0.0,0.04188530874233896,0.03828649273983152,0.0,0.13597386918445895,0.0,0.0,0.0,0.35821193471417706,0.14155655625660238,0.0,0.0,0.0,0.04058685433353348,0.042818288267213976,0.0,0.0,0.0,0.04863019770908421,0.0,0.0,0.0,0.0,0.0,0.0,0.029048687096618727,0.0,0.02461285853575038,0.0,0.0,0.0,0.0,0.0945452859560534,0.0,0.2849061941416103,0.0,0.0,0.0,0.0,0.0,0.0,0.04863019770908421,0.0,0.0,0.0,0.0,0.0,0.03184119003171421,0.0,0.0,0.0,0.07075269792023914,0.0,0.0,0.04800055060335214,0.0,0.0,0.0,0.06058887711319077,0.0,0.0,0.0,0.03725692509870502,0.0,0.0,0.0,0.060074628426252955,0.0,0.0,0.05827969323712754,0.0,0.0,0.0,0.0,0.0,0.0,0.0,0.0,0.0,0.0,0.0,0.0,0.0,0.0,0.0,0.0,0.0,0.0,0.0,0.0,0.0,0.0,0.0,0.2540670504921156,0.0,0.0,0.06798693459222947,0.0,0.0,0.0,0.0,0.0,0.0,0.021540967059134643,0.0,0.0,0.0,0.06795961542882054,0.0,0.0,0.0,0.09448768605065819,0.0,0.055885575541157674,0.0,0.0,0.0,0.0,0.0,0.0,0.0,0.0,0.0,0.03798950913872402,0.0,0.0,0.0,0.0,0.0,0.07077827812830119,0.0,0.0,0.0,0.0,0.08950283888165111,0.0,0.0,0.2004948973271376,0.0,0.03131719635834796,0.0,0.0,0.0,0.0,0.0,0.034536174807997574,0.06745867967399162,0.0,0.0,0.0,0.0,0.0,0.08035596919293946,0.0,0.0,0.0,0.0,0.13597386918445895,0.0,0.0,0.0,0.0,0.0,0.0,0.0,0.0,0.0,0.0,0.0,0.0,0.0,0.07257740951623468,0.0,0.0,0.0,0.0,0.0,0.03939239206587141,0.0,0.0,0.0,0.0,0.0,0.0,0.0,0.0,0.0,0.058097374193237454,0.0,0.0,0.0,0.0,0.0,0.0,0.0,0.0,0.0,0.0,0.03426235406379372,0.0,0.0,0.0,0.0,0.0,0.0,0.0,0.0,0.03346980613252716,0.0,0.0,0.0,0.0,0.0,0.0,0.0,0.0,0.04487987977725026,0.0,0.0,0.0,0.07136929989139133,0.0,0.0,0.0,0.0,0.0,0.04863019770908421,0.0,0.04922571707150076,0.0,0.0,0.0,0.0,0.0,0.0,0.0,0.0,0.0,0.0,0.0,0.0,0.0,0.0,0.0472726429780267,0.0,0.035986131146129564,0.0,0.0,0.0,0.0,0.0,0.0,0.0,0.0,0.0,0.0,0.0,0.0,0.0,0.0,0.0,0.0,0.0,0.0,0.018049957335008908,0.0,0.0,0.0,0.0,0.0,0.0,0.0,0.0,0.0,0.0,0.0,0.0,0.0,0.0,0.0,0.0,0.0,0.0,0.0,0.0,0.0,0.0,0.0,0.0,0.0,0.046028354914948354,0.0,0.0,0.0,0.0,0.0,0.0,0.0,0.0,0.0,0.04935828414977682,0.0,0.0,0.0,0.0,0.0,0.0,0.0,0.0,0.0,0.0,0.0,0.0,0.0,0.0,0.0,0.0,0.0,0.0,0.0,0.0,0.0,0.0,0.0,0.0,0.0,0.0,0.0,0.03828649273983152,0.0,0.0,0.0,0.0,0.0,0.0,0.0,0.0,0.02534094497644299,0.0,0.4819486221195783,0.0,0.0,0.0,0.0,0.0,0.0,0.0,0.0,0.0,0.04330760462424092,0.0,0.03509936662215463,0.0,0.0,0.0,0.0,0.0414398185896865,0.0,0.0,0.0,0.0,0.0,0.0,0.0,0.0,0.034815113992266555,0.0,0.0,0.0,0.0414398185896865,0.0,0.06592779930997647,0.0,0.0,0.0,0.0,0.0,0.0,0.12431945576905949,0.0,0.0,0.0,0.0,0.0,0.0,0.2961497048986609,0.0,0.0,0.0,0.0,0.0,0.0,0.0,0.06048629872856158,0.0,0.0,0.0,0.0,0.0,0.0,0.0,0.0,0.0,0.0,0.0,0.044337172265367424,0.0,0.0,0.0,0.03131719635834796,0.0,0.0,0.04663753385906937,0.0,0.0,0.0,0.0,0.0,0.0,0.0,0.11125855736814837,0.0,0.0,0.031096113620433814,0.0,0.04793598826787486,0.05190024784112802,0.0,0.0,0.0,0.0,0.0,0.09327506771813875,0.0,0.0,0.0,0.0,0.0,0.0,0.0,0.0,0.0,0.0,0.0,0.0,0.0,0.0,0.0,0.0,0.04793598826787486,0.05200486602662169,0.0,0.0,0.0,0.04017798459646973,0.035986131146129564,0.0,0.0,0.0,0.0,0.0,0.0,0.0,0.17512654517442816,finance
Dokumen_138,0.0,0.0,0.0,0.0,0.0,0.0,0.0,0.14110863535690185,0.0,0.0,0.0,0.0,0.0,0.0,0.0,0.0,0.0,0.0,0.0,0.06725732252837045,0.0,0.0,0.0,0.0,0.0,0.08642220717758366,0.0,0.2112513027781791,0.0,0.0,0.046193987913831475,0.0,0.0,0.0,0.0,0.0,0.0,0.0,0.0,0.0,0.0,0.0,0.0,0.0,0.0,0.0,0.0,0.0,0.0,0.12313654718366958,0.0,0.0,0.0,0.0,0.0,0.0,0.0,0.0,0.0,0.0,0.0,0.0,0.06808058328904339,0.0,0.0,0.0,0.0,0.0,0.0,0.0,0.0,0.0,0.0,0.0,0.0,0.0,0.0,0.0,0.0,0.0,0.0,0.19760927446237594,0.0,0.36226146338886106,0.15207047817703293,0.0,0.0,0.05366419170005286,0.07855307336276693,0.0,0.0,0.0,0.0,0.0,0.06893277313520906,0.0,0.0,0.0,0.0565169337543944,0.0,0.0,0.0,0.0,0.0,0.0,0.0,0.0,0.0,0.09561633829360781,0.0,0.0,0.0,0.0,0.0,0.0,0.0,0.0,0.0,0.0,0.0,0.0,0.0,0.0,0.0,0.0,0.0,0.0,0.04890015252532749,0.050772059448089296,0.0,0.049262355067950445,0.0,0.0,0.0,0.0,0.0,0.0,0.0,0.0,0.0,0.07376963222557904,0.2094682917599909,0.0,0.051545706912059036,0.0,0.0,0.24415924036393788,0.08599991994481605,0.0,0.042387842828118895,0.0,0.0727165504455728,0.0,0.0,0.0,0.0,0.0,0.0,0.0,0.05762822792452762,0.07171028807412601,0.0,0.0,0.0,0.0,0.0,0.0,0.0,0.0,0.0,0.04525714349303913,0.0,0.0,0.0,0.0,0.0,0.1627728269092919,0.0,0.0,0.0,0.0,0.0523896885903133,0.0,0.0,0.0,0.06725732252837045,0.0,0.0,0.0,0.0,0.0,0.0,0.0,0.0,0.0,0.0,0.0,0.0,0.0,0.0,0.062205982690930056,0.0,0.0,0.0,0.0,0.0,0.0,0.0,0.0,0.0,0.0,0.0,0.0,0.059756332733196214,0.0,0.0,0.0,0.0,0.0,0.0,0.0,0.0,0.0,0.04406543803446614,0.0,0.0,0.0,0.0,0.0,0.0,0.0,0.0,0.0,0.0,0.0,0.049262355067950445,0.0,0.0,0.0,0.0,0.0,0.0,0.0,0.0,0.0,0.0,0.05553255362338423,0.0,0.0,0.0,0.0,0.0,0.0,0.07171028807412601,0.0,0.0,0.0,0.0,0.0,0.0,0.0,0.0,0.0,0.0,0.0,0.0,0.0,0.0,0.0,0.0,0.0,0.0,0.0,0.0,0.0,0.10313285565928075,0.0,0.0,0.0,0.0,0.0,0.0,0.0,0.0,0.0,0.0,0.0,0.0,0.0,0.0,0.0,0.0,0.0,0.0,0.0,0.15207047817703293,0.10000924811437162,0.0,0.0,0.0,0.027380902752165173,0.0,0.0,0.06353796544405133,0.0,0.0,0.0,0.0,0.0,0.0,0.0,0.0,0.0,0.0,0.0,0.08643775329208635,0.0,0.0,0.0,0.0,0.0,0.07725916829056487,0.0,0.0,0.0,0.0,0.06982276391999696,0.0,0.0,0.0,0.0,0.0,0.0,0.0,0.0,0.09056499845616744,0.0,0.0,0.0,0.0,0.0,0.07992544359487774,0.23977633078463326,0.0,0.0,0.07487410375743736,0.0,0.0,0.17681489028860575,0.0,0.0,0.0,0.0,0.0,0.0,0.06286217866403684,0.0,0.0,0.0,0.0,0.0,0.0,0.0,0.0,0.058078737526848966,0.0,0.0,0.0,0.07603523908851646,0.0,0.0,0.0,0.0,0.038440974522536815,0.0,0.0,0.0,0.0,0.051566427829640375,0.0,0.0,0.0,0.0,0.0,0.04435753468033543,0.06569551875591588,0.0,0.0,0.0,0.0,0.0,0.0,0.0,0.0,0.0,0.0,0.0,0.0,0.0,0.06094803819176921,0.0,0.0,0.0,0.0,0.0,0.0,0.0,0.0,0.0,0.0,0.0,0.0,0.0,0.0,0.0,0.09926089468054405,0.0,0.0,0.0,0.0,0.0,0.0,0.0,0.0,0.0,0.0,0.0,0.0,0.0,0.0,0.0,0.0,0.0,0.0,0.0,0.0,0.0,0.0,0.0,0.0,0.0,0.0,0.16925162486689554,0.0,0.07992544359487774,0.047506655669220375,0.0,0.16589643445420107,0.0,0.0,0.0,0.0,0.0,0.0,0.06569551875591588,0.058078737526848966,0.03375475834211391,0.0,0.0,0.0,0.05505596389462619,0.0,0.0,0.0,0.0,0.0,0.0,0.0,0.3537342929667813,0.0,0.07074685859335626,0.0,0.0,0.0,0.0,0.0,0.0,0.0,0.0,0.0,0.0,0.0,0.0,0.0,0.0,0.0,0.07888883906404004,0.0,0.20177196758511137,0.0,0.0,0.05458920146186315,0.0,0.0,0.0,0.0,0.0,0.0,0.0,0.12075382112962034,finance
Dokumen_139,0.0,0.0,0.0,0.0,0.0,0.0,0.0,0.0,0.0,0.0,0.0,0.0,0.0,0.0,0.0,0.0,0.0,0.0,0.0,0.0,0.0,0.0,0.0,0.0,0.0,0.02884906690914812,0.0,0.0,0.0,0.0,0.0,0.0,0.0,0.0,0.0,0.0,0.0,0.0,0.0,0.0,0.0,0.0,0.0,0.0,0.0,0.0,0.08306126933844075,0.0,0.0,0.0,0.0,0.04153063466922038,0.0,0.0,0.0,0.0,0.0,0.0,0.0,0.0,0.0,0.0,0.0,0.0,0.0,0.0,0.0,0.0,0.0,0.0,0.0,0.0,0.0,0.0,0.07979034544780511,0.0,0.0,0.0,0.0,0.0,0.0,0.0,0.0,0.0644951834316458,0.0,0.0,0.0,0.017913935636924363,0.052444457122115484,0.0,0.0,0.0,0.0,0.0,0.015340549220367459,0.0,0.0,0.0,0.0,0.0,0.6651038810411724,0.0,0.0,0.0,0.0,0.0,0.0,0.0,0.0,0.0,0.0,0.0,0.0,0.0,0.0,0.0,0.0,0.0,0.0,0.0,0.0,0.0,0.0,0.0,0.0,0.0,0.0,0.0,0.0,0.0,0.0,0.0,0.0,0.0,0.0,0.0,0.0,0.0,0.0,0.0,0.0,0.0,0.0,0.017206752710327008,0.0,0.0,0.0,0.019138733941160058,0.0,0.0,0.0,0.0,0.0,0.0,0.09446557424657714,0.0,0.0,0.0,0.0,0.019237192123942454,0.0,0.0,0.0,0.0,0.0,0.0,0.0,0.0,0.0,0.0,0.0,0.0,0.0,0.0,0.0,0.0,0.0,0.0,0.0,0.0,0.0,0.03497697364719494,0.0,0.0,0.0,0.0,0.0,0.0,0.0,0.0,0.0,0.0,0.0,0.0,0.0,0.0,0.0,0.0,0.0,0.0,0.04153063466922038,0.0,0.0,0.0,0.0,0.0,0.0,0.0,0.0,0.0,0.0,0.08138158416448009,0.0,0.039895172723902556,0.0,0.0,0.0,0.0,0.0,0.0,0.0,0.0,0.0,0.0,0.0,0.0,0.0,0.0,0.17707061993874057,0.0,0.0,0.0,0.0,0.0,0.0,0.0,0.0,0.0,0.0,0.0,0.0,0.0,0.0,0.0,0.0,0.0,0.0,0.0,0.0,0.0,0.0,0.0,0.0,0.0,0.0,0.0,0.0,0.0,0.0,0.0,0.4195556569769239,0.0,0.0,0.0,0.0,0.0,0.0,0.0,0.0,0.0,0.0,0.0,0.0,0.0,0.0,0.0,0.0,0.0,0.0,0.0,0.0,0.0,0.0,0.17961226042413742,0.0,0.0,0.0,0.0,0.0,0.0,0.08980613021206871,0.0,0.0,0.0,0.0,0.0,0.0,0.0,0.0,0.0,0.018280336069337974,0.0,0.0,0.0,0.0,0.0,0.0,0.0,0.0,0.0,0.0,0.0,0.0,0.0,0.0,0.0,0.0,0.04998826342452142,0.0,0.0,0.0,0.0,0.0,0.0,0.0,0.0,0.0,0.0,0.0,0.0,0.0,0.0,0.0,0.0,0.0,0.0,0.0,0.0,0.0,0.0,0.0,0.0,0.0,0.0,0.0,0.0,0.0,0.03841953542843966,0.0,0.0,0.0,0.0,0.0,0.0,0.0,0.0,0.0,0.0,0.0,0.0,0.0,0.0,0.0,0.0,0.03877515836798753,0.0,0.0,0.0,0.0,0.0,0.0,0.0,0.0,0.0,0.0,0.0,0.0,0.0,0.0,0.0,0.0,0.0,0.0,0.0,0.0,0.0,0.0,0.0,0.0857699362005914,0.03001220048862093,0.0,0.0,0.0,0.0,0.04110488038524176,0.0,0.0,0.0,0.0,0.0,0.0,0.0,0.04602307946194937,0.0,0.0,0.0,0.0,0.03338463092543491,0.0,0.0,0.0,0.0,0.0,0.0,0.0,0.03313481899642667,0.0,0.0,0.0,0.0,0.0,0.0,0.0,0.0,0.0,0.0,0.0,0.0,0.0,0.0,0.0,0.0,0.0,0.0,0.0,0.0,0.0,0.0,0.0,0.0,0.0,0.0,0.0,0.0,0.0,0.0,0.0,0.0,0.0,0.0,0.0,0.0,0.4666189822854304,0.0,0.0,0.0,0.0,0.0,0.0,0.0,0.0,0.0,0.0,0.0,0.0,0.0,0.0,0.0,0.0,0.0,0.0,0.0,0.0,0.0,0.0,0.0,0.0,0.15474181843884438,0.0,0.0,0.0,0.0,0.0,0.0,0.0,0.0,0.0,0.049250884129027235,0.0,0.0,0.0,0.03644543635073331,0.0,0.0,0.0,0.0,0.0,0.0,0.0,0.0,finance
Dokumen_140,0.0,0.0,0.0,0.0,0.0,0.0,0.0,0.0,0.0,0.0,0.0,0.0,0.0,0.0,0.0,0.0,0.0,0.0,0.0,0.0,0.0,0.05677536811664986,0.0,0.0,0.0,0.03647671689495943,0.0,0.0,0.0,0.0,0.0,0.0,0.0,0.0,0.0,0.0,0.0,0.0,0.0,0.0,0.0,0.0,0.0,0.053065200934215316,0.0,0.0,0.0,0.0,0.0,0.051972949057086486,0.0,0.0,0.0,0.0,0.0,0.0,0.0,0.0,0.0,0.0,0.0,0.0,0.0,0.0,0.0,0.0,0.0,0.0,0.0,0.0,0.0,0.0,0.0,0.0,0.0,0.0,0.0,0.0,0.0,0.0,0.0,0.0,0.0,0.02038690327951833,0.0,0.0,0.0,0.022650353328946198,0.0663106928614952,0.0,0.020488819283858112,0.0,0.0,0.0,0.05818970222018782,0.0,0.0,0.0,0.0,0.0,0.0,0.0,0.0,0.0,0.0,0.0,0.0,0.0,0.0,0.0,0.0,0.0,0.0,0.0,0.0,0.0,0.0,0.0,0.0,0.0,0.0,0.0,0.0,0.0,0.0,0.0,0.0,0.0,0.0,0.054223689291933656,0.041584889765664046,0.0,0.0,0.0,0.0353321109973632,0.0,0.7143700451430938,0.14287400902861877,0.0,0.0,0.0,0.0,0.0,0.043512384596199605,0.0,0.0,0.0,0.024198986466292653,0.0,0.0,0.0,0.0,0.0,0.0,0.0,0.0,0.0,0.0,0.0,0.04864695368961678,0.06053434555682951,0.0,0.0,0.0,0.0,0.0453170848531518,0.0,0.0,0.0,0.0,0.0,0.0,0.026020288280094953,0.0,0.0,0.0,0.0,0.0,0.0,0.0,0.0,0.0,0.0,0.0,0.0,0.0,0.0,0.0,0.0,0.0,0.0,0.0,0.0,0.0,0.0,0.0,0.0,0.0,0.0,0.0,0.0,0.0,0.0,0.0,0.0,0.0,0.0,0.0,0.0,0.0,0.0,0.1543481292850614,0.0,0.0,0.0,0.0,0.0,0.0,0.0,0.0,0.0,0.0,0.0,0.0,0.0,0.0,0.0,0.0,0.0,0.0,0.0,0.0,0.0,0.0,0.0,0.0,0.0,0.14287400902861877,0.0,0.0,0.0,0.0,0.0,0.0,0.0,0.0,0.0,0.0,0.0,0.0,0.04995959330993851,0.0,0.0,0.0,0.0,0.0,0.0,0.0,0.0,0.0,0.39786415716897117,0.0,0.0,0.0,0.0,0.0,0.0,0.0,0.0,0.0,0.0,0.0,0.0,0.0,0.0,0.0,0.0,0.0581915125870295,0.0,0.0,0.0,0.0,0.0,0.1703261043499496,0.0,0.036714101382658626,0.0,0.0,0.0,0.0,0.05677536811664986,0.0,0.0,0.0,0.0,0.0,0.0,0.0,0.0,0.0,0.09245451794276377,0.0,0.0,0.0,0.0,0.0,0.0,0.0,0.0,0.0,0.0,0.0,0.0,0.0,0.0,0.0,0.0,0.0,0.0,0.0,0.0,0.0,0.0,0.0,0.0,0.0,0.11788197851044646,0.0,0.0,0.0,0.0,0.0,0.0,0.0,0.0,0.0,0.0,0.0,0.0,0.0,0.0,0.0,0.0,0.0,0.0,0.0,0.0,0.048577602924643075,0.0,0.0,0.0,0.062272743962866216,0.0,0.0,0.0,0.0,0.0,0.0,0.0,0.0,0.0,0.0,0.0,0.0,0.04902725203558633,0.0,0.0,0.0,0.0,0.0,0.0,0.0,0.0,0.0,0.0,0.2805240043724586,0.0,0.0,0.0,0.0,0.0,0.0,0.0,0.0,0.0,0.11091393831230974,0.0,0.0,0.0,0.18973690623439915,0.0,0.0,0.0,0.0,0.0,0.0,0.0,0.0,0.0,0.0514493764283538,0.0,0.0,0.0,0.0,0.0,0.0,0.0,0.0,0.0,0.0,0.0,0.0,0.0,0.0,0.0,0.0,0.0,0.0,0.0,0.0,0.0,0.0,0.0,0.0,0.0,0.0,0.0,0.0,0.0,0.0,0.0,0.0,0.0,0.0,0.0,0.0,0.0,0.0,0.0,0.0,0.0,0.0,0.0,0.0,0.0,0.0,0.0,0.0,0.0,0.0,0.0,0.06053434555682951,0.0,0.0,0.0,0.0,0.0,0.0,0.0,0.0,0.0,0.0,0.0,0.044946020659749626,0.0,0.0,0.0,0.0,0.11944213027630002,0.0,0.05972106513815001,0.0,0.0,0.0,0.0,0.06418525934134595,0.0,0.0,0.0,0.0,0.0,0.0,0.0,0.0,0.0,0.0,0.0,0.0,0.0,0.0,0.0,0.04608155501408619,0.0,0.0,0.0,0.0,0.0,0.0,0.0,0.02038690327951833,finance
Dokumen_141,0.0,0.0,0.0,0.0,0.0,0.0,0.0,0.05230646701415858,0.0,0.0,0.0,0.0,0.0,0.0,0.0,0.0,0.0,0.0,0.0,0.06648292243571305,0.0,0.0,0.0,0.0,0.02631548596194652,0.06407035710595094,0.0,0.0,0.0,0.0,0.022831055415386697,0.033241461217856524,0.0,0.0,0.029250887111116446,0.0,0.0,0.0,0.0,0.0,0.05097269253081934,0.0,0.0,0.0,0.0,0.026532740669462825,0.030744871835582808,0.02953414947843003,0.0,0.0,0.0,0.0,0.034509412681289584,0.0,0.0,0.029824770126760842,0.0,0.0,0.0,0.0,0.0,0.021779034525983173,0.0,0.0,0.03544230829188695,0.0,0.0,0.02870500978189318,0.0,0.0,0.0,0.0,0.0,0.0,0.0,0.0,0.0,0.0,0.0,0.0,0.0,0.013952428813465902,0.0,0.19098154067825396,0.15031954031683079,0.0,0.09132422166154679,0.15913890831135463,0.0,0.0,0.09596813748169193,0.0,0.0,0.0,0.09085210922956523,0.0,0.03646012473434004,0.15273921410542876,0.0,0.0,0.0,0.0,0.0,0.0,0.0,0.0,0.0,0.040224665580046816,0.1417731191948516,0.0,0.08365143173368045,0.0,0.0,0.0,0.0,0.0,0.0,0.0,0.0,0.0,0.0,0.0,0.0,0.0,0.0,0.0,0.0,0.0,0.0,0.03174747649339016,0.024347574419139283,0.0,0.02548634626540967,0.0,0.062059888104155914,0.0,0.1673028634673609,0.08365143173368045,0.0,0.016150177932088634,0.0,0.0,0.0,0.05095221019366154,0.0,0.0,0.0,0.056673145190567396,0.04476111701601016,0.0,0.0,0.0,0.0,0.0,0.0,0.03882430705787302,0.0,0.0,0.0,0.028482348562105252,0.10632692487566085,0.03544230829188695,0.0,0.0,0.0,0.0,0.0,0.0,0.0,0.0,0.0,0.0,0.060938567722756395,0.0,0.0,0.0,0.040224665580046816,0.0,0.0,0.0,0.0,0.0,0.025288318690797496,0.0,0.0,0.033241461217856524,0.0,0.0,0.030123141565760774,0.0,0.0,0.0,0.0,0.0,0.02675429772884273,0.0,0.0,0.0,0.0,0.12171875429564133,0.0,0.0,0.0,0.0,0.0,0.0,0.0,0.0,0.0,0.0,0.0,0.030123141565760774,0.0,0.0,0.0,0.0,0.0,0.0,0.0,0.0,0.0,0.0,0.0,0.043558069051966346,0.15273921410542876,0.0,0.0,0.0,0.0,0.0,0.0,0.0,0.0,0.0,0.025687942095795484,0.048695148838278565,0.0,0.08365143173368045,0.0,0.0,0.0,0.0,0.0,0.025093735249161097,0.0,0.0,0.08233972859185376,0.0,0.0,0.0,0.08775266133334933,0.03646012473434004,0.033648352090393845,0.0,0.07292024946868007,0.0,0.0,0.0,0.0,0.0,0.15529722823149208,0.0,0.03646012473434004,0.0,0.09226652723586307,0.0,0.0,0.0,0.0,0.0,0.0,0.0,0.0,0.0,0.0,0.02548634626540967,0.02675429772884273,0.2044236054863602,0.1605134468579307,0.0,0.0,0.02698033098987603,0.0,0.1329658448714261,0.0,0.0,0.0,0.0,0.0,0.0,0.09972438365356959,0.0,0.0,0.0,0.0,0.0,0.0,0.0,0.0,0.0,0.1082625573222386,0.0,0.0,0.0,0.0,0.12841075748634456,0.0,0.0,0.0,0.0,0.0,0.0,0.0,0.0,0.03950259144583702,0.0,0.041825715866840224,0.0,0.0,0.0,0.0,0.0,0.03950259144583702,0.0,0.0,0.07515977015841539,0.10352823804386875,0.0,0.0,0.0,0.03593964643051605,0.0,0.0,0.0,0.0,0.1342833510480305,0.0,0.0,0.0,0.0,0.03818480352635719,0.0,0.0,0.0,0.0,0.0,0.0,0.0,0.0,0.0,0.03407060091439337,0.0,0.0,0.15031954031683079,0.0,0.0,0.0,0.0,0.0,0.0,0.0,0.0,0.0,0.0,0.0,0.0,0.0,0.0,0.0,0.0,0.0,0.0,0.0,0.037998365552791756,0.0,0.4927327530241193,0.0,0.0,0.02548634626540967,0.0,0.0,0.0,0.0,0.0,0.021923401250088705,0.0,0.0,0.02631548596194652,0.06349495298678032,0.0,0.0,0.07900518289167403,0.0,0.0,0.060859377147820665,0.031403194994552706,0.0,0.06420537874317228,0.08163307517228045,0.030123141565760774,0.0,0.0,0.0,0.06280638998910541,0.0,0.031069192105426167,0.0,0.024714435675153107,0.0,0.0,0.0,0.0,0.03818480352635719,0.0,0.0,0.024529501450055644,0.0,0.0,0.0416349755414112,0.0,0.0,0.0,0.0,0.0,0.0708846165837739,0.0,0.0,0.0,0.0,0.0,0.0,0.0,0.0,0.0,0.021356785701983644,0.0,0.0,0.0,0.0,0.0,0.0,0.0,0.12547714760052067,0.0,0.0,0.023479832271829128,0.0,0.0,0.0,0.0,0.0,0.0,0.0,0.06280638998910541,0.032469550627599965,0.0,0.1501474788692002,0.0,0.0,0.0,0.0,0.0,0.019455910104979962,0.02631548596194652,0.0,0.0,0.0,0.03496614000987367,0.0,0.0,0.2447629800691157,0.0,0.04099657617030338,0.0,0.0,0.15031954031683079,0.0,0.0,0.0,0.0,0.0,0.037006002063563304,0.0,0.0,0.0,0.0,0.09097726611671111,0.0,0.0,0.0,0.06024628313152155,0.0,0.0,0.0,0.0,0.0,0.0,0.0,0.0,0.09549077033912698,finance
Dokumen_142,0.0,0.0667800782775202,0.051740368748535,0.0,0.034500079836507956,0.0,0.0,0.12968089355017046,0.0,0.0,0.04444134608375226,0.0,0.0,0.0,0.0,0.0,0.0,0.04057274414758569,0.0,0.0,0.0,0.0,0.0,0.0,0.0,0.0,0.0,0.0,0.0,0.0,0.0,0.0,0.0,0.0,0.0,0.024772055896843382,0.0,0.20020222888688205,0.0,0.0,0.027080170926360413,0.037152796962017114,0.0,0.0,0.0,0.0,0.0,0.06276221846095267,0.0,0.0,0.0,0.0,0.0,0.02994709096224511,0.0,0.0,0.0,0.0,0.0563840061648239,0.0,0.0,0.0,0.107257797941196,0.07842923586799028,0.0,0.0,0.0,0.0,0.0,0.0,0.0,0.0,0.0,0.0,0.0,0.0,0.0,0.0,0.0,0.13068106489561473,0.0,0.08894978193543568,0.04539288898143936,0.1521936308020152,0.0,0.0,0.04851765542532859,0.028181814118741107,0.0,0.0,0.07647723037930616,0.0,0.3555307686700181,0.04197294179587079,0.12066709275115499,0.0,0.0,0.0,0.0,0.0,0.0,0.08394588359174159,0.0,0.07430559392403423,0.0,0.0,0.071505198627464,0.0,0.0,0.0,0.0,0.071505198627464,0.0,0.0,0.0,0.0,0.0,0.09506971275458057,0.0,0.0,0.0,0.0,0.0,0.0,0.07985999254189821,0.0,0.08888269216750452,0.0513599465561506,0.0,0.0,0.0258701843742675,0.023294412112156975,0.0,0.0,0.02198029695364456,0.025492757757026297,0.0,0.0,0.0,0.10296091271874527,0.0,0.0,0.0,0.1082771572473587,0.0,0.0,0.0,0.12043456074187779,0.0,0.08904010437002692,0.026869759417673174,0.07637436596333472,0.0,0.0,0.0,0.0,0.0,0.0,0.0,0.0756588311456801,0.0,0.0,0.0,0.0,0.11978836384898044,0.02819200308241195,0.024427453800851248,0.0,0.17055138196844877,0.0,0.07130052825139817,0.023928585924308722,0.0,0.039929996270949106,0.035752599313732,0.0,0.0,0.0,0.0,0.0,0.08250447987137575,0.0,0.0,0.0,0.0,0.03532026294578266,0.0,0.0,0.0,0.0,0.0,0.031080132650939386,0.0,0.37912239296904576,0.056854831050860435,0.0,0.0,0.0,0.0291629866056791,0.0,0.0,0.0,0.06900015967301591,0.05251997563417141,0.0,0.0,0.0,0.03854483054977501,0.0,0.15274873192666943,0.0,0.0,0.0,0.03138110923047634,0.0,0.0,0.0,0.0,0.0,0.0,0.0,0.0,0.0,0.023141017211054084,0.16229097659034275,0.0,0.0,0.032667545820273494,0.046427275001089605,0.0,0.03200693476988831,0.0,0.0,0.0,0.054588747673471896,0.0258701843742675,0.0,0.0,0.0,0.03050011811192898,0.03022038897306681,0.0,0.0,0.0,0.0,0.0,0.0,0.0,0.0,0.0,0.0,0.0,0.0,0.0,0.0,0.0,0.056854831050860435,0.0,0.0,0.0,0.0,0.0,0.0,0.0,0.03921461793399514,0.14709325540335025,0.03620125406433001,0.0,0.0,0.0,0.0,0.0,0.0,0.0,0.0,0.0,0.028427415525430218,0.0,0.0,0.0,0.0,0.0,0.033012147916265625,0.0,0.0,0.0,0.0674656995528971,0.03818718298166736,0.0,0.0,0.10596078883734798,0.0,0.0,0.0,0.0,0.0,0.0,0.0,0.0,0.0,0.014379113656976696,0.0,0.0,0.0,0.0,0.03411027639368975,0.07240250812866002,0.0,0.0,0.0,0.0,0.0,0.0,0.0,0.0,0.0,0.0,0.19660112335180815,0.0,0.0,0.0427401718559302,0.0,0.04197294179587079,0.0,0.06673407629562735,0.0,0.0,0.0,0.0,0.0,0.0,0.0,0.0,0.0,0.0,0.0,0.0,0.0685201218945514,0.0,0.0,0.0,0.0,0.0,0.0,0.0,0.0,0.0,0.0,0.0,0.0,0.0,0.0,0.0,0.039929996270949106,0.0,0.0,0.0,0.0,0.03818718298166736,0.0,0.10470929833531241,0.0,0.0,0.0,0.0,0.0,0.0427401718559302,0.08250447987137575,0.0,0.1129762293002769,0.0,0.0,0.0,0.02018732350600797,0.0,0.0,0.0,0.027294373836735948,0.0,0.0,0.0,0.0,0.021178559061247805,0.024598506246816376,0.023294412112156975,0.0,0.0,0.0,0.0,0.0,0.0,0.0,0.0,0.0,0.0,0.0,0.034903099445104134,0.0,0.028912704942594868,0.0,0.0,0.0,0.0,0.06673407629562735,0.0,0.0,0.0,0.0,0.0,0.0,0.035752599313732,0.03373284977644855,0.0,0.0,0.0,0.0,0.03050011811192898,0.0,0.0,0.0,0.0,0.0,0.1179606740110849,0.04197294179587079,0.037658743100092304,0.0,0.0,0.0,0.13617866694431807,0.0,0.0,0.0,0.0,0.0,0.022692362460456073,0.0,0.04197294179587079,0.0,0.0,0.037658743100092304,0.0513599465561506,0.03532026294578266,0.0,0.0,0.0,0.024948176746165136,0.06673407629562735,0.0,0.07430559392403423,0.0,0.0,0.0,0.03336703814781367,0.0,0.06900015967301591,0.03050011811192898,0.0,0.0,0.0,0.049544111793686764,0.08673811482778461,0.0,0.020672612923172618,0.0,0.0,0.0,0.032332652128163435,0.0,0.0,0.0,0.0,0.1952513446680317,0.0,0.0,0.0,0.0,0.0,0.04057274414758569,0.022692362460456073,0.0,0.0,0.0,0.0,0.0,0.0,0.0,0.06904761282198622,0.0,0.0,0.06673407629562735,0.03200693476988831,0.0,0.0,0.0,0.0,0.0,0.0,0.02994709096224511,0.0,0.19024203850251903,finance
Dokumen_143,0.021085975571922766,0.018122406030830457,0.0,0.40449844235755283,0.0,0.01128974025350856,0.0,0.007541159840227178,0.0,0.0,0.0,0.0,0.0,0.0,0.0,0.0,0.0,0.0,0.0,0.014377524616528607,0.0,0.0,0.0,0.0,0.06829150103856883,0.08313471514775853,0.0,0.0,0.0,0.0,0.0,0.0,0.0,0.0,0.0,0.0,0.0,0.0,0.0,0.0,0.0,0.0,0.0,0.0,0.0,0.0,0.0,0.012774046194042252,0.0,0.02632276563761153,0.0,0.0,0.0,0.012190312347448452,0.0,0.0,0.0,0.0,0.0,0.0,0.0,0.0,0.029107024346173092,0.0,0.0,0.0,0.0,0.0,0.0,0.0,0.0,0.0,0.0,0.0,0.0,0.0,0.0,0.0,0.0,0.0,0.0,0.012069348420713269,0.0,0.0980909689554613,0.016253970283423805,0.0,0.00987483850678985,0.0057358679188289265,0.0,0.0,0.0518849130158063,0.0,0.0,0.0,0.014735683868756328,0.0,0.0,0.0,0.012081563400948092,0.0,0.0,0.0,0.0,0.0,0.0,0.11339257981705567,0.0,0.0,0.2657174070633607,0.01576965397080939,0.01809036779515563,0.0,0.0,0.0,0.0,0.0,0.0,0.0,0.0,0.0,0.0,0.0,0.0,0.0,0.0,0.0,0.0,0.0,0.0,0.0,0.0,0.0,0.04409319655532611,0.0,0.00894733600977813,0.0,0.0,0.0,0.0,0.0209557196590855,0.01576965397080939,0.014925936229923014,0.0,0.0,0.0,0.0,0.0,0.018384109261924853,0.019359981125477772,0.0,0.0,0.015544537825145532,0.0,0.0,0.0,0.0,0.0,0.0,0.0,0.006159561772937943,0.0,0.0,0.0,0.0,0.0,0.0,0.0,0.0,0.0,0.05125672519691509,0.0,0.0,0.0,0.0,0.0,0.0,0.0,0.0,0.011023299138831528,0.0,0.0,0.011199286695389467,0.05468824341155212,0.0,0.0,0.0,0.0,0.013437979497467618,0.0,0.0,0.0,0.037954590510250824,0.0,0.0,0.0,0.0,0.0,0.0,0.0,0.013161382818805765,0.06648852599335466,0.011769253464524987,0.014043659524364392,0.0,0.0,0.20439800543335443,0.0,0.0,0.0,0.0,0.0,0.0,0.0,0.0,0.01473614231745855,0.0,0.0,0.0,0.0,0.0,0.0,0.0,0.0,0.0,0.033031216593005695,0.0,0.0,0.0,0.0,0.0,0.0,0.0,0.0,0.0,0.011110492929590779,0.0,0.0,0.0,0.0,0.0,0.0,0.0,0.0,0.010853487874704488,0.0,0.0,0.0,0.0,0.0,0.0,0.01265153017008361,0.0,0.0,0.0,0.03153930794161878,0.0,0.0,0.0,0.0,0.0,0.0,0.0,0.0,0.0,0.007981383597557555,0.0,0.0,0.0,0.0,0.0,0.0,0.0,0.0,0.0,0.0,0.011023299138831528,0.0,0.07368071158729275,0.11107988392491323,0.0,0.0,0.0,0.0,0.0,0.0,0.0,0.0,0.0,0.0,0.0,0.0,0.0,0.0,0.0,0.0,0.13003176226739044,0.010689434046667312,0.0,0.0,0.016515608296502848,0.0,0.0,0.0,0.0,0.0,0.11107988392491323,0.01473614231745855,0.0,0.0,0.017731750094225687,0.0,0.0,0.0,0.0,0.0,0.0,0.07236147118062251,0.0,0.038719962250955545,0.0,0.01739788500206147,0.0,0.0,0.017731750094225687,0.0,0.0,0.0,0.0,0.0,0.0,0.0,0.0,0.0,0.0,0.0,0.0,0.0,0.0,0.0,0.0,0.0,0.0,0.10251345039383018,0.0,0.0,0.1440518008300262,0.0,0.0,0.0,0.0,0.0,0.0,0.0,0.0,0.0,0.026875958994935237,0.18395820489001896,0.0,0.0,0.0,0.0,0.0,0.0,0.0,0.0,0.0,0.0,0.016792204975164697,0.0,0.0,0.0,0.0,0.0,0.0,0.0,0.08524628011440942,0.0,0.0,0.0,0.013582441701729233,0.0,0.5289092628815794,0.0,0.0,0.009482261898338697,0.07021829762182197,0.0,0.0,0.0823880975276477,0.019219229257619274,0.0,0.0,0.013437979497467618,0.0,0.0,0.0,0.0,0.0,0.0,0.026057591545118518,0.0,0.0,0.0,0.027164883403458465,0.0,0.0,0.0,0.010689434046667312,0.0,0.0,0.0,0.0,0.016515608296502848,0.0,0.0,0.03182834009173171,0.012415428493112309,0.0,0.0,0.0,0.0,0.0,0.0,0.0,0.0,0.0,0.0,0.0,0.0,0.0,0.0,0.0,0.0,0.0,0.0,0.0,0.0,0.0,0.0,0.0,0.0,0.0,0.4341688270837351,0.0,0.0,0.02031089212762074,0.0,0.0,0.0,0.013731349587941283,0.0,0.01532943021347901,0.027164883403458465,0.013582441701729233,0.08426195714618634,0.0,0.02886287177334506,0.0,0.16792204975164698,0.020167508039541083,0.0,0.0,0.0,0.011381916839761471,0.0,0.0,0.0,0.07561739471111031,0.04537043682666619,0.0,0.0,0.0,0.0,0.0,0.0,0.0,0.01532943021347901,0.0,0.0,0.0,0.0,0.04801726694334207,0.0,0.0,0.0,0.0,0.005621327081197047,0.0,0.0,0.0,0.013028795772559259,0.0,0.0,0.0,0.0,0.0,0.0,0.0,0.0,0.04646414318942903,finance
Dokumen_144,0.0,0.0,0.0,0.0,0.06965006992337726,0.0,0.0,0.0,0.0,0.0,0.0,0.0,0.0,0.0,0.0,0.0,0.0,0.0,0.0,0.07130588669776355,0.0,0.0,0.0,0.0,0.0,0.0,0.0,0.0,0.0,0.0,0.0,0.0,0.0,0.0,0.0,0.0,0.0,0.0,0.061574795456535394,0.0,0.0,0.0,0.0,0.0,0.0,0.0,0.06595048073481448,0.06335337374677359,0.0,0.0,0.0,0.0,0.0,0.0,0.0,0.0,0.0,0.0,0.0,0.0,0.0,0.0,0.21653611127376232,0.0,0.0,0.0,0.0,0.0,0.0,0.0,0.0,0.0,0.0,0.0,0.0,0.0,0.0,0.0,0.0,0.08794129705181432,0.0,0.029929199008772202,0.0,0.23044070645966583,0.0,0.0,0.04897464163715547,0.056894515410971194,0.0,0.0,0.07719756691444313,0.0,0.0,0.0,0.0730821912940183,0.0,0.0,0.0,0.0,0.0,0.0,0.0,0.0,0.0,0.0,0.0,0.0,0.0,0.0,0.0,0.0,0.0,0.0,0.0,0.0,0.0,0.0,0.0,0.0,0.0,0.0,0.0,0.0,0.0,0.0,0.0,0.0,0.0,0.05382829084357971,0.0,0.0,0.047027642838055585,0.0,0.0,0.1331239719165442,0.0,0.0,0.0,0.0,0.0692871321285732,0.0,0.0,0.0,0.027324254063763886,0.0,0.0,0.0,0.060784464968009634,0.0,0.0,0.0,0.0,0.0,0.0,0.0,0.0,0.0,0.0,0.0,0.030548583682066036,0.0,0.0,0.0,0.0,0.0,0.0,0.0,0.0,0.0,0.0,0.0,0.0,0.0,0.08061219120336098,0.0,0.0,0.0,0.0,0.0,0.0,0.0,0.05554329340387001,0.0,0.0,0.0,0.0,0.0,0.0666461765185731,0.0,0.0,0.0,0.06274575081055463,0.06595048073481448,0.0,0.0,0.0,0.0,0.0,0.0,0.06527438464509816,0.0,0.0,0.0,0.0,0.0,0.0,0.0,0.03890788304981924,0.0,0.0,0.0,0.0,0.07821020581058616,0.0,0.0,0.0,0.0,0.0,0.0,0.0,0.0,0.0,0.0,0.0,0.0,0.0,0.0,0.13190096146962896,0.0,0.0,0.0,0.0,0.0,0.0,0.0,0.10445541918379367,0.0,0.0,0.0,0.0,0.0,0.0,0.0,0.0,0.0,0.0,0.058875343648064404,0.0,0.0,0.0,0.0,0.0,0.0,0.0,0.0,0.0,0.0,0.0,0.0,0.0,0.0,0.0,0.0,0.0,0.0,0.0,0.0,0.5084194027653268,0.0,0.0,0.0,0.0,0.0,0.0,0.0,0.0,0.0,0.0,0.0,0.0,0.0,0.0,0.0,0.0,0.0,0.0,0.0,0.0,0.0688631199459476,0.0,0.0,0.0,0.0,0.0,0.0,0.0,0.0,0.0,0.0,0.0,0.0,0.0,0.0,0.0,0.0,0.0,0.0,0.0,0.0,0.0,0.0,0.0,0.0,0.0,0.08473656712755447,0.18328177248075414,0.0,0.0793811611646054,0.0,0.0,0.0,0.0,0.0,0.0,0.0,0.0,0.0,0.08190979499914894,0.0,0.0,0.0,0.0,0.0,0.0,0.0,0.0,0.0,0.0,0.0,0.0,0.0,0.0,0.0,0.0,0.0,0.0,0.0,0.0,0.0,0.0,0.0,0.07821020581058616,0.07709373362189727,0.0,0.1426117733955271,0.0,0.0,0.0,0.0,0.09164088624037707,0.0,0.0,0.0,0.0,0.0,0.0,0.0,0.33312634749049547,0.0,0.0,0.0,0.37502737943163156,0.0,0.0,0.0,0.0,0.0,0.0,0.0,0.0,0.0,0.0,0.0,0.0,0.0,0.0,0.0,0.0,0.0,0.09531850721275484,0.0,0.0,0.0,0.061574795456535394,0.0,0.0,0.0,0.0,0.0,0.06461681408622909,0.0,0.0,0.0,0.13472528476133824,0.0,0.0,0.20895020977013173,0.0,0.0,0.0,0.0,0.0,0.0,0.0,0.0,0.052617959231308416,0.0,0.0,0.0,0.06461681408622909,0.0,0.0,0.0,0.0,0.0,0.0,0.0,0.0,0.0,0.0,0.0,0.0,0.0,0.0,0.0,0.0,0.0,0.0,0.0,0.0,0.05184370421530725,0.0,0.0,0.0,0.0,0.050366325616220876,0.0,0.0,0.0,0.0,0.0,0.0,0.0,0.0,0.0,0.061574795456535394,0.0,0.0,0.0,0.0,0.05837006553227555,0.0,0.041734655178224785,0.0,0.0,0.0,0.0,0.0,0.0,0.0,0.0,0.0,0.0,0.0,0.0,0.0,0.0,0.0,0.0,0.0,0.0,0.0,0.0,0.0,0.0,0.0,0.0557583760256063,0.15642041162117232,0.0,0.0,0.0,0.0,0.0,0.0,0.0,0.0,0.0,0.0,0.0,0.12802261469981435,finance
Dokumen_145,0.0,0.0,0.0,0.0,0.0,0.0,0.0,0.0,0.0,0.0,0.0,0.0,0.0,0.0,0.0,0.0,0.0,0.0,0.0,0.0,0.0,0.0,0.0,0.0,0.0,0.0,0.0,0.0,0.0,0.0,0.0,0.0,0.0,0.0,0.0,0.0,0.0,0.0,0.0,0.0,0.0,0.0,0.0,0.0,0.0,0.0,0.0,0.0,0.0,0.0,0.0,0.0,0.0,0.0,0.0,0.0,0.0,0.0,0.0,0.0,0.0,0.0,0.0,0.0,0.0,0.0,0.0,0.0,0.0,0.0,0.11476705370291843,0.0,0.0,0.0,0.0,0.0,0.0,0.0,0.07711359139816779,0.0,0.0,0.0,0.0,0.0961979672996744,0.0,0.0,0.0,0.03562610627992538,0.0,0.0,0.03222628992829375,0.0,0.0,0.0,0.06101663509281985,0.0,0.0,0.0,0.0,0.0,0.0,0.0,0.0,0.0,0.0,0.0,0.0,0.0,0.0,0.0,0.0,0.0,0.0,0.0,0.0,0.0,0.0,0.0,0.0,0.0,0.0,0.0,0.0,0.0,0.0,0.0,0.0,0.0,0.0,0.08528692199849033,0.06540770825580121,0.0,0.0,0.0,0.0,0.0,0.44944505336150564,0.11236126334037641,0.0,0.0,0.0,0.0,0.0,0.034219705441330454,0.0,0.0,0.0,0.0,0.0,0.0,0.0,0.0,0.0,0.0,0.0,0.0,0.0,0.0,0.0,0.03825771539126643,0.0,0.0,0.0,0.0,0.0,0.07127797336439588,0.0,0.0,0.0,0.0,0.0,0.0,0.08185316513507016,0.0,0.0,0.0,0.0,0.0,0.0,0.0,0.0,0.0,0.0,0.0,0.0,0.0,0.0,0.0,0.0,0.0,0.0,0.0,0.0,0.0,0.0,0.0,0.0,0.0,0.0,0.0,0.08259350901924009,0.0,0.0,0.0,0.0,0.0,0.0,0.0,0.0,0.0,0.0,0.32369313203251426,0.0,0.0,0.0,0.0,0.0,0.0,0.0,0.0,0.0,0.0,0.0,0.0,0.0,0.0,0.08930038614544472,0.0,0.0,0.0,0.0,0.0,0.0,0.0,0.0,0.0,0.0,0.3370837900211292,0.0,0.0,0.0,0.0,0.0,0.0,0.0785800448722857,0.0,0.0,0.0,0.0,0.0,0.0,0.0,0.0,0.0,0.0,0.0,0.0,0.0,0.0,0.0,0.20859646267505064,0.0,0.0,0.0,0.0,0.0,0.0,0.0,0.0,0.0,0.0,0.0,0.0,0.0,0.0,0.0,0.0,0.0915278001145239,0.0,0.0,0.0,0.0,0.0,0.17860077229088944,0.0,0.0,0.0,0.0,0.0,0.0,0.0,0.0,0.0,0.0,0.0,0.0,0.0,0.0,0.0,0.0,0.07270956073958545,0.0,0.0,0.0,0.0,0.08624117148165372,0.0,0.0,0.0,0.0,0.0,0.0,0.0,0.0,0.0,0.0,0.0,0.0,0.0,0.0,0.0,0.0,0.0,0.0,0.0,0.0,0.0,0.0,0.0,0.0,0.0,0.0,0.0,0.0,0.0,0.0,0.0,0.0,0.0,0.0,0.0,0.0,0.0,0.0,0.0,0.0,0.0,0.07640635090692713,0.0,0.0,0.0,0.0,0.0,0.0,0.0,0.0,0.0,0.0,0.0,0.0,0.0,0.0,0.0,0.0,0.0,0.0,0.0,0.0,0.0,0.0,0.0,0.0,0.0,0.0,0.0,0.5294740182832335,0.0,0.0,0.0,0.0,0.0,0.0,0.0,0.0,0.0,0.0872267133508613,0.0,0.0,0.08528692199849033,0.0,0.0,0.0,0.0,0.0,0.0,0.0,0.0,0.0,0.0,0.0,0.0,0.0,0.0,0.08436203874539189,0.0,0.0,0.0,0.06639325012500878,0.0,0.0,0.0,0.0,0.0,0.0,0.0,0.0,0.0,0.0,0.0,0.0,0.0,0.0,0.0,0.0,0.0,0.0,0.0,0.0,0.0,0.0,0.0,0.0,0.0,0.0,0.0,0.0,0.0,0.0,0.0,0.0,0.0,0.0,0.0,0.0,0.0,0.0,0.0,0.0,0.0,0.0,0.0,0.09521277646637366,0.0,0.0,0.0,0.0,0.0,0.0,0.0,0.0,0.0,0.0,0.0,0.0,0.0,0.0,0.08174679572978898,0.0,0.18786718095413182,0.0,0.09393359047706591,0.0,0.0,0.0,0.0,0.10095519649033885,0.0,0.0,0.0,0.0,0.0,0.0,0.0,0.0,0.0,0.0,0.03491468054407996,0.0,0.0,0.0,0.0,0.0724803870665466,0.0,0.0,0.0,0.0,0.0,0.0,0.0,0.0,finance
Dokumen_146,0.0,0.0,0.0,0.0,0.05976750601096865,0.0,0.0,0.03209393643433921,0.0,0.0,0.0,0.0,0.0,0.0,0.0,0.0,0.0,0.0,0.06436303991974802,0.0,0.0,0.0,0.0,0.0,0.0,0.0,0.0,0.0480472783673803,0.0,0.0,0.0,0.0,0.0,0.0,0.10768566471959469,0.0,0.0,0.0,0.0,0.0,0.0,0.0,0.0,0.0,0.0,0.04883947288453152,0.0,0.0543642404148477,0.0,0.0,0.0,0.0,0.0,0.0,0.0,0.0,0.0,0.0,0.14651841865359455,0.0,0.0,0.0,0.0,0.0,0.0,0.0,0.0,0.0,0.0,0.0,0.0,0.0,0.0,0.0,0.0,0.0,0.0,0.0,0.0,0.0,0.0,0.02568258127562742,0.0,0.17577222597544948,0.0,0.0,0.0,0.024410910825769672,0.0,0.0,0.08832546374884118,0.0,0.0,0.07271339843185312,0.0627126478446499,0.0,0.0,0.0,0.05141714749886355,0.0,0.0,0.0,0.04145358242190836,0.0,0.0,0.0,0.0,0.0,0.08698843059512949,0.0,0.0,0.0,0.0,0.0,0.0,0.0,0.0,0.0,0.0,0.0,0.0,0.0,0.0,0.0,0.2766969008131392,0.0,0.0,0.0,0.0,0.058438366268576736,0.0,0.0,0.0,0.0,0.0,0.04416333410530035,0.23096889327068748,0.30795852436091664,0.0,0.08918409752925512,0.0,0.0,0.0,0.0,0.0,0.0,0.14808507634849005,0.026079915492875014,0.0,0.0,0.04654883452790332,0.06615499729897957,0.0,0.0,0.0,0.0,0.0,0.0,0.0,0.10485632883660019,0.0,0.0,0.0,0.0,0.0,0.0,0.04231781488024555,0.0,0.0,0.0,0.0,0.0,0.0,0.0,0.0,0.0,0.0,0.0,0.0,0.0,0.0,0.0,0.0,0.0,0.12872607983949605,0.0,0.0,0.0,0.0,0.0,0.07404253817424503,0.053842832359797345,0.0,0.04691334878902494,0.0,0.0,0.0,0.0,0.0,0.0,0.0,0.0,0.0,0.0,0.0,0.0,0.0,0.0,0.0,0.13230999459795914,0.0,0.05544841273751699,0.0,0.0,0.0,0.0,0.0,0.0,0.0,0.0,0.0,0.0,0.0,0.08017841650314263,0.0,0.0,0.0,0.0,0.0,0.0,0.0,0.0,0.0,0.0,0.0,0.0,0.0,0.0,0.0,0.0,0.05235342318513317,0.0,0.0,0.09238131993530155,0.0,0.0,0.0,0.0,0.06271459892695277,0.0,0.0,0.0,0.0,0.0,0.0,0.0,0.049247298451017954,0.0,0.0,0.0,0.07146486355991298,0.0,0.0,0.0,0.0,0.0,0.06271459892695277,0.0,0.0691742252032848,0.0,0.0,0.0,0.0,0.0,0.0,0.0,0.0,0.0,0.29546107705500413,0.0,0.0,0.04966336347274952,0.0,0.0,0.0,0.0,0.0,0.0,0.0,0.0,0.0,0.0,0.0,0.0,0.0,0.2075226756098544,0.04549247384769226,0.0,0.0,0.07028771357091933,0.04982039264827067,0.0,0.0,0.0,0.0,0.35455329246600487,0.0,0.0,0.0,0.0,0.0,0.0,0.0,0.0,0.0,0.15727614416604882,0.0,0.0,0.0,0.0,0.0,0.0,0.07271339843185312,0.0,0.0,0.0,0.0,0.0,0.0,0.0,0.0,0.0,0.0,0.0,0.0,0.0,0.0,0.0,0.0,0.0,0.07028771357091933,0.0,0.0,0.0,0.0,0.0,0.0,0.0,0.0,0.0,0.0,0.0,0.0,0.0,0.0,0.0,0.0,0.0,0.0,0.07863807208302441,0.0,0.0,0.0,0.0,0.0,0.0,0.0,0.0,0.0,0.0,0.0,0.0,0.0,0.0,0.0,0.06046569213092715,0.0,0.0,0.0,0.0,0.0,0.0,0.0,0.0,0.1614197906246056,0.0,0.0,0.0,0.0,0.0,0.0,0.0,0.0,0.05283802244019623,0.0,0.0,0.0,0.11818443082200164,0.0,0.0,0.0,0.0,0.0,0.05780463878687448,0.0,0.0,0.2390700240438746,0.0,0.0,0.0,0.0,0.0,0.07028771357091933,0.0,0.0,0.0,0.0,0.0,0.0,0.0,0.0,0.0,0.0,0.0,0.0,0.0,0.0,0.06523953466967136,0.0,0.0,0.0,0.0,0.0,0.0,0.03931196438343277,0.0,0.0,0.0,0.0,0.0,0.0,0.0,0.0,0.0,0.0,0.17287963514348303,0.0,0.0,0.0,0.0,0.0,0.13047906933934272,0.05780463878687448,0.0,0.0,0.05283802244019623,0.09212672768168453,0.0,0.0,0.042914799233360224,0.05008800775647165,0.0,0.0,0.0968791335273528,0.0,0.0,0.0,0.0,0.0,0.0,0.0,0.0,0.0,0.0,0.0,0.0691742252032848,0.0,0.0,0.0,0.0,0.0,0.0,0.0,0.0,0.0,0.0,0.047846887705043716,0.06711305460347261,0.0,0.0,0.0,0.04966336347274952,0.0,0.0,0.0,0.0,0.0,0.0,0.0571898313966366,0.06591458474079355,finance
Dokumen_147,0.0,0.0233414505124408,0.027126995530474873,0.0,0.0,0.029082111169706,0.0,0.1554068340970749,0.0,0.0,0.0,0.0,0.0,0.0,0.0,0.0,0.0,0.0,0.0,0.0,0.0,0.14814469061433932,0.0,0.0,0.029319555935347803,0.04758958081899155,0.0,0.0,0.0,0.0,0.0,0.03703617265358483,0.042543827026042244,0.0,0.0,0.0,0.0,0.0,0.0,0.0,0.028395764987843245,0.07791546767140621,0.0,0.0,0.0,0.0,0.03425458267470247,0.03290564912568694,0.0,0.03390341936030066,0.0,0.0,0.0,0.0,0.04062226584392396,0.0,0.0,0.0,0.029561611565954552,0.0,0.0,0.0,0.0,0.020559860533558454,0.0,0.0,0.0,0.03198185817818238,0.0,0.0,0.23799070750722343,0.0,0.0,0.0,0.0,0.0,0.0,0.0,0.0,0.045676580319326414,0.0,0.07772590968335531,0.0,0.1329895154851052,0.0,0.0,0.0,0.044326391411430154,0.0,0.0,0.026730868460632124,0.0,0.0,0.0880240966222111,0.11387634794333758,0.0,0.0,0.0,0.0,0.0,0.0,0.22006024155552775,0.0,0.0,0.0233414505124408,0.0,0.0374895125506398,0.0,0.0,0.0,0.0,0.0,0.0,0.0,0.0,0.0,0.0,0.0,0.0,0.0,0.0,0.0,0.0,0.0,0.04186985352339934,0.0,0.0,0.02692754370277994,0.0,0.17685820322681983,0.0,0.0,0.028395764987843245,0.0,0.04609626345091784,0.08019369893886716,0.0,0.0,0.0,0.05398145175016944,0.0,0.03844886835334085,0.0,0.05676870945734786,0.0,0.0,0.0,0.0157856808425439,0.0,0.0466829010248816,0.056350262764510634,0.08008474366309556,0.0,0.0,0.0,0.0,0.0,0.0,0.0,0.047600668274431567,0.0,0.07897651914499976,0.0,0.0,0.0,0.0,0.0,0.0,0.0,0.0,0.024921470513626632,0.0,0.016973767343219315,0.04186985352339934,0.0,0.0,0.0,0.0,0.028395764987843245,0.0,0.0,0.05769820976979643,0.028175131382255317,0.07897651914499976,0.0,0.0,0.0,0.03461592604135699,0.0,0.03948825957249988,0.04481655152256234,0.13036020266592646,0.0,0.19877035491490272,0.0,0.0,0.0,0.0,0.030579766879993687,0.0,0.0,0.0,0.03617614385682076,0.0,0.0,0.0,0.0,0.060626091657469905,0.0,0.0,0.0,0.0,0.0,0.0,0.0,0.0,0.0,0.0,0.0,0.0,0.0,0.0,0.0,0.024265241459945356,0.0,0.0,0.03703617265358483,0.0,0.0,0.0,0.03356187817936822,0.0,0.0,0.0,0.028620374186923852,0.1085079821218995,0.0,0.0,0.0,0.0,0.031688539391200504,0.0,0.0,0.0,0.0,0.0,0.09173930063998106,0.0,0.0,0.0,0.0,0.0,0.0,0.03948825957249988,0.04062226584392396,0.0,0.029808460687599264,0.0,0.0,0.0,0.0,0.07897651914499976,0.0,0.0,0.020559860533558454,0.0,0.07591992720217876,0.0,0.0,0.0,0.0,0.0,0.0,0.0,0.0,0.028395764987843245,0.029808460687599264,0.0,0.0,0.0,0.0,0.030060296996064103,0.0,0.0,0.0,0.023949643000740033,0.14148656258145587,0.04004237183154778,0.0,0.0,0.0,0.0,0.0,0.0,0.2127191351302112,0.4186985352339934,0.0,0.0,0.0,0.08508765405208449,0.06031068758721074,0.0,0.0,0.0,0.0,0.21460441917729872,0.03795996360108938,0.0,0.0,0.0,0.0,0.0,0.0,0.0,0.0,0.0,0.0,0.0824609166644464,0.0,0.0,0.17926620609024935,0.0,0.0,0.0,0.03498805735614534,0.04186985352339934,0.03844886835334085,0.0,0.0,0.0,0.04004237183154778,0.0,0.0,0.0,0.0,0.0,0.0,0.0,0.0,0.0,0.0,0.0,0.0,0.0,0.0,0.0412304583322232,0.0,0.0,0.2434138974864468,0.03795996360108938,0.0,0.2031113292196198,0.08008474366309556,0.04186985352339934,0.0,0.0,0.0,0.0,0.0,0.0,0.0,0.0,0.0,0.0,0.0,0.0,0.04481655152256234,0.08651266741419715,0.04186985352339934,0.03948825957249988,0.0,0.0,0.0,0.0,0.0,0.0,0.0,0.0,0.028395764987843245,0.0,0.0,0.0,0.022207444241016713,0.0,0.09770435403314193,0.0,0.0,0.0,0.0,0.024754146212196824,0.0,0.0,0.0,0.0,0.06780683872060132,0.0,0.0,0.0,0.0,0.0,0.0,0.029082111169706,0.0,0.03498805735614534,0.0,0.0,0.0,0.0,0.0,0.0,0.0,0.035371640645363966,0.0,0.059123223131909104,0.06923185208271398,0.0,0.03198185817818238,0.0,0.046387856793466124,0.0,0.0,0.0412304583322232,0.0,0.0,0.0,0.0,0.0,0.03948825957249988,0.0,0.0,0.0,0.0,0.0,0.0,0.023794790409495774,0.0,0.0,0.0,0.0,0.0,0.0,0.0,0.0,0.0,0.0,0.0,0.03498805735614534,0.09135316063865283,0.0,0.0,0.0,0.0,0.0,0.06997611471229068,0.0,0.03198185817818238,0.07435009369046632,0.0,0.0,0.0,0.030317326169961526,0.0,0.04335383700843988,0.0,0.0,0.0,0.03390341936030066,0.0,0.0,0.0,0.0,0.0,0.0,0.0,0.0,0.0,0.0,0.0,0.04758958081899155,0.0,0.0,0.0,0.0,0.0,0.0,0.0,0.11584327392889032,0.04062226584392396,0.0,0.0,0.0,0.030060296996064103,0.0,0.0,0.0,0.0,0.0,0.0,0.0,0.17288637013063676,finance
Dokumen_148,0.0,0.17827442661548867,0.025898398920296092,0.0,0.0,0.0,0.0,0.09273023296721182,0.0,0.0,0.0,0.0,0.0,0.0,0.0,0.0,0.0,0.0,0.0,0.0,0.0,0.0,0.0,0.0,0.0,0.02271711120966773,0.0,0.0,0.0,0.03579159182126057,0.0,0.0,0.0,0.0,0.0,0.0,0.0,0.23382400239878418,0.0,0.0,0.027109705108181857,0.0,0.0,0.03304815163210356,0.0,0.0,0.0,0.031415334102553094,0.0,0.0,0.0,0.0,0.0,0.0,0.0,0.0,0.0,0.0,0.028222749850857792,0.0,0.0,0.0,0.0,0.05888607928352034,0.0,0.0,0.0,0.0,0.0,0.0,0.0,0.0,0.0,0.0,0.0,0.0,0.0,0.0,0.030533382157283153,0.261647176613256,0.0,0.1038879244266268,0.09088479076750423,0.0761798081261347,0.0,0.0,0.0,0.07053137443724303,0.0,0.0,0.11484095698904769,0.0,0.31142870299902153,0.0,0.09663895577737693,0.0,0.0,0.0,0.0,0.0,0.0,0.12605615500395245,0.023954682923819557,0.0,0.0,0.0,0.0,0.0,0.0,0.0,0.0,0.07158318364252114,0.0,0.0,0.0,0.0,0.0,0.0,0.0,0.0,0.0,0.0,0.0,0.0,0.0,0.0,0.08897962942829186,0.07712394112811215,0.0,0.0675392790086075,0.0,0.0,0.0,0.0,0.022004269109820514,0.025520560673956676,0.0,0.0,0.0,0.12025207130002322,0.038782460987630225,0.0,0.0,0.13549405812976179,0.0,0.0,0.08557357030264562,0.09042443183125062,0.0,0.04456860665387217,0.026899064120449904,0.07645766139071561,0.0,0.0,0.0,0.0,0.0,0.0,0.0,0.10603788467485466,0.0,0.0,0.0,0.0,0.059959503730021464,0.056445499701715585,0.048908189751505106,0.0,0.10244243325192948,0.12605615500395245,0.023792763349601963,0.023954682923819557,0.01620501604540548,0.03997354473204275,0.0,0.024975385732036694,0.0,0.0,0.0,0.0,0.2477833827747038,0.055085025981827,0.0,0.0,0.0,0.07071756787705785,0.0,0.0,0.0,0.0,0.0,0.0,0.0,0.189767935757273,0.028458419039445137,0.0,0.0,0.0,0.05838958469676652,0.09710374431647781,0.03270317370609962,0.0,0.03453770632097575,0.026288627490628675,0.031114029271874444,0.0,0.0,0.01929343416056643,0.0,0.11468649208607341,0.0,0.0,0.0,0.031415334102553094,0.0,0.0,0.0,0.0,0.0,0.0,0.0799470894640855,0.0,0.0,0.0,0.0,0.0,0.0,0.03270317370609962,0.18591163810281947,0.0,0.0,0.0,0.0,0.0,0.08197242489774428,0.025898398920296092,0.0,0.0,0.0,0.0,0.0,0.0,0.0,0.0,0.0,0.0,0.0,0.0,0.036240735883798864,0.0,0.0,0.0,0.0,0.0,0.0,0.0,0.028458419039445137,0.0,0.0,0.0,0.0,0.0,0.0,0.0,0.0,0.11780294262487495,0.036240735883798864,0.0,0.0,0.0,0.07438663310681008,0.0,0.0,0.0,0.0,0.0,0.028458419039445137,0.0,0.0,0.0,0.0,0.0,0.03304815163210356,0.0,0.0,0.0,0.0,0.0,0.06829495550128632,0.0,0.1414351357541157,0.0,0.0,0.0,0.0,0.0,0.026288627490628675,0.0,0.0,0.0,0.043184387426988054,0.0,0.0,0.0,0.0,0.0,0.0,0.0,0.0,0.0,0.0,0.0,0.0,0.0,0.0,0.0,0.0,0.11808932430666454,0.04761218693256859,0.0,0.0,0.0,0.04201871833465082,0.0,0.0,0.0,0.11012249360937662,0.0,0.0,0.0,0.0,0.0,0.0,0.0,0.0,0.0,0.0,0.022864950441527372,0.0,0.04278678515132281,0.0,0.0,0.0,0.0,0.0,0.0,0.0,0.0,0.0,0.0,0.0,0.0,0.0,0.0799470894640855,0.035358783938528926,0.0,0.0,0.0,0.07645766139071561,0.0,0.06988233094180771,0.0,0.0,0.0,0.0,0.0,0.0,0.04129723046245064,0.0,0.03769981448656581,0.0,0.0,0.0,0.0,0.0,0.0,0.0,0.054648283265162856,0.08132911532454558,0.0,0.0,0.0,0.04240331365174334,0.0,0.0,0.0,0.0,0.0,0.0,0.023633017258199367,0.0,0.0,0.0,0.0,0.03236791477215927,0.0,0.034941165470903854,0.0,0.05788847544611595,0.0,0.0,0.0,0.0,0.03340342891411203,0.0,0.0,0.0,0.026288627490628675,0.0,0.0,0.0,0.10130891851291124,0.0,0.0,0.0,0.026091913836400145,0.0,0.0,0.0,0.0,0.0,0.0,0.0,0.0,0.11309944345969743,0.0,0.0,0.0,0.13632718615125633,0.0,0.0,0.0,0.0,0.0,0.0,0.0,0.04201871833465082,0.0,0.0,0.0,0.025707980376037384,0.035358783938528926,0.0,0.04129723046245064,0.0,0.024975385732036694,0.03340342891411203,0.0,0.03719331655340504,0.0,0.0,0.0,0.1336137156564481,0.0,0.276301650567806,0.030533382157283153,0.0,0.0,0.0,0.024799072801756496,0.028944237723057976,0.0,0.041390317785421814,0.0,0.0,0.0,0.03236791477215927,0.0,0.03719331655340504,0.0,0.0,0.0488660724328534,0.0,0.0,0.0,0.03997354473204275,0.0,0.1624679744100254,0.02271711120966773,0.0,0.0,0.0,0.0,0.0,0.0,0.0,0.12442125157971357,0.0,0.035358783938528926,0.03340342891411203,0.032041842179949036,0.02869884954240703,0.0,0.0,0.0,0.0,0.0,0.029979751865010732,0.03304815163210356,0.10157307750151294,finance
Dokumen_149,0.0,0.02026991629987212,0.0,0.0,0.06283134868923879,0.0,0.0,0.0,0.0,0.0,0.08093632609662993,0.0,0.0,0.0,0.0,0.0,0.0,0.0,0.0,0.0,0.0,0.0,0.0,0.0,0.05092270889010596,0.061990801692003765,0.0,0.0,0.0,0.0,0.0,0.0,0.0,0.0,0.028301480187192342,0.0,0.0,0.03038392981302471,0.0,0.0,0.024659126444076064,0.0,0.0,0.0,0.0,0.0,0.0,0.057151097204960054,0.0,0.02944202085240915,0.0,0.029746974093713352,0.0,0.0,0.0,0.0,0.0,0.0,0.0,0.0,0.0,0.0,0.0,0.0,0.0,0.0,0.0,0.0,0.0,0.0,0.0,0.0,0.0,0.0,0.0,0.0,0.0,0.0,0.0,0.0,0.0,0.05399827856536352,0.0,0.10394031474548532,0.3272412669295659,0.0,0.02209001935690677,0.06415569898609991,0.26294920457082466,0.0,0.08124660595145505,0.0,0.0,0.0,0.032963733196676316,0.0,0.0,0.036945425154040146,0.10810585680166178,0.0,0.0,0.0,0.0,0.0,0.0,0.0,0.0,0.0,0.0,0.0,0.0,0.0,0.0,0.0,0.0,0.0,0.0,0.0,0.0,0.0,0.0,0.0,0.0,0.0,0.0,0.047169339348969046,0.0,0.0,0.0,0.0,0.0,0.0,0.04931825288815213,0.0,0.0800607829739586,0.0,0.0,0.0,0.0,0.015625985599285706,0.0,0.06677865567365926,0.0,0.03697382651537298,0.0,0.0,0.11675723593875116,0.0,0.0,0.0,0.0,0.03477313995722866,0.0,0.0,0.0,0.0,0.0,0.0,0.0,0.041336829569629474,0.034291944107568514,0.034291944107568514,0.0,0.0,0.0,0.0,0.0,0.0,0.0,0.0,0.0,0.08715720850359811,0.04422049647135409,0.0,0.0,0.022717738621582897,0.0,0.0,0.0,0.0,0.0,0.0250528107082052,0.07340257897235047,0.0,0.0,0.06432506149141412,0.0,0.03006076777991538,0.0291454235545347,0.0,0.0,0.08490444056157703,0.0,0.0,0.025885923535198634,0.0,0.0,0.0,0.0,0.0,0.0,0.0,0.0,0.023912270042988397,0.0,0.045723845442448036,0.0,0.0,0.0,0.10431941987168598,0.0,0.0,0.0,0.028575548602480027,0.03296475874668397,0.0,0.0,0.0,0.0,0.0,0.0,0.0,0.0,0.02107214430084903,0.0,0.0,0.0,0.26772276684342017,0.0,0.0,0.2623088119908123,0.0,0.0,0.0,0.14912507402162373,0.16490121297460122,0.0,0.0,0.0,0.0,0.055037200090241295,0.0,0.0,0.024279258549628185,0.0,0.0,0.0,0.0,0.0,0.0,0.0,0.0,0.0,0.0,0.0,0.0,0.0,0.0,0.07644088228163409,0.0,0.0,0.0,0.0,0.0,0.0,0.0,0.0,0.0,0.0,0.0,0.0,0.0,0.0,0.0,0.0,0.0,0.025885923535198634,0.06592951749336794,0.0,0.06858388821513703,0.0,0.0,0.0,0.0,0.035276724903134105,0.0,0.0,0.0,0.0,0.0,0.0,0.0,0.0,0.0,0.0,0.0,0.0,0.0,0.0,0.0,0.0,0.05081169309208534,0.0,0.0,0.0,0.0,0.13185903498673587,0.0,0.0,0.3966593504733806,0.0,0.0,0.0,0.0,0.0,0.0,0.0,0.0,0.12992486637136302,0.0,0.0,0.0,0.0,0.0,0.0,0.0,0.0,0.0,0.0,0.0,0.03477313995722866,0.0,0.06212144088171948,0.0,0.06954627991445732,0.0,0.0,0.02079807588556135,0.0,0.0,0.0,0.0,0.0,0.0,0.0,0.07160976897764668,0.2830160360938143,0.0,0.0,0.0,0.0,0.0,0.0,0.0,0.0,0.0,0.0,0.0,0.0,0.0,0.0,0.0,0.0,0.0,0.0,0.0,0.0,0.0,0.0,0.17145972053784259,0.0,0.0,0.0,0.0,0.0,0.0,0.0,0.0,0.0,0.0,0.0,0.0,0.0,0.0,0.02121182526048768,0.03141567434461939,0.028301480187192342,0.0,0.0,0.08598685356397877,0.0,0.0,0.0,0.0,0.0588840417048183,0.0,0.03178266285125918,0.03106072044085974,0.0,0.0,0.0,0.0,0.0,0.03038392981302471,0.0,0.03006076777991538,0.0,0.0,0.0,0.0,0.0,0.0,0.07389085030808029,0.0,0.0,0.09493335318731243,0.027773320601503112,0.0,0.020141806826290683,0.0291454235545347,0.0,0.0,0.0,0.0,0.0,0.0,0.0,0.0,0.0,0.0,0.0,0.0,0.0,0.0,0.0,0.026104620350597074,0.038220441140817046,0.0,0.0,0.10287583232270554,0.0,0.0,0.0,0.03756417208154638,0.038220441140817046,0.06815321586474869,0.0,0.0,0.0,0.0,0.0,0.034291944107568514,0.03038392981302471,0.0,0.09424702303385818,0.0,0.04842469543152898,0.0,0.0,0.02255736347828439,0.026327826694982105,0.0,0.13177095675345776,0.0,0.0,0.0,0.0588840417048183,0.0,0.13532492398645238,0.0,0.0,0.08889765891134227,0.0,0.0,0.0,0.0,0.0,0.0,0.0,0.0,0.0,0.0,0.0,0.0,0.0,0.0,0.06287455939140942,0.035276724903134105,0.0,0.0,0.0,0.026104620350597074,0.0,0.0,0.027518600045120648,0.0,0.0,0.027269735655597663,0.0,0.16168493404853274,finance
Dokumen_150,0.0,0.027651279276831364,0.06427159519968323,0.0,0.04285580522986854,0.0,0.0,0.18410157367281205,0.0,0.0,0.055204790277124334,0.0,0.0,0.0,0.0,0.0,0.0,0.05039923469945851,0.0,0.0,0.0,0.0,0.0,0.0,0.0,0.0,0.0,0.0,0.0,0.0,0.0,0.0,0.0,0.0,0.0,0.03077170857834144,0.0,0.1243450416407821,0.0,0.0,0.033638836092882464,0.04615099553086188,0.0,0.0,0.0,0.0,0.0,0.03898143747642551,0.0,0.0,0.0,0.0,0.0,0.03720010804499742,0.0,0.0,0.0,0.0,0.07003989549387611,0.0,0.0,0.0,0.1332350336502222,0.07306826692751403,0.0,0.0,0.0,0.0,0.0,0.0,0.0,0.0,0.0,0.0,0.0,0.0,0.0,0.0,0.0,0.05411042806217791,0.0,0.036830973028942,0.11277358303101921,0.14179055446653718,0.0,0.0,0.06026835882615791,0.017503645536771823,0.0,0.0,0.04749979282927759,0.0,0.38643353193987034,0.05213855234691299,0.10492438899773243,0.0,0.0,0.0,0.07373649682763486,0.0,0.0,0.15641565704073898,0.0,0.09230199106172376,0.0,0.0,0.08882335576681481,0.0,0.0,0.0,0.0,0.044411677883407406,0.0,0.0,0.0,0.0,0.0,0.11809506274702716,0.0,0.0,0.0,0.0,0.0,0.0,0.09920163380064688,0.0,0.22081916110849734,0.03189951844542799,0.0,0.0,0.0,0.028936187775614616,0.0,0.0,0.0,0.0,0.0,0.0,0.0,0.06394873349096959,0.0,0.0,0.0,0.10087595703748821,0.0,0.0,0.0,0.14960313432773514,0.0,0.11060511710732546,0.03337746409962462,0.0,0.0,0.0,0.0,0.0,0.0,0.0,0.0,0.07518637978495693,0.0,0.0,0.0,0.0,0.11160032413499225,0.0,0.0,0.0,0.127114780753468,0.0,0.08856911537622535,0.02972395492004594,0.0,0.04960081690032344,0.044411677883407406,0.0,0.0,0.0,0.0,0.0,0.05124330054763688,0.0,0.0,0.0,0.0,0.04387463207753019,0.0,0.0,0.0,0.0,0.0,0.03860756606127191,0.0,0.4036660331145896,0.0706247515205571,0.0,0.0,0.0,0.03622609802113291,0.0,0.0,0.0,0.08571161045973708,0.06524001849044163,0.0,0.0,0.0,0.023940085914111963,0.0,0.09487180805929028,0.0,0.0,0.0,0.07796287495285102,0.0,0.0,0.0,0.0,0.0,0.0,0.0,0.0,0.0,0.02874564149177779,0.20159693879783405,0.0,0.0,0.0,0.0,0.0,0.03975883444338951,0.0,0.0,0.0,0.03390491774400406,0.032135797599841615,0.0,0.0,0.0,0.03788707526147909,0.03753959729768869,0.0,0.0,0.0,0.0,0.0,0.0,0.0,0.0,0.0,0.0,0.0,0.0,0.0,0.0,0.0,0.03531237576027855,0.0,0.0,0.0,0.0,0.0,0.0,0.0,0.048712177951676025,0.07308736598948516,0.04496899429247661,0.0,0.0,0.0,0.0,0.0,0.0,0.0,0.0,0.0,0.03531237576027855,0.0,0.0,0.0,0.0,0.0,0.041007504562989155,0.0,0.0,0.0,0.08380551272453053,0.0,0.0,0.0,0.04387463207753019,0.0,0.0,0.0,0.0,0.0,0.0,0.0,0.0,0.0,0.0,0.0,0.0,0.0,0.0,0.04237159358448934,0.08993798858495322,0.0,0.0,0.0,0.0,0.0,0.0,0.0,0.0,0.0,0.0,0.04884336204591964,0.0,0.0,0.053091601214516254,0.0,0.0,0.0,0.08289669442718807,0.0,0.0,0.0,0.0,0.0,0.0,0.0,0.0,0.0,0.0,0.0,0.0,0.11348708030649675,0.0,0.0,0.0,0.0,0.0,0.0,0.0,0.0,0.0,0.0,0.0,0.0,0.0,0.0,0.0,0.0,0.0,0.0,0.0,0.0,0.04743590402964514,0.0,0.08671286784416427,0.0,0.0,0.0,0.03788707526147909,0.0,0.053091601214516254,0.05124330054763688,0.0,0.09355895795878061,0.0,0.0,0.0,0.025076579775630832,0.0,0.0,0.0,0.0,0.0,0.0,0.0,0.0,0.0,0.030556126178691485,0.05787237555122923,0.0,0.0,0.0,0.0,0.0,0.0,0.0,0.0,0.0,0.0,0.0,0.0,0.04237159358448934,0.035915199546214166,0.0,0.0,0.0,0.0,0.041448347213594035,0.0,0.0,0.0,0.0,0.0,0.0,0.044411677883407406,0.0,0.0,0.0,0.0,0.0,0.03788707526147909,0.0,0.02747651827734808,0.0,0.0,0.0,0.1465300861377589,0.05213855234691299,0.0,0.0,0.0,0.0,0.11277358303101921,0.0,0.0,0.0,0.0,0.0,0.028188325082708583,0.0,0.0,0.0,0.0,0.046779478979390304,0.03189951844542799,0.0,0.0,0.0,0.0,0.0,0.041448347213594035,0.0,0.04615099553086188,0.0,0.0,0.0,0.0,0.0,0.0,0.0,0.0,0.0,0.0,0.06154341715668288,0.07183039909242833,0.0,0.025679403561566443,0.0,0.0,0.0,0.04016343871481078,0.0,0.0,0.0,0.0,0.18190509205231867,0.0,0.0,0.0,0.0,0.0,0.0,0.028188325082708583,0.0,0.0,0.0,0.0,0.0,0.0,0.0,0.03430822259785159,0.0,0.0,0.041448347213594035,0.03975883444338951,0.035610711808147386,0.0,0.0,0.0,0.04615099553086188,0.0,0.03720010804499742,0.0,0.17329956657021214,finance
Dokumen_151,0.0,0.022682390415410435,0.0,0.0,0.0,0.0,0.0,0.0,0.0,0.0,0.0,0.0,0.0,0.0,0.0,0.0,0.0,0.0,0.0,0.0,0.0,0.0,0.0,0.0,0.08547510115246226,0.0,0.0,0.0,0.0,0.0,0.04943823505975644,0.0,0.0,0.0,0.03166985070105839,0.0,0.0,0.23800103746085136,0.0,0.0,0.027593993237704378,0.0,0.032614238071157015,0.0,0.0,0.0,0.0,0.0,0.0,0.0,0.0695149774869021,0.0,0.0,0.0,0.03947527138210077,0.0,0.0,0.0,0.0,0.0,0.0,0.0,0.0,0.019979340326772003,0.0,0.0,0.0,0.0,0.0,0.0,0.0,0.0,0.0,0.0,0.0,0.0,0.0,0.0,0.0,0.0,0.0,0.07553127119889683,0.18501671573637288,0.11631102783451623,0.0,0.0,0.04943823505975644,0.01435826956804405,0.0,0.0,0.03896415911966626,0.0,0.22642290675422205,0.17107736509216798,0.024591328839417552,0.0,0.0,0.0,0.030243085539815678,0.0,0.0,0.17107736509216798,0.0,0.0,0.0,0.0,0.07286194657901067,0.0,0.0,0.0,0.0,0.0,0.0,0.0,0.0,0.0,0.0,0.0,0.0,0.0,0.0,0.0,0.0,0.0,0.08137526532445834,0.0,0.5886995575609774,0.0,0.0,0.0,0.0,0.0,0.0,0.0,0.0,0.05195292061270332,0.0,0.0,0.0,0.13988600672843063,0.0,0.0,0.0,0.041374357731247036,0.0,0.0,0.0,0.0,0.0,0.022682390415410435,0.0,0.0,0.0,0.0,0.0,0.0,0.0,0.0,0.0,0.0462566343621031,0.0,0.0,0.0,0.0,0.0,0.028726921426340143,0.0,0.0,0.0,0.0,0.0,0.0487652193908767,0.01649450266572078,0.0,0.0,0.0,0.0,0.0,0.0,0.0,0.0,0.0,0.10951835742636024,0.0,0.0,0.0,0.0,0.03363852424863408,0.0,0.0,0.043551128845454784,0.0,0.0,0.0,0.0,0.0,0.0,0.0,0.0,0.0,0.0,0.058922595934805776,0.0,0.0,0.0,0.0,0.0,0.0,0.0,0.0,0.0,0.0,0.0,0.03197653804520531,0.0,0.0,0.0,0.0,0.0,0.06589227125690822,0.0,0.0,0.0,0.047160195123720286,0.0,0.0,0.0,0.0,0.0,0.0,0.0,0.0,0.0,0.0,0.0,0.0,0.0,0.0,0.0,0.0,0.0,0.0,0.0,0.0,0.0,0.0,0.0,0.0,0.07377628173499849,0.0,0.0,0.0,0.0,0.0,0.03947527138210077,0.0,0.0,0.0,0.0,0.0,0.0,0.0,0.0,0.0,0.019979340326772003,0.05995368797264068,0.0,0.0,0.0,0.0,0.0,0.12019887355321068,0.0,0.0,0.0,0.0,0.0,0.0,0.0,0.0,0.0,0.0,0.0,0.0,0.0,0.0,0.0,0.077823502061974,0.0,0.0,0.0,0.0,0.064582384357768,0.0,0.0,0.0,0.0,0.0,0.0,0.0,0.014651944631138437,0.0,0.0,0.0,0.0,0.0,0.0,0.0,0.0,0.0,0.0,0.0,0.0,0.0,0.0,0.0,0.0,0.0,0.0,0.0,0.0,0.0,0.0,0.0,0.0,0.0,0.0,0.08268515222359855,0.0,0.0,0.077823502061974,0.0,0.0,0.0,0.0,0.0,0.0,0.0,0.0,0.0,0.08268515222359855,0.0,0.0,0.0,0.0,0.0,0.0,0.0,0.0,0.0,0.0,0.0,0.0,0.0,0.0,0.0,0.0,0.0,0.0,0.0,0.0,0.0,0.0,0.0,0.0,0.0,0.043551128845454784,0.04203496473197925,0.0,0.03837328446966551,0.0,0.0,0.0,0.0,0.0,0.0,0.0,0.0,0.0,0.0,0.0,0.0,0.0,0.0751957234920792,0.16615482096954567,0.0,0.0,0.05698340076830817,0.03437290078969683,0.0,0.0,0.0,0.0,0.0,0.0,0.0,0.0,0.0,0.0,0.0,0.0,0.028260960016347363,0.036888140867499246,0.0680002964173861,0.0,0.0,0.0,0.0,0.0,0.0,0.0,0.0,0.0,0.0,0.0,0.0,0.062157661797511206,0.0,0.0,0.0,0.0,0.0,0.0,0.0,0.0,0.0,0.0,0.0,0.09250835786818644,0.0,0.0,0.0,0.0,0.0,0.06936878995159868,0.0,0.0,0.0,0.0,0.0,0.0,0.0,0.0,0.0,0.0,0.07626463905624155,0.03400014820869305,0.044386874204394716,0.0,0.03437290078969683,0.0,0.0,0.0,0.0,0.0,0.0,0.0,0.0,0.04203496473197925,0.0,0.029461297967402888,0.0,0.0,0.0,0.0,0.0,0.0,0.0,0.0,0.0,0.0,0.09947803319028888,0.0,0.0,0.0,0.0,0.03837328446966551,0.0,0.0,0.0,0.0,0.0,0.40932625405109724,0.0,0.0,0.0,0.028143092101901905,0.0,0.0,0.0,0.0,0.029211526169057093,0.0,0.0,0.0,0.0,0.0,0.0,0.0,0.15508137044602166,finance
Dokumen_152,0.0,0.0,0.0,0.0,0.037089592698500595,0.0,0.0,0.0995817886581008,0.0,0.0,0.0,0.0,0.0,0.0,0.0,0.0,0.0,0.0,0.0,0.0,0.0,0.0,0.0,0.0,0.0,0.0,0.0,0.0,0.0,0.07687224799148364,0.026079650930364018,0.0,0.0,0.0,0.033412950535229566,0.026631401082908596,0.0,0.179357534869839,0.03278940116627014,0.0,0.0,0.07988283583466527,0.0,0.03548997933104145,0.0,0.0,0.0,0.0,0.0,0.0,0.0,0.0,0.0,0.0,0.0,0.0,0.0,0.0,0.030308043246179618,0.0,0.0,0.0,0.0,0.08431599079722096,0.0,0.0,0.0,0.0,0.0,0.0,0.0,0.0,0.0,0.0,0.0,0.0,0.0,0.0,0.0,0.0,0.0,0.04781309490064772,0.09759999233093099,0.06817375259833694,0.0,0.0,0.026079650930364018,0.0757427237938502,0.0,0.0,0.1096232951312872,0.0,0.429993289791669,0.0,0.05188965757136097,0.0,0.0,0.0,0.06381531322727751,0.0,0.0,0.1353700620065834,0.0,0.0,0.0,0.0,0.11530837198722545,0.0,0.0,0.0,0.0,0.0,0.0,0.0,0.0,0.0,0.0,0.03406849047635659,0.0,0.0,0.0,0.0,0.0,0.0,0.17170827489795784,0.0,0.09555406439814867,0.027607465081408305,0.0,0.0,0.0,0.07512854417890286,0.0,0.0,0.0,0.027406197505928747,0.0,0.0,0.0,0.0922408086855861,0.0,0.0,0.0,0.05820212126880871,0.0,0.0,0.0,0.11328988868050997,0.0,0.14358493750882367,0.028886554391494755,0.0,0.037089592698500595,0.0,0.0,0.0,0.0,0.0,0.0,0.04880258673955476,0.0,0.0,0.0,0.0,0.1287794592427871,0.030308043246179618,0.02626093378416708,0.0,0.22002318793531597,0.0,0.07665221543150974,0.025724621797672813,0.0,0.21463534362244727,0.0,0.02682074124090282,0.0,0.0,0.0,0.0,0.08869711515834863,0.0,0.0,0.0,0.0,0.0,0.0,0.0,0.0,0.0,0.0,0.06682590107045913,0.0,0.29112759002999117,0.18336675189838514,0.0,0.0,0.0,0.0,0.0,0.0,0.0,0.037089592698500595,0.0,0.0,0.0,0.0,0.020718967499476097,0.0,0.08210688611765928,0.0,0.0,0.0,0.06747303573215929,0.0,0.0,0.0,0.0,0.0,0.0,0.0,0.0,0.0,0.07463381885384035,0.08723612016120731,0.0,0.0,0.03511951203229993,0.0,0.0,0.0,0.0,0.0,0.0,0.02934303959186474,0.0,0.0,0.0,0.0,0.06557880233254028,0.0,0.0,0.0,0.0,0.0,0.0,0.0,0.0,0.03891845395094148,0.0,0.0,0.0,0.0,0.04048533944671792,0.0,0.0,0.030561125316397524,0.0,0.0,0.0,0.0,0.0,0.0,0.0,0.08431599079722096,0.12650704479434025,0.0,0.0,0.0,0.03941970356453039,0.0,0.04227152878336243,0.0,0.0,0.025379189231535693,0.0,0.0,0.0,0.0,0.0,0.0,0.0,0.0,0.0,0.0,0.0,0.03626477575406161,0.04105344305882964,0.0,0.0,0.07594267450226395,0.0,0.0,0.0,0.043618060080603656,0.0,0.028231014450367735,0.0,0.0,0.0,0.0,0.0,0.04105344305882964,0.0,0.0,0.0,0.07783690790188295,0.0,0.0,0.0,0.0,0.0,0.0,0.0,0.0,0.0,0.0,0.1268145863500873,0.0,0.0,0.0,0.0,0.0,0.0,0.0717430139479356,0.0,0.0,0.043618060080603656,0.0,0.0,0.08210688611765928,0.0,0.036670531322552664,0.0,0.0,0.0,0.0,0.0,0.0,0.0,0.043618060080603656,0.0,0.0,0.0,0.0,0.04227152878336243,0.0,0.0,0.0,0.0,0.03891845395094148,0.0,0.0,0.0,0.0,0.0,0.0,0.0,0.0,0.0,0.03752286222144598,0.0,0.0,0.0,0.0,0.0,0.045948170946633456,0.08869711515834863,0.0,0.0,0.0,0.0,0.0,0.0,0.0,0.0,0.0,0.0,0.058225518005998234,0.0,0.034759481832470795,0.0,0.0,0.026444825113723227,0.07512854417890286,0.0,0.0,0.06011975140561724,0.0,0.0,0.0,0.0,0.0,0.0,0.0,0.0,0.11256858666433794,0.0,0.0,0.03440931672530278,0.0,0.059632870897794135,0.0,0.0358715069739678,0.0,0.0,0.0,0.0,0.0,0.0,0.0,0.0,0.0,0.030308043246179618,0.0,0.0,0.03278940116627014,0.0,0.0,0.0,0.0,0.0,0.0,0.0,0.0,0.0,0.0,0.0,0.24399998082732746,0.05180180716867587,0.0,0.0,0.0,0.0,0.0,0.0,0.0,0.0,0.0,0.04048533944671792,0.027607465081408305,0.0,0.0,0.0,0.0,0.0,0.0717430139479356,0.0,0.0,0.0,0.0,0.0,0.0,0.0358715069739678,0.037089592698500595,0.03278940116627014,0.0,0.0,0.0,0.026631401082908596,0.15541419834599887,0.0,0.08889704568426765,0.0,0.0,0.0,0.06951896366494159,0.0,0.0,0.0,0.0,0.0,0.0,0.0,0.0,0.0,0.0,0.0,0.024395609662747123,0.0,0.0,0.0,0.0,0.0,0.0,0.04105344305882964,0.05938416023400024,0.0,0.0,0.0717430139479356,0.06881863345060556,0.03081932050006948,0.0,0.0,0.0,0.0,0.0,0.09658459443209033,0.0,0.14998225571634127,finance
Dokumen_153,0.0,0.0,0.0,0.0,0.0,0.0,0.0,0.017638297273064776,0.0,0.0,0.0,0.0,0.0,0.0,0.0,0.0,0.0,0.0,0.0,0.0,0.0,0.0,0.0,0.0,0.0,0.0,0.0,0.0,0.0,0.0,0.0,0.0,0.0,0.0,0.0,0.0,0.0,0.15884237272840707,0.0,0.0,0.02578280148677662,0.0353728634636409,0.030473531633766156,0.0,0.0,0.0,0.0,0.0,0.0,0.03078364437315918,0.0,0.0,0.034910823517866035,0.0,0.0,0.0,0.0,0.0,0.026841367470131897,0.0,0.0,0.0,0.0,0.0,0.0,0.0,0.0,0.0,0.0,0.0,0.0,0.0,0.0,0.0,0.0,0.0,0.0,0.0,0.0,0.0,0.0,0.02822944478661553,0.2160909265865253,0.060375944776325345,0.0,0.0,0.04619324899524193,0.013415833322038724,0.0,0.0,0.04854221574130326,0.0,0.3808100644189209,0.07992416510824525,0.03446583524361413,0.0,0.0,0.0,0.028258014855030884,0.0,0.0,0.27973457787885836,0.0,0.0,0.0,0.0,0.0,0.0,0.0,0.0,0.0,0.0,0.0,0.0,0.0,0.0,0.0,0.0,0.0,0.0,0.0,0.0,0.0,0.0,0.0,0.0,0.6346834406982016,0.0,0.0,0.0,0.0,0.0,0.0,0.0,0.0,0.04854287769358861,0.0,0.0,0.0,0.09802821336480855,0.0,0.034910823517866035,0.0,0.02577244119371175,0.0,0.0,0.0,0.014333090715152976,0.0,0.0211935823962949,0.05116494094126633,0.0,0.0,0.0,0.0,0.0,0.0,0.0,0.0,0.04322047957795804,0.0,0.0,0.0,0.0,0.0,0.026841367470131897,0.0,0.024630783533894602,0.0,0.0,0.0,0.02278220408665075,0.01541185011498417,0.03801701141477905,0.0,0.0,0.0,0.0,0.0,0.0,0.0,0.0,0.07674741141189949,0.0,0.0353728634636409,0.0,0.03323094550301976,0.0,0.0,0.0,0.08138511159835353,0.02959113118233017,0.0,0.0,0.0,0.0,0.0,0.0,0.0,0.0,0.0,0.027527541609976745,0.0,0.0,0.0,0.0,0.0,0.018349103429013296,0.0,0.0,0.0,0.0,0.0,0.029877688435734226,0.0,0.0,0.0,0.0,0.0,0.0,0.0,0.0,0.0,0.0,0.0,0.0,0.0,0.0,0.0,0.0,0.0,0.0,0.0,0.0,0.0,0.049261567067789204,0.0,0.0,0.0,0.0,0.0,0.0,0.0,0.0,0.0,0.0,0.0,0.0,0.0,0.0,0.0,0.0,0.0,0.0,0.11065267831086964,0.0,0.027065501664201876,0.0,0.0,0.0,0.0,0.0,0.0,0.0,0.018667952878166603,0.0,0.0,0.0,0.0,0.0,0.0,0.037436453035994334,0.0,0.0,0.0,0.02578280148677662,0.0,0.0,0.0,0.0,0.0,0.0,0.0,0.0,0.0,0.0,0.0,0.03635769363616314,0.0,0.0,0.0,0.0,0.06034337912222978,0.0,0.0,0.0,0.025001912091848454,0.0,0.0,0.0,0.02738046476750622,0.0,0.0,0.0,0.0,0.0,0.0,0.0,0.0,0.0,0.0,0.0,0.0,0.0,0.0,0.0,0.0,0.0,0.0,0.0,0.0,0.0,0.0,0.0,0.0,0.0,0.0,0.0,0.0,0.0,0.14543077454465256,0.0,0.0,0.0,0.0,0.0,0.0,0.0,0.0,0.0,0.0,0.0,0.0,0.0,0.0,0.0,0.0,0.0,0.0,0.0,0.0,0.03688422610362321,0.07271538727232628,0.0,0.0,0.0,0.0,0.0,0.0,0.0,0.0,0.0,0.0,0.0,0.029038904249959054,0.0,0.040692555799176765,0.07855181682855555,0.0,0.07170914099704277,0.0,0.0,0.0,0.01922017981053772,0.0,0.0,0.0,0.0,0.02578280148677662,0.0,0.0,0.0,0.0,0.0,0.22178412568817135,0.0,0.02959113118233017,0.0,0.0,0.0,0.0,0.0,0.0,0.0,0.0,0.0,0.0,0.0,0.0,0.030473531633766156,0.0,0.0,0.0,0.031768474545681415,0.0,0.0,0.0,0.025001912091848454,0.0,0.05505508321995349,0.0,0.0,0.0,0.0,0.0,0.024814826726055155,0.029038904249959054,0.0,0.042119270377642334,0.0,0.0,0.0,0.0,0.0,0.0,0.04147344519410494,0.0,0.0,0.043218185317305056,0.0,0.0,0.0,0.0,0.0,0.0648156185765872,0.0,0.0,0.0,0.0,0.0,0.0,0.0,0.0,0.0,0.0,0.0950117915064199,0.0,0.04147344519410494,0.0,0.03211676070045846,0.0,0.0,0.0,0.0,0.03284723394551261,0.0,0.016877109200660902,0.0,0.0,0.0,0.027527541609976745,0.0,0.0,0.0,0.0,0.0,0.0,0.0,0.0,0.0,0.0,0.0,0.0,0.03247610538755876,0.0,0.0,0.0,0.0,0.0,0.0,0.0,0.0,0.28684442644672065,0.0,0.0,0.03635769363616314,0.013147929526487285,0.0,0.0,0.0,0.0,0.02729416412675893,0.0,0.0,0.0,0.0,0.0,0.0,0.0,0.07245113373159041,finance
Dokumen_154,0.0,0.0,0.0,0.0,0.0,0.0,0.0,0.0,0.0,0.0,0.0,0.0,0.0,0.0,0.0,0.0,0.0,0.0,0.0,0.0,0.0,0.0,0.0,0.0,0.0,0.0,0.0,0.0,0.0,0.0,0.0,0.0,0.0,0.0,0.0,0.0,0.0,0.0,0.0,0.0,0.0,0.0,0.0,0.0,0.0,0.0,0.0,0.0,0.0,0.03567981904710993,0.0,0.0,0.0,0.0,0.0,0.0,0.0,0.0,0.0,0.0,0.0,0.025536640278799358,0.0,0.0,0.0,0.0,0.0,0.0,0.0,0.0,0.0,0.0,0.0,0.0,0.0,0.0,0.0,0.0,0.0,0.0,0.0,0.0,0.0,0.0,0.0,0.0,0.0,0.0,0.04552278762530671,0.0,0.0,0.0,0.0,0.0,0.026631777790673893,0.0,0.0,0.0,0.0,0.0,0.6298067303312633,0.0,0.0,0.0,0.0,0.0,0.0,0.0,0.0,0.0,0.0,0.0,0.0,0.0,0.0,0.0,0.0,0.0,0.0,0.0,0.0,0.0,0.0,0.0,0.0,0.0,0.0,0.0,0.0,0.0,0.02854833848860842,0.0,0.0,0.0,0.02425575900173849,0.0,0.0,0.0,0.0,0.0,0.0,0.0,0.0,0.0448073672035252,0.0,0.0,0.0,0.016612785572210235,0.0,0.0,0.0,0.0,0.0,0.0,0.0,0.0,0.0,0.0,0.0,0.0834912457503698,0.0,0.0,0.0,0.0,0.0,0.0,0.0,0.0,0.0,0.0,0.0,0.0,0.01786312291741768,0.0,0.0,0.0,0.0,0.0,0.0,0.0,0.0,0.030360679287988343,0.0,0.0,0.0,0.0,0.0,0.0,0.0,0.0,0.0,0.0,0.0,0.0,0.0,0.0,0.0,0.0,0.0,0.0,0.0,0.0,0.0,0.0,0.0,0.0,0.0,0.0,0.0,0.0,0.0,0.07064076502697547,0.0,0.034629769757294156,0.0,0.0,0.0,0.0,0.0,0.0,0.044063661584329304,0.0,0.0,0.0,0.0,0.0,0.0,0.0,0.4611020116415804,0.0,0.0,0.0,0.0,0.0,0.0,0.0,0.0,0.1961681559796421,0.0,0.0,0.0,0.0,0.0,0.0,0.0,0.0,0.0,0.0,0.0,0.0,0.0,0.0,0.0,0.0,0.0,0.0,0.0,0.0,0.0,0.0,0.2731367257518402,0.0,0.0,0.0,0.0,0.0,0.0,0.0,0.0,0.0,0.0,0.0,0.0,0.0,0.0,0.0,0.0,0.0,0.0,0.0,0.0,0.0,0.0,0.0,0.0,0.025204505758787545,0.0,0.0,0.037641467967103215,0.0,0.0,0.0,0.0,0.0,0.0,0.0,0.0,0.0,0.0,0.0,0.09520607922389401,0.0,0.0,0.0,0.0,0.0,0.0,0.0,0.0,0.0,0.0,0.0,0.0,0.0,0.0,0.0,0.0,0.0,0.0,0.0,0.0,0.0,0.0,0.0,0.0,0.0,0.08092686173240238,0.0,0.0,0.0,0.0,0.0,0.0,0.0,0.0,0.0,0.0,0.0,0.0,0.0,0.0,0.0,0.0,0.0,0.0,0.0,0.0,0.0,0.0,0.03994890951641573,0.0,0.0,0.0,0.0,0.0,0.0,0.0,0.0,0.0,0.0,0.0,0.0,0.0,0.0,0.0,0.0,0.0,0.0,0.0,0.0,0.0,0.0,0.0,0.0,0.0,0.0,0.0,0.0,0.0,0.0,0.0,0.0,0.0,0.0,0.0,0.0,0.0,0.030855780037920937,0.03722496908685829,0.0,0.0,0.046318098565353086,0.0,0.0,0.03567981904710993,0.0,0.0,0.0,0.0,0.0,0.0,0.0,0.03994890951641573,0.036821287611448116,0.0,0.0,0.0,0.028978495478160764,0.0,0.03190582932773671,0.0,0.0,0.04477294852560472,0.0,0.0,0.0,0.0,0.0,0.0,0.0,0.0,0.0,0.0,0.0,0.0,0.0,0.0,0.0,0.0,0.0,0.0,0.0,0.0,0.0,0.025041539528866768,0.0,0.0,0.0,0.0,0.0,0.0,0.0,0.0,0.0,0.0,0.0,0.0,0.0,0.0,0.0,0.0,0.08311456381782532,0.22092772566868868,0.036821287611448116,0.0,0.0,0.0,0.0,0.0,0.0,0.0,0.0,0.0,0.0,0.0,0.0,0.0,0.0,0.0,0.0,0.0,0.0,0.0,0.0,0.0,0.0,0.0,0.4029565367304425,0.0,0.0,0.0,0.0,0.0,0.0,0.0,0.0,0.0,0.0,0.0,0.0,0.0,0.03163533288261334,0.0,0.0,0.0,0.0,0.0,0.0,0.0,0.0,finance
Dokumen_155,0.0,0.0,0.0,0.0,0.0,0.0,0.0,0.0,0.0,0.0,0.0,0.0,0.0,0.0,0.0,0.0,0.0,0.0,0.0,0.0,0.0,0.05676194228757077,0.0,0.0,0.0,0.03646809114434533,0.0,0.0,0.0,0.0,0.0,0.0,0.0,0.0,0.0,0.0,0.0,0.0,0.0,0.0,0.0,0.0,0.0,0.05305265245868052,0.0,0.0,0.0,0.0,0.0,0.05196065886938848,0.0,0.0,0.0,0.0,0.0,0.0,0.0,0.0,0.0,0.0,0.0,0.0,0.0,0.0,0.0,0.0,0.0,0.0,0.0,0.0,0.0,0.0,0.0,0.0,0.0,0.0,0.0,0.0,0.0,0.0,0.0,0.0,0.0,0.020382082331843968,0.0,0.0,0.0,0.022644997136948453,0.06629501218767472,0.0,0.020483974235822978,0.0,0.0,0.0,0.05817594193959279,0.0,0.0,0.0,0.0,0.0,0.0,0.0,0.0,0.0,0.0,0.0,0.0,0.0,0.0,0.0,0.0,0.0,0.0,0.0,0.0,0.0,0.0,0.0,0.0,0.0,0.0,0.0,0.0,0.0,0.0,0.0,0.0,0.0,0.0,0.05421086686543743,0.041575056071215435,0.0,0.0,0.0,0.03532375591488659,0.0,0.7142011160732618,0.14284022321465237,0.0,0.0,0.0,0.0,0.0,0.04350209510169185,0.0,0.0,0.0,0.024193264064713216,0.0,0.0,0.0,0.0,0.0,0.0,0.0,0.0,0.0,0.0,0.0,0.04863545000928637,0.060520030831908815,0.0,0.0,0.0,0.0,0.045306368596158955,0.0,0.0,0.0,0.0,0.0,0.0,0.02601413519021415,0.0,0.0,0.0,0.0,0.0,0.0,0.0,0.0,0.0,0.0,0.0,0.0,0.0,0.0,0.0,0.0,0.0,0.0,0.0,0.0,0.0,0.0,0.0,0.0,0.0,0.0,0.0,0.0,0.0,0.0,0.0,0.0,0.0,0.0,0.0,0.0,0.0,0.0,0.154311630153991,0.0,0.0,0.0,0.0,0.0,0.0,0.0,0.0,0.0,0.0,0.0,0.0,0.0,0.0,0.0,0.0,0.0,0.0,0.0,0.0,0.0,0.0,0.0,0.0,0.0,0.14284022321465237,0.0,0.0,0.0,0.0,0.0,0.0,0.0,0.0,0.0,0.0,0.0,0.0,0.04994777922606921,0.0,0.0,0.0,0.0,0.0,0.0,0.0,0.0,0.0,0.3977700731260483,0.0,0.0,0.0,0.0,0.0,0.0,0.0,0.0,0.0,0.0,0.0,0.0,0.0,0.0,0.0,0.0,0.05817775187833198,0.0,0.0,0.0,0.0,0.0,0.17028582686271232,0.0,0.03670541949707501,0.0,0.0,0.0,0.0,0.05676194228757077,0.0,0.0,0.0,0.0,0.0,0.0,0.0,0.0,0.0,0.0924326549659718,0.0,0.0,0.0,0.0,0.0,0.0,0.0,0.0,0.0,0.0,0.0,0.0,0.0,0.0,0.0,0.0,0.0,0.0,0.0,0.0,0.0,0.0,0.0,0.0,0.0,0.11785410263139033,0.0,0.0,0.0,0.0,0.0,0.0,0.0,0.0,0.0,0.0,0.0,0.0,0.0,0.0,0.0,0.0,0.0,0.0,0.0,0.0,0.04856611564388078,0.0,0.0,0.0,0.06225801815404338,0.0,0.0,0.0,0.0,0.0,0.0,0.0,0.0,0.0,0.0,0.0,0.0,0.0,0.0,0.0,0.0,0.0,0.0,0.0,0.0,0.0,0.0,0.0,0.28045766808155953,0.0,0.0,0.0,0.0,0.0,0.0,0.0,0.0,0.0,0.11088771018508366,0.0,0.0,0.0,0.189692038620897,0.0,0.0,0.0,0.0,0.0,0.0,0.0,0.0,0.0,0.05143721005133033,0.0,0.0,0.0,0.05362298396704089,0.0,0.0,0.0,0.0,0.0,0.0,0.0,0.0,0.0,0.0,0.0,0.0,0.0,0.0,0.0,0.0,0.0,0.0,0.0,0.0,0.0,0.0,0.0,0.0,0.0,0.0,0.0,0.0,0.0,0.0,0.0,0.0,0.0,0.0,0.0,0.0,0.0,0.0,0.0,0.0,0.0,0.0,0.0,0.0,0.0,0.0,0.0,0.060520030831908815,0.0,0.0,0.0,0.0,0.0,0.0,0.0,0.0,0.0,0.0,0.0,0.0449353921493378,0.0,0.0,0.0,0.0,0.1194138854638201,0.0,0.05970694273191005,0.0,0.0,0.0,0.0,0.06417008127469663,0.0,0.0,0.0,0.0,0.0,0.0,0.0,0.0,0.0,0.0,0.0,0.0,0.0,0.0,0.0,0.046070657980709896,0.0,0.0,0.0,0.0,0.0,0.0,0.0,0.020382082331843968,finance
Dokumen_156,0.0,0.0,0.0,0.0,0.0,0.07941478900211545,0.0,0.03536423951275888,0.03455254081930498,0.0,0.042417354434600534,0.0,0.0,0.0,0.0,0.0,0.0,0.0,0.035460747611125734,0.0,0.0,0.0,0.0,0.0,0.02668772720400942,0.08663553796319388,0.0,0.0,0.0,0.0,0.0,0.0,0.0,0.0,0.029664650572122975,0.0,0.0,0.03184740356156984,0.0,0.04792618226653038,0.05169371810512947,0.0,0.0,0.0,0.0,0.0,0.0,0.0,0.0,0.03086012657101665,0.0,0.031179768204044,0.0,0.0,0.0,0.0,0.0,0.0,0.0,0.0,0.0,0.0,0.0,0.0,0.03594365145078685,0.0,0.0,0.029111051627751204,0.03594365145078685,0.0,0.0,0.0,0.0,0.0,0.0,0.0,0.0,0.0,0.0,0.041576486283155856,0.0,0.028299581056233397,0.0,0.10894670868404456,0.0,0.0,0.046308016472623975,0.10759332049320694,0.0,0.0,0.10949134329984732,0.0,0.0,0.0,0.12668870819956596,0.0,0.03697586524304677,0.0,0.0,0.0,0.0,0.0,0.02283880664544667,0.0,0.0,0.0,0.0,0.040793656762605005,0.04792618226653038,0.0,0.0,0.0,0.0,0.0,0.0,0.0,0.0,0.0,0.0,0.0,0.0,0.0,0.0,0.0,0.03811146496789734,0.0,0.0,0.0,0.0,0.03219655503593926,0.024691978902343776,0.0,0.0,0.0,0.02097924857414202,0.0,0.042417354434600534,0.08483470886920107,0.0,0.032757255068065864,0.0,0.0,0.0,0.06459118254818297,0.0,0.0,0.0,0.0,0.0,0.0,0.0,0.0,0.0,0.04658975380160776,0.0,0.039373489706536716,0.0,0.0,0.0,0.057770481582909684,0.03594365145078685,0.0,0.03594365145078685,0.0,0.0,0.0,0.0,0.0,0.0,0.0,0.0,0.0,0.09270084584071729,0.0,0.03412431914620312,0.023811962255707555,0.0,0.0,0.0,0.0,0.0,0.0,0.0,0.0,0.0,0.0,0.0,0.0,0.0,0.0,0.0,0.0,0.0,0.0,0.0,0.0,0.0,0.0,0.0,0.03086012657101665,0.0,0.0,0.0,0.0,0.0,0.0,0.0,0.0,0.0,0.0,0.0,0.03054924335417122,0.0,0.0,0.0,0.0,0.0,0.0,0.0,0.0,0.0,0.0,0.0,0.04417421232780066,0.0,0.0,0.03371167266786029,0.0,0.0,0.0,0.0,0.0,0.0,0.0,0.026051306522567083,0.024691978902343776,0.0,0.08483470886920107,0.0,0.0,0.0,0.0,0.0,0.0254486944237951,0.0,0.0,0.027834817084373853,0.0,0.0,0.0,0.1186586022884919,0.0,0.0,0.0,0.0,0.0,0.0,0.0,0.0,0.0,0.039373489706536716,0.0,0.11092759572914028,0.0,0.1310003348404755,0.0,0.0,0.0,0.0,0.0,0.0,0.0,0.0,0.0,0.0,0.025846859052564734,0.0,0.4146304898316597,0.097670377552918,0.0,0.0,0.0,0.0,0.06742334533572059,0.0,0.0,0.0,0.0,0.0,0.0,0.03371167266786029,0.0,0.0,0.0,0.0,0.0,0.0,0.0,0.0,0.0,0.13724245869914672,0.0,0.0,0.0,0.0,0.22789754762347536,0.0,0.0,0.0,0.0,0.0,0.0,0.034997559723602245,0.0,0.04006136865123482,0.0,0.0,0.0,0.22697138901357053,0.0,0.0,0.03872494018631221,0.0,0.0,0.0,0.03811146496789734,0.034997559723602245,0.0,0.0,0.0,0.03644802460167893,0.0,0.0,0.0,0.0,0.2723656668162846,0.0,0.0,0.0,0.0,0.07744988037262442,0.0,0.0,0.0,0.0,0.0,0.0,0.0,0.08862567643394897,0.0,0.0,0.0,0.0,0.11433439490369202,0.0,0.0,0.04792618226653038,0.0,0.0,0.0,0.0,0.0,0.0,0.0,0.0,0.0,0.0,0.0,0.0,0.0,0.0,0.0,0.0,0.019267932493011126,0.0,0.43307560450817867,0.0,0.026051306522567083,0.025846859052564734,0.0,0.0,0.0,0.020214024220195734,0.0,0.0,0.0,0.0,0.02668772720400942,0.09658966510781779,0.045064250136395194,0.03811146496789734,0.08012273730246965,0.0,0.029111051627751204,0.03086012657101665,0.03184740356156984,0.0,0.1627839625881967,0.13797966997915087,0.03054924335417122,0.0,0.026471596334038477,0.0,0.0,0.0,0.06301735218248232,0.0,0.05012805906402778,0.0,0.0,0.0,0.0,0.0,0.0,0.0,0.0,0.0,0.0,0.04222391602425862,0.0,0.0,0.0,0.0,0.0,0.03594365145078685,0.0,0.0,0.0,0.0,0.0,0.0,0.0,0.0,0.0,0.04331776898159694,0.0,0.0,0.0,0.0,0.0,0.0,0.03371167266786029,0.21208677217300267,0.039373489706536716,0.0,0.023811962255707555,0.0,0.0,0.0,0.0,0.0,0.0718873029015737,0.03184740356156984,0.0,0.0,0.0,0.10151424303862853,0.0,0.0,0.0236438624759456,0.0,0.0,0.0,0.0,0.0,0.07092149522225147,0.0,0.0,0.035460747611125734,0.0,0.0,0.0,0.041576486283155856,0.0,0.0,0.15244585987158937,0.0718873029015737,0.0,0.0,0.0,0.0,0.0,0.0,0.0,0.0,0.0,0.07908357394252825,0.0,0.0,0.0,0.0,0.0,0.0,0.0,0.0,0.0,0.0,0.0,0.0,0.0847363289764791,finance
Dokumen_157,0.2847211105958894,0.0,0.0,0.0,0.0,0.0889255815493622,0.0,0.0,0.0,0.0,0.0,0.0,0.0,0.0,0.0,0.0,0.0,0.03716800866297459,0.0,0.0,0.0,0.0,0.0,0.0,0.0,0.020788091666798923,0.0,0.0,0.0,0.0,0.0,0.01617814947852755,0.0,0.0,0.014235993446911758,0.0,0.018584004331487294,0.22925236923052822,0.0,0.18399726368541472,0.0,0.03403505255436757,0.0,0.015120936795301443,0.0,0.0,0.0,0.0,0.0,0.059238797850356045,0.0,0.0,0.0,0.0,0.0,0.0,0.0,0.3067068966432793,0.0,0.0,0.0,0.0,0.016376177516892517,0.0,0.0,0.6878518084194498,0.0,0.0,0.051747811955588,0.0,0.0,0.0,0.0,0.03498263619325998,0.0,0.0,0.3067068966432793,0.0,0.013970322663932775,0.0,0.018010298315810042,0.054323599664508684,0.0,0.06390176190156109,0.0,0.0,0.01111155207173198,0.012908443011563454,0.0,0.0,0.03502975237413786,0.0,0.0,0.01922535309177856,0.016581164188931626,0.0,0.0,0.0,0.02718928937324098,0.0,0.0,0.0,0.0,0.0,0.0,0.0,0.0,0.0,0.0,0.0,0.0,0.0,0.0,0.0,0.0,0.0,0.0,0.0,0.0,0.0,0.0,0.0,0.0,0.0,0.0,0.0,0.0,0.0,0.0,0.0,0.0,0.0,0.0,0.0,0.0,0.0,0.0,0.0,0.0,0.0,0.01774462753283106,0.0,0.0,0.006199430188793946,0.0,0.0,0.0,0.006895504745582417,0.15249222229295828,0.0,0.024614934774323066,0.01749131809662999,0.0,0.13414985520231343,0.0,0.0,0.0,0.0,0.0,0.0,0.0,0.0,0.0,0.0,0.0,0.0,0.0,0.011849620442702317,0.0,0.01922535309177856,0.0,0.0,0.007414484964762466,0.0,0.0,0.0,0.019576776370113548,0.0,0.0,0.0,0.0,0.0,0.024614934774323066,0.01724927065186267,0.03403505255436757,0.0,0.0,0.015120936795301443,0.0,0.0,0.0,0.014235993446911758,0.0,0.0,0.013020938670943236,0.0,0.0,0.0,0.0,0.0,0.0,0.0,0.0,0.0,0.0,0.0,0.0,0.0,0.0,0.01749131809662999,0.0,0.0,0.0,0.0,0.0,0.0,0.0,0.0,0.0,0.0,0.0,0.020791831146082067,0.0,0.0,0.0,0.0,0.0,0.01496309470255903,0.0,0.0,0.0,0.0,0.0,0.0,0.03750587535528956,0.011849620442702317,0.0,0.0,0.0,0.0,0.0,0.0,0.0,0.012212766375548089,0.0,0.0,0.0,0.0,0.016581680053228895,0.0,0.0,0.0,0.0,0.0,0.053233882598493175,0.0,0.0,0.0,0.0,0.0,0.0,0.0,0.0,0.0,0.0,0.02694993156592877,0.04974504015968668,0.0,0.0,0.0,0.0,0.0,0.0,0.0,0.0,0.01240384460962927,0.0,0.0,0.046871775934801796,0.0,0.0,0.0,0.0,0.0,0.0,0.010461688578013474,0.0,0.0,0.0,0.0,0.0,0.0,0.02903058840351262,0.0,0.0,0.20118558977720052,0.0,0.0,0.0,0.018584004331487294,0.019758696343942336,0.0,0.0,0.0,0.0,0.0156239253116006,0.0,0.0,0.0,0.0,0.0,0.0,0.0,0.0,0.01922535309177856,0.0,0.040711969844254355,0.0,0.0,0.0,0.09788388185056775,0.0,0.0,0.019952454347425836,0.0,0.0,0.0,0.03716800866297459,0.0,0.0,0.01749131809662999,0.0,0.0,0.0,0.0,0.0,0.0,0.010461688578013474,0.0,0.0,0.0,0.0,0.0,0.0,0.0,0.0,0.0,0.0,0.021265622965528273,0.0,0.0,0.0,0.0,0.0,0.01617814947852755,0.0,0.0,0.0,0.0,0.0,0.01598707124444637,0.0,0.0,0.0,0.0,0.0,0.039153552740227096,0.0,0.0,0.01724927065186267,0.0,0.0,0.0,0.0,0.0,0.03197414248889274,0.0,0.012501958451763188,0.0,0.0,0.0,0.0,0.0,0.0,0.0320094288434421,0.0,0.0,0.0,0.030902096445760554,0.0,0.0,0.0,0.0,0.013970322663932775,0.0,0.0,0.0,0.0,0.0,0.0,0.0,0.025407309014103485,0.016581680053228895,0.0,0.0,0.015120936795301443,0.0,0.0,0.0,0.0,0.0,0.0,0.018584004331487294,0.0,0.0,0.011938161758051251,0.013970322663932775,0.0,0.0,0.0,0.0,0.0,0.0,0.0,0.0,0.0,0.0,0.0,0.0,0.0,0.0,0.0,0.02299965796067684,0.0,0.010394045833399462,0.0,0.0,0.0,0.03990490869485167,0.0,0.0,0.0,0.0,0.0,0.0,0.03428190780196704,0.015283491282035214,0.03990490869485167,0.0,0.046353144668640836,0.0,0.0,0.0,0.0,0.015802471501215266,0.013970322663932775,0.02435821880241854,0.0,0.018895241664199727,0.011346631926403162,0.0,0.0,0.018937833078774443,0.02561475036866123,0.0,0.03403505255436757,0.0,0.0,0.0,0.0,0.0,0.0,0.0,0.0,0.0,0.0,0.0,0.0,0.010394045833399462,0.0,0.0,0.018010298315810042,0.0,0.0,0.0,0.0,0.025301342814673906,0.01774462753283106,0.08089074739263775,0.0,0.0,0.0,0.0,0.0,0.013842195083768417,0.0,0.0,0.0,0.0,0.017427753245880296,finance
Dokumen_158,0.0,0.0902866312802471,0.026232356916887935,0.0,0.0,0.028122993541370864,0.0,0.0939259826705248,0.0,0.0,0.0,0.0,0.0,0.0,0.0,0.0,0.0,0.08228149364375603,0.0,0.0,0.0,0.0,0.0,0.0,0.0,0.04602009345879878,0.0,0.0,0.0,0.0,0.0245984418872902,0.0,0.0,0.0,0.0,0.07535656520068698,0.0,0.0,0.030927107930285608,0.0,0.02745928281118917,0.0,0.03245501943675397,0.03347430517711949,0.24113071334111028,0.0571733603719842,0.0,0.0,0.0,0.0,0.0,0.033124878785502236,0.03718083842208744,0.030366338615101813,0.0,0.0,0.0,0.0,0.0285866801859921,0.0,0.0,0.023464982472410596,0.0,0.03976360736830203,0.0,0.0,0.0,0.0,0.0,0.0,0.27617023087803244,0.0,0.0,0.0,0.0,0.0,0.0,0.2749779062835661,0.061854215860571216,0.0,0.0,0.1052275517610568,0.0,0.03858107064407591,0.0,0.0,0.0491968837745804,0.1000172200327425,0.0,0.0,0.05169858795235401,0.0,0.0,0.0,0.06117819261311594,0.05765077662372721,0.0,0.0,0.030095442575743418,0.0,0.0,0.0,0.0,0.0,0.0,0.09415447767109895,0.0,0.0,0.0,0.0,0.0,0.0,0.0,0.0,0.0,0.0,0.0,0.0,0.0,0.0,0.0,0.0,0.0,0.0,0.04048900072437924,0.0,0.0,0.05207896587831643,0.027036279183376505,0.2052305795021108,0.0,0.0,0.02745928281118917,0.0,0.0,0.0,0.0,0.0,0.0,0.12180271313471608,0.039282558040509445,0.03718083842208744,0.03151524244777437,0.09606887100400668,0.0,0.0,0.043338517677094644,0.03053014946476403,0.0,0.06771497346018532,0.05449185124605602,0.0,0.0,0.0,0.0,0.0,0.0,0.0,0.0,0.061374420338563475,0.0,0.0,0.0,0.0,0.060732677230203626,0.0,0.04953885735055682,0.0,0.0,0.04256054669390897,0.04819913865306027,0.02426357684204407,0.016413978565054572,0.12146700217313772,0.0,0.0,0.0,0.0,0.0,0.0,0.0,0.02789767172052678,0.02724592562302801,0.0,0.0,0.0,0.03539172929360034,0.0,0.0,0.0,0.0,0.0,0.0,0.19221497967832418,0.0,0.0,0.0,0.0,0.029571257101806307,0.0,0.0,0.0,0.034983067566870814,0.0,0.0,0.0509159968041328,0.0,0.0390844432206059,0.0,0.0,0.0,0.0,0.0,0.0,0.0,0.0,0.0,0.0,0.0,0.03278529671165418,0.0,0.0,0.0,0.07039494741723179,0.0,0.0,0.071629465842826,0.0,0.0,0.0,0.0,0.0,0.0,0.0,0.027676484479191053,0.0,0.0,0.0,0.06917561405422355,0.0,0.03064346269202495,0.0,0.0,0.027036279183376505,0.03151524244777437,0.0,0.029571257101806307,0.0,0.036708057573761825,0.0,0.0,0.0,0.0,0.0,0.0,0.0,0.05765077662372721,0.0,0.0,0.0,0.0,0.038185950890463394,0.0,0.0,0.05964541105245304,0.029830500780239556,0.036708057573761825,0.0,0.0,0.0,0.03767292170278157,0.0,0.0,0.0,0.0,0.0,0.0,0.0,0.311290263244006,0.0,0.0,0.0,0.03347430517711949,0.0,0.0,0.04631958467510107,0.0,0.0,0.0,0.0,0.0,0.0,0.0,0.0,0.041140746821878016,0.0,0.0,0.0,0.0,0.0,0.04374124700558775,0.0,0.0774435774506513,0.0,0.0,0.2767024562168942,0.11012417272128547,0.0,0.0,0.0,0.0,0.0,0.07436167684417488,0.0,0.0,0.0,0.0,0.0,0.0,0.0,0.0,0.0,0.0,0.0,0.0,0.08097800144875848,0.0,0.0,0.0,0.0,0.0,0.0,0.0,0.0,0.0,0.0,0.0,0.0,0.0,0.0,0.041140746821878016,0.21280273346954484,0.04256054669390897,0.0,0.0,0.0,0.0,0.0,0.0,0.036708057573761825,0.036708057573761825,0.0,0.0,0.04048900072437924,0.0,0.03347430517711949,0.0,0.0,0.0,0.0,0.0,0.0,0.0,0.0,0.0,0.0,0.0,0.0,0.12146700217313772,0.0,0.0,0.03767292170278157,0.0,0.04093987640327955,0.0,0.3539172929360034,0.0,0.0,0.02745928281118917,0.0,0.03278529671165418,0.0,0.06442515201004717,0.024942875789112164,0.02362052484260585,0.0,0.0,0.0,0.03420509658368513,0.023937763320736216,0.0,0.0,0.0,0.0,0.03278529671165418,0.0676683274683965,0.07078345858720068,0.06917561405422355,0.0,0.0,0.03767292170278157,0.0,0.036708057573761825,0.0,0.0,0.03347430517711949,0.0,0.0,0.0,0.0,0.03625312183075062,0.0,0.0,0.0,0.0,0.0,0.0,0.0,0.0,0.0,0.0,0.0,0.0,0.0,0.0,0.0,0.0,0.0,0.0,0.0,0.0,0.0,0.0,0.0,0.02301004672939939,0.029068919148917034,0.0,0.0,0.0,0.0,0.026039482939158216,0.0,0.0,0.0,0.04256054669390897,0.0252974415397663,0.0,0.0,0.0,0.0,0.0,0.0,0.0,0.0,0.034983067566870814,0.030927107930285608,0.1078470812756219,0.0,0.0,0.02511885506689566,0.0,0.0,0.0,0.0,0.0,0.0,0.0,0.0,0.03767292170278157,0.0,0.0,0.0,0.0,0.0,0.0,0.0,0.0,0.0,0.0,0.0,0.0,0.03987069255799821,0.0,0.0,0.0,0.03872178872532565,0.1400285052167678,0.0,0.0,0.0,0.03245501943675397,0.0,0.0,0.0,0.0,0.0,0.0,0.030366338615101813,0.0,0.12860356881358637,finance
Dokumen_159,0.0,0.0,0.0,0.0,0.0,0.0,0.0,0.0,0.06116627054016753,0.0,0.0,0.0,0.0,0.0,0.0,0.0,0.0,0.0,0.0,0.0,0.0,0.0,0.0,0.0,0.0,0.0,0.0,0.0,0.0,0.0,0.0,0.0,0.0,0.0,0.0,0.0,0.0,0.0,0.0,0.0,0.0,0.0,0.0,0.0,0.0,0.0,0.0,0.0,0.0,0.05462981320586385,0.0,0.0,0.0,0.0,0.0,0.0,0.0,0.0,0.0,0.0,0.0,0.0,0.0,0.0,0.0,0.0,0.0,0.0,0.06362886944661274,0.0,0.0,0.0,0.0,0.0,0.0,0.0,0.0,0.0,0.0,0.0,0.0,0.0,0.0,0.04285816903646504,0.0,0.0,0.0,0.0,0.06970050440270256,0.0,0.02153621048242699,0.0,0.0,0.0,0.0,0.0,0.0,0.0,0.0,0.0,0.0,0.0,0.0,0.0,0.0,0.0,0.0,0.0,0.0,0.0,0.0,0.0,0.0,0.0,0.0,0.0,0.0,0.0,0.0,0.0,0.0,0.0,0.0,0.0,0.0,0.0,0.0,0.043389330938640704,0.0,0.05699561158435432,0.17484285970298707,0.0,0.0,0.0,0.07427658653099345,0.0,0.37544436898477845,0.22526662139086706,0.0,0.0,0.0,0.0,0.0,0.11434185887841107,0.0,0.0,0.0,0.0,0.0,0.0,0.0,0.0,0.0,0.0,0.0,0.0,0.0,0.0,0.0,0.02556689625384761,0.0,0.0,0.0,0.0,0.0,0.04763370032827509,0.0,0.0,0.0,0.0,0.0,0.0,0.08205134675403783,0.0,0.0,0.0,0.0,0.0,0.0,0.0,0.0,0.04648561238822453,0.0,0.0,0.0,0.0,0.0,0.0,0.0,0.0,0.0,0.0,0.0,0.0,0.0,0.0,0.0,0.0,0.0,0.0,0.0,0.0,0.0,0.0,0.0,0.0,0.0,0.0,0.0,0.0,0.0,0.21631790189561387,0.0,0.0,0.06116627054016753,0.0,0.0,0.0,0.0,0.0,0.0,0.0,0.0,0.0,0.0,0.0,0.0,0.0,0.0,0.0,0.0,0.0,0.0,0.0,0.0,0.0,0.0,0.0750888737969557,0.0,0.0,0.0,0.0,0.0,0.0,0.0,0.0,0.0,0.0,0.0,0.0,0.0,0.0,0.0,0.0,0.0,0.0,0.0,0.0,0.0,0.0,0.4182030264162153,0.0,0.0,0.0,0.0,0.0,0.0,0.0,0.0,0.0,0.0,0.0,0.0,0.0,0.0,0.0,0.0,0.06116627054016753,0.0,0.0,0.0,0.0,0.0,0.0,0.0,0.0,0.0,0.0,0.0,0.0,0.05967773257391934,0.0,0.0,0.0,0.0,0.0,0.0,0.0,0.0,0.0,0.12147600667473339,0.0,0.0,0.0,0.0,0.0,0.0,0.0,0.0,0.0,0.0,0.0,0.0,0.0,0.0,0.0,0.0,0.0,0.0,0.0,0.0,0.0,0.0,0.0,0.0,0.0,0.43367842389537176,0.0,0.0,0.0,0.0,0.0,0.0,0.0,0.0,0.0,0.0,0.0,0.0,0.0,0.0,0.0,0.0,0.0,0.0,0.0,0.0,0.0,0.0,0.06116627054016753,0.0,0.0,0.0,0.0,0.0,0.0,0.0,0.0,0.0,0.0,0.0,0.0,0.0,0.0,0.0,0.0,0.0,0.0,0.0,0.0,0.0,0.0,0.0,0.0,0.0,0.35383731506470206,0.0,0.0,0.0,0.0,0.0,0.0,0.0,0.0,0.0,0.11658387376234555,0.0,0.0,0.11399122316870865,0.0,0.0,0.0,0.0,0.05153353175628002,0.0,0.0,0.0,0.0,0.0,0.0,0.0,0.0,0.0,0.0,0.0,0.0,0.0,0.0,0.0,0.048851410766715016,0.0,0.0,0.20565724938795607,0.0,0.0,0.0,0.0,0.0,0.0,0.0,0.0,0.0,0.0,0.0,0.0,0.0,0.0,0.0,0.0,0.0,0.0,0.0,0.0,0.0,0.0,0.0,0.0,0.0,0.0,0.0,0.0,0.0,0.0,0.0,0.0,0.0,0.0,0.0,0.0,0.17098683475306298,0.0,0.19088660833983823,0.0,0.0,0.0,0.0,0.0,0.0,0.0,0.0,0.0,0.0,0.0,0.04724366728337938,0.0,0.0,0.0,0.06277401402350316,0.06277401402350316,0.0,0.06277401402350316,0.0,0.0,0.0,0.0,0.0,0.0,0.0,0.0,0.0,0.0,0.0,0.0,0.0,0.0,0.0,0.0,0.0,0.0,0.0,0.0,0.0,0.0,0.0,0.0,0.0,0.0,0.0,0.0,0.02142908451823252,finance
Dokumen_160,0.025600094108434383,0.0,0.0127852015404489,0.3755425468757914,0.0,0.02741333090933144,0.0,0.0,0.0,0.0,0.0,0.0,0.0,0.0,0.0,0.0,0.0,0.0,0.0,0.0,0.0,0.0,0.0,0.0,0.04145572604479185,0.03364410820833926,0.0,0.0,0.0,0.0,0.0,0.0,0.0,0.0,0.0,0.0,0.0,0.0,0.0,0.0,0.0,0.0,0.0,0.0,0.0,0.0139326583847665,0.0,0.0,0.0,0.031957984358779674,0.0,0.0,0.0,0.0,0.0,0.0,0.0,0.0,0.0,0.0,0.0,0.0,0.01766915075702553,0.0,0.0,0.0,0.0,0.0,0.0,0.0,0.0,0.0,0.0,0.0,0.0,0.0,0.0,0.0,0.0,0.0,0.0,0.014653173354196814,0.0,0.075215012573003,0.01973364559168946,0.0,0.0,0.0,0.0,0.0,0.006299251611489244,0.0,0.0,0.0,0.011926881368948414,0.0,0.0,0.0,0.0,0.0,0.0,0.0,0.0,0.0,0.0,0.1147232001278658,0.0,0.0,0.24815584921940656,0.01914564608752194,0.021963181946812085,0.0,0.0,0.0,0.0,0.0,0.0,0.0,0.0,0.0,0.0,0.0,0.0,0.0,0.0,0.0,0.0,0.012691198066609496,0.0,0.0,0.0,0.0,0.053532736842448705,0.0,0.032588386971542524,0.0,0.0,0.0,0.0,0.016961301871084935,0.0,0.0,0.0,0.013377806450920928,0.0,0.0,0.0,0.0,0.02350459607900184,0.0,0.0,0.018872336726299097,0.0,0.0,0.0,0.0,0.0,0.0,0.0,0.007478210363854056,0.018611178541641227,0.0,0.018611178541641227,0.0,0.0,0.0,0.0,0.0,0.0,0.041486563245333175,0.011745717392223617,0.0,0.0,0.0,0.0,0.0,0.0,0.0,0.013383184210612176,0.0,0.0,0.040790542373254385,0.026558395141554024,0.018611178541641227,0.0,0.0,0.0,0.0,0.0,0.0,0.0,0.046079968441361085,0.0,0.0,0.0,0.0,0.0,0.0,0.0,0.0,0.06457799466778968,0.0,0.017050148058089392,0.0,0.0,0.17370909445358457,0.0,0.0,0.0,0.0,0.0,0.0,0.0,0.0,0.017890878647538015,0.0,0.0,0.0,0.0,0.0,0.0,0.0,0.0,0.0,0.0,0.0,0.0,0.0,0.0,0.0,0.0,0.0,0.0,0.0,0.013489044584086205,0.0,0.0,0.0,0.0,0.0,0.0,0.0,0.0,0.0,0.0,0.0,0.0,0.0,0.0,0.0,0.0,0.0,0.0,0.0,0.057436938262565816,0.0,0.0,0.0,0.0,0.0,0.0,0.0,0.0,0.0,0.0,0.0,0.0,0.0,0.0,0.0,0.0,0.0,0.0,0.0,0.0,0.013383184210612176,0.0,0.08945439323769008,0.1011450290383378,0.0,0.0,0.0,0.0,0.0,0.0,0.0,0.0,0.0,0.0,0.0,0.0,0.0,0.0,0.0,0.0,0.11840187355013675,0.012977844758815322,0.0,0.0,0.020051295478663907,0.0,0.0,0.0,0.0,0.0,0.1011450290383378,0.017890878647538015,0.0,0.0,0.021527790809160317,0.0,0.0,0.0,0.0,0.0,0.0,0.06588954584043626,0.0,0.04700919215800368,0.0,0.02112245135736346,0.0,0.0,0.021527790809160317,0.0,0.0,0.0,0.0,0.0,0.0,0.0,0.0,0.0,0.0,0.0,0.0,0.0,0.0,0.0,0.0,0.0,0.0,0.12445968973599952,0.0,0.0,0.11659375667836659,0.0,0.0,0.0,0.0,0.0,0.0,0.0,0.0,0.0,0.016314803106404874,0.17370909445358457,0.0,0.0,0.02243344020030228,0.0,0.0,0.0,0.0,0.0,0.0,0.0,0.0,0.0,0.0,0.0,0.0,0.0,0.0,0.0,0.08624661392747063,0.0,0.0,0.0,0.0,0.0,0.5198267955804571,0.0,0.0,0.0,0.08525074029044696,0.0,0.0,0.1000258699403551,0.0,0.0,0.0,0.0,0.0,0.0,0.0,0.0,0.0,0.0,0.0,0.0,0.0,0.03578175729507603,0.0,0.0,0.0,0.0,0.0,0.0,0.0,0.0,0.0,0.0,0.0,0.0,0.0,0.0,0.0,0.0,0.0,0.0,0.0,0.0,0.0,0.0,0.0,0.0,0.018611178541641227,0.0,0.0,0.0,0.0,0.0,0.0,0.0,0.0,0.0,0.0,0.0,0.0,0.0,0.0,0.52711636672349,0.0,0.0,0.02465907959154182,0.0,0.0,0.0,0.016670978323392517,0.0,0.0,0.03298038400932144,0.0,0.06820059223235757,0.0,0.02628141028323538,0.0,0.1427097448397526,0.0,0.0,0.0,0.0,0.013818575348263949,0.0,0.0,0.0,0.05508341070308463,0.0,0.0,0.0,0.0,0.0,0.0,0.0,0.0,0.0,0.0,0.0,0.0,0.0,0.03886458555945553,0.0,0.0,0.0,0.0,0.0068247495498645686,0.0,0.0,0.0,0.015818020691497688,0.014167693397105904,0.0,0.0,0.0,0.0,0.0,0.0,0.0,0.02507167085766767,finance
Dokumen_161,0.0,0.006551458664654152,0.022841946752980073,0.0,0.0,0.0,0.0,0.010904864816017866,0.06392742361365121,0.009420119691494543,0.039239258839049974,0.0,0.0,0.0,0.0,0.0,0.0,0.0,0.0,0.0,0.0,0.0,0.0,0.0,0.008229388258200417,0.040072210350123406,0.0,0.0,0.0,0.01052252479779014,0.03569867940675657,0.010395281737423724,0.0,0.0,0.04573673981971225,0.0,0.0,0.03928167384510417,0.0,0.0,0.01594019878669787,0.0,0.0,0.0,0.0,0.0,0.028843642216923777,0.02770778962074126,0.0,0.0,0.0,0.0,0.0,0.035255507383584156,0.0,0.0,0.0,0.0,0.024891984686001574,0.0,0.0,0.020432242588516898,0.0,0.0,0.15516943999117364,0.0,0.7648271796198298,0.01795328201745788,0.0,0.0,0.0,0.0,0.0,0.0,0.0,0.0,0.0,0.0,0.0,0.0,0.0,0.039268877122487444,0.0,0.08212024735785244,0.03525598563475786,0.0,0.0,0.08709045937455272,0.0,0.0,0.03001119055506819,0.0,0.0,0.0,0.028411304355453474,0.0,0.011401823352803727,0.0,0.01747049770125534,0.0,0.0,0.0,0.007042540782982523,0.0,0.0,0.0,0.10522524797790139,0.0,0.0,0.0,0.0,0.0,0.0,0.0,0.0,0.0,0.0,0.009326812867511166,0.0,0.0,0.0,0.0,0.0,0.0,0.0,0.0,0.0,0.015116000560068314,0.031389287739159236,0.0,0.007613982250993357,0.006855893943520062,0.007970099393348935,0.0,0.08409869253038794,0.0,0.0,0.026159505892699983,0.0,0.030302936795702666,0.03420547005841118,0.0,0.009147347963942449,0.0039834483857092194,0.0,0.0,0.0,0.008861423198890547,0.0,0.0,0.007908172138816382,0.0,0.0,0.0,0.0,0.0,0.0,0.0,0.0,0.05789556702666905,0.0,0.0,0.022167062855881946,0.0,0.0,0.0,0.0790830156772312,0.007613982250993357,0.0,0.012353264639799702,0.01398987469483951,0.007042540782982523,0.009528365434983366,0.0,0.0,0.0,0.0,0.0,0.0,0.0,0.0,0.00809734245371535,0.03954086069408191,0.0,0.0,0.0,0.010272504278864598,0.009715968957361973,0.009420119691494543,0.0,0.0,0.018294695927884897,0.0,0.0,0.01673322726431997,0.0,0.0,0.0,0.0,0.009515983182410134,0.0,0.0,0.010153889579322456,0.0,0.0,0.0,0.0,0.022688640438562252,0.0,0.0,0.0,0.018840239382989087,0.0,0.0,0.0,0.0,0.0,0.0,0.0,0.009515983182410134,0.0,0.0,0.0,0.006810747529505633,0.0,0.0,0.0,0.019229094811282516,0.0,0.0,0.018840239382989087,0.0,0.0,0.0,0.008033142514113575,0.06091185800794686,0.0,0.0,0.0,0.0,0.01778862507744003,0.024706529279599404,0.0,0.02354196580436943,0.0,0.0,0.008583103204415597,0.0,0.042618282409100816,0.0,0.04573673981971225,0.0,0.01052252479779014,0.022167062855881946,0.0,0.0,0.0,0.011751995211585953,0.0,0.0,0.0,0.0,0.06841094011682236,0.0,0.06924869199446025,0.008658349083866186,0.010654570602275204,0.0,0.08226396648110168,0.010791795976234772,0.0,0.0,0.0,0.0,0.0,0.01594019878669787,0.0,0.0,0.0,0.0,0.0,0.04218649417523872,0.0,0.020790563474847448,0.0,0.0,0.0,0.022478118379941656,0.0,0.01778862507744003,0.010395281737423724,0.0,0.0,0.0,0.0,0.0,0.030914828940990666,0.0,0.0,0.0,0.08463976490104677,0.0,0.0,0.0,0.0,0.0,0.0,0.0,0.0,0.07692278448899108,0.0,0.0,0.0,0.0,0.0,0.10687845004143764,0.0,0.0,0.0,0.0,0.0,0.011941165526484923,0.07411958783879821,0.0,0.019640836922552085,0.0,0.0,0.03582349657945477,0.0,0.0,0.011239059189970828,0.0,0.0,0.0,0.0,0.08398627591255216,0.0,0.0,0.0,0.0,0.22688214500321352,0.0,0.0,0.0,0.0,0.011572530308017238,0.0,0.0,0.0,0.010654570602275204,0.031963711806825605,0.0,0.0,0.0,0.020790563474847448,0.009715968957361973,0.0,0.0,0.0,0.0,0.010272504278864598,0.0,0.0,0.0,0.0,0.0,0.012579071923397241,0.0,0.0,0.0,0.0,0.010934623911104918,0.0,0.011882862576170394,0.0,0.0,0.0,0.0,0.01594019878669787,0.0,0.0,0.0,0.012466333479582797,0.0,0.05484715154816049,0.0,0.0,0.008229388258200417,0.02978424688717474,0.05558378322772162,0.0,0.024706529279599404,0.0,0.00897664100872894,0.0,0.029461255383828128,0.0,0.03011749378520443,0.0,0.009420119691494543,0.0,0.0,0.0,0.0,0.0,0.0,0.14215445411051436,0.03864353617623833,0.0,0.0,0.0,0.0,0.011941165526484923,0.0,0.0,0.03835437268848113,0.0,0.0,0.0,0.0,0.0,0.0,0.0,0.0,0.04433412571176389,0.0,0.0,0.0,0.0,0.007090800838335347,0.0,0.0,0.0,0.0,0.006678701725020568,0.0,0.0,0.0,0.0,0.0,0.0,0.0,0.013079752946349991,0.0,0.0,0.05139835129672418,0.029461255383828128,0.0,0.0,0.0,0.0,0.011083531427940973,0.03928167384510417,0.0,0.0,0.00897664100872894,0.09390834745680633,0.0,0.012141151301436762,0.04374471967972312,0.06807553253624105,0.022478118379941656,0.030421296114776713,0.0,0.0,0.0,0.009515983182410134,0.010934623911104918,0.010934623911104918,0.0,0.1202808630221541,0.0,0.11538417673348661,0.0,0.0,0.03525598563475786,0.011083531427940973,0.0,0.020036105175061703,0.0,0.2807904926936153,0.011572530308017238,0.0,0.0,0.0,0.011239059189970828,0.024386094396280863,0.022803646705607455,0.07276697216196606,0.0,0.04710059845747272,0.0,0.0,0.008437298835047744,0.0,0.0,0.0,0.0,0.009715968957361973,0.13064584806931068,finance
Dokumen_162,0.28427517587713813,0.0,0.0,0.0,0.0,0.07610254705138829,0.0,0.0,0.0,0.0,0.0,0.0,0.0,0.0,0.0,0.0,0.0,0.03710979553836652,0.0,0.0,0.0,0.0,0.0,0.0,0.0,0.020755533027956134,0.0,0.0,0.0,0.0,0.0,0.0161528110042482,0.0,0.0,0.014213696808209391,0.0,0.01855489776918326,0.22889331053417125,0.0,0.1837090842530543,0.0,0.03398174631530173,0.0,0.0,0.0,0.0,0.0,0.0,0.0,0.059146017105706404,0.0,0.0,0.0,0.0,0.0,0.0,0.0,0.3062265274377524,0.0,0.0,0.0,0.0,0.01635052888795899,0.0,0.0,0.6867744840085971,0.0,0.0,0.03444450914122988,0.0,0.0,0.0,0.0,0.03492784583367137,0.0,0.0,0.3062265274377524,0.0,0.013948442123023931,0.0,0.01798209030096605,0.054238517181206876,0.0,0.06380167794866543,0.0,0.0,0.01109414898266132,0.012888225603406292,0.0,0.0,0.034974888220439544,0.0,0.0,0.019195242038875134,0.016555194506621507,0.0,0.0,0.0,0.02714670507703503,0.0,0.0,0.0,0.0,0.0,0.0,0.0,0.0,0.0,0.0,0.0,0.0,0.0,0.0,0.0,0.0,0.0,0.0,0.0,0.0,0.0,0.0,0.0,0.0,0.0,0.0,0.0,0.0,0.0,0.0,0.0,0.0,0.0,0.0,0.0,0.0,0.0,0.0,0.0,0.0,0.0,0.01771683561578059,0.0,0.0,0.006189720542916717,0.0,0.0,0.0,0.006884704896695436,0.17400387034978168,0.0,0.024576382473116123,0.017463922916835684,0.0,0.13393974757163946,0.0,0.0,0.0,0.0,0.0,0.0,0.0,0.0,0.0,0.0,0.0,0.0,0.0,0.011831061379244162,0.0,0.019195242038875134,0.0,0.0,0.0,0.0,0.0,0.0,0.019546114912498438,0.0,0.0,0.0,0.0,0.0,0.024576382473116123,0.01722225457061494,0.03398174631530173,0.0,0.0,0.015097254144292686,0.0,0.0,0.0,0.014213696808209391,0.0,0.0,0.013000545070300306,0.0,0.0,0.0,0.0,0.0,0.0,0.0,0.0,0.0,0.0,0.0,0.0,0.0,0.0,0.017463922916835684,0.0,0.0,0.0,0.0,0.0,0.0,0.0,0.0,0.0,0.0,0.0,0.020759266650407525,0.0,0.0,0.0,0.0,0.0,0.014939659266339113,0.0,0.0,0.0,0.0,0.0,0.0,0.03744713305850983,0.011831061379244162,0.0,0.0,0.0,0.0,0.0,0.0,0.0,0.012193638547170852,0.0,0.0,0.0,0.0,0.016555709562963934,0.0,0.0,0.0,0.0,0.0,0.053150506847341766,0.0,0.0,0.0,0.0,0.0,0.0,0.0,0.0,0.0,0.0,0.02690772215571656,0.049667128688891796,0.0,0.0,0.0,0.0,0.0,0.0,0.0,0.0,0.012384417511491542,0.0,0.0,0.04679836461600246,0.0,0.0,0.0,0.0,0.0,0.0,0.010445303315452733,0.0,0.0,0.0,0.0,0.0,0.0,0.028985120235564658,0.0,0.0,0.20087048971592886,0.0,0.0,0.0,0.01855489776918326,0.019727749960379185,0.0,0.0,0.0,0.0,0.015599454872000821,0.0,0.0,0.0,0.0,0.0,0.0,0.0,0.0,0.019195242038875134,0.0,0.04064820611144118,0.0,0.0,0.0,0.0977305745624922,0.0,0.0,0.01992120449700486,0.0,0.0,0.0,0.03710979553836652,0.0,0.0,0.017463922916835684,0.0,0.0,0.0,0.0,0.0,0.0,0.0,0.0,0.0,0.0,0.0,0.0,0.0,0.0,0.0,0.0,0.0,0.02123231640959234,0.0,0.0,0.0,0.0,0.0,0.0161528110042482,0.0,0.0,0.0,0.0,0.0,0.01596203203992751,0.0,0.0,0.0,0.0,0.0,0.039092229824996876,0.0,0.0,0.01722225457061494,0.0,0.0,0.0,0.0,0.0,0.03192406407985502,0.0,0.012482377686169943,0.0,0.0,0.0,0.0,0.0,0.0,0.031959295168356286,0.0,0.0,0.0,0.03085369709223695,0.0,0.0,0.0,0.0,0.013948442123023931,0.0,0.0,0.0,0.0,0.0,0.0,0.0,0.025367515683796093,0.016555709562963934,0.0,0.0,0.015097254144292686,0.0,0.0,0.0,0.0,0.0,0.0,0.01855489776918326,0.0,0.0,0.011919464019780838,0.013948442123023931,0.0,0.0,0.0,0.0,0.0,0.0,0.0,0.0,0.0,0.0,0.0,0.0,0.0,0.0,0.0,0.022963635531631787,0.0,0.010377766513978067,0.0,0.0,0.0,0.03984240899400972,0.0,0.0,0.0,0.0,0.0,0.0,0.034228214934297584,0.015259554035611416,0.03984240899400972,0.0,0.04628054563835543,0.0,0.0,0.0,0.0,0.015777721419741784,0.013948442123023931,0.024320068573838,0.0,0.018865647637049343,0.011328860651536031,0.0,0.0,0.018908172344275106,0.025574632140414555,0.0,0.03398174631530173,0.0,0.0,0.0,0.0,0.0,0.0,0.0,0.0,0.0,0.0,0.0,0.0,0.010377766513978067,0.0,0.0,0.01798209030096605,0.0,0.0,0.0,0.0,0.025261715450308555,0.01771683561578059,0.080764055021241,0.0,0.0,0.0,0.0,0.0,0.013820515218307577,0.0,0.0,0.0,0.0,0.017400457622363294,finance
Dokumen_163,0.0,0.04139914482867956,0.0,0.0,0.0,0.0,0.0,0.0689086356128796,0.0,0.059526422950005126,0.0,0.0,0.0,0.0,0.0,0.0,0.0,0.0,0.0,0.0,0.0,0.0,0.0,0.0,0.0,0.08440640600341005,0.0,0.0,0.0,0.13298520233893055,0.0,0.2627541719857593,0.0,0.0,0.057802758521650774,0.0,0.0,0.0,0.0,0.0,0.0,0.0,0.0,0.06139591602506383,0.0,0.0,0.0,0.11672502813053115,0.0,0.0,0.0,0.0,0.0,0.0,0.0,0.0,0.0,0.0,0.1572942655730627,0.0,0.0,0.0,0.0,0.0,0.14007528591276622,0.0,0.0,0.056724048829063546,0.0,0.0,0.0,0.0,0.0,0.0,0.0,0.0,0.0,0.07204895282944754,0.0,0.0,0.0,0.05514286595354542,0.0,0.07076234027524544,0.0,0.0,0.0,0.07861870867007409,0.0,0.0,0.047410725147876503,0.0,0.0,0.0,0.04488327577066396,0.0,0.0,0.0,0.0,0.0,0.0,0.0780611796712101,0.0,0.0,0.0,0.0,0.0,0.0,0.0,0.0,0.0,0.13298520233893055,0.0,0.0,0.0,0.0,0.0,0.0,0.0,0.0,0.0,0.0,0.0,0.0,0.0,0.0,0.0,0.0,0.0,0.0,0.0,0.0,0.0,0.0,0.0,0.0,0.0,0.0,0.0,0.09574323317552694,0.0,0.0,0.0,0.025171700697321175,0.0,0.0,0.07948807235504247,0.11199195818125696,0.0,0.04139914482867956,0.04997231616087298,0.0,0.0,0.0,0.0,0.0,0.0,0.0,0.0,0.028142023689927312,0.0,0.0,0.0,0.0,0.055695530220468505,0.0,0.0,0.0,0.31719106408505315,0.0,0.08840303789924228,0.0,0.06021043569299302,0.0,0.0,0.0,0.0,0.0,0.0,0.0,0.0,0.0,0.0,0.07003764295638311,0.0,0.06568854299643982,0.0,0.06139591602506383,0.0,0.07003764295638311,0.0,0.0,0.0,0.10072727799211166,0.0,0.0,0.0,0.0,0.0,0.0,0.0,0.0,0.0,0.0,0.0,0.0,0.0,0.07168558633739461,0.0,0.0,0.0,0.059526422950005126,0.0,0.0,0.0,0.0,0.0,0.0,0.0,0.0,0.0,0.0,0.0,0.04303761006488158,0.15091419067368309,0.0,0.0,0.0,0.0,0.0,0.0,0.0,0.0,0.0,0.05076201307129317,0.0,0.0,0.0,0.0,0.0,0.0,0.0,0.0,0.0,0.0,0.0,0.0,0.0,0.0,0.0,0.0,0.0,0.0,0.0,0.0,0.0,0.05286924137247543,0.0,0.0,0.0,0.0,0.07003764295638311,0.0,0.0,0.03646562767950423,0.0,0.0,0.0,0.0,0.0,0.0,0.0,0.0,0.0,0.1756189888203967,0.05036363899605583,0.0,0.0,0.0,0.0,0.0,0.0,0.0,0.0,0.0,0.04247785452126678,0.3136813783541305,0.0,0.0,0.0,0.13137708599287964,0.0,0.0,0.0,0.0,0.0,0.0,0.0,0.0,0.0,0.053484484368471544,0.0,0.0,0.0,0.0,0.06343821281701063,0.0,0.0,0.0,0.0,0.0,0.0,0.0,0.0,0.0,0.0,0.08265191223302583,0.0,0.0,0.0,0.0,0.15091419067368309,0.0,0.0,0.0,0.0,0.0,0.0,0.0,0.0,0.0,0.0,0.0,0.0,0.0710204342208525,0.0,0.0,0.0,0.0,0.0,0.0,0.0,0.2341835390136303,0.0,0.0,0.0,0.0,0.0,0.0,0.0,0.0,0.0,0.0,0.0,0.0,0.0,0.0,0.06205594005347622,0.142040868441705,0.0,0.06491270328672613,0.0,0.0,0.0,0.0,0.0,0.0,0.0,0.14852342865726648,0.0,0.1561223593424202,0.0,0.0,0.03754433737209145,0.0,0.12982540657345226,0.05519867418728223,0.0,0.0,0.06205594005347622,0.0,0.0,0.0,0.13724473436586856,0.043322893545698224,0.0,0.0,0.0,0.0,0.08780949441019835,0.0,0.0,0.0,0.0,0.0,0.06205594005347622,0.0,0.0,0.0,0.0,0.0,0.0515809645847292,0.0,0.0,0.0,0.0,0.0,0.0,0.0,0.0,0.0,0.0,0.0,0.0,0.0,0.0,0.0,0.0,0.04113749487550451,0.059526422950005126,0.0,0.0,0.0,0.0,0.0,0.0,0.0,0.0,0.0,0.0,0.0,0.0,0.0,0.0,0.0,0.0,0.0,0.0,0.0,0.0,0.047759554661687284,0.0,0.3306076489321033,0.0,0.0,0.04639856117121367,0.0,0.0,0.0,0.0,0.0,0.0,0.06205594005347622,0.06205594005347622,0.0641631683546585,0.0,0.09890228207144662,0.0,0.0,0.0,0.0,0.0,0.03844687750306586,0.0,0.0,0.0,0.0,0.0,0.06909668550383383,0.0,0.0,0.0,0.0,0.0,0.0,0.0,0.0,0.0,0.08440640600341005,0.0,0.0,0.0,0.0,0.0,0.0,0.0,0.07704875397933819,0.0,0.06568854299643982,0.0,0.0,0.0,0.0,0.0,0.0,0.0,0.0,0.11139106044093701,0.0,0.0,finance
Dokumen_164,0.0,0.0,0.0,0.0,0.0,0.0,0.0,0.02960148508832711,0.0,0.0,0.0,0.0,0.0,0.0,0.0,0.0,0.0,0.0,0.0,0.0,0.0,0.0,0.0,0.0,0.0,0.03625895283583623,0.0,0.044315872471316346,0.0,0.0,0.0,0.05643642218972067,0.0,0.0,0.049661337195972835,0.039581987462767275,0.0,0.0,0.0,0.0,0.0,0.0,0.0,0.0,0.0,0.0,0.0,0.0,0.0,0.05166267331643071,0.0,0.0,0.0,0.0,0.12380195798924477,0.0,0.0,0.0,0.0,0.0,0.0,0.0,0.0,0.0,0.0,0.0,0.0,0.0,0.0,0.0,0.0,0.0,0.0,0.0,0.0,0.0,0.0,0.0,0.0,0.0,0.0,0.047376086022704614,0.0,0.2634475291710931,0.0,0.0,0.07752385335982276,0.04503026384936389,0.0,0.0,0.12219901273703312,0.0,0.0,0.0,0.07712308372521333,0.0,0.0,0.0,0.2845442025634639,0.0,0.0,0.0,0.0,0.0,0.0,0.0,0.0,0.0,0.0,0.0,0.0,0.0,0.0,0.0,0.0,0.0,0.0,0.0,0.0,0.0,0.0,0.0,0.0,0.0,0.0,0.0,0.0,0.0,0.0,0.0,0.0,0.0,0.043270005144521714,0.0,0.0,0.0,0.0,0.0,0.0,0.10967727973701111,0.0,0.05858911468531839,0.0,0.0,0.5568227138793571,0.0,0.0,0.0,0.0,0.0,0.04293379947255157,0.0,0.0,0.0,0.0,0.0,0.0,0.0,0.0,0.02417826698217279,0.0,0.0,0.0,0.0,0.0,0.0,0.0,0.08267326037256503,0.0,0.06706639379702518,0.0,0.0,0.02586494854346936,0.0,0.0,0.0,0.0,0.0,0.0,0.0,0.06591482155316518,0.1318824392284004,0.04293379947255157,0.0,0.0,0.0,0.0,0.05274840450796622,0.0,0.0,0.0,0.0,0.0,0.0,0.0,0.0,0.0,0.0,0.0,0.0,0.0,0.0,0.05512589400087456,0.0,0.0,0.16046562168444828,0.0,0.09238318809280353,0.0,0.0,0.0,0.0,0.0,0.05014225211266072,0.0,0.0,0.19774446465949555,0.17139473529425175,0.0,0.0,0.0,0.0,0.0,0.0,0.0,0.0,0.0,0.0,0.0,0.0,0.10228445277686987,0.0,0.0,0.0,0.08722453780248675,0.12400989055884755,0.0,0.0,0.0,0.0,0.1448627916592469,0.0,0.0,0.0426034411531218,0.0,0.0,0.0,0.0,0.0,0.0,0.0,0.0,0.0,0.0,0.0,0.0,0.04542269764011943,0.0,0.0,0.0,0.0,0.0,0.0,0.0,0.0,0.0,0.05784411235295796,0.0,0.0,0.0,0.0,0.0,0.0,0.0,0.0,0.043270005144521714,0.0,0.0,0.0,0.0,0.0,0.0,0.0,0.0,0.0,0.0,0.0,0.0,0.0,0.0,0.0,0.0,0.15190697913854642,0.0,0.0,0.0,0.0419594769556756,0.0,0.0,0.06482909036162968,0.16082949643193636,0.0,0.0,0.0,0.0,0.0,0.0,0.0,0.0,0.0,0.0,0.0,0.0,0.0,0.0,0.0,0.0,0.0,0.0,0.0,0.0,0.0,0.0,0.0,0.0,0.0,0.0,0.0,0.0,0.0,0.0,0.0,0.0,0.0,0.0,0.0,0.0,0.0,0.0,0.0,0.0,0.0,0.0,0.0,0.0,0.06282775424117179,0.0,0.0,0.0,0.0,0.0,0.0,0.0,0.0,0.0,0.10549680901593245,0.0,0.0,0.0,0.0,0.0,0.0,0.0,0.0,0.0,0.0,0.0,0.0,0.0,0.0,0.0,0.0,0.0,0.12902512237968192,0.0,0.0,0.0,0.0,0.0,0.0,0.0,0.0,0.0,0.0,0.03722093684979226,0.05512589400087456,0.0,0.0,0.0,0.0,0.0,0.0,0.05274840450796622,0.0,0.0,0.0,0.0,0.0,0.0,0.0,0.0,0.0,0.11568822470591592,0.0,0.0,0.05274840450796622,0.0,0.0419594769556756,0.0,0.0,0.0,0.0,0.0,0.0,0.0,0.08329100161187028,0.1462036858482703,0.0,0.10603004372074162,0.0,0.0,0.0,0.0,0.0,0.0,0.0,0.0,0.0,0.0,0.0,0.0,0.0,0.0,0.0,0.0,0.0,0.0,0.0,0.0,0.0,0.0,0.0,0.0,0.0,0.0,0.07972680372576132,0.0,0.0,0.0,0.0,0.0,0.0,0.10663093052399698,0.0,0.11025178800174912,0.04873456194942343,0.0,0.0,0.0,0.039581987462767275,0.0,0.0,0.033031699466330035,0.0,0.12965818072325935,0.0,0.0,0.0,0.0,0.0,0.0,0.0,0.0,0.0,0.0,0.0,0.0,0.0,0.03625895283583623,0.0,0.0,0.0,0.0,0.0,0.0,0.0,0.08826208874822149,0.0,0.0,0.0,0.10228445277686987,0.04580645058241615,0.0,0.0,0.0,0.11872906711345589,0.0,0.0,0.0,0.10132597275811274,finance
Dokumen_165,0.0,0.0,0.05966152951992325,0.0,0.0,0.0,0.0,0.02136204461360354,0.0,0.0,0.0,0.0,0.0,0.0,0.0,0.0,0.4282802469335754,0.0,0.04284068216579652,0.0,0.0,0.0,0.0,0.0,0.0,0.0,0.0,0.0,0.0,0.0,0.0,0.12218279235500788,0.0,0.0,0.07167665389665989,0.057129037921692716,0.0,0.0,0.0,0.0,0.06245198695741283,0.04284068216579652,0.0,0.0,0.0,0.032508040912922795,0.0,0.0,0.0,0.0,0.0,0.0,0.0,0.0,0.044671119403745733,0.0,0.0,0.0,0.06501608182584559,0.0,0.0,0.0,0.0,0.0,0.0,0.0,0.0,0.10550854629234856,0.0,0.0,0.0,0.0,0.0,0.0,0.0,0.0,0.0,0.0,0.0,0.0,0.0,0.05128374776882502,0.0,0.13162021768199847,0.0,0.0,0.0,0.048744438113939886,0.0,0.0,0.029395155389869136,0.04174346337797256,0.0,0.0,0.04174216471810625,0.0,0.0,0.046784204117872964,0.03422376687951995,0.0,0.0,0.04839876418668296,0.0,0.0,0.0,0.0,0.0,0.0,0.0,0.0,0.0,0.0,0.0,0.0,0.0,0.0,0.0,0.0,0.0,0.0,0.0,0.0,0.0,0.0,0.0,0.0,0.0,0.02961143340989642,0.15372482290844652,0.0,0.0,0.026860656185757507,0.0,0.0,0.0,0.08818666872227161,0.0,0.0,0.0,0.0,0.0,0.16912439062361076,0.0,0.015606722974963272,0.0,0.0,0.0,0.03471810442558926,0.0,0.0,0.03098336914609126,0.0,0.0,0.0,0.0,0.0,0.0,0.0,0.0,0.052345064757220436,0.0,0.0,0.0,0.0,0.0,0.0,0.05633432042663256,0.029830764759961624,0.0,0.0,0.0,0.0,0.018665556240353404,0.0,0.04122612209698652,0.0,0.0,0.0,0.0,0.0,0.38054181525417685,0.06344903624804728,0.0,0.0,0.0,0.040727597451669297,0.0,0.0,0.0,0.0,0.0,0.035838326948329946,0.0,0.031225993478706415,0.0,0.0,0.0,0.0,0.0,0.0,0.0,0.0,0.0,0.0,0.0,0.0,0.0,0.0,0.0,0.0,0.0,0.0,0.0,0.03618538135708612,0.0,0.0,0.0,0.0,0.0,0.0,0.0,0.0,0.0,0.0,0.0,0.0,0.040727597451669297,0.0753375283725583,0.0,0.0,0.0,0.0,0.0,0.0,0.0,0.029830764759961624,0.0,0.0,0.0,0.0,0.03484696132690858,0.0,0.0,0.0307449645816893,0.0,0.0,0.03362767657725892,0.0,0.0,0.0,0.035838326948329946,0.0,0.0,0.043424085824919426,0.0,0.0,0.03277949368293981,0.0,0.0,0.0,0.0,0.0,0.0,0.0,0.09043631276971938,0.0,0.04174346337797256,0.0,0.0,0.0,0.0,0.09067986184258565,0.0,0.0,0.0,0.031225993478706415,0.0,0.2504607802678353,0.0,0.0,0.0,0.0,0.0,0.0,0.0,0.02633672297536707,0.0,0.0,0.039332368732924505,0.0,0.0,0.0,0.0,0.0,0.0,0.0,0.0,0.0,0.0,0.0,0.016580475452068307,0.0,0.0,0.0,0.0,0.0,0.0,0.0,0.0,0.0,0.0,0.0,0.0,0.0,0.0,0.0,0.0,0.0,0.0,0.0,0.0,0.18713681647149186,0.0,0.0,0.0,0.0,0.0,0.0,0.0,0.0,0.0,0.0,0.039332368732924505,0.0,0.0,0.0,0.0,0.0,0.0,0.0,0.0,0.0,0.0,0.0,0.0,0.0,0.0,0.0,0.0,0.0,0.0,0.044671119403745733,0.0,0.0,0.040727597451669297,0.0,0.05790036815964583,0.0,0.0,0.0,0.04024656855465218,0.0,0.0,0.0,0.0,0.0,0.049283452873369264,0.09513545381354421,0.04604305513994058,0.0,0.0,0.0,0.0,0.0,0.0,0.0,0.0684475337590399,0.06294597931076208,0.0,0.0,0.0,0.0,0.024420877878993674,0.0,0.0,0.0,0.0,0.0,0.038897160213720076,0.02722141166205338,0.0,0.0,0.0,0.0,0.0,0.0,0.0,0.039332368732924505,0.0,0.0,0.04284068216579652,0.0,0.0,0.0,0.0,0.03806612293380923,0.0,0.0,0.0,0.033339078192833646,0.0,0.0,0.0,0.0,0.0,0.030053662629347666,0.03516951543078285,0.0,0.0,0.036907017282709606,0.0,0.0,0.0,0.0,0.0,0.0,0.0,0.043424085824919426,0.0,0.0,0.0,0.0,0.0,0.0,0.02616643610313721,0.0,0.29039258512009775,0.0,0.0,0.0,0.05922286681979284,0.0,0.0,0.0,0.19359505674673183,0.028767602926133735,0.0,0.0,0.0,0.0,0.0,0.0,0.0,0.0,0.03978184890040639,0.0703390308615657,0.08176062668900295,0.0,0.0,0.028564518960846358,0.0,0.0,0.023837474219870765,0.0,0.0,0.0,0.0,0.04284068216579652,0.0,0.0,0.04284068216579652,0.337714848545015,0.0,0.0,0.0,0.0,0.0,0.046784204117872964,0.0,0.043424085824919426,0.0,0.0,0.0,0.0,0.0,0.0,0.15923683152241946,0.0,0.08145519490333859,0.0,0.0,0.03305643071665562,0.0,0.0,0.0,0.0,0.0,0.0,0.0,0.16086915494466483,finance
Dokumen_166,0.0,0.0,0.0,0.0,0.0,0.0,0.0,0.023040225170684152,0.0,0.0,0.0,0.0,0.0,0.0,0.0,0.0,0.46192550872316623,0.0,0.0,0.0,0.0,0.0,0.0,0.0,0.0,0.02822204478248682,0.0,0.0,0.0,0.0,0.0,0.0,0.0,0.0,0.0,0.0,0.0,0.0,0.0,0.0,0.101037227560543,0.13861860810885537,0.039806395125233145,0.041056558940589155,0.0,0.0,0.0,0.0,0.0,0.0,0.0,0.0,0.0,0.0372446079034074,0.0,0.0,0.0,0.0,0.0,0.0,0.0,0.0,0.0,0.07315567332774826,0.0,0.0,0.0,0.037932396890186855,0.0,0.0,0.0,0.0,0.0,0.0,0.0,0.0,0.0,0.0,0.0,0.10835031308100543,0.0,0.018437515658619015,0.0,0.03154670410649267,0.0,0.0,0.06034045360155808,0.0,0.0,0.0,0.047556613472186746,0.1350683625602335,0.0,0.0,0.07503564473134948,0.0,0.0,0.0,0.11073705387606067,0.0,0.0,0.0,0.0,0.0,0.0,0.0,0.0,0.0,0.0,0.0,0.0,0.0,0.0,0.0,0.0,0.0,0.0,0.0,0.0,0.0,0.0,0.0,0.0,0.0,0.0,0.0,0.0,0.0,0.0,0.0,0.0,0.0,0.0,0.0,0.027336462919588314,0.03170484132278507,0.0,0.0,0.0,0.02134174361276666,0.0,0.0,0.0,0.033665542603600614,0.0,0.0,0.0,0.018722761747148278,0.0,0.083053069640078,0.033417391199425536,0.0,0.042907070598841884,0.0,0.0,0.0,0.0,0.0,0.0,0.07527631993380658,0.0,0.0,0.0,0.0,0.0,0.035061839633767494,0.030379943749404413,0.032174239381821255,0.04242227972531545,0.0,0.0,0.0,0.06039571021773065,0.0,0.0,0.0,0.0,0.0,0.033679075853514324,0.0,0.051304599284083346,0.06843352817861695,0.0,0.0936708759235649,0.0,0.0,0.0,0.0,0.0,0.0,0.05315511094233607,0.0773074991243387,0.0,0.033679075853514324,0.0,0.0,0.0,0.0,0.07253886548046944,0.0,0.0,0.0,0.0,0.0,0.0,0.0,0.0,0.04793744749162857,0.0,0.0,0.0,0.0,0.0,0.03902806821325618,0.0,0.0,0.0,0.0,0.0,0.0,0.0,0.0,0.0,0.05756005573952398,0.2018380949584973,0.0,0.0,0.0,0.0,0.0,0.0,0.0,0.0,0.0,0.03394547579929749,0.032174239381821255,0.0,0.0,0.0,0.0,0.037584503263082505,0.0,0.0,0.033160257814260616,0.0,0.0,0.0,0.0,0.0,0.0,0.0,0.0,0.0,0.0,0.0,0.0,0.0,0.0,0.0,0.0,0.0,0.04683543796178245,0.0,0.0,0.07315567332774826,0.0,0.04502278752007784,0.05220092200977346,0.0,0.0,0.0,0.0,0.0,0.0,0.0,0.0,0.03535461745805943,0.0,0.0,0.0,0.0,0.0,0.0,0.0,0.0,0.028405709218675156,0.04195288166627926,0.047492648246901595,0.0,0.0,0.0,0.0,0.0,0.0,0.0,0.0,0.0,0.0,0.0,0.0,0.0,0.0,0.0,0.0,0.0,0.0,0.0,0.0,0.0,0.0,0.0,0.0,0.0,0.0,0.0,0.0,0.0,0.04890178990566354,0.0,0.0,0.05315511094233607,0.0,0.0,0.0,0.0,0.0,0.0,0.0,0.0,0.0,0.0,0.0,0.0,0.0,0.0,0.0,0.0,0.0,0.0,0.0,0.0,0.0,0.0,0.0,0.0,0.0,0.0,0.0,0.0,0.0,0.0,0.04818043723368105,0.047492648246901595,0.0,0.17570846478803406,0.0,0.0,0.0,0.0,0.5080881874180139,0.04340829815775481,0.0,0.0,0.0,0.0,0.0,0.0,0.0,0.0,0.0,0.0,0.0,0.0,0.0,0.0,0.0,0.0,0.0,0.0,0.0,0.0,0.0,0.0,0.0917780349343998,0.0,0.0,0.0,0.0,0.0,0.08807969445371332,0.0,0.0,0.0,0.0,0.0,0.0,0.0,0.0848445594506309,0.0,0.0,0.0,0.0,0.0,0.0,0.0,0.0,0.0,0.0,0.0,0.0,0.0,0.0,0.0,0.0,0.0,0.0,0.0,0.0,0.02750938649298505,0.0,0.0,0.0,0.0,0.0,0.0,0.0,0.0,0.0,0.0,0.029963443052635944,0.0,0.0,0.0,0.0,0.11288817912994728,0.0,0.0,0.0,0.0,0.0,0.0638753551667304,0.0,0.0,0.0,0.10440184401954691,0.0,0.0,0.0,0.0,0.0,0.0,0.04683543796178245,0.0,0.0,0.0,0.0,0.04409182929548014,0.0,0.0,0.09242555579128489,0.0,0.0,0.0,0.0,0.0,0.0,0.0,0.0,0.0,0.0,0.41585582432656615,0.0,0.0,0.0,0.0,0.09932030169948279,0.04683543796178245,0.0,0.02822204478248682,0.0,0.0,0.0,0.0,0.0,0.0,0.0,0.05152389464732907,0.0,0.0,0.0,0.0,0.035653310384243575,0.0,0.0,0.0,0.0,0.0,0.0,0.0,0.047320056159739006,finance
Dokumen_167,0.0,0.0,0.06111384655669516,0.0,0.04075024272767246,0.0,0.0,0.06564615727210353,0.0,0.0,0.0,0.0,0.0,0.0,0.0,0.0,0.10967642593550002,0.0,0.0,0.0,0.0,0.041719013262189124,0.0,0.0,0.09908013074265727,0.0,0.0,0.0,0.0,0.0,0.0,0.0,0.0,0.0,0.0,0.02925985375812436,0.0,0.0,0.0,0.0,0.031986115498442935,0.08776707192497747,0.0,0.07798550304374109,0.0,0.06659874261345246,0.0,0.0,0.04448114118634318,0.0,0.0,0.0,0.0,0.0,0.0,0.0,0.0,0.0,0.0,0.0,0.0,0.1093333201296324,0.0,0.04631888409696466,0.0,0.0,0.0,0.0,0.0,0.0,0.0,0.0,0.0,0.04510531520400382,0.0,0.0,0.0,0.045758530810790995,0.1441025321881792,0.0,0.0,0.035021418516707876,0.0,0.044941398876307916,0.0,0.0,0.02865364724558612,0.033287336472467934,0.0,0.0,0.045166065062246775,0.04275960801129861,0.0,0.0,0.12827483321600514,0.033577431944254305,0.0,0.0,0.0,0.0,0.0,0.0,0.02826357762551325,0.0,0.0,0.0,0.29560771307162403,0.0,0.0,0.0,0.0,0.04222967329594629,0.0,0.0,0.0,0.0,0.0,0.0,0.0,0.0,0.0,0.0,0.0,0.0,0.0,0.0,0.0,0.0,0.0,0.0,0.0,0.0,0.0,0.0,0.025962329372336806,0.0,0.0,0.0,0.0,0.06080684747157747,0.0,0.0,0.0,0.09591978759038507,0.0,0.0,0.0,0.035563233522134995,0.0,0.07887820584989583,0.03173758505757632,0.0,0.0,0.0,0.0,0.0,0.0,0.0,0.0,0.0,0.04448114118634318,0.0,0.0,0.0,0.07074483488051525,0.0,0.0,0.03055692327834758,0.1611592841683751,0.0,0.028072532456201556,0.02826357762551325,0.01911992449988046,0.0,0.0,0.0,0.0,0.0,0.031986115498442935,0.0,0.0,0.0,0.0,0.0,0.0,0.20859506631094563,0.0,0.0,0.0,0.04448114118634318,0.0,0.036710725179070584,0.0,0.28787503948598636,0.13430972777701722,0.0,0.0,0.0,0.03444626181959502,0.15276062298937768,0.0,0.0,0.0,0.0,0.18355362589535296,0.0,0.0,0.09105551107381561,0.0,0.0,0.0,0.0,0.0,0.0,0.0,0.0,0.0,0.0,0.0,0.0,0.0,0.0,0.0,0.0273333300324081,0.0,0.0,0.0,0.23151432016423706,0.0,0.0,0.0,0.0,0.0,0.0,0.0,0.0,0.0,0.0,0.0,0.0,0.0,0.0,0.0,0.0,0.0,0.09915383235526612,0.0,0.0,0.0,0.0,0.0,0.0,0.04222967329594629,0.0,0.0,0.0,0.033577431944254305,0.0,0.0,0.0,0.0,0.0,0.045758530810790995,0.0,0.0,0.0,0.0,0.04957691617763306,0.0,0.04331032970800049,0.0,0.0,0.0,0.0,0.055768103458219975,0.0,0.0,0.0,0.0,0.0,0.0,0.0,0.038992751521870546,0.0,0.0,0.026977827415324396,0.0,0.0,0.0,0.0,0.0,0.0,0.0,0.0,0.0,0.0,0.03101734496392627,0.0,0.0,0.0,0.0,0.0,0.0,0.0,0.0,0.0,0.0,0.0,0.0,0.0,0.0,0.0,0.0,0.0,0.0,0.0,0.0,0.13933086882845033,0.0,0.0,0.0,0.0,0.0,0.0,0.0,0.0,0.0,0.0,0.0,0.0,0.0,0.0,0.040289821042093776,0.0,0.04510531520400382,0.0,0.0,0.0,0.0,0.0,0.2875383210665437,0.0,0.0,0.0,0.0,0.0,0.0,0.0,0.0,0.0,0.0,0.09151706162158199,0.09021063040800764,0.0,0.041719013262189124,0.0,0.0,0.0,0.0,0.42893146980987945,0.041226274868819184,0.0,0.0,0.0,0.0,0.0,0.0,0.0,0.0,0.0,0.0,0.0,0.0,0.023844534180508112,0.0,0.0,0.03505686251252814,0.06447824841088269,0.031986115498442935,0.0,0.0,0.0,0.05003069131770159,0.029054863207452666,0.0,0.0,0.0,0.0,0.0,0.027884051729109988,0.0,0.0,0.038992751521870546,0.0,0.0,0.0,0.08245254973763837,0.0,0.0,0.0,0.0,0.09827772914845079,0.0,0.0,0.0,0.0,0.16300097091068985,0.0,0.0,0.0,0.0,0.0,0.0,0.0,0.0,0.0,0.0,0.0,0.0,0.0,0.0,0.0,0.0,0.0,0.0,0.0,0.0,0.0,0.0,0.0,0.0,0.0,0.0,0.0,0.026803395317055775,0.0,0.0,0.0,0.0,0.0,0.0,0.041719013262189124,0.0,0.0,0.0,0.029467881316126432,0.0394119349888595,0.0,0.0,0.0,0.0,0.0,0.0,0.0,0.0,0.0360256330470448,0.041875446657652075,0.0,0.0,0.02925985375812436,0.0,0.0,0.04883548086999271,0.0,0.0,0.0,0.03819015574734442,0.0,0.0,0.0,0.08776707192497747,0.0,0.05145191102593532,0.0,0.0,0.09432772607293367,0.0,0.0,0.0,0.0,0.0,0.0,0.0,0.0,0.0,0.0,0.08155653539342902,0.0,0.0,0.0,0.0,0.0,0.0,0.0,0.0,0.0,0.0,0.07074483488051525,0.0,0.16478512921312902,finance
Dokumen_168,0.0,0.10079321603185379,0.0,0.0,0.0,0.0,0.0,0.08388486072033191,0.0,0.0,0.0,0.0,0.0,0.0,0.0,0.0,0.0,0.0,0.0,0.0,0.0,0.0,0.0,0.0,0.0,0.0,0.0,0.0,0.0,0.0,0.0,0.0,0.0,0.0,0.0,0.0,0.0,0.15108567574895232,0.0,0.0,0.0,0.0,0.0,0.0,0.0,0.0,0.0,0.0,0.0,0.0,0.0,0.0,0.0,0.04520006095738938,0.0,0.0,0.0,0.0,0.0,0.0,0.0,0.0,0.0,0.05918782306007435,0.0,0.0,0.0,0.0,0.0,0.0,0.0,0.0,0.0,0.23054833616239107,0.0,0.0,0.0,0.0,0.0,0.0,0.0,0.0,0.0,0.0,0.060267565479085294,0.0,0.0,0.04253567458898911,0.0,0.0,0.03847647483083833,0.0,0.0,0.0,0.05463796087686111,0.0,0.0,0.0,0.0,0.0,0.0,0.0,0.0,0.0,0.0,0.0,0.0,0.0,0.0,0.0,0.0,0.16188747719133914,0.0,0.0,0.0,0.0,0.0,0.0,0.0,0.0,0.0,0.0,0.0,0.0,0.0,0.0,0.0,0.0,0.0,0.0,0.0,0.07031793831083413,0.0,0.0,0.0,0.0,0.0,0.0,0.0,0.0,0.0,0.0,0.0,0.020428253423861693,0.0,0.0,0.0,0.0,0.0,0.0335977386772846,0.04055535027159659,0.0,0.0,0.0,0.0,0.0,0.0,0.0,0.0,0.06851651368864428,0.0,0.0,0.0,0.0,0.04520006095738938,0.0,0.0,0.0,0.0,0.0,0.0,0.0,0.024432080571109113,0.0,0.0,0.0,0.0,0.0,0.0,0.0,0.0,0.0,0.0,0.0,0.0,0.0,0.0,0.0,0.0,0.0,0.06450904949842626,0.04691019545628981,0.0,0.2452375848093895,0.04290636830904239,0.0,0.0,0.0,0.0,0.048800661438184983,0.0,0.0,0.0,0.0,0.0,0.0,0.0,0.05817689246139257,0.0,0.057637084040597766,0.0,0.0,0.0,0.047364468619548565,0.0,0.0,0.0,0.0,0.0,0.0,0.0,0.0,0.0,0.0,0.0,0.0,0.0,0.0,0.0,0.0,0.0,0.0,0.0,0.0,0.0,0.0,0.0,0.0,0.0,0.0,0.18245023203899635,0.0,0.0,0.0,0.0,0.0,0.04401658825353244,0.0,0.0,0.0,0.0,0.0,0.0,0.0,0.0,0.0,0.0,0.0,0.0,0.0,0.0,0.0,0.0,0.0,0.0,0.04440247047056644,0.05463966074382888,0.06335104568674561,0.0,0.055343391392250765,0.0,0.0,0.0,0.0,0.0,0.0,0.0,0.0,0.0,0.0,0.0,0.0,0.0,0.0,0.0,0.03447317237308144,0.10182804520707447,0.0,0.0,0.0,0.0,0.0,0.0,0.0,0.06123768452139337,0.0,0.0,0.0,0.0,0.0,0.0,0.0,0.0,0.0,0.0,0.0,0.0,0.0,0.0,0.0,0.0,0.0,0.0,0.0,0.06335104568674561,0.06851287664567368,0.0,0.35608331123698916,0.0,0.0,0.0,0.0,0.0,0.06574697696798168,0.0,0.0,0.0,0.0,0.0,0.0,0.0,0.0,0.0,0.0,0.0,0.0,0.0,0.0,0.0,0.0,0.0,0.0,0.0,0.0,0.0,0.0,0.15636800010238008,0.0,0.0,0.0,0.0,0.0,0.0,0.0,0.053309953884773296,0.0,0.0,0.050361891916317444,0.0,0.6166158898110632,0.0,0.0,0.0,0.0,0.046034761760492975,0.0,0.0,0.0,0.0,0.0,0.0,0.0,0.0,0.0,0.0,0.0,0.0,0.0,0.0,0.0,0.0,0.0,0.0,0.037127278346286124,0.0,0.0,0.0,0.0,0.0,0.0,0.0,0.0,0.0,0.0,0.0,0.0,0.052680316245389915,0.0,0.0,0.0,0.0,0.0,0.0,0.0,0.0,0.0,0.0,0.0,0.0,0.0,0.0,0.0,0.0,0.0,0.0,0.0,0.0,0.0,0.0,0.04830904626035431,0.0,0.0,0.0,0.0,0.056839493553774816,0.06574697696798168,0.0,0.056839493553774816,0.0,0.0363636383549766,0.0,0.0,0.0,0.0,0.03425027718962435,0.0,0.0,0.0,0.0,0.0,0.0,0.0,0.0,0.0,0.0,0.037655046733054996,0.0,0.0,0.0,0.0,0.0,0.0,0.0,0.050361891916317444,0.05207202641521788,0.0,0.05350984972233201,0.0,0.0,0.0,0.0,0.0,0.06240361479209709,0.0,0.0,0.0,0.0,0.0,0.0,0.0,0.3364551213747918,0.0,0.0,0.0,0.0,0.0,0.0,0.06123768452139337,0.03425027718962435,0.0,0.0,0.0,0.0,0.0,0.0,0.0,0.0416862701282158,0.0,0.0,0.0,0.0,0.0,0.0,0.0,0.0,0.0,0.0,0.04520006095738938,0.0,0.019142542087115678,finance
Dokumen_169,0.0,0.0,0.0,0.0,0.0,0.0,0.0,0.01852484149392098,0.0,0.0,0.0,0.0,0.0,0.0,0.0,0.0,0.0,0.04057055311788548,0.2972063249441753,0.03531835556320948,0.0,0.0,0.0,0.0,0.08387895621658888,0.06807341104831534,0.0,0.0,0.0,0.0,0.0,0.0,0.0,0.035750668583913216,0.0,0.0,0.0,0.2669218899541337,0.0,0.0,0.0,0.11145237185406573,0.0,0.0,0.0,0.0,0.0653315633821248,0.0,0.07531341886747946,0.2586472486723972,0.0,0.0,0.0,0.0,0.03873811806307305,0.0,0.0,0.0,0.0,0.0,0.0,0.0,0.035750668583913216,0.0,0.0,0.0,0.0,0.060996942058474425,0.03765670943373973,0.0,0.0,0.0,0.0,0.0,0.0,0.0,0.0,0.0,0.0,0.0,0.0,0.08894497842465174,0.0,0.11413905897386349,0.0,0.0,0.048515035350540595,0.028180292230265552,0.0,0.0,0.05098206694500904,0.0,0.0,0.0,0.08446240349835944,0.02842588037386419,0.03873811806307305,0.16228221247154193,0.029678332211902574,0.0,0.09511549662736589,0.0,0.023927293720797584,0.0,0.15581176796780966,0.0,0.035750668583913216,0.0,0.0,0.0,0.0,0.0,0.0,0.0,0.0,0.0,0.0,0.0,0.0,0.0,0.0,0.0,0.0,0.0,0.03992783995124245,0.0,0.0,0.0,0.0,0.03373102811815835,0.10347514927832813,0.0,0.02707870852937365,0.0,0.0,0.05098276216864502,0.0,0.0,0.0,0.2230699305723245,0.0,0.0,0.0,0.0,0.04355800259704532,0.0,0.0,0.01505350712178261,0.0,0.0,0.0,0.0,0.0,0.0,0.0,0.0,0.0,0.0,0.0,0.0,0.07531341886747946,0.0,0.07531341886747946,0.0,0.0,0.028190480643706866,0.0,0.0,0.0,0.0,0.023765559281491003,0.023927293720797584,0.0,0.03992783995124245,0.2502546800873925,0.02494682948219852,0.0,0.0,0.0,0.0,0.0,0.0,0.0,0.0,0.037150790618021914,0.0,0.0,0.03301036517767913,0.0,0.0,0.0,0.0,0.0,0.0,0.05685176074772838,0.0,0.0,0.0,0.029161411731434283,0.0,0.0,0.0,0.0,0.026258569712039007,0.0,0.0,0.0,0.057814123548724644,0.0,0.0,0.0,0.0,0.0,0.0,0.0,0.0,0.0,0.0,0.0,0.0,0.0,0.0,0.0,0.0,0.0,0.0,0.0,0.1306631267642496,0.0,0.0,0.0,0.0,0.0,0.0,0.0,0.0,0.0,0.0,0.0,0.0,0.0,0.0,0.0,0.0,0.0,0.0,0.0,0.0,0.0,0.0,0.0,0.0,0.0,0.03765670943373973,0.0,0.0,0.0,0.0,0.2937947260639593,0.0,0.0,0.0,0.0,0.0,0.0,0.0,0.03619929910603212,0.0,0.0,0.03666552740770002,0.0,0.039318101279847105,0.0,0.0,0.0,0.0541574170587473,0.0,0.0,0.0,0.0,0.0,0.0,0.0,0.0,0.0,0.0,0.0,0.22911072466943389,0.20465060612050717,0.0,0.0,0.0,0.0,0.0,0.0,0.0,0.0,0.0,0.11621435418921915,0.0,0.07189168574430767,0.0,0.0,0.0,0.0,0.034108434353417864,0.0,0.0,0.0,0.0,0.0,0.0,0.0,0.0,0.0,0.0,0.0,0.0,0.0,0.0,0.0,0.0,0.0,0.0,0.0,0.359350559561182,0.0,0.0,0.0,0.0,0.0,0.0,0.0,0.0,0.0,0.0,0.0,0.0,0.0,0.0,0.0,0.0,0.0,0.0,0.0,0.0,0.0,0.0,0.0,0.0,0.0,0.0,0.0,0.0,0.0,0.0,0.0,0.0,0.0,0.0,0.03490121459040377,0.0,0.0,0.0,0.030498471029237213,0.0,0.0,0.0,0.0,0.0,0.0,0.11145237185406573,0.0,0.0,0.0,0.0,0.0,0.0,0.0,0.0,0.0,0.0,0.0,0.0,0.0,0.03449821674587484,0.0,0.0,0.10119308435447505,0.07081798751967579,0.0,0.08394135030398836,0.03301036517767913,0.0,0.03233090608404965,0.0,0.0,0.034108434353417864,0.0,0.032005206315326835,0.0,0.0,0.0,0.0,0.0,0.0,0.0,0.0,0.0,0.0,0.0,0.0,0.0,0.0,0.0,0.0521241619508561,0.0,0.0,0.0,0.032005206315326835,0.0,0.0,0.0,0.0,0.0,0.0,0.0,0.03765670943373973,0.0,0.0,0.0,0.0,0.0,0.0,0.022691137016105114,0.0,0.0,0.0,0.0,0.0,0.0,0.0,0.0,0.0,0.0,0.0,0.0,0.0,0.0,0.03373102811815835,0.0,0.03765670943373973,0.03336523624426671,0.0,0.0,0.030498471029237213,0.10635236541634079,0.0,0.0,0.0,0.0,0.0,0.06201448965105074,0.0,0.0,0.0,0.03233090608404965,0.0,0.0,0.0,0.0,0.0,0.0,0.0,0.0,0.0,0.0,0.0,0.022691137016105114,0.0,0.0,0.039318101279847105,0.0,0.0,0.0,0.0,0.11047021452500996,0.0,0.0,0.0,0.0,0.0,0.0,0.0,0.0,0.0,0.03531835556320948,0.0,0.0,0.17754964729267655,finance
Dokumen_170,0.0,0.0,0.12489902725199939,0.0,0.08328171050806764,0.0,0.0,0.0,0.0,0.0,0.0,0.0,0.0,0.0,0.0,0.0,0.0,0.0,0.0,0.0,0.0,0.0,0.0,0.0,0.0,0.05477838805393132,0.0,0.0,0.0,0.0,0.0,0.0,0.0,0.0,0.0,0.05979867866008394,0.0,0.0,0.0,0.0,0.0,0.0,0.0,0.0,0.0,0.06805428423581385,0.0,0.0,0.0,0.1560992662774265,0.0,0.0,0.0,0.0,0.0,0.0,0.0,0.0,0.0,0.0,0.0,0.0,0.0,0.04733120146301125,0.0,0.0,0.0,0.0,0.0,0.0,0.0,0.0,0.0,0.0,0.0,0.0,0.0,0.0,0.0,0.0,0.0,0.03578682534459759,0.0,0.06123148101729193,0.0,0.0,0.0,0.0,0.4979056744816285,0.0,0.06153758282194213,0.0,0.0,0.0,0.08738555331443852,0.2744902390372045,0.0,0.0,0.0,0.0,0.0,0.0,0.057762578384149346,0.0,0.0,0.0,0.08630523871444316,0.0,0.0,0.0,0.0,0.0,0.0,0.0,0.0,0.0,0.0,0.0,0.0,0.0,0.0,0.0,0.0,0.0,0.0,0.0,0.0,0.12398070442355551,0.0,0.0,0.0,0.11246342009489363,0.0,0.0,0.0,0.0,0.0,0.0,0.0,0.0414238699703682,0.0,0.0,0.0,0.06534410142848951,0.0,0.0,0.0,0.0,0.0,0.05373474663604784,0.0,0.0,0.0,0.0,0.0,0.0,0.0,0.0,0.0,0.0,0.0,0.0,0.09090658792159556,0.0,0.0,0.0,0.0,0.0,0.0,0.10132087822349518,0.05737213731141981,0.0,0.07815119177456267,0.0,0.0,0.0,0.0,0.0,0.0,0.0,0.0,0.0,0.0,0.09090658792159556,0.0,0.0,0.0,0.0,0.0,0.0,0.0,0.0,0.0,0.0,0.0,0.0,0.0,0.0,0.0,0.0,0.0,0.1395880551259667,0.08328171050806764,0.0,0.0,0.0,0.0,0.0,0.0,0.0,0.0,0.0,0.1870344057445792,0.0,0.0,0.0,0.0,0.0,0.0,0.07804963313871326,0.0,0.1095764837992251,0.0,0.0,0.0,0.0,0.25578479188967906,0.07885805212352309,0.0,0.17937051136220844,0.0,0.0,0.0,0.0,0.0,0.0,0.0,0.0,0.0,0.0,0.0,0.0,0.0,0.0,0.0,0.0,0.0,0.0,0.0,0.0,0.0,0.0,0.0,0.09090658792159556,0.0,0.0,0.06862255975930112,0.0,0.0,0.0,0.0,0.0,0.0,0.0,0.04733120146301125,0.0,0.0,0.0,0.0,0.0,0.0,0.0,0.0,0.0,0.0,0.0,0.0,0.0,0.0,0.0,0.0,0.0,0.0,0.0,0.0,0.05513487681421684,0.0,0.0921822190925032,0.0,0.0,0.0,0.0,0.0,0.0,0.0,0.0,0.12678096477989353,0.0,0.0,0.0,0.0,0.0,0.0,0.0,0.0,0.0,0.0,0.0,0.0,0.0,0.0,0.0,0.0,0.0,0.0,0.0,0.0,0.0,0.0,0.0,0.0,0.0,0.0,0.0,0.08054659655011223,0.0,0.0,0.0,0.0,0.0,0.0,0.0,0.0,0.0,0.0,0.0,0.0,0.0,0.0,0.0,0.0,0.0,0.0,0.0,0.0,0.0949173330504586,0.0,0.0,0.0,0.0,0.0,0.0,0.0,0.0,0.08526159729655969,0.0,0.0,0.0,0.0,0.0,0.0842545825284003,0.0,0.0,0.0,0.0,0.0,0.0,0.0,0.0,0.0,0.0,0.0,0.0,0.09746266328236051,0.0,0.0,0.0,0.0,0.1307407383568776,0.0,0.07804963313871326,0.0,0.0,0.059379737261083726,0.11246342009489363,0.0,0.0,0.0,0.0,0.0,0.0,0.0,0.0,0.0,0.0,0.0,0.0,0.0,0.0,0.0,0.0,0.0,0.0,0.0,0.0,0.0,0.08328171050806764,0.0,0.0,0.0,0.0,0.08142965010537431,0.0,0.0,0.0,0.0,0.29450389901667484,0.0,0.05339513348704735,0.0,0.0,0.0,0.0,0.0,0.0,0.0,0.0,0.09090658792159556,0.0,0.0,0.0,0.0,0.0,0.0,0.0,0.0,0.0,0.0,0.0,0.0,0.061990352211777754,0.0,0.0,0.0,0.0,0.06022382682371595,0.0,0.0,0.0,0.0,0.0,0.09090658792159556,0.0,0.08054659655011223,0.08328171050806764,0.0,0.04279065095691275,0.0,0.0,0.0,0.0,0.0,0.09980559888972494,0.0,0.0,0.0,0.07804963313871326,0.0,0.0,0.0,0.0,0.0,0.0,0.08234074174412058,0.0,0.0,0.0,0.09794086125683414,0.0,0.0,0.0,0.0,0.0,0.0,0.0,0.0921822190925032,0.06667118835161331,0.0,0.0,0.0,0.0,0.0,0.0,0.0,0.0,0.0,0.0,0.0,0.0,0.1530787025432298,finance
Dokumen_171,0.0,0.036198662333043835,0.0,0.0,0.0,0.0,0.0,0.15063115691784615,0.0,0.0,0.0,0.0,0.0,0.0,0.0,0.0,0.0,0.0,0.0,0.05743687211216238,0.0,0.11487374422432475,0.0,0.0,0.0,0.0,0.0,0.0,0.0,0.0,0.0,0.0,0.0,0.0,0.0,0.0,0.0,0.0,0.049598480795282014,0.0,0.0440370536499242,0.0,0.0,0.0,0.0,0.0,0.0,0.0,0.0,0.0,0.0,0.0,0.0,0.0,0.0,0.0,0.0,0.0,0.09169017105652816,0.0,0.0,0.07526261331275655,0.05813992601392581,0.0,0.0,0.0,0.0,0.0,0.0,0.0,0.0,0.0,0.0,0.0,0.0,0.0,0.0,0.0,0.0,0.0,0.0,0.04821592313051545,0.0,0.04124887236390543,0.0,0.0,0.0,0.02291425825328035,0.0,0.0,0.08291015854046424,0.0,0.0,0.0,0.1766030549268566,0.04622790698132086,0.0,0.0,0.0,0.0,0.0,0.0,0.0389120299491857,0.0,0.036198662333043835,0.0,0.0,0.0,0.0,0.0,0.0,0.0,0.0,0.0,0.0,0.0,0.0,0.0,0.0,0.0,0.0,0.0,0.0,0.0,0.0,0.0,0.0,0.04176008947840165,0.0,0.0,0.04206940570356894,0.0,0.0,0.0,0.0,0.0,0.0,0.0,0.0,0.19533768051779388,0.0,0.0,0.0,0.04401935825783267,0.0,0.0,0.0695029306183017,0.0,0.0,0.0,0.0,0.0,0.16830933646819057,0.0,0.0,0.0,0.0,0.0,0.0,0.07382062724743661,0.0,0.0,0.0,0.0,0.0,0.0,0.11916982686161806,0.04206940570356894,0.0,0.0,0.0,0.0,0.07897037147490353,0.0,0.0,0.0,0.0,0.0,0.0,0.0,0.0,0.0,0.0,0.0,0.0,0.0,0.0,0.0,0.0,0.0,0.0,0.0,0.0,0.0,0.0,0.0,0.0,0.0,0.04742407310642907,0.0,0.0,0.0,0.0,0.0,0.0,0.0,0.0,0.0,0.0,0.0,0.0,0.0,0.0,0.0,0.0,0.0,0.0,0.0,0.0,0.0,0.0,0.0,0.0,0.0,0.0,0.0,0.05743687211216238,0.0,0.0,0.0,0.0,0.0,0.0,0.0,0.08877076945030736,0.0,0.0,0.0,0.0,0.0,0.0,0.0,0.0,0.0,0.0,0.0,0.0,0.0,0.0,0.0,0.0,0.0,0.0,0.0,0.0,0.0,0.04622790698132086,0.0,0.0,0.0,0.0,0.0,0.0,0.0,0.0,0.0,0.0,0.0,0.0,0.059627725443559036,0.06041689018544836,0.0,0.0,0.0,0.0,0.0880741072998484,0.0,0.0,0.0,0.0,0.0,0.0,0.0,0.0,0.0,0.0,0.0,0.0,0.0,0.0,0.0,0.0,0.0,0.0,0.0,0.0,0.04270329369382535,0.0,0.0,0.0,0.023382932156246355,0.0,0.0,0.0,0.0,0.0,0.0,0.0,0.0,0.0,0.0,0.0,0.0,0.0,0.0,0.0,0.0,0.0,0.0,0.0,0.0,0.0,0.0,0.0,0.0,0.0,0.0,0.0,0.0,0.0,0.0,0.0,0.0,0.0,0.0,0.0,0.0,0.0,0.0,0.0,0.0,0.0,0.40953168901397236,0.0,0.0,0.0,0.0,0.0,0.0,0.0,0.0,0.37798979554512113,0.062098981216776705,0.0,0.0,0.0,0.0,0.0,0.0,0.0,0.0,0.0,0.0,0.0,0.0,0.0,0.0,0.0,0.0,0.0,0.0,0.0,0.5905336691814923,0.032828088519082685,0.0,0.0,0.09652944167836633,0.08877076945030736,0.0880741072998484,0.0,0.0,0.0,0.10332002823886223,0.04000143655831189,0.0,0.0,0.0,0.0,0.0,0.0383895156644405,0.0,0.0,0.0,0.0,0.0,0.0,0.0,0.0,0.04701707172321019,0.05204882596435782,0.0,0.0,0.0,0.0,0.0,0.0,0.0,0.0,0.0,0.0,0.0,0.0,0.0,0.04584508552826408,0.0,0.0,0.0,0.0,0.0,0.0,0.0,0.0,0.0,0.0,0.0,0.0,0.0,0.0,0.0,0.0,0.0,0.0,0.0,0.0,0.0,0.0,0.0,0.0,0.0,0.0,0.0,0.0,0.0,0.0,0.0,0.04057006142340194,0.0,0.0,0.0,0.0,0.0,0.0,0.0,0.0,0.0,0.0,0.02882612130828034,0.0,0.0,0.0,0.0,0.0,0.0,0.0,0.0,0.12083378037089672,0.0,0.0,0.0,0.0,0.0,0.0,0.0,0.0,0.0,0.0,0.0,0.0,0.03690171623480728,0.0,0.0,0.0,0.0,0.0,0.0,0.0,0.022456678272153485,0.0,0.11487374422432475,0.0,0.0,0.0,0.0,0.0,0.0,0.0,0.0,0.0,0.0,0.10312218090976358,finance
Dokumen_172,0.0,0.0,0.0,0.0,0.04683102308497833,0.0,0.0,0.0251473079329851,0.0,0.0,0.0,0.0,0.0,0.0,0.0,0.0,0.0,0.0,0.0,0.0,0.0,0.0,0.0,0.0,0.0,0.030803017131391063,0.0,0.0,0.0,0.0,0.0,0.0,0.0,0.0,0.04218872583941405,0.03362603005746753,0.0,0.0,0.0,0.0,0.07351821304804887,0.0,0.04344678354923346,0.0,0.0,0.0,0.0,0.0,0.0,0.0,0.0,0.0,0.0,0.040650714862890604,0.0,0.0,0.0,0.0,0.1148049819090954,0.0,0.0,0.0,0.0,0.026615310550559802,0.0,0.0,0.0,0.0,0.0,0.0,0.0,0.0,0.0,0.0,0.0,0.0,0.0,0.0,0.0,0.0,0.0,0.08049467925799082,0.0,0.13772689746906328,0.0,0.0,0.06585872995134984,0.0,0.0,0.0,0.05190577758574554,0.0,0.0,0.0,0.0818978308601871,0.07717576069542477,0.0,0.0,0.040288072603215354,0.0,0.0,0.0,0.0,0.0,0.0,0.0,0.04853121534048128,0.0,0.0,0.0,0.301627375101514,0.0,0.0,0.0,0.0,0.0,0.0,0.0,0.0,0.0,0.0,0.0,0.0,0.0,0.0,0.0,0.0,0.03485845328782573,0.0,0.0,0.0,0.0,0.0,0.0,0.0,0.0,0.0,0.0,0.0,0.13976097745952493,0.0,0.09954625615007925,0.0,0.018372167813293875,0.05912960197867892,0.0,0.05801627081230556,0.020435002328472087,0.0,0.03021615604226146,0.0,0.0,0.0,0.0,0.0,0.0,0.0,0.0,0.0,0.02054012909394158,0.0,0.0,0.0,0.0,0.0,0.0,0.19894956619393664,0.035116649218936875,0.0,0.0,0.0,0.0,0.021973013304995532,0.0,0.0,0.0,0.0,0.0,0.0,0.0,0.0,0.0,0.03647349019306598,0.0,0.0,0.04794435425135168,0.0,0.0,0.0,0.0,0.0,0.0,0.044343508759650006,0.0,0.0,0.0,0.0,0.0,0.0,0.0,0.0,0.0,0.0,0.03564577535765108,0.0,0.0,0.0,0.026160719885826793,0.0,0.0,0.0,0.0,0.0,0.0,0.0,0.0,0.0,0.0,0.0,0.0,0.0,0.0,0.0,0.0,0.0,0.0,0.0,0.0,0.0,0.0,0.0,0.0,0.0,0.0,0.0,0.0,0.0,0.0,0.0,0.0414014037695887,0.0,0.0,0.05111864887934124,0.0,0.0,0.056974819058442955,0.07917271527657478,0.0,0.0,0.0,0.0,0.0,0.0,0.0,0.0,0.0,0.11576364104313716,0.0,0.0,0.0,0.0,0.0,0.0,0.0,0.0,0.0,0.0,0.0,0.0,0.0,0.0,0.10674794713348258,0.0,0.0,0.03204492986594942,0.0,0.0,0.0,0.0,0.0,0.0,0.0,0.0,0.0,0.0,0.03100347811208681,0.0,0.0,0.0,0.0,0.0,0.0,0.04301644067482895,0.0,0.0,0.0,0.0,0.0,0.052586651496915944,0.0,0.0,0.0,0.0,0.04529301210845487,0.0,0.0,0.0,0.0,0.0,0.0,0.0,0.0,0.0,0.0,0.0,0.0,0.0,0.16012192070022388,0.0,0.0,0.0,0.1101483316444885,0.0,0.0,0.0,0.0,0.0,0.0,0.0,0.0,0.0,0.0,0.0,0.0,0.0,0.0,0.0,0.0,0.0,0.0,0.0,0.0,0.11394963811688591,0.0,0.0,0.10674794713348258,0.0,0.0,0.0,0.0,0.0,0.2629332574845797,0.051835962590217846,0.0,0.0,0.0,0.0,0.04529301210845487,0.0,0.0,0.0,0.0,0.0,0.0,0.0,0.0,0.0,0.0,0.0,0.0,0.0,0.0,0.6161711630400722,0.08220789786115547,0.0,0.0,0.08057614520643071,0.0,0.1102773195720733,0.0,0.08777783618983402,0.0,0.02874815342468676,0.0,0.0,0.0,0.0,0.0,0.0,0.03204492986594942,0.0,0.0,0.0,0.0,0.0,0.0,0.0,0.0,0.039246620849352744,0.0,0.0,0.0,0.0,0.0,0.0,0.0,0.0,0.0,0.0,0.0,0.0,0.0,0.0,0.0,0.0,0.10613713092420547,0.0,0.0,0.0,0.0,0.0,0.0,0.0,0.0,0.0,0.0,0.0,0.10223729775868248,0.0,0.0,0.0,0.0,0.0,0.0,0.0,0.0,0.0,0.0,0.0,0.0,0.0,0.0,0.0,0.0,0.2848740952922148,0.06773019927283955,0.0,0.0,0.0,0.0,0.0,0.0,0.04529301210845487,0.0,0.0,0.0414014037695887,0.07218619612490934,0.0,0.0,0.0,0.0,0.0,0.028061373122025498,0.0,0.0,0.0,0.0,0.0,0.0,0.0,0.0,0.0,0.0,0.0,0.0,0.0,0.0,0.0,0.030803017131391063,0.0,0.0,0.0,0.0,0.0,0.0,0.0,0.13121704388783037,0.0,0.04794435425135168,0.0,0.0,0.0,0.0,0.0,0.0,0.0,0.0,0.0,0.0,0.06886344873453164,finance
Dokumen_173,0.0,0.0,0.02846344736570473,0.0,0.0,0.0,0.0,0.0,0.0,0.0,0.0,0.0,0.0,0.0,0.0,0.0,0.4086496730625732,0.0,0.0,0.0,0.0,0.0,0.0,0.0,0.030764027524319015,0.09986830478705837,0.0,0.0,0.0,0.0,0.0,0.0,0.0,0.0,0.06839129609830487,0.027255240973908273,0.0,0.0,0.0,0.0,0.0,0.0,0.0,0.0,0.0,0.0,0.03594218570575726,0.0,0.0,0.0,0.0,0.0,0.0,0.0,0.0,0.0,0.0,0.0,0.0,0.0,0.0,0.02546070471886056,0.0,0.0,0.0,0.0,0.0,0.0,0.0,0.0,0.0,0.0,0.0,0.0,0.0,0.0,0.0,0.0,0.0,0.0,0.0,0.032622076952655066,0.0,0.06977072101383949,0.0,0.0,0.0,0.10852379323313231,0.0,0.0,0.04207170675871712,0.0,0.0,0.0,0.053105171476264125,0.0,0.0,0.0,0.0,0.0,0.0,0.04618036741859841,0.05265444081409559,0.0,0.0,0.0,0.0,0.0,0.0,0.0,0.0,0.0,0.0,0.0,0.0,0.0,0.0,0.0,0.0,0.0,0.0,0.0,0.0,0.0,0.0,0.0,0.0,0.0,0.0,0.0,0.0,0.0,0.0,0.0,0.024183632260654748,0.0,0.0,0.0,0.0,0.0,0.0,0.0,0.034195648049152434,0.05956550447479353,0.0,0.0,0.0,0.03312677183794974,0.0,0.0,0.0,0.0,0.0,0.0,0.0,0.0,0.0,0.0,0.0,0.0,0.0,0.0,0.12430112247142695,0.0,0.0,0.0,0.0,0.02846344736570473,0.0,0.04618036741859841,0.0,0.0,0.017810005270531455,0.0,0.0,0.05489803284054688,0.0,0.0,0.0,0.0,0.0,0.12108159600889218,0.0,0.04143370749047565,0.0,0.0,0.0,0.0,0.0,0.0,0.0,0.0,0.0,0.0,0.0,0.0,0.0,0.0,0.0,0.0,0.0,0.0,0.0,0.0,0.0,0.0,0.0,0.0,0.0,0.0,0.0,0.0,0.0,0.0,0.0,0.0,0.0,0.0,0.0,0.0,0.04393263421429043,0.0,0.0,0.0,0.0,0.0,0.0,0.0,0.0,0.0,0.0,0.0,0.0,0.0,0.0,0.0,0.0,0.0,0.0,0.0,0.0,0.0,0.0,0.0,0.0,0.0,0.0,0.0,0.0,0.0,0.034195648049152434,0.0,0.0,0.0,0.0,0.0,0.0,0.0,0.0,0.0,0.0,0.0,0.0,0.0,0.06471831804805772,0.0,0.0,0.0,0.0,0.0,0.0,0.129785214800296,0.0,0.0,0.0,0.0,0.0,0.07966023548386383,0.0,0.0,0.0,0.03154126229658226,0.0,0.0,0.0,0.0,0.0,0.12604535674562625,0.0,0.0,0.0,0.0,0.0,0.0,0.0,0.0,0.0,0.0,0.2131179113487239,0.0,0.015820495858079126,0.0,0.0,0.0,0.0,0.0,0.0,0.0,0.0,0.0,0.0,0.0,0.0,0.0,0.0,0.0,0.0,0.0,0.0,0.0,0.0,0.0,0.0,0.0,0.0,0.0,0.0,0.0,0.0,0.0,0.0,0.0,0.0,0.0,0.0,0.0,0.0,0.02512955783153953,0.0,0.0,0.0,0.0,0.0,0.05108120913282165,0.0,0.0,0.0,0.0,0.0,0.0,0.0,0.0,0.0,0.0,0.23316488914554206,0.0,0.0,0.0,0.0,0.0,0.0,0.0,0.0,0.0,0.0,0.0,0.0,0.0,0.0,0.0,0.0,0.0,0.0,0.0,0.0,0.0,0.0,0.0,0.0,0.0,0.0,0.0,0.0,0.0,0.0,0.037958415461306884,0.0,0.0,0.519599880813797,0.0,0.0,0.0,0.0,0.0,0.0,0.0,0.0,0.03752953758331764,0.0,0.0,0.0,0.0,0.0,0.0,0.0,0.0,0.0,0.0,0.0,0.0,0.0,0.0,0.0,0.0,0.0,0.0,0.0,0.0,0.0,0.0,0.0,0.0,0.0,0.0,0.0,0.0,0.0,0.0,0.0,0.0,0.0,0.0,0.0,0.04538742140913408,0.09986830478705837,0.0,0.0,0.0,0.0,0.0,0.0,0.15544325943036136,0.0,0.0,0.0,0.0,0.0,0.0,0.0,0.0,0.0,0.0,0.0,0.0,0.0,0.0,0.07801306178623303,0.0,0.0,0.0,0.0,0.0,0.0,0.0,0.0,0.0,0.0,0.16350817845255983,0.0,0.0,0.4905245353576794,0.0,0.0,0.0,0.0,0.0,0.0,0.0,0.0,0.0,0.0,0.0,0.0,0.0,0.0,0.0,0.045581424504443135,0.0,0.0,0.0,0.0,0.0,0.0,0.0,0.0,0.0,0.0,0.0,0.07264266238304234,0.0418624326083037,finance
Dokumen_174,0.0,0.0,0.0,0.0,0.0,0.0,0.0,0.1451835500033714,0.047283740174621246,0.0,0.0,0.0,0.0,0.0,0.0,0.0,0.24256123329498114,0.0,0.0,0.0,0.0,0.0,0.0,0.0,0.0,0.02963929836855479,0.0,0.10867589358581728,0.0,0.0,0.0,0.0,0.0,0.0,0.0,0.0,0.0,0.08716374075739337,0.0,0.0,0.0,0.0,0.0,0.0,0.0,0.14729029512426187,0.0,0.0,0.0,0.042230822160684967,0.0,0.0,0.0,0.0,0.0,0.0,0.0,0.0,0.0,0.0,0.0,0.0,0.0,0.02560980072876911,0.0,0.0,0.0,0.0,0.0,0.0,0.0,0.0,0.0,0.0,0.0,0.0,0.0,0.0,0.039837284574091726,0.0,0.0,0.0193634101282351,0.0,0.04969637296464127,0.2607699122099591,0.0,0.0,0.0920231640368098,0.0,0.0,0.049944809703330484,0.0,0.0,0.05482234595281514,0.015760756384664572,0.0,0.0,0.052993498209668484,0.0,0.0,0.0,0.0,0.0,0.048526584056750054,0.0,0.0,0.0,0.0,0.0,0.0,0.0,0.04669773631360339,0.0,0.0,0.0,0.0,0.0,0.0,0.0,0.0,0.0,0.0,0.0,0.0,0.0,0.0,0.0,0.0,0.0,0.0,0.0,0.0,0.0,0.0,0.0,0.0,0.0,0.0,0.0,0.02241348249282493,0.0,0.04789273036013693,0.0,0.017678078779511577,0.0,0.0,0.0,0.07865192277654569,0.0,0.05814921705021643,0.03509554449694322,0.0,0.0,0.0,0.0,0.0,0.0,0.0,0.0,0.0,0.0,0.0,0.0,0.0,0.0,0.0,0.0,0.033789964128002364,0.08910528035397176,0.0,0.0,0.031253973621481294,0.042285773151701365,0.0,0.0,0.0,0.0,0.0,0.0,0.0,0.0,0.0,0.0,0.0,0.0,0.0,0.0,0.0,0.0,0.0,0.05582445230939446,0.040594862107492524,0.0,0.1768518521058665,0.03713005431115341,0.0,0.0,0.0,0.0,0.0,0.0,0.0,0.0,0.0,0.0,0.0,0.0,0.025172384215636362,0.0,0.04987763227476178,0.0,0.0,0.0,0.04098797827855616,0.0,0.0,0.0,0.0,0.0,0.0,0.052153982441991834,0.0,0.0,0.030225302229572645,0.10598699641933697,0.0,0.0,0.0,0.0,0.0,0.0,0.0,0.0,0.0,0.03565014842943916,0.0,0.0,0.0,0.0,0.0,0.03947192043787353,0.0,0.0,0.0,0.040594862107492524,0.0,0.0,0.0,0.0,0.0,0.040594862107492524,0.0,0.0,0.0,0.0,0.0,0.03713005431115341,0.0,0.0,0.0,0.0,0.0,0.0,0.0,0.0,0.0,0.0,0.05482234595281514,0.0,0.09578546072027386,0.048526584056750054,0.0,0.0,0.0,0.0,0.0,0.03713005431115341,0.047283740174621246,0.0,0.0,0.0,0.0,0.0,0.0,0.0,0.0,0.1321790097114949,0.0,0.04455264017698588,0.0,0.0,0.0,0.0,0.0,0.0,0.0,0.0,0.0,0.0,0.0,0.018781069652715556,0.0,0.0,0.0,0.0,0.0,0.047283740174621246,0.0,0.0,0.0,0.0,0.0,0.0,0.0,0.0,0.17786778031720069,0.0,0.2567876907823802,0.0,0.0,0.0,0.0,0.0,0.05689572251914033,0.0,0.0,0.0,0.0,0.0,0.0,0.0,0.0,0.0,0.0,0.0,0.0,0.0,0.02983218605850901,0.0,0.0,0.0,0.0,0.0,0.0,0.0,0.0,0.0,0.0,0.0,0.0,0.0,0.0,0.0,0.0,0.0,0.12935500703139166,0.0,0.0,0.0,0.5928926010573357,0.045588174446072584,0.0,0.0,0.0,0.0,0.0,0.0,0.0,0.0,0.0,0.0,0.0,0.0,0.0,0.0,0.0,0.0,0.0,0.0,0.04358187037869669,0.0,0.0,0.0,0.032128980283152773,0.03042565674311994,0.0,0.0,0.0,0.0,0.0,0.0,0.0,0.08623667135426111,0.039837284574091726,0.0,0.0,0.0,0.0,0.0,0.0,0.0,0.0,0.0,0.0,0.0,0.08623667135426111,0.0,0.03429910021142744,0.0,0.0,0.0,0.0,0.0,0.0,0.08623667135426111,0.0,0.0,0.0,0.0,0.0,0.0,0.10271507631295208,0.0,0.0,0.0,0.05689572251914033,0.0,0.0,0.0,0.22027702278191016,0.0,0.0,0.0,0.0,0.05927859673710958,0.0,0.0,0.0,0.0,0.0,0.0,0.0,0.0,0.0,0.0,0.032585697307611544,0.0,0.0,0.0,0.0,0.0,0.0,0.08716374075739337,0.0,0.0,0.0,0.04630603112482787,0.0,0.0,0.0,0.0,0.0,0.08100369587634909,0.0,0.0,0.0,0.0,0.048526584056750054,0.0,0.0,0.14557975217025015,0.0,0.0,0.0,0.0,0.0,0.0,0.052993498209668484,0.0,0.0,0.0,0.0,0.0,0.0,0.0,0.0,0.144296852415157,0.0,0.0,0.0,0.0,0.0,0.0,0.0,0.0,0.0,0.0,0.0,0.0,0.13252366123904338,finance
Dokumen_175,0.0,0.0,0.0,0.0,0.0,0.0,0.0,0.0,0.0,0.0,0.0,0.0,0.0,0.0,0.0,0.0,0.0,0.0,0.0,0.03747856783700335,0.0,0.0,0.0,0.0,0.0,0.024079017960924345,0.0,0.0,0.0,0.0,0.0,0.0,0.0,0.03793732285588488,0.0,0.0,0.0,0.0,0.0,0.0,0.0,0.0,0.0,0.0,0.0,0.0,0.0,0.0,0.0,0.0,0.0,0.0,0.0,0.0,0.0,0.0,0.0,0.0,0.2094030645029332,0.039959944808440784,0.0,0.049110177050100914,0.07587464571176976,0.04161089402696228,0.039959944808440784,0.0,0.0,0.0,0.0,0.0,0.0,0.0,0.0,0.0,0.0,0.0,0.0,0.0,0.0,0.0,0.0,0.14157781504081085,0.0,0.21532490948624128,0.042369986776974025,0.0,0.05148240948663861,0.014951955961375031,0.0,0.0,0.06762541828460535,0.03841339342001099,0.0,0.0,0.08962846284063947,0.03016452122216527,0.0,0.043052010858549844,0.0,0.0,0.0,0.0,0.0,0.0,0.023620262942042815,0.0,0.0,0.0,0.0,0.0,0.09431402062461312,0.0,0.0,0.0,0.0,0.0,0.0,0.0,0.0,0.0,0.0,0.0,0.0,0.0,0.0,0.0,0.0,0.027249191831673427,0.02829229595702262,0.0,0.027451026101223828,0.02471785688313601,0.0,0.0,0.023323440477189556,0.0,0.0,0.0,0.0,0.18208752474524595,0.08221499345326792,0.0,0.03297933715072695,0.014361702195288858,0.046222184729298926,0.0,0.04535188293265313,0.04792271997252131,0.0,0.0,0.0,0.0,0.07321653208071513,0.0,0.0,0.0,0.0,0.0,0.0,0.06422567442183395,0.0,0.0,0.0,0.0,0.0,0.0,0.07776040504843831,0.027451026101223828,0.0,0.0,0.0,0.025390782967397177,0.017176518123850532,0.0,0.0,0.0,0.0,0.0,0.0,0.0,0.0,0.0,0.05702336376402697,0.0,0.0,0.11243570351101007,0.0,0.0,0.0,0.0,0.0,0.0,0.0,0.08620485283412334,0.0,0.0,0.0,0.0,0.0,0.0,0.0,0.0,0.0,0.027864649148061988,0.0,0.0,0.0,0.061350267213881204,0.0,0.040520675910012426,0.0,0.0,0.0,0.0,0.0,0.0,0.0,0.0,0.0,0.0,0.0,0.0,0.0,0.0,0.0,0.0,0.0,0.034663751908441676,0.0,0.0,0.0,0.0,0.0,0.0,0.0,0.0,0.0,0.0,0.036194642993519405,0.0,0.0,0.08907553994316839,0.0,0.0,0.0,0.0,0.03094504062748123,0.0,0.0,0.0,0.0,0.0,0.0,0.0,0.0,0.0,0.03016452122216527,0.0,0.0,0.0,0.0,0.0,0.0,0.0,0.04161089402696228,0.0,0.0,0.0,0.0,0.0,0.0,0.0,0.0,0.0,0.0,0.0,0.0,0.0,0.036194642993519405,0.0,0.0,0.0,0.0,0.0,0.0,0.0,0.0,0.0,0.036194642993519405,0.0,0.11243570351101007,0.0,0.03362636988467845,0.0,0.0,0.0,0.0,0.0,0.04110749672663396,0.0,0.0,0.0,0.0,0.03540598790734746,0.0,0.07238928598703881,0.0,0.0,0.0,0.0,0.0,0.0,0.07781627622892169,0.0,0.0,0.0481666988612148,0.0,0.0,0.0,0.0,0.0,0.043052010858549844,0.0,0.0,0.0,0.0,0.038908138114460845,0.043052010858549844,0.0,0.0,0.0,0.0,0.0,0.0,0.0,0.0,0.0,0.0,0.0,0.0,0.0,0.0,0.0,0.0,0.0,0.0,0.0,0.0,0.0,0.0,0.0,0.4932899607196075,0.12156202773003728,0.042369986776974025,0.0,0.0,0.0,0.0,0.0,0.0,0.0,0.0549658016215945,0.0,0.0,0.0,0.0,0.0,0.0,0.0,0.039959944808440784,0.0,0.03942308196891923,0.5780003863345776,0.0,0.0,0.0,0.0,0.0,0.20114465661295444,0.0,0.0,0.0,0.044945422047699274,0.02610163991348025,0.0,0.0,0.0,0.0,0.03579415307928862,0.0,0.0,0.0,0.0,0.0,0.0,0.0,0.0,0.0,0.030679465076623662,0.0,0.0,0.0,0.0,0.0,0.0,0.0,0.0,0.0,0.0,0.0,0.0,0.0,0.0,0.029914723500419026,0.0,0.08296842711685068,0.0,0.0,0.0,0.03396277309342718,0.0,0.0,0.0,0.0,0.0,0.0,0.0,0.07991988961688157,0.0,0.0,0.0,0.0,0.0,0.0,0.0,0.0,0.0,0.0,0.0,0.0,0.0,0.0,0.0,0.0,0.1336133099147526,0.0,0.0,0.0,0.0,0.0,0.0,0.0,0.0,0.0,0.0,0.03236387983433839,0.0,0.0,0.0,0.0,0.0,0.0,0.0,0.0,0.0,0.0,0.03430839396625427,0.0,0.0,0.0,0.03942308196891923,0.0,0.0,0.0,0.0,0.0,0.0,0.0,0.024079017960924345,0.0,0.0,0.0,0.0,0.036608266040357565,0.0,0.0,0.0586135079482118,0.0,0.03747856783700335,0.0,0.0,0.0,0.0,0.0,0.0,0.0,0.0,0.0,0.0,0.05383122737156032,finance
Dokumen_176,0.0,0.03428558563679982,0.0,0.0,0.0,0.0,0.0,0.0,0.0,0.0,0.0,0.0,0.0,0.0,0.0,0.0,0.0,0.0,0.0,0.0,0.0,0.0,0.0,0.0,0.0,0.0,0.0,0.0,0.0,0.0,0.0,0.0,0.0,0.05506726723567421,0.047870588523954496,0.0,0.0,0.0,0.0,0.0,0.0,0.0,0.0,0.0,0.0,0.0,0.0,0.0,0.0,0.14939927412459345,0.0,0.0,0.0,0.04612544241826917,0.0,0.0,0.0,0.0,0.0,0.05800316927602759,0.0,0.03564251560241128,0.0,0.09059936424622834,0.0,0.0,0.0,0.04697723206223299,0.0,0.0,0.0,0.0,0.0,0.0,0.0,0.0,0.0,0.0,0.0,0.0,0.0,0.09133548341313195,0.0,0.039068895221664554,0.06150142416434856,0.0,0.11209260647779354,0.021703254015810185,0.0,0.0,0.039264204221779446,0.0,0.0,0.0,0.01858552153025577,0.08756958193846158,0.0,0.06249140446696433,0.045713960486807446,0.0,0.0,0.0,0.0,0.0,0.10285675691039946,0.0,0.05506726723567421,0.0,0.0,0.0,0.0,0.0,0.0,0.0,0.0,0.0,0.0,0.0,0.0,0.0,0.0,0.0,0.0,0.0,0.24600569665739425,0.0,0.0,0.07910618966188576,0.041067194648777755,0.0,0.0,0.0358787792076809,0.0,0.0,0.0,0.0,0.0,0.0,0.0,0.0,0.0,0.0,0.0,0.10423240666604673,0.06709301571895629,0.0,0.0,0.023187132782247728,0.0,0.0,0.0,0.0,0.0,0.0,0.0,0.06353798504759828,0.0,0.0,0.0,0.0,0.0,0.0,0.0,0.0,0.0,0.04342220139087499,0.0,0.03984606388679509,0.0,0.0,0.03660643159406542,0.0,0.0,0.0,0.0,0.0,0.0,0.0,0.04170972286808993,0.0,0.0,0.0,0.0,0.0,0.0,0.0,0.0,0.0,0.0,0.0,0.0,0.2393529426197725,0.05031557173879939,0.08341944573617986,0.0,0.0,0.0,0.0,0.0,0.04979975804153115,0.10063114347759879,0.0,0.0,0.0,0.0,0.0,0.0,0.029683974384807865,0.0,0.0,0.0,0.0,0.0,0.0,0.0,0.0,0.0,0.0,0.0,0.04979975804153115,0.0,0.0,0.0,0.0,0.0,0.0,0.05440136929352311,0.0,0.0,0.0,0.0,0.0,0.0,0.0,0.0,0.0,0.0,0.0,0.0,0.0,0.04654638452837517,0.0,0.0,0.0,0.047870588523954496,0.06464803250411137,0.0,0.0,0.0,0.0,0.047870588523954496,0.0,0.0,0.0,0.0,0.0,0.04378479096923079,0.0,0.0,0.0,0.0,0.0,0.0,0.0,0.030199788082076115,0.09062304570118883,0.0,0.0,0.0,0.0,0.05722389527282126,0.0,0.0,0.0,0.0,0.0,0.0,0.0,0.0,0.0,0.0,0.0,0.0,0.0,0.0,0.0,0.0,0.0,0.0,0.0,0.0,0.0,0.0,0.0,0.0,0.0,0.0,0.0,0.0,0.0,0.06644147638715127,0.0,0.0,0.0,0.0,0.0,0.0,0.0,0.0,0.0,0.0,0.0,0.0,0.0,0.0,0.0,0.0,0.0,0.0,0.0,0.0,0.0,0.0,0.0,0.0,0.0,0.2823821869733198,0.0,0.0,0.0,0.0,0.0,0.0,0.0,0.0,0.0,0.0,0.0,0.0,0.0,0.0,0.0,0.0,0.0,0.0,0.06056223494938767,0.0,0.0,0.0,0.0,0.0,0.23867551395066466,0.05881708884370235,0.0,0.0,0.0,0.0,0.0,0.0,0.0,0.0,0.0,0.0,0.0,0.0,0.0,0.0,0.0,0.0,0.0,0.0,0.0,0.06991554169825444,0.09327943363139286,0.0,0.0,0.09142792097361489,0.0,0.0,0.0,0.0,0.0,0.13047950570064495,0.0,0.0358787792076809,0.0,0.0,0.0,0.0,0.0,0.0,0.0,0.0,0.0,0.0,0.0,0.0,0.0,0.0,0.0,0.0,0.0,0.0,0.0,0.0,0.0,0.0,0.0,0.0,0.0,0.05506726723567421,0.0519563860786782,0.0,0.0,0.0,0.0,0.0,0.0,0.0,0.0,0.0,0.0,0.0,0.0,0.0,0.6709301571895628,0.0,0.0,0.06991554169825444,0.03710811161609798,0.0,0.0,0.0,0.0,0.0,0.04415470608293483,0.0,0.0,0.0,0.05800316927602759,0.0,0.0,0.0,0.0,0.0,0.0,0.0,0.0,0.0,0.0,0.0,0.0,0.0,0.0,0.0,0.0,0.0,0.0,0.0,0.0,0.08906449769477619,0.0,0.03184060242195492,0.0,0.0,0.0,0.0,0.0,0.05722389527282126,0.0,0.0,0.0,0.0,0.0,0.0,0.0,0.0,0.0,0.0,0.0,0.0,0.0,0.0,0.0,0.0,0.0,0.06380957055270596,0.0,0.0,0.0,0.0,0.0,0.0,0.0,0.0,0.0,0.0,0.0,0.0,0.13674113327582593,finance
Dokumen_177,0.0,0.0,0.0,0.0,0.21297475424337783,0.0,0.0,0.0,0.0744921289476177,0.0,0.0,0.0,0.0,0.0,0.0,0.0,0.0,0.0834874417176241,0.0,0.0,0.0,0.0,0.0,0.0,0.0,0.14008374302667886,0.0,0.0,0.0,0.0,0.09983586308245616,0.0,0.0,0.07356892204779267,0.0,0.0,0.0,0.0,0.0,0.0,0.0,0.0,0.0,0.0,0.0,0.0,0.0,0.0,0.0,0.0,0.0,0.0,0.0,0.06162279786223438,0.1594331910952174,0.0,0.0,0.0,0.0,0.0,0.0,0.04761778790871798,0.0,0.040346397538877504,0.0,0.0,0.0,0.0,0.0,0.0,0.0,0.0,0.0,0.0,0.0,0.0,0.0,0.0,0.0,0.0,0.0,0.06101131758237227,0.0,0.15658611647214574,0.0,0.0,0.04991793154122808,0.08698552241783677,0.0,0.0,0.05245630162285167,0.0,0.0,0.0,0.12414968576751624,0.0,0.0,0.0834874417176241,0.0,0.0,0.0,0.0,0.0,0.0,0.0,0.0,0.0,0.0,0.0,0.0,0.0,0.0,0.0,0.0,0.0,0.0,0.0,0.0,0.0,0.0,0.0,0.0,0.0,0.0,0.0,0.0,0.0,0.05284225450870898,0.0,0.0,0.0,0.04793343202238758,0.0,0.0,0.0,0.0,0.0,0.0,0.0,0.2471757977051447,0.0,0.0,0.06395428304855572,0.16710324341427615,0.0,0.0,0.0,0.06195522130663855,0.0,0.0,0.0,0.0,0.0,0.0,0.0,0.0,0.0,0.0,0.0,0.031136973297747235,0.0,0.0,0.07749123668567591,0.0,0.0,0.0,0.0,0.053233656129206386,0.0,0.0,0.0,0.0,0.0,0.0,0.0,0.0,0.0,0.0,0.0,0.0,0.0,0.0,0.05529050401889217,0.0,0.0,0.0,0.0,0.0,0.0,0.07749123668567591,0.0,0.0,0.0,0.0557234724793035,0.0,0.0,0.0,0.0,0.0,0.0,0.0,0.11898863729863779,0.0,0.0,0.0,0.0,0.0,0.07931455861931212,0.0,0.0,0.0,0.0,0.0797165955476087,0.0,0.0744921289476177,0.0,0.0,0.0,0.0,0.0,0.0,0.0,0.0,0.0,0.1669748834352482,0.0,0.07267929384837181,0.0,0.0,0.0,0.0,0.0,0.0,0.0,0.11232848518327959,0.0,0.0,0.0,0.0,0.0,0.06218516928249181,0.0,0.0,0.05486506582771173,0.0,0.0,0.0,0.0,0.0,0.0,0.0,0.0,0.0,0.0,0.0797165955476087,0.0,0.0,0.0,0.0,0.0,0.0,0.0,0.0,0.0,0.040346397538877504,0.0,0.0,0.0,0.0,0.0,0.0764501400183872,0.0,0.0,0.0,0.0,0.0557234724793035,0.0,0.0,0.0,0.0,0.0,0.058989928008525,0.06792983400647837,0.0,0.0,0.0,0.0,0.0,0.3509473874913735,0.0,0.0,0.0,0.0,0.0,0.0,0.0,0.05403576337872431,0.0,0.0,0.0,0.059176446583013284,0.0,0.0,0.06866009956147127,0.0,0.1403789549965494,0.0,0.0,0.0,0.0,0.0,0.0,0.0,0.0,0.0,0.0,0.0,0.0,0.0,0.0,0.0,0.0,0.0,0.0,0.0,0.0,0.07545154914702942,0.0,0.0,0.0,0.0,0.0,0.0701894774982747,0.0,0.0,0.0,0.0,0.0,0.0,0.0,0.0,0.0,0.0,0.0,0.0,0.0,0.0,0.0,0.0,0.0,0.0,0.47829957328565215,0.15715723846260538,0.0,0.0,0.0,0.0,0.0,0.0,0.0,0.0,0.0,0.0,0.0,0.0,0.0,0.0,0.0,0.0,0.0,0.0,0.0,0.186811922774911,0.0,0.0,0.0,0.0,0.0,0.0,0.0,0.0,0.0,0.0,0.10123379129355238,0.0,0.0,0.0,0.0,0.0,0.0,0.0,0.0,0.0,0.0,0.0,0.0,0.0,0.0,0.0,0.0,0.0,0.0,0.0,0.0,0.0,0.06792983400647837,0.0,0.0,0.0,0.0,0.07356892204779267,0.0,0.0,0.0,0.0,0.0,0.0,0.0,0.045515457366815476,0.13172276893279136,0.0,0.0,0.0,0.0,0.0,0.0,0.0,0.07749123668567591,0.0,0.14872739693846243,0.0,0.0,0.0,0.0,0.046694581008892955,0.0,0.0,0.0,0.0,0.0,0.0,0.0,0.0,0.0,0.0,0.051336420442253686,0.0,0.0,0.0,0.0,0.0,0.0,0.0,0.0,0.0,0.0,0.07295181871958814,0.0,0.0,0.0,0.0,0.0,0.0,0.0,0.0,0.0,0.0,0.0,0.0,0.0,0.0,0.0,0.0,0.0,0.0,0.0,0.0,0.0,0.046694581008892955,0.0,0.0,0.0,0.0,0.0,0.0,0.07857861923130269,0.14208081489996227,0.0,0.0,0.0,0.0,0.0,0.0,0.0,0.0,0.0,0.0,0.0,0.0,0.13048843039345479,finance
Dokumen_178,0.0,0.02626911173619545,0.04579420265318395,0.0,0.0,0.0,0.0,0.02186239179570569,0.0,0.0,0.026222671104011133,0.0,0.0,0.0,0.0,0.7902024005987718,0.0,0.0,0.0,0.0,0.0,0.0,0.0,0.0,0.0,0.08033793885344531,0.0,0.0,0.0,0.0,0.0,0.0,0.0,0.0,0.01833887062823658,0.01461678215436848,0.0,0.019688262039051975,0.01799663233366847,0.0,0.0,0.021922053699567453,0.01888573136233535,0.0,0.0,0.03326945242388296,0.038551051455816686,0.0,0.02222058784275221,0.0,0.0,0.0,0.0,0.017670317981478976,0.0,0.0,0.0,0.0,0.0,0.0,0.0,0.013654385764871895,0.0,0.1272624853977384,0.0,0.0,0.0,0.0,0.0,0.0,0.0,0.0,0.0,0.02253239444704972,0.0,0.0,0.0,0.0,0.07198652933467388,0.0,0.0,0.03498995240559259,0.0,0.08231853637747533,0.212046692213553,0.0,0.0,0.033257428402705576,0.0,0.0,0.09025096833938706,0.021360594638440384,0.0,0.0,0.049839836899389166,0.0,0.02285870879923922,0.0,0.0,0.0,0.0,0.0,0.014119091656105824,0.0,0.0,0.0,0.0,0.0,0.0,0.0,0.0,0.0,0.0,0.0,0.0,0.0,0.0,0.0,0.0,0.0,0.0,0.0,0.0,0.0,0.0,0.0,0.0,0.015152499925670727,0.031465080875355426,0.0398082192839889,0.06105893687091194,0.05497958646231997,0.0,0.0,0.012969501344484347,0.0,0.0,0.0,0.0,0.0,0.0,0.0,0.01833887062823658,0.0399306689150449,0.0,0.0,0.0,0.008882820150009246,0.0,0.0,0.0,0.0,0.020356814685809584,0.0,0.0,0.12170467542754987,0.0,0.0,0.0,0.00892851733837299,0.04444117568550442,0.0,0.0,0.0,0.0,0.01663472621194148,0.0,0.0,0.0,0.0247661861075652,0.0,0.0,0.02865411839030055,0.0,0.14767105744399897,0.0,0.0,0.0,0.0,0.0,0.0,0.016233788883571965,0.015854534705715174,0.0,0.021922053699567453,0.0,0.0,0.0,0.0,0.0,0.0,0.01833887062823658,0.0,0.0,0.016773631614478708,0.0,0.0,0.0,0.0,0.0,0.019275525727908343,0.0,0.0,0.015494738220238837,0.0,0.0,0.0,0.011371712418001218,0.0,0.02253239444704972,0.0,0.0,0.0,0.0,0.0,0.0,0.0,0.0,0.0,0.0,0.0,0.0,0.0,0.013654385764871895,0.0,0.0,0.0,0.0,0.027394470912620466,0.0,0.0,0.0,0.0,0.0,0.0,0.0,0.0,0.0,0.0,0.01799663233366847,0.0,0.0,0.0,0.031465080875355426,0.03667774125647316,0.0990647444302608,0.03441531247636941,0.0,0.0,0.0,0.0,0.0,0.02109586534914271,0.0,0.0,0.0,0.0,0.0,0.0495323722151304,0.033547263228957416,0.0,0.0,0.0,0.0,0.02313863370867971,0.0,0.0,0.0,0.0,0.0,0.0,0.0,0.0,0.0,0.0,0.0,0.0,0.0,0.020126810683298732,0.04444117568550442,0.0,0.0,0.0,0.0,0.0,0.026953588325331665,0.0,0.0,0.0,0.0,0.020840764741666216,0.0,0.0,0.0,0.0,0.0,0.015494738220238837,0.0,0.02285870879923922,0.0,0.00848441375928411,0.0,0.04506478889409944,0.0,0.0,0.040253621366597464,0.0,0.0,0.0,0.0,0.0,0.0,0.0,0.0,0.0,0.026784130165138198,0.0,0.0,0.0,0.0,0.0,0.0,0.0,0.0,0.0,0.0,0.0,0.0,0.0,0.0,0.0,0.0,0.020126810683298732,0.0,0.0,0.0,0.0,0.0,0.0,0.0,0.0,0.0,0.0,0.0,0.0,0.023200947093807326,0.3362140944008848,0.0,0.0,0.0,0.0,0.0,0.0,0.0,0.0,0.038957717239878446,0.0,0.0,0.0,0.0,0.0,0.0,0.0,0.0,0.0,0.0,0.0,0.0,0.023560743579283668,0.0,0.0,0.021922053699567453,0.0,0.07146933089344779,0.0,0.0,0.035025364555623675,0.06442031587088441,0.01597868827609547,0.0,0.057233763874709125,0.0,0.024992869823221433,0.0,0.027489793231159985,0.0,0.0,0.0,0.0,0.02785899841296193,0.023560743579283668,0.0,0.019478858619939223,0.0,0.0,0.0,0.0,0.0,0.0,0.0,0.043844107399134906,0.0,0.0,0.0,0.0,0.019478858619939223,0.0,0.015494738220238837,0.0,0.0,0.0,0.0,0.0,0.0,0.0,0.015378793537401965,0.03599326466733694,0.0,0.0,0.01888573136233535,0.0,0.0,0.0,0.0,0.0,0.0,0.0,0.0,0.0,0.028431689651997924,0.0,0.0,0.0,0.0,0.01338965647557422,0.016915343375767233,0.0247661861075652,0.0,0.0,0.06666176352825663,0.0,0.0,0.0,0.0,0.0,0.0,0.0,0.0,0.06576616109870236,0.0,0.0,0.0,0.0,0.0,0.0,0.0,0.010459455581554733,0.0,0.0,0.0,0.06823990893598683,0.0,0.12197900768425961,0.0,0.0,0.0,0.01907792129156971,0.0,0.0,0.0,0.0,0.0,0.0,0.0,0.0,0.0,0.0,0.0,0.0,0.0,0.0,0.0,0.0,0.0,0.0,0.0,0.06518660665717346,0.0,0.020840764741666216,0.0,0.01888573136233535,0.0,0.0,0.0,0.017831577810055094,0.0,0.0,0.0,0.0,0.11973605291269138,finance
Dokumen_179,0.0,0.03495906747413363,0.0,0.0,0.0,0.0,0.0,0.11637832867853376,0.0,0.0,0.0,0.0,0.0,0.0,0.0,0.0,0.0,0.19115682448508065,0.0,0.0,0.0,0.05546999138250828,0.0,0.0,0.0,0.035638045845311314,0.0,0.0,0.0,0.0,0.0,0.0,0.0,0.0,0.0,0.0,0.0,0.10480495693705183,0.09580003928233471,0.0,0.08505807843094909,0.0,0.050266454657812785,0.051845128198627737,0.0,0.0,0.0,0.0,0.0,0.0,0.0,0.0,0.0,0.0,0.0,0.0,0.0,0.0,0.0,0.0,0.0,0.0,0.0,0.030793011396971975,0.0,0.0,0.0,0.09580003928233471,0.0,0.0,0.0,0.0,0.0,0.0,0.0,0.0,0.0,0.0,0.09580003928233471,0.0,0.0,0.13969441974450947,0.0,0.039836337015286626,0.0,0.0,0.07619631633189268,0.06638873224314466,0.0,0.0,0.0,0.11370715184464103,0.06979452808935425,0.0,0.1137036143587052,0.1339346054679538,0.0,0.0,0.0,0.0,0.0,0.0,0.0,0.0,0.0,0.0,0.0,0.0,0.0,0.0,0.0,0.11229793950737192,0.0,0.0,0.0,0.0,0.0,0.0,0.0,0.0,0.0,0.0,0.0,0.0,0.0,0.0,0.06979452808935425,0.0,0.08374777925094268,0.0,0.0,0.0,0.0,0.0,0.0,0.04003602847660751,0.0,0.0,0.0,0.08084935480252316,0.0,0.05758582065635167,0.0,0.04251194978823501,0.0,0.0,0.0,0.09457041779053067,0.0,0.10487720242240088,0.04219859080993527,0.059972450209866836,0.0,0.0,0.0,0.12957216073132294,0.0,0.0,0.0,0.023764232548912172,0.0,0.0,0.0,0.0,0.0470314980428331,0.0,0.0,0.04062877183296462,0.0,0.0,0.0,0.037579517940012935,0.05084406194255832,0.06270951471830993,0.0,0.0,0.0,0.0,0.0,0.0,0.06478608036566147,0.0,0.0,0.0,0.058347961069334056,0.0,0.0,0.0,0.0,0.05914254258086256,0.0,0.1952436982659184,0.05130393530534662,0.08505807843094909,0.0,0.0,0.0,0.0,0.04580007284171078,0.0,0.0,0.0,0.0,0.0,0.0,0.0,0.0,0.030267065419618495,0.0,0.059972450209866836,0.0,0.0,0.0,0.0,0.0,0.0,0.0,0.0,0.0,0.0,0.0,0.0,0.0,0.0,0.0,0.0,0.05546999138250828,0.0,0.0,0.0,0.0,0.0,0.0,0.0,0.0,0.0,0.0,0.0,0.0,0.04790001964116736,0.04746070884254903,0.0,0.0,0.08374777925094268,0.0,0.0,0.0,0.0,0.056853575922320515,0.0,0.0,0.0,0.0,0.0,0.0,0.0,0.04464486848931794,0.0,0.0,0.0,0.0,0.0,0.0,0.0,0.030793011396971975,0.0,0.0,0.06591793281067498,0.0,0.0,0.11669592213866811,0.0,0.0,0.0,0.037074896747977024,0.0,0.04464486848931794,0.0,0.0,0.0,0.0,0.0,0.051845128198627737,0.0,0.0,0.03586997239944586,0.10595396128728249,0.0,0.0,0.0,0.0,0.0,0.0,0.0,0.0,0.06270951471830993,0.0,0.0,0.0,0.06371894149502688,0.0,0.0,0.0,0.0,0.0,0.0,0.0,0.0,0.0,0.0,0.0,0.0,0.0,0.0,0.0,0.0,0.0,0.0,0.0,0.0,0.0,0.0,0.0,0.06841094354954201,0.0,0.0,0.0,0.0,0.0,0.0,0.0,0.0,0.0,0.0,0.0,0.0,0.0,0.0,0.0,0.0,0.0,0.0,0.0,0.0,0.0,0.0,0.0,0.0,0.0,0.0,0.0,0.0,0.0,0.0,0.0,0.0,0.0,0.0,0.059972450209866836,0.35644456618183895,0.05481484179250507,0.0,0.0,0.0,0.0,0.0,0.0,0.4535025625596303,0.0,0.0,0.0,0.0,0.0,0.06340783264456842,0.0,0.0,0.18644773300332598,0.0,0.0,0.0,0.0,0.0,0.0,0.07726323734497582,0.0,0.0,0.0,0.0,0.0,0.0,0.0,0.0,0.0,0.0,0.0,0.0,0.0,0.0,0.3178490623161023,0.0,0.0,0.0,0.0,0.0,0.0,0.051845128198627737,0.05418190499217242,0.0,0.0,0.0,0.0,0.0,0.0,0.04427515645728682,0.0,0.0,0.0,0.0,0.0,0.050266454657812785,0.0,0.0,0.06175187673351333,0.0,0.0,0.06841094354954201,0.0,0.0,0.0712889132363678,0.03783703716095941,0.0,0.0,0.0,0.0,0.0,0.0,0.13183586562134997,0.0,0.0,0.0,0.08066009579965289,0.0,0.0,0.0,0.0,0.0,0.0,0.0,0.0,0.0,0.0,0.0,0.0,0.0,0.0,0.0,0.0,0.0,0.0,0.0,0.0,0.0,0.0649321134705332,0.0,0.0,0.0,0.0,0.0,0.0,0.0,0.0,0.0,0.0,0.0,0.0,0.0,0.0,0.0,0.035638045845311314,0.0,0.0,0.0,0.0,0.0,0.0,0.0,0.173501335212485,0.0,0.0,0.0,0.0,0.0,0.0,0.0,0.0,0.0,0.0,0.0470314980428331,0.051845128198627737,0.09959084253821655,finance
Dokumen_180,0.0,0.0,0.0,0.0,0.052763569260175607,0.0,0.0,0.0,0.0553653030711893,0.0,0.0,0.0,0.0,0.0,0.0,0.0,0.0,0.0,0.0,0.054017937032578484,0.0,0.0,0.0,0.0,0.0,0.06941027638389806,0.0,0.0,0.0,0.0,0.03710085142566406,0.0,0.0,0.0,0.0,0.0,0.0,0.0,0.0,0.0,0.0,0.0,0.0,0.0,0.0,0.0,0.0,0.0,0.0,0.0,0.0,0.0,0.05607837961851693,0.0,0.0,0.0,0.0,0.0,0.0,0.0,0.0,0.0,0.0,0.0,0.0,0.0,0.0,0.04664612667763587,0.0,0.0,0.0,0.0,0.0,0.0,0.0,0.0,0.0,0.0,0.04664612667763587,0.0,0.0,0.022672932942324298,0.0,0.11638058836145199,0.0,0.0,0.07420170285132811,0.04310056985891601,0.0,0.0,0.058481192812702844,0.0,0.0,0.0,0.055363580629128537,0.13042855973712286,0.11849663943422369,0.0,0.0,0.05467914158636762,0.0,0.0,0.03659578779812819,0.0,0.0,0.0,0.0,0.0,0.0,0.0,0.06796749611066528,0.0,0.0,0.0,0.0,0.0,0.0,0.0,0.0,0.0,0.0,0.0,0.0,0.0,0.0,0.0,0.0,0.03927431632269326,0.0,0.0,0.0,0.0,0.08283148798620502,0.0,0.0,0.0,0.0,0.0,0.0,0.15746587471886528,0.0,0.0,0.0,0.04139910192084794,0.0,0.0,0.0,0.023023705007120403,0.0,0.0,0.0,0.0,0.0,0.0,0.0,0.0,0.0,0.0,0.0,0.023142149213664486,0.0,0.057594350773363376,0.057594350773363376,0.0,0.0,0.0,0.0,0.039565220471192375,0.0,0.0,0.0,0.03659578779812819,0.02475655095702525,0.0,0.05467914158636762,0.0,0.0,0.0,0.0,0.0,0.0,0.0,0.0,0.0,0.0,0.054017937032578484,0.0,0.0,0.0,0.0,0.0,0.0,0.0,0.12424723197930754,0.0,0.0,0.0,0.0,0.0,0.04944875890183426,0.0499609370359772,0.0442183762173009,0.0,0.0,0.0,0.0,0.0,0.0,0.0,0.0,0.0,0.04895061482581955,0.0,0.0,0.0,0.0,0.0,0.0,0.0,0.0,0.0,0.0,0.0,0.0,0.0,0.0,0.0,0.0,0.0,0.0,0.0,0.0,0.0,0.0,0.0,0.0,0.0,0.0,0.0,0.0,0.0,0.0,0.0,0.0,0.0,0.0,0.13380345241758188,0.0,0.0,0.0,0.0,0.0,0.0,0.0,0.05924831971711184,0.0,0.0,0.0,0.0,0.0,0.0,0.0,0.17774495915133554,0.0,0.0,0.0,0.0,0.0,0.0,0.0,0.11364113851355374,0.0,0.0,0.0,0.0,0.04141574399310251,0.0,0.1107306061423786,0.0,0.0,0.0,0.0,0.0,0.0,0.0,0.0,0.0,0.0,0.05216741351066836,0.0,0.0,0.0,0.0,0.0,0.0,0.0,0.0,0.0,0.0,0.0,0.06597318292611411,0.0,0.0,0.0,0.0,0.0,0.0,0.0,0.0,0.0,0.0,0.0,0.0,0.0,0.0,0.0,0.0,0.0,0.0,0.0,0.0,0.0,0.0,0.0,0.0,0.0,0.44862703694813544,0.0,0.0,0.0,0.05840253366521337,0.0,0.0,0.0,0.0,0.0,0.0,0.03493099353616626,0.0,0.0,0.0,0.0,0.0,0.0,0.0,0.18040613884535464,0.0,0.0,0.0,0.0,0.0,0.35548991830267107,0.11680506733042674,0.0,0.0,0.0,0.0,0.0,0.0,0.0,0.0,0.07922232311153043,0.0,0.0,0.0,0.0,0.0,0.0,0.0,0.0,0.0,0.0,0.5553820983700228,0.03087399353956498,0.0,0.0,0.04539175890523298,0.0,0.04141574399310251,0.0,0.0,0.0,0.09716989408323427,0.03762034737894479,0.0,0.0,0.0,0.04276311003171333,0.0,0.0,0.0,0.0,0.0,0.0,0.0,0.0,0.0,0.0,0.0,0.0,0.0,0.0,0.0,0.0,0.0,0.0,0.0,0.040161376220699624,0.0,0.0,0.0,0.05159018657224351,0.0,0.0,0.0,0.03986085497522811,0.0,0.0,0.0,0.0,0.0,0.0,0.0,0.0,0.0,0.0,0.0,0.0,0.0,0.0,0.0,0.0,0.0,0.0,0.06941027638389806,0.0,0.0,0.0,0.0,0.0,0.0,0.0,0.0,0.0,0.06419237961171949,0.0,0.0,0.0,0.0,0.0,0.0,0.057594350773363376,0.0,0.0,0.0,0.0,0.0,0.0,0.0,0.0,0.0,0.0,0.0,0.0,0.0,0.0,0.0,0.0,0.0,0.0,0.0,0.0,0.0,0.0,0.0,0.0,0.0,0.0,0.03470513819194903,0.0,0.0,0.0,0.0,0.0,0.0,0.0,0.06335982731600691,0.0,0.0,0.0,0.0,0.0,0.0,0.0,0.0,0.0,0.0,0.0,0.05048796296302569,0.09698382363454332,finance
Dokumen_181,0.0,0.0,0.0,0.0,0.04940821224589084,0.0,0.0,0.026531206151766636,0.0,0.0,0.0,0.0,0.0,0.0,0.0,0.0,0.0,0.0,0.0,0.0,0.0,0.0,0.0,0.0,0.0,0.0,0.0,0.0,0.0,0.0,0.13896609099385032,0.0,0.0,0.0,0.0,0.10642957940837582,0.0,0.0,0.04367979194077883,0.0,0.0,0.0,0.0,0.0,0.0,0.0,0.0,0.0,0.0,0.0,0.0,0.0,0.0,0.0,0.0,0.0,0.0,0.0,0.0,0.0,0.0,0.03314068533660825,0.0,0.02807999539719996,0.0,0.0,0.0,0.0,0.0,0.0,0.0,0.0,0.0,0.0,0.0,0.0,0.0,0.0,0.0,0.0,0.0,0.0849244354586698,0.0,0.12714295817433216,0.0,0.0,0.31267370473616324,0.10089926313587494,0.0,0.0,0.05476223893488118,0.0,0.0,0.0,0.08640480482938964,0.12213430692380288,0.0,0.0,0.0,0.0,0.0,0.0,0.0,0.0,0.0,0.0,0.10240393782311673,0.0,0.0,0.0,0.12729057267140362,0.0,0.0,0.0,0.0,0.0,0.0,0.0,0.0,0.0,0.0,0.0,0.0,0.0,0.0,0.0,0.0,0.07355354400364633,0.0381845936660069,0.04830944766828748,0.0,0.16680182527618145,0.03878202134966555,0.0,0.03147839605762785,0.0,0.0,0.0,0.0,0.07372612835601657,0.11096116494169556,0.0,0.0,0.01938321879257676,0.0,0.0,0.0,0.02155957452516734,0.0,0.0,0.0,0.0,0.04940821224589084,0.0,0.0,0.0,0.0,0.0,0.0,0.08668194636618906,0.0,0.0,0.0,0.0,0.0,0.0,0.06996603067231126,0.03704917688484731,0.0,0.0,0.0,0.0,0.0,0.0,0.051201968911558364,0.0,0.0,0.0,0.0,0.0,0.0,0.0,0.0384806870765432,0.0,0.0,0.050582811879734506,0.0,0.0,0.0,0.0,0.0,0.0,0.0,0.0775640426993311,0.0,0.0,0.0,0.0,0.0,0.0,0.0,0.04140642772933181,0.0,0.03760742171582189,0.044510441654777556,0.0,0.0,0.11040155140568189,0.0,0.0,0.0,0.0,0.0,0.0,0.0,0.0,0.0,0.0,0.0,0.0,0.0,0.0,0.0,0.0,0.0,0.0,0.0,0.09356761173244915,0.0,0.0,0.0,0.0,0.0,0.0,0.0,0.0,0.0,0.0,0.0,0.0,0.0,0.0,0.0,0.0381845936660069,0.0,0.0,0.0,0.0,0.0,0.0,0.0,0.0,0.051201968911558364,0.0,0.0,0.0,0.040711435641267626,0.05718449754556783,0.0,0.0,0.0,0.0,0.0,0.0,0.05615999079439992,0.0,0.0,0.0,0.0,0.0,0.10641443651880152,0.0,0.0,0.0,0.06761683140462393,0.0,0.0,0.0,0.0,0.0,0.0,0.041055385561112566,0.0,0.0,0.0,0.0,0.0,0.05468858190392717,0.0,0.0,0.0,0.0,0.0,0.0,0.0,0.0,0.0,0.0,0.2219223298833911,0.0,0.0,0.0,0.0,0.047785561964971496,0.0,0.0,0.0,0.0,0.0,0.0,0.0,0.0,0.0,0.0,0.5409921437852079,0.0,0.0,0.05631123218484651,0.0,0.0,0.0,0.0,0.0,0.0,0.0,0.0,0.0,0.0,0.0,0.0,0.0,0.0,0.0,0.0,0.0,0.0,0.0,0.0,0.0,0.0,0.11620997770102807,0.0,0.0,0.0,0.0,0.0,0.0,0.0,0.0,0.0,0.0,0.27740291235423886,0.10937716380785434,0.0,0.050582811879734506,0.0,0.0,0.047785561964971496,0.0,0.0,0.0,0.07418439293987239,0.0,0.0,0.0,0.0,0.18362700832787937,0.0,0.0,0.0,0.0,0.10641443651880152,0.0650080087894697,0.0,0.0,0.0,0.0,0.0,0.0,0.0,0.0,0.0,0.030330212165276562,0.0,0.03336036505523629,0.09881642449178168,0.0,0.0,0.0,0.06761683140462393,0.05718449754556783,0.0,0.0,0.0,0.0,0.0,0.0,0.0,0.0,0.0,0.0,0.0,0.0,0.0,0.0,0.04727731699952755,0.0,0.0,0.0,0.0,0.0,0.0,0.0,0.0,0.0,0.03732601130919379,0.0,0.0,0.0,0.18335092949872922,0.0,0.0,0.0,0.0,0.0,0.0,0.0,0.0,0.0,0.0,0.0,0.0,0.0,0.0,0.0,0.0,0.0,0.0,0.0,0.0,0.0,0.0,0.0,0.0,0.0,0.0,0.0,0.0,0.0,0.0,0.0,0.0,0.0,0.0,0.0,0.0,0.0,0.0,0.0,0.0,0.0,0.0,0.029605637199262867,0.0,0.0,0.0,0.0,0.0,0.0,0.0,0.0,0.0,0.0,0.0,0.0,0.0,0.0,0.0,0.03249815844253375,0.0,0.0,0.0,0.0,0.0,0.0,0.05468858190392717,0.07910750643007436,0.0,0.0,0.0,0.0,0.0,0.0,0.0,0.0,0.0,0.0,0.0,0.0,0.23612263660947402,finance
Dokumen_182,0.0,0.0,0.0,0.0,0.0819839512069936,0.0,0.0,0.044023716134153894,0.0,0.0,0.0,0.0,0.0,0.0,0.0,0.0,0.0,0.0,0.0,0.0,0.0,0.0,0.0,0.0,0.0,0.0,0.0,0.06590714567506353,0.0,0.0,0.0,0.0,0.0,0.0,0.0,0.0,0.0,0.0,0.0,0.0,0.0,0.0,0.0,0.0,0.0,0.06699381033576819,0.0,0.0,0.0,0.0,0.0,0.0,0.0,0.0,0.0,0.0,0.0,0.0,0.0,0.0,0.0,0.0,0.08496036448467775,0.09318730097254661,0.2684700358490977,0.0,0.0,0.0,0.0,0.0,0.0,0.0,0.0,0.1814915305203793,0.0,0.0,0.0,0.0,0.07247867851163285,0.0,0.0934382585808313,0.03522916766485571,0.0,0.06027732525459261,0.0,0.0,0.0,0.10045439682680869,0.0,0.0,0.0,0.0,0.0,0.0,0.028674614932142697,0.0,0.0,0.0,0.0,0.0,0.0,0.0,0.0,0.0,0.0,0.0,0.0,0.0,0.0,0.0,0.0,0.0,0.0,0.0,0.0,0.0,0.0,0.0,0.0,0.0,0.0,0.0,0.0,0.0,0.37954913513084537,0.0,0.0,0.0,0.0,0.0,0.0,0.0,0.0,0.0,0.15669803677288166,0.0,0.0,0.0,0.0,0.0,0.0,0.0,0.14771398158129104,0.03216292983475145,0.20702850735131267,0.0,0.0,0.03577419674928359,0.0,0.0,0.0,0.0,0.0,0.0,0.0,0.0,0.0,0.0,0.0,0.10787470551523415,0.0,0.0,0.0,0.0,0.0,0.0,0.0,0.0,0.0,0.0,0.05647812079369736,0.0,0.11540007020977568,0.0,0.0,0.0,0.0,0.0,0.0,0.0,0.0,0.0,0.0,0.0,0.0,0.0,0.0,0.0,0.0,0.0,0.0,0.0,0.0,0.0,0.0,0.0,0.0,0.0,0.0,0.0,0.0,0.0,0.1639679024139872,0.0,0.0,0.0,0.0,0.0,0.0,0.0,0.0,0.0,0.0,0.0,0.0,0.0,0.0,0.0,0.0,0.0,0.0,0.0,0.0,0.054990945960178624,0.0,0.0,0.0,0.0,0.0,0.0,0.0,0.0,0.0,0.0,0.0648607372348301,0.12295275509545332,0.0,0.0,0.08105764533791245,0.0,0.0,0.0,0.08949001194969923,0.0,0.0,0.0,0.06930119820766786,0.0,0.0,0.0,0.0,0.0,0.08496036448467775,0.0,0.0,0.0,0.0,0.0,0.0,0.0,0.0,0.0,0.0,0.0,0.04659365048627331,0.0,0.0,0.0,0.0,0.0,0.0,0.0,0.0,0.0,0.0,0.0,0.0,0.0,0.0,0.0,0.0,0.0,0.0,0.0,0.0,0.0,0.0,0.0,0.08105764533791245,0.0,0.0,0.0,0.0,0.0,0.0,0.0,0.0,0.0,0.0,0.0,0.034169676071471804,0.0,0.0,0.0,0.0,0.4052882266895622,0.0,0.0,0.0,0.20702850735131267,0.0,0.0,0.08713449834565751,0.0,0.0,0.0,0.0,0.0,0.0,0.0,0.0,0.0,0.0,0.0,0.07929145788635195,0.0,0.0,0.0,0.0,0.0,0.0,0.0,0.08105764533791245,0.0,0.0,0.0,0.0,0.0,0.0,0.0,0.0,0.0,0.0,0.22065406610075083,0.0,0.0,0.0,0.0,0.0,0.0,0.0,0.0,0.0,0.28466185134813404,0.0,0.07844811770960589,0.0,0.0,0.0,0.0,0.0,0.0,0.0,0.0,0.07247867851163285,0.0,0.0,0.0,0.0,0.0,0.0,0.0,0.0,0.0,0.0,0.0,0.0,0.0,0.0,0.0,0.0,0.0,0.0,0.0,0.0,0.0,0.0,0.0,0.0,0.05609892318163404,0.0,0.0,0.0,0.0,0.0,0.0,0.08294166319152202,0.0,0.0,0.0,0.0,0.0,0.0,0.0,0.0,0.0,0.0,0.0,0.0,0.0,0.0,0.0,0.0,0.0,0.07844811770960589,0.06193573397667588,0.0,0.0,0.0,0.0,0.0,0.0,0.0,0.0,0.0,0.0,0.0,0.0,0.0,0.0,0.0,0.0,0.0,0.0,0.0,0.0,0.0,0.0,0.0,0.0,0.0,0.0,0.0,0.0,0.0,0.0,0.0,0.0,0.0,0.0,0.0,0.0,0.0,0.0,0.0,0.0,0.0,0.0,0.0,0.0,0.0,0.0,0.0,0.0,0.0,0.0,0.0,0.0,0.0,0.0,0.0,0.0,0.0,0.0,0.0,0.0,0.0,0.0,0.0,0.0,0.2386465732123817,0.0,0.0,0.0,0.0,0.0,0.09844840036399316,0.0,0.0,0.0,0.0,0.06812395295493603,0.0,0.0,0.0,0.08828771144216736,0.0,0.0,0.0,0.12055465050918522,finance
Dokumen_183,0.0,0.0,0.04903340034306888,0.0,0.0,0.10513473917182206,0.0,0.10533960769499237,0.0,0.0,0.0,0.0,0.0,0.0,0.0,0.0,0.0,0.0,0.0,0.0,0.0,0.0,0.0,0.0,0.0,0.0,0.0,0.21026947834364412,0.0,0.0,0.045979293919210115,0.0,0.0,0.0,0.0,0.0,0.0,0.0,0.0,0.0,0.0,0.0,0.0,0.0,0.0,0.0,0.0,0.0,0.0,0.0,0.0,0.0,0.0,0.11352123966481327,0.0,0.0,0.0,0.0,0.0,0.0,0.0,0.0,0.0,0.0,0.0,0.0,0.0,0.0,0.0,0.0,0.0,0.0,0.0,0.0,0.0,0.0,0.0,0.0,0.0,0.0,0.0,0.08429608009301996,0.0,0.07211555898499204,0.0,0.0,0.0,0.13353694682716286,0.0,0.0,0.024158690432112582,0.0,0.0,0.0,0.1143539949600598,0.0,0.0,0.0,0.11250852441461319,0.0,0.0,0.0,0.0,0.0,0.0,0.0,0.0,0.0,0.0,0.0,0.0,0.0,0.0,0.0,0.0,0.0,0.0,0.0,0.0,0.0,0.0,0.0,0.0,0.0,0.0,0.0,0.0,0.0,0.0,0.0,0.0,0.04415137589772846,0.0,0.0,0.0,0.04831803975052025,0.0,0.0,0.0,0.0,0.0,0.0,0.0,0.20522455976773407,0.0,0.0,0.0,0.028533407157855566,0.0,0.042190838505454076,0.10185591657083183,0.0,0.0,0.0,0.0,0.0,0.0,0.0,0.0,0.0860405871883506,0.0,0.0,0.0,0.0,0.0,0.0,0.0,0.09806680068613775,0.12930273816588353,0.0,0.04504680363366615,0.0,0.0,0.0,0.0,0.0,0.0,0.0,0.0,0.0,0.23456395592915327,0.05214619907948336,0.0,0.0,0.07041805118000515,0.0,0.0,0.0,0.0,0.0,0.0,0.0,0.0,0.05132676455571497,0.0,0.0,0.0,0.0,0.0,0.0,0.0,0.05480008244013226,0.0,0.0497722195176946,0.0,0.0,0.0,0.036528230339610473,0.0,0.0,0.0,0.0,0.0,0.0,0.0,0.0,0.0,0.0,0.0,0.0,0.0,0.0,0.0,0.0438606368180393,0.0,0.0,0.0,0.0,0.0,0.0,0.0,0.0,0.0,0.0,0.0,0.0,0.0,0.0,0.0,0.057808807245326964,0.05727861887654619,0.0,0.0,0.0,0.0,0.0,0.0,0.0,0.0,0.0,0.0,0.0,0.0,0.0,0.0,0.0,0.10776056529103563,0.0,0.0,0.0,0.0,0.0,0.0,0.0,0.0,0.0,0.06861453160817307,0.07955397723026604,0.0,0.0,0.0,0.07452611430782838,0.0,0.0,0.08948871319051388,0.0,0.0,0.0,0.0,0.0,0.0,0.0,0.0,0.0,0.0,0.0,0.2557440339615726,0.0,0.06465136908294176,0.0,0.0,0.0,0.0,0.0,0.07690009386961714,0.0,0.1990888780707784,0.0,0.0,0.0,0.08176093679745845,0.0,0.0,0.06324266252201863,0.0,0.0,0.0,0.0,0.0,0.0,0.0,0.0,0.0,0.0,0.15910795446053208,0.0,0.0,0.0,0.0,0.0,0.0,0.0,0.0,0.0,0.0,0.0,0.0,0.0,0.0,0.0,0.0,0.0,0.0,0.0,0.0,0.0,0.0,0.0,0.0,0.0,0.0,0.0,0.0,0.0,0.0,0.0,0.0,0.0,0.0,0.0,0.0,0.0,0.07237858857227952,0.0,0.0,0.31285008284922433,0.0,0.0,0.0,0.0,0.0,0.0,0.0,0.0,0.0,0.0,0.0,0.0,0.0,0.0713770029671809,0.0,0.0,0.0,0.1147869417169348,0.0,0.0,0.0,0.0,0.0,0.0,0.0,0.0,0.0,0.0,0.04415137589772846,0.0,0.0,0.05299656286830019,0.0,0.17897742638102776,0.30272741230219885,0.0,0.06257001656984487,0.0,0.0,0.0,0.0,0.0,0.0,0.06066477237353904,0.0,0.0,0.0,0.0,0.0,0.18771004970953464,0.0,0.0,0.0,0.05480008244013226,0.0,0.0,0.0,0.0,0.0,0.0,0.0,0.0,0.0,0.0,0.0,0.22357834292348513,0.0,0.0,0.0,0.0,0.0,0.0,0.0,0.27398493833922816,0.0,0.0,0.0,0.0,0.0,0.0,0.0,0.0,0.0,0.0,0.0,0.06694473329558787,0.0,0.0,0.0,0.09457172167981452,0.0,0.0,0.0,0.0,0.0,0.0,0.0,0.0,0.0,0.0,0.03359787766925524,0.0,0.0,0.0,0.0,0.0,0.03918211370025936,0.0,0.0,0.0,0.0,0.0,0.0,0.0,0.0,0.0,0.0,0.0,0.0,0.0,0.0,0.0,0.08602054605844495,0.0,0.0,0.0,0.0,0.0,0.0,0.0,0.10469625398112854,0.0,0.0,0.0,0.0,0.0,0.0,0.0,0.11455723775309239,0.0,0.0,0.0,0.0,0.16826963763164812,finance
Dokumen_184,0.0,0.0,0.0,0.0,0.0,0.0,0.0,0.0,0.0,0.0,0.0,0.0,0.0,0.0,0.0,0.0,0.0,0.0,0.0,0.0,0.0,0.0,0.0,0.0,0.0,0.14697651271542683,0.0,0.05987847491776987,0.0,0.0,0.05237412522950528,0.0,0.0,0.07718885413247656,0.0,0.0,0.0,0.0,0.0,0.0,0.0,0.0,0.0,0.0,0.0,0.06086573998536708,0.0,0.0,0.0,0.0,0.0,0.0,0.0,0.0,0.0,0.0684176100114697,0.0,0.0,0.0,0.0,0.0,0.0,0.0,0.16932650949411412,0.0,0.0,0.0,0.0,0.0,0.0,0.0,0.0,0.0,0.0,0.0,0.0,0.0,0.0,0.0,0.0,0.0,0.0,0.0,0.1369090662096823,0.0,0.0,0.0,0.09126561345000876,0.2671872696381041,0.0,0.055037394888905765,0.0,0.0,0.0,0.10420674076563159,0.0,0.0,0.0,0.0,0.0,0.0,0.0,0.0,0.0,0.0,0.0,0.0,0.0,0.0,0.0,0.0,0.0,0.0,0.0,0.0,0.0,0.0,0.0684176100114697,0.0,0.0,0.0,0.0,0.0,0.0,0.0,0.0,0.0,0.0,0.0,0.0,0.0,0.0,0.0,0.0,0.04745484154747145,0.0,0.0,0.0,0.0,0.0,0.0,0.0,0.06710113031389998,0.11688366520298714,0.0,0.0,0.0,0.0,0.0,0.09611753774667126,0.0,0.08244505164607648,0.0,0.0,0.0,0.0,0.0,0.0,0.0,0.0326690567580328,0.0,0.0,0.0,0.0,0.12930985049184401,0.0,0.0,0.0,0.0,0.0,0.051311943564075826,0.0,0.0,0.0,0.0,0.0,0.0,0.0,0.0,0.0,0.0,0.0,0.0,0.0,0.0,0.0,0.0,0.0,0.0,0.0,0.0,0.13420226062779997,0.0,0.0,0.0,0.0,0.0,0.0,0.0,0.0,0.0,0.0,0.0,0.17008372046016051,0.0,0.108408524614016,0.0,0.04160860133216763,0.0,0.0,0.0,0.0,0.16727804334728913,0.0,0.0,0.0,0.0,0.0,0.0,0.0,0.17241547282324834,0.0,0.0,0.09992160773021733,0.0,0.0,0.0,0.0705283106008628,0.0,0.0,0.0,0.0,0.0,0.0,0.0,0.0,0.0,0.0,0.0,0.0,0.0,0.0,0.0,0.0,0.06710113031389998,0.0,0.0,0.0,0.0,0.0,0.0,0.0,0.0,0.0,0.0,0.0,0.0,0.0,0.0,0.0,0.0,0.0,0.0,0.0,0.0,0.0,0.0,0.0,0.0,0.0,0.0,0.0,0.0,0.0,0.0,0.0,0.0,0.0,0.0,0.0,0.0,0.24757002394991307,0.0,0.0,0.0,0.0,0.0,0.0,0.0,0.0,0.0,0.0,0.0,0.0,0.0,0.0,0.05669457348672017,0.0,0.0,0.0,0.031044101070334715,0.0,0.0,0.0,0.0,0.0,0.0,0.0,0.0,0.28213673550247315,0.0,0.0,0.0,0.0,0.0,0.0,0.0,0.0,0.0,0.0,0.0,0.0,0.0,0.0,0.0,0.0,0.0,0.0,0.0,0.0,0.0,0.0,0.147286250483036,0.0,0.08244505164607648,0.0,0.0,0.0,0.0,0.0,0.0,0.0,0.0,0.20047035609246186,0.0,0.0,0.0,0.0,0.0,0.0,0.0,0.0,0.0,0.0,0.0,0.0,0.0,0.0,0.0,0.0,0.0,0.0,0.0,0.0,0.0,0.0,0.0,0.0,0.0,0.0,0.0,0.08021184138668172,0.0,0.04358386241393842,0.0,0.0,0.12815628611938965,0.0,0.05846532570051544,0.07203849481889664,0.0,0.0,0.0,0.0,0.0,0.0,0.06710113031389998,0.0,0.0,0.2038697279476523,0.08620773641162417,0.0,0.0,0.0,0.0,0.0,0.07535480786161174,0.0,0.0,0.0,0.0,0.11975694983553974,0.0,0.0,0.0,0.0,0.0,0.0,0.0,0.0,0.07718885413247656,0.07282827181370707,0.0,0.0,0.07127229681254689,0.0,0.0,0.0,0.04775502891258533,0.0,0.0,0.0,0.0,0.0,0.0,0.0,0.0,0.0,0.0,0.0,0.0,0.0,0.0,0.0,0.0,0.0,0.09061839821386154,0.0,0.0,0.16260832967459032,0.0,0.0,0.0,0.0,0.0,0.0,0.0,0.0,0.0,0.0,0.0,0.0,0.0,0.0,0.0,0.0,0.0,0.0,0.0,0.0,0.0,0.0,0.0,0.0,0.0,0.0,0.0,0.0,0.08021184138668172,0.0,0.0,0.0,0.0,0.0,0.0,0.0,0.0,0.0,0.0,0.0,0.216817049228032,0.08489125671405445,0.0,0.0,0.0,0.0,0.0298143699569556,0.0,0.38127726050334954,0.0,0.0,0.0,0.0,0.0,0.0,0.0,0.0,0.0,0.0,0.19167269269355522,finance
Dokumen_185,0.0,0.0,0.0,0.0,0.0,0.0,0.0,0.0,0.0,0.0,0.0,0.0,0.0,0.0,0.0,0.0,0.0,0.0,0.0,0.0,0.0,0.0,0.0,0.0,0.06125265722478008,0.0,0.0,0.0,0.0,0.0,0.05314219974736115,0.0,0.0,0.0,0.06808517860277524,0.0,0.0,0.0,0.0,0.0,0.059322728600362105,0.0,0.0,0.0,0.0,0.0,0.07156261901026474,0.0,0.0,0.0,0.0,0.0,0.0,0.0,0.0848656006563849,0.0694209646754786,0.0,0.0,0.0,0.0,0.0,0.0,0.0,0.0,0.0,0.0,0.0,0.0,0.0,0.0,0.0,0.0,0.0,0.0,0.0,0.0,0.0,0.0,0.066814579344907,0.0,0.0,0.06495212292869675,0.0,0.08335011510196087,0.0,0.0,0.05314219974736115,0.1234720500825602,0.0,0.0,0.05584452666166758,0.0,0.0,0.0,0.05286747423963596,0.0,0.0,0.0,0.06501785878038714,0.0,0.0,0.0,0.0,0.0,0.0,0.0,0.0,0.0,0.0,0.0,0.0,0.0,0.0,0.0,0.0,0.0,0.0,0.0,0.0,0.0,0.0,0.0,0.0,0.0,0.0,0.0,0.0,0.05625540877797402,0.0,0.0,0.0,0.05102951866117347,0.0,0.0,0.048150774021413136,0.0,0.0,0.0,0.0,0.1503664138179206,0.0,0.0,0.0,0.05929889097146741,0.0954247712233179,0.0,0.0,0.03297849734969558,0.0,0.0,0.17658538232563684,0.0,0.0,0.0,0.0,0.0,0.0,0.0,0.0,0.03314815344763433,0.0,0.0,0.0,0.0,0.0,0.0,0.0,0.11334418314044686,0.0,0.0,0.0,0.0,0.0,0.0,0.0,0.0,0.0,0.0,0.0,0.0,0.0,0.0,0.11772358821709122,0.0,0.0,0.0,0.0,0.0723175158929782,0.0,0.0,0.0,0.0,0.0,0.0,0.06227404770119997,0.0,0.0,0.0,0.0,0.0,0.0,0.0,0.07557702934732015,0.05752600803584225,0.0,0.0,0.0,0.04221879780355152,0.0,0.0,0.0,0.0,0.0,0.0,0.0,0.0,0.0,0.7049412172311071,0.0,0.0,0.0,0.0,0.0,0.0,0.0,0.0,0.0,0.0,0.0,0.0,0.0,0.0,0.0,0.0,0.0,0.0,0.0,0.0,0.0,0.0,0.06620179533289103,0.0,0.0,0.05840887627645969,0.06808517860277524,0.0,0.0,0.0,0.0,0.0,0.0,0.0,0.0,0.08249650278916419,0.0,0.0,0.0,0.0,0.0,0.0,0.0,0.0,0.0,0.0,0.0,0.0,0.07930367853625796,0.0,0.0,0.0,0.0,0.08613619991425313,0.0,0.0,0.0,0.059322728600362105,0.0,0.0,0.0,0.0,0.0,0.0,0.0,0.0,0.0,0.05003415729129734,0.0,0.0,0.0,0.0,0.0,0.0,0.0,0.0,0.0,0.0,0.0,0.0,0.0,0.0,0.1574968376872859,0.0,0.0,0.21928485092912026,0.0,0.0,0.0,0.0,0.0,0.0,0.0,0.0,0.0,0.0,0.0,0.0,0.0,0.0,0.0,0.0,0.0,0.0,0.0,0.0,0.0,0.0,0.0,0.0,0.0,0.0,0.0,0.0,0.0,0.0,0.0,0.0,0.0,0.0,0.0,0.0,0.0,0.0,0.0,0.0,0.0,0.08613619991425313,0.0,0.0,0.0,0.0,0.0,0.0,0.0,0.0,0.0,0.0723175158929782,0.0,0.0,0.0,0.0,0.0,0.0,0.0,0.0,0.0,0.0,0.0,0.0,0.0,0.0,0.0,0.0,0.0,0.0,0.0,0.0,0.0,0.0,0.059322728600362105,0.0,0.0,0.0,0.0,0.0,0.0,0.0,0.0,0.06125265722478008,0.0,0.05171487713426699,0.0,0.0,0.0,0.0,0.0,0.0,0.0,0.0,0.0,0.0,0.0,0.060756601865969505,0.0,0.0,0.0,0.21695254767893463,0.0,0.05752600803584225,0.0,0.0,0.0,0.0,0.0,0.0,0.0,0.0,0.066814579344907,0.0,0.0,0.0,0.0,0.0,0.0,0.0,0.0,0.0,0.0,0.0,0.0,0.0,0.0,0.0,0.0,0.0,0.0,0.0,0.0,0.0,0.0,0.0,0.0,0.0,0.0,0.0,0.0,0.1639569324223831,0.0,0.0,0.0,0.0,0.0,0.0,0.0,0.0,0.0,0.0,0.07766387754123387,0.0,0.0,0.0,0.0,0.0,0.04528611762593961,0.0,0.0,0.0,0.0,0.0,0.0,0.0,0.0,0.0,0.0,0.0,0.0,0.0,0.08249650278916419,0.0,0.0,0.0,0.0,0.0,0.0,0.0,0.0,0.08365412087663975,0.030251602230134733,0.0,0.0,0.07309495030970675,0.0,0.0,0.0,0.0,0.0,0.08138816024889539,0.0,0.0,0.0,0.22226697360522898,finance
Dokumen_186,0.0,0.033298372520491205,0.0,0.0,0.05160804868820177,0.0,0.028975391653069116,0.0,0.02707640230369695,0.0,0.06647901000021741,0.0,0.0,0.0,0.0,0.1669416548096749,0.034724862668017616,0.0,0.0,0.0,0.0,0.0,0.0,0.0,0.0,0.050917645071806746,0.0,0.0,0.0,0.0,0.09072085975211745,0.0,0.0,0.0,0.0,0.0,0.0,0.02495657600611154,0.0,0.0,0.020254370225739924,0.0,0.0,0.0,0.0,0.0,0.024433397012500677,0.28165462005843156,0.0,0.0,0.0,0.0,0.0,0.0,0.0,0.023702178796215626,0.0,0.0,0.06325786525378298,0.0,0.0,0.01730811564179087,0.0,0.04399533105178379,0.0,0.0,0.6941611251448073,0.022812288956657358,0.028166518116132615,0.0,0.0,0.0,0.0,0.0,0.0,0.0,0.0,0.0,0.0,0.0,0.029409208309595203,0.08870558558478475,0.0,0.06640191657985609,0.0,0.0,0.07257668780169396,0.052695835852196685,0.0,0.0,0.0762672752769983,0.08122920691109084,0.0,0.0,0.0631763065345559,0.0,0.0,0.0,0.02219884037860656,0.0,0.0,0.0,0.0,0.0,0.0,0.0,0.0,0.0,0.0,0.0,0.0,0.0,0.0,0.0,0.0,0.0,0.0,0.023702178796215626,0.0,0.0,0.0,0.0,0.0,0.0,0.0,0.0,0.0,0.0,0.019942356538293668,0.0,0.03869874333876589,0.03484569195619916,0.0,0.0,0.14795968830599604,0.0,0.0,0.0,0.0,0.0,0.028975391653069116,0.027425132399944197,0.04649221122636689,0.09110804139023543,0.0,0.0,0.0,0.011259743281687822,0.0,0.0,0.0,0.0,0.0,0.0,0.0,0.030854241746500404,0.0,0.0,0.0,0.05658834211344122,0.0,0.0,0.05633303623226523,0.0,0.0,0.021085955084594325,0.0,0.0,0.0,0.0,0.0,0.0,0.012107191619677162,0.0,0.18718584513422498,0.0,0.03196712704051264,0.0,0.0,0.0,0.0,0.0,0.0,0.0,0.0,0.0,0.026105459234705426,0.0,0.0,0.0,0.0,0.04649221122636689,0.07330019103750203,0.0,0.0,0.0,0.0,0.0,0.021812193475660102,0.0,0.07330019103750203,0.0,0.0,0.05892276494306738,0.0,0.0,0.0,0.02882925925270296,0.0,0.0,0.0,0.0,0.05795078330613823,0.023471218338202628,0.0,0.0,0.0,0.0,0.0,0.0,0.0,0.0,0.0,0.0,0.0,0.0,0.0,0.024433397012500677,0.0,0.0,0.047878597840708303,0.0,0.0,0.0,0.0,0.11609623001629768,0.0,0.0,0.025512474365794704,0.0,0.022603068063744652,0.0,0.0,0.0,0.0,0.0,0.08724877390264041,0.0,0.0,0.0,0.0,0.0,0.08022250505752498,0.0,0.0,0.0,0.0,0.0,0.031393284219246205,0.0,0.0,0.0,0.0,0.0,0.029330220701189198,0.0,0.0,0.0,0.0,0.0,0.0,0.0,0.0,0.0,0.0,0.0,0.0,0.0,0.0,0.028166518116132615,0.0,0.10720830812528577,0.0,0.0,0.0,0.017083002916771686,0.0,0.0,0.0,0.0,0.0,0.0,0.0,0.0,0.0,0.0,0.019640921647689123,0.0,0.05795078330613823,0.0,0.032264186107064045,0.0,0.0,0.0,0.0,0.0,0.0,0.0,0.0,0.0,0.0,0.0,0.0,0.0,0.0,0.06790240590032728,0.0,0.0,0.24900617704204875,0.0,0.0,0.0,0.0,0.0,0.02495657600611154,0.0,0.0,0.0,0.0,0.0,0.0,0.09971851500032612,0.0,0.0,0.0,0.0,0.058818416619190406,0.0,0.0,0.0,0.0,0.0,0.0,0.0,0.0,0.0,0.0,0.0,0.0,0.0,0.0,0.0,0.0,0.05973056298525477,0.0,0.024691139050088646,0.0,0.0,0.0,0.0,0.026105459234705426,0.0,0.0,0.0,0.0,0.0,0.0,0.0,0.08959584447788216,0.0,0.0,0.05557620050750377,0.0,0.0,0.0,0.0,0.0,0.0204145813655431,0.0,0.0,0.024182916288257562,0.0,0.07920156361654551,0.0,0.03484569195619916,0.0,0.0,0.0,0.0,0.07062738295215248,0.029865281492627384,0.0,0.0,0.0,0.0,0.0,0.0,0.0,0.02162499755734013,0.047878597840708303,0.0,0.02074393300654272,0.0,0.0,0.0,0.0,0.05160804868820177,0.0,0.0,0.0,0.0,0.0,0.0,0.06325786525378298,0.04938227810017729,0.058481855184148564,0.022812288956657358,0.0,0.0,0.07181789676106246,0.0,0.029409208309595203,0.0,0.0,0.0,0.0,0.0,0.0,0.0,0.0,0.0,0.0,0.0,0.0,0.03394509671453783,0.0,0.0,0.0,0.0,0.0,0.0,0.0,0.0,0.0,0.0,0.0,0.0,0.0,0.08336430076125564,0.0,0.08822762492878561,0.0,0.0,0.0,0.0,0.0,0.026516530274318453,0.0,0.0,0.0,0.0,0.0,0.061847579443713475,0.020913299607285194,0.0,0.0,0.0,0.0,0.027788100253751884,0.0,0.0,0.0,0.0,0.0,0.0,0.0,0.028166518116132615,0.03034601898466932,0.0,0.0,0.0,0.0,0.0,0.0,0.0,0.0,0.06197224901289133,0.0,0.0,0.0,0.023939298920354152,0.021441661625057153,0.0,0.0,0.045206136127489305,0.0,0.0,0.0,0.0,0.15177580932538534,finance
Dokumen_187,0.0,0.0,0.05732278538060946,0.0,0.0,0.0,0.0,0.02052464810288986,0.0,0.07092050933855872,0.0,0.0,0.0,0.0,0.0,0.0,0.0,0.0,0.0,0.0,0.0,0.0,0.0,0.0,0.03097797193295175,0.07542211939511274,0.0,0.0,0.0,0.0,0.0,0.0,0.0,0.0,0.0,0.0,0.0,0.0,0.0,0.0,0.0,0.0,0.0,0.0,0.0,0.09370115721421128,0.0,0.0,0.0,0.0,0.0,0.0,0.0,0.0,0.0,0.0,0.0,0.0,0.0,0.0,0.0,0.0,0.0,0.10861398855398813,0.0,0.0,0.0,0.0,0.0,0.0,0.0,0.0,0.0,0.0,0.0,0.0,0.0,0.0,0.03379086324472413,0.6756428906166293,0.0,0.03284894292319453,0.0,0.04215355942455788,0.22119078988521515,0.0,0.0,0.03122243079124879,0.0,0.0,0.07060714824116453,0.040107111090066636,0.0,0.0,0.04010586333793226,0.0944835925122266,0.0,0.04495025376370718,0.03288218822978067,0.0,0.0,0.0,0.0,0.0,0.0,0.0,0.039610049692929826,0.0,0.0,0.0,0.0,0.11883014907878947,0.0,0.0,0.0,0.0,0.0,0.0,0.0,0.0,0.0,0.0,0.0,0.0,0.0,0.0,0.0,0.028450659173946777,0.0,0.0,0.0,0.0,0.0,0.0,0.0,0.0,0.0,0.0,0.0,0.019011610099690972,0.0,0.0,0.03443345721422049,0.044984808742945415,0.0,0.0,0.0,0.050035721464659844,0.05269173552845028,0.09864689635043697,0.14884407374575395,0.0,0.0,0.0,0.0,0.045703062299296,0.0,0.0,0.0,0.08382187921755757,0.0,0.0,0.0,0.0,0.06635633682262737,0.0,0.027063001781574978,0.02866139269030473,0.0,0.0,0.0,0.026510309620463593,0.07173545049784034,0.0,0.0,0.0,0.0,0.0,0.0,0.0,0.0,0.0,0.11907525899660315,0.0,0.0,0.0,0.0,0.0,0.0,0.04172185279393126,0.0,0.06886691442844098,0.0,0.09000578447515979,0.03149453083740887,0.0,0.0,0.0,0.03230946478908241,0.03582111460659229,0.0,0.0,0.0,0.02909325314344314,0.0,0.0,0.0,0.021351771378700046,0.0,0.0,0.0,0.0,0.04292000240183902,0.0,0.0,0.0,0.0,0.0,0.0,0.0,0.04423815797704304,0.0,0.0,0.025637767862174393,0.0,0.0,0.0,0.0,0.0,0.04116131867736964,0.0,0.0,0.0,0.0,0.0,0.0,0.0,0.0,0.0,0.0,0.0,0.093003045496294,0.0,0.029539755692352593,0.0,0.046501522748147,0.06461892957816481,0.0,0.0,0.0,0.0,0.0,0.0,0.0,0.0,0.0,0.0,0.0,0.0,0.0,0.0,0.04172185279393126,0.0,0.0,0.0,0.032592713636816366,0.0,0.046501522748147,0.0,0.0,0.08232263735473928,0.04356259637133538,0.0,0.0,0.0,0.0,0.0,0.0,0.0,0.0,0.0,0.03176061188285596,0.03657392314218111,0.0,0.0,0.0,0.07474476718206421,0.04230730756842858,0.0,0.0,0.0,0.0,0.0,0.0,0.0,0.0,0.05818650628688628,0.0,0.0,0.0,0.015930517428823,0.0,0.08461461513685715,0.0,0.0,0.0,0.0,0.0,0.0,0.0,0.0,0.0,0.0,0.0,0.093003045496294,0.0,0.0,0.13068778911400614,0.0,0.0,0.0,0.0,0.0,0.0,0.0,0.0,0.0,0.0,0.0,0.0,0.0,0.0,0.03779053184741962,0.0,0.0,0.0,0.0,0.0,0.0,0.0,0.0,0.0,0.0,0.0,0.0,0.0,0.22955738251892505,0.0,0.0,0.0,0.0,0.0,0.0,0.0,0.0,0.03657392314218111,0.0,0.0,0.0,0.2514522891724227,0.15467557939786994,0.0,0.0,0.0,0.0,0.0,0.0,0.0,0.04423815797704304,0.0,0.0,0.0,0.0,0.022365391680293983,0.0,0.0,0.0,0.030239242034502067,0.030001928158386596,0.0,0.07164222921318458,0.0,0.0,0.027252509566039015,0.0,0.0,0.0,0.0,0.0,0.02615432676663152,0.0,0.0,0.10972176942654334,0.0,0.03582111460659229,0.0,0.0,0.0,0.03203217952025476,0.03546025466927936,0.0,0.030727096466014334,0.0,0.0,0.0,0.0,0.0,0.0,0.0,0.0,0.039610049692929826,0.0,0.0,0.09370115721421128,0.0,0.0,0.0,0.0,0.0,0.0,0.0,0.0,0.0,0.0,0.04172185279393126,0.0,0.0,0.0,0.050290457834484534,0.0266919754494774,0.0,0.0,0.0,0.0,0.025140706465037584,0.0,0.0,0.0,0.0,0.0,0.056901318347893554,0.0,0.0,0.0,0.0,0.0,0.0,0.0,0.0,0.0,0.0,0.0,0.0,0.03696710349765122,0.0,0.03379086324472413,0.019638898357075992,0.0,0.0,0.0,0.0,0.0,0.04580608072627973,0.0,0.0,0.0,0.0,0.0,0.0,0.0,0.0,0.0,0.0,0.0,0.0,0.0,0.0,0.04495025376370718,0.025140706465037584,0.0,0.0,0.0,0.0,0.0,0.0,0.0,0.10709630064880983,0.0,0.0,0.0,0.0,0.03176061188285596,0.0,0.0,0.03348095332758321,0.0,0.0,0.033178168411313685,0.0,0.16861423769823153,finance
Dokumen_188,0.0,0.0,0.0,0.0,0.0,0.06533556678294936,0.0,0.0,0.0,0.0,0.0,0.0,0.0,0.0,0.0,0.0,0.0,0.0,0.08752203737486357,0.0,0.0,0.0,0.0,0.0,0.0,0.0,0.0,0.0,0.0,0.0,0.05714729978226943,0.0,0.0,0.0,0.0,0.0,0.0,0.0,0.0,0.0,0.0,0.0,0.0,0.0,0.0,0.0,0.0,0.14785097432865307,0.0,0.0,0.0,0.0,0.0,0.0,0.0,0.0,0.0,0.0,0.0,0.0,0.0,0.0,0.0,0.0,0.0,0.0,0.0,0.0,0.0,0.0,0.0,0.0,0.0,0.0,0.0,0.0,0.0,0.0,0.0,0.0,0.0,0.0,0.0,0.119509141818565,0.0,0.0,0.05714729978226943,0.06638880488899813,0.0,0.0,0.03002664475224067,0.0,0.0,0.0,0.05685186938942824,0.0,0.0,0.0,0.0,0.08422354679202289,0.0,0.0,0.0,0.0,0.0,0.0,0.0,0.0,0.0,0.0,0.10469190669299847,0.0,0.0,0.0,0.0,0.0,0.0,0.0,0.0,0.0,0.0,0.0,0.0,0.0,0.0,0.0,0.0,0.0,0.0,0.0,0.0,0.0,0.0,0.0,0.1553390750193764,0.0,0.0,0.0,0.0,0.0,0.0,0.08637882550443206,0.0,0.06376799446038799,0.0,0.0,0.0,0.0,0.0,0.0,0.37978773287159345,0.0,0.0,0.0,0.0,0.0,0.0,0.0,0.0,0.03564638782937645,0.0,0.0,0.0,0.0,0.0,0.0,0.0,0.12188644887296379,0.0,0.0,0.0,0.0,0.03813308818399519,0.0,0.0,0.0,0.10068439591256344,0.0,0.0,0.0,0.0,0.0,0.0,0.0,0.0,0.41602539060399246,0.0,0.0,0.0,0.0,0.0,0.0,0.0,0.0,0.0,0.0,0.0,0.0,0.0,0.0,0.0,0.0,0.0,0.0,0.0,0.0,0.0,0.0,0.0,0.0,0.0,0.0,0.0,0.0,0.0,0.0,0.0,0.0,0.0,0.0,0.0,0.0,0.0,0.0,0.0,0.0,0.0,0.0,0.0,0.0,0.0,0.0,0.0,0.0,0.0,0.0,0.0,0.0,0.08035467392798296,0.0,0.0,0.0,0.0,0.0,0.0,0.0,0.0,0.0,0.0,0.0,0.0732164669667322,0.0,0.0,0.0,0.0,0.0,0.0,0.0,0.0,0.0,0.0,0.0,0.0,0.0,0.0,0.0,0.0,0.0,0.0,0.0,0.0,0.0,0.0,0.0,0.0,0.0,0.0,0.0,0.0,0.0,0.0,0.06753314882956253,0.0,0.0,0.0,0.0,0.0,0.0,0.0,0.0,0.0,0.0,0.0,0.0,0.0,0.0,0.0,0.0,0.0,0.0,0.0,0.0,0.0,0.07860380371488711,0.0,0.0,0.0,0.0,0.0,0.0,0.0,0.0,0.0,0.0,0.0,0.0,0.0,0.0,0.0,0.0,0.0,0.0,0.0,0.0,0.0,0.0,0.0,0.0,0.0,0.0,0.0,0.0,0.0,0.0,0.0,0.0,0.0,0.0,0.0,0.0,0.0,0.0,0.3955080296481378,0.0,0.0,0.0,0.0,0.0,0.0,0.0,0.0,0.0,0.0,0.0,0.0,0.0,0.0,0.0,0.0,0.0,0.0,0.0,0.0,0.0,0.0,0.0,0.0,0.0,0.0,0.0,0.0,0.0,0.0,0.0,0.0,0.0,0.0,0.0,0.0,0.0,0.0,0.0,0.0,0.0,0.0,0.08127294642106239,0.0,0.0,0.0,0.1668372179272804,0.0,0.09887700741203445,0.0,0.07185010808362761,0.0,0.0,0.0,0.1607093478559659,0.0,0.0,0.0,0.0,0.0,0.0,0.43761018687431785,0.0,0.0,0.0,0.0,0.0,0.0,0.0,0.0,0.0,0.1555355547904385,0.0,0.0,0.0,0.0,0.0,0.0,0.0,0.0,0.0,0.0,0.0,0.0,0.0,0.0,0.0,0.0,0.0,0.0,0.0,0.0,0.0,0.0,0.0,0.20523305522459911,0.0,0.0,0.0,0.0,0.0,0.0,0.11754244289305421,0.0,0.0,0.0,0.0,0.0,0.0,0.0,0.0,0.0,0.0,0.0,0.0,0.0,0.0,0.0,0.0,0.0,0.0,0.0,0.0,0.0,0.08752203737486357,0.0,0.0,0.0,0.0,0.0,0.0,0.0,0.0,0.0,0.0,0.0,0.0,0.0,0.0,0.0,0.0,0.0,0.0,0.032531535949926985,0.0,0.0,0.0,0.0,0.0,0.0,0.0,0.0,0.0,0.0,0.0,0.0,0.0597545709092825,finance
Dokumen_189,0.0,0.06133825866214048,0.0,0.0,0.0,0.0,0.0,0.0,0.06650252419483074,0.0,0.0,0.0,0.0,0.0,0.0,0.0,0.04264397821099577,0.0,0.0,0.0,0.0,0.0,0.0,0.0,0.05136528839864863,0.02084319207399091,0.0,0.0,0.0,0.0,0.02228200815961906,0.0,0.0,0.03283916762475222,0.057094908091435984,0.06826024218835369,0.0,0.0,0.0,0.0,0.024873443873383742,0.0,0.02939873229466616,0.0,0.0,0.0,0.0,0.0,0.0,0.0,0.0,0.0,0.0,0.0,0.0,0.0,0.0,0.0,0.0,0.0,0.0,0.06376585963996219,0.0,0.0360190709597013,0.0,0.0,0.0,0.028014704118804554,0.0,0.0,0.0,0.0,0.0,0.0,0.0,0.0,0.0,0.0,0.05602940823760911,0.08002135933913174,0.03611607194380905,0.0,0.0,0.08154508517056708,0.0,0.0,0.02228200815961906,0.0,0.0,0.0,0.03512260137877892,0.0,0.0,0.0,0.06650045526829253,0.0,0.03558332201689562,0.0,0.0,0.0,0.0,0.0,0.0,0.0,0.0,0.0,0.0,0.0,0.0,0.0,0.0,0.1641958381237611,0.0,0.0,0.0,0.0,0.0,0.0,0.0,0.0,0.0,0.0,0.0,0.0,0.0,0.0,0.0,0.07076203939840293,0.02449027447063632,0.0,0.0,0.0,0.0,0.0,0.020189151836726083,0.023415386888489778,0.0,0.0,0.0,0.0,0.0,0.0,0.0,0.03729517348070096,0.0,0.0,0.0,0.06913781801762743,0.0,0.020446086220713495,0.0,0.0,0.03168871429113881,0.0,0.0,0.0,0.0,0.0,0.0,0.08339219254466439,0.0,0.0,0.0,0.0,0.027506742414813646,0.0,0.0,0.0,0.09399202623475601,0.15421049073868762,0.043660228793150194,0.0,0.059473100937719334,0.0,0.0,0.0,0.0,0.0,0.0,0.0,0.0,0.0,0.0,0.0,0.0,0.0,0.0,0.0,0.0,0.0,0.0,0.028547454045717992,0.060011022061223905,0.12436721936691872,0.02611090330485514,0.0,0.0,0.0,0.0,0.0,0.0,0.05311329426782119,0.03168871429113881,0.0,0.0,0.0,0.0,0.017701931828570095,0.0,0.03507536031290471,0.0,0.0,0.0,0.057647808889490254,0.03325126209741537,0.0,0.11367194957690004,0.0,0.0,0.0,0.03667615406899357,0.0,0.0,0.04251057309330813,0.0,0.0,0.06488412354294962,0.030005511030611953,0.0,0.0,0.0,0.0,0.0,0.0,0.0752105750218524,0.04752411502698856,0.0,0.0,0.0,0.028014704118804554,0.0,0.0,0.0,0.0,0.028547454045717992,0.0,0.0,0.0,0.0,0.0,0.0,0.0,0.0,0.03458998229329923,0.0,0.0,0.0,0.0,0.0,0.0,0.0,0.0,0.0,0.0,0.0,0.0,0.0,0.038552622684671904,0.0,0.0,0.03412526503200165,0.0,0.0,0.0,0.021683545652184895,0.0,0.0,0.0,0.0,0.0,0.0,0.0,0.06064406392175124,0.0,0.0,0.0,0.030984004786580838,0.0,0.0,0.0,0.0,0.0,0.0,0.0,0.0,0.0,0.0,0.0,0.2134999321013737,0.0,0.013207378840717123,0.7175463083598767,0.03507536031290471,0.0,0.0,0.0,0.0,0.0,0.0,0.0,0.0,0.0,0.0,0.0,0.0,0.0,0.0,0.0,0.0,0.0,0.0,0.0,0.0,0.0,0.0,0.0,0.0,0.0,0.0,0.03667615406899357,0.03507536031290471,0.0,0.0,0.0,0.0,0.0,0.0,0.0,0.0,0.0,0.0,0.0,0.0,0.0,0.0,0.0,0.0,0.0,0.0,0.0,0.0,0.0,0.0,0.0,0.0,0.0,0.0,0.0,0.0,0.20846941465046356,0.06411778473745476,0.0,0.0,0.0,0.0,0.0,0.0,0.0,0.0,0.0,0.0,0.0,0.0,0.0,0.0,0.0,0.08178406991540567,0.0,0.049746887746767485,0.061296005320468916,0.0,0.0,0.0,0.29372208765299296,0.0,0.0,0.0,0.05136528839864863,0.0,0.08673418260873958,0.0,0.0,0.0,0.0,0.0,0.0,0.03205889236872738,0.0,0.0,0.02939873229466616,0.0,0.0,0.0,0.0,0.0,0.0,0.0,0.024120096393047748,0.0,0.0,0.06567833524950444,0.0,0.0,0.025894674308205377,0.0,0.07181882854524227,0.028014704118804554,0.0,0.0,0.0,0.0,0.0,0.03611607194380905,0.0,0.0,0.0,0.0,0.0,0.0,0.06638786844372103,0.0,0.0,0.0,0.0,0.10421596036995455,0.0,0.0,0.0,0.0,0.03458998229329923,0.0,0.0,0.0,0.0,0.0,0.022915183058720735,0.0,0.0,0.0,0.030984004786580838,0.0,0.0,0.030648002660234458,0.030648002660234458,0.0,0.0,0.0,0.0,0.0,0.04550682812556913,0.0,0.0,0.0,0.0,0.0,0.0,0.0,0.0,0.0,0.0,0.0,0.0,0.04001067966956587,0.0,0.0,0.0,0.0,0.0,0.02084319207399091,0.03458998229329923,0.0,0.0,0.0,0.0,0.0,0.0,0.0761052178048257,0.0,0.0,0.0,0.0,0.026331500858277707,0.0,0.0,0.0,0.0,0.0,0.027506742414813646,0.0,0.13979157457811497,finance
Dokumen_190,0.0,0.14228658334697825,0.0,0.0,0.0,0.0,0.0,0.023683518983383004,0.0,0.0,0.0,0.0,0.0,0.0,0.0,0.0,0.0,0.0,0.0,0.0,0.0,0.0,0.0,0.0,0.0,0.05802003482208717,0.0,0.0,0.0,0.0,0.031012593578225164,0.0,0.0,0.04570628247230036,0.0,0.031668706778638686,0.0,0.0,0.0,0.0,0.0,0.0,0.08183561641646142,0.04220287717930116,0.0,0.036040782518706856,0.0,0.0,0.0,0.0,0.0,0.0,0.0,0.03828449469458086,0.0,0.0,0.0,0.0,0.0,0.0,0.0,0.0,0.0,0.025066071261091536,0.0,0.0,0.0,0.0,0.0,0.0,0.0,0.0,0.0,0.0,0.0,0.0,0.0,0.0,0.0,0.0,0.0,0.018952299679038186,0.0,0.0,0.0,0.0,0.031012593578225164,0.03602775690209216,0.052737047579963635,0.0,0.016294805419798743,0.09255968941426108,0.0,0.0,0.030852269945459546,0.036341734836150094,0.0,0.0,0.0,0.0,0.0,0.0,0.0,0.0,0.0,0.0,0.0,0.0,0.0,0.0,0.0,0.27423769483380217,0.0,0.0,0.0,0.0,0.0,0.04051251497913106,0.0,0.0,0.0,0.0,0.0,0.0,0.0,0.0,0.0,0.0,0.0,0.0,0.0,0.0,0.0,0.0,0.05619941938053472,0.03259005525209585,0.0,0.0,0.0,0.021937615029673056,0.0,0.0,0.0,0.017302750112719253,0.0,0.0,0.0,0.05773652991345004,0.0,0.0569146333387913,0.03435042031853675,0.0,0.0,0.0,0.0,0.0,0.0,0.0,0.0,0.058033552372350215,0.0,0.09628621038602414,0.0,0.0,0.03828449469458086,0.0,0.0,0.03307255912345956,0.08721345904824408,0.0,0.12153455123027293,0.0,0.04138799104204673,0.10209337075958708,0.0,0.0,0.0,0.0,0.06923882265997991,0.0,0.0,0.03517211207163788,0.0,0.0,0.0,0.0,0.0,0.0,0.0,0.0,0.0,0.11919894073336264,0.0,0.06923882265997991,0.0,0.0,0.0,0.0,0.0,0.0,0.0,0.0,0.0,0.0,0.0,0.0,0.0,0.02463794167097541,0.0,0.0,0.0,0.0,0.0,0.08023550009307248,0.0,0.0,0.0,0.0,0.0,0.0,0.0,0.0,0.0,0.08875073893762128,0.0,0.0,0.0,0.0,0.0,0.0,0.0,0.0,0.0,0.0,0.0,0.0,0.0,0.0,0.04360672952412204,0.0,0.038633880090929835,0.0,0.0,0.034086107649554526,0.0,0.0,0.0,0.0,0.0,0.0,0.0,0.0,0.0,0.04814310519301207,0.0,0.0,0.0,0.0,0.0,0.0,0.0,0.04814310519301207,0.0,0.0,0.0,0.0,0.0,0.16097518816026243,0.0,0.0,0.0,0.0,0.0,0.0,0.0,0.0,0.0,0.0,0.0,0.0,0.0,0.0,0.0,0.0,0.0,0.029198809843791737,0.0,0.0,0.0,0.0,0.0,0.0,0.0,0.0,0.051868377132894675,0.0,0.0,0.0,0.1981026298828824,0.0,0.0,0.6420194230179749,0.0,0.0,0.0,0.0,0.0,0.0,0.0,0.0,0.0,0.0,0.0,0.0,0.0,0.0,0.0,0.0,0.0,0.0,0.0,0.0,0.0,0.0,0.0,0.0,0.0,0.0,0.0,0.0,0.0,0.0,0.04360672952412204,0.0,0.04881866509524334,0.0,0.0,0.0,0.0,0.0,0.0,0.0,0.0,0.0,0.0,0.0,0.0,0.0,0.0,0.0,0.0,0.0,0.0,0.0,0.09030716346130487,0.0,0.0,0.0,0.0,0.40621330255442284,0.044620278050217003,0.0,0.0,0.0,0.0,0.0,0.0,0.0,0.10209337075958708,0.0,0.0,0.0,0.0,0.025807564435487627,0.0,0.0,0.07588592264785617,0.0,0.0,0.04265657043464903,0.0,0.0,0.0,0.18868104079053175,0.02977968037181249,0.0,0.0,0.0,0.0,0.030179640175555796,0.0,0.0,0.0,0.0,0.0413342067322322,0.0,0.044620278050217003,0.0,0.0,0.0,0.0,0.0709123750925238,0.0,0.0,0.0,0.0,0.0,0.0,0.0,0.03696213099216403,0.0,0.0,0.0,0.0,0.0,0.0,0.0,0.0,0.056554922740669145,0.0,0.0,0.0,0.0,0.0,0.0,0.0,0.0,0.0,0.0,0.0,0.0,0.0,0.0,0.0,0.08703005223313075,0.0,0.0,0.0,0.0,0.0,0.06565878481892765,0.0,0.0,0.0,0.0,0.0,0.0,0.0,0.0,0.0,0.0,0.0,0.0,0.0,0.0,0.0,0.0679843405432686,0.0,0.0,0.0,0.0,0.0,0.0528559211830031,0.0,0.0,0.0,0.0,0.0,0.0,0.0,0.0,0.0,0.0,0.0,0.0,0.0,0.0,0.0,0.029010017411043584,0.0,0.0,0.0,0.0,0.0,0.0,0.0,0.035308310514559946,0.0,0.0,0.0,0.0,0.03664876740788405,0.0,0.0,0.0,0.0,0.0,0.03828449469458086,0.0,0.032427502771106835,finance
Dokumen_191,0.0,0.0,0.03209362497221284,0.0,0.0,0.0,0.0,0.022982496559687704,0.0,0.0,0.0,0.0,0.0,0.0,0.0,0.0,0.0,0.0,0.0,0.04381705427771967,0.0,0.0,0.0,0.0,0.0,0.0,0.0,0.0,0.0,0.0,0.060189267120197405,0.0,0.0,0.0,0.0,0.0,0.0,0.0,0.0,0.0,0.0,0.0,0.03970665790989207,0.0,0.0,0.0,0.0,0.038930281140815044,0.0,0.0,0.0,0.0,0.0,0.0,0.0,0.0,0.0,0.0,0.034973990175437855,0.04671808907482868,0.0,0.028707917852561535,0.2217669765233743,0.0,0.0,0.0,0.0,0.0,0.0,0.0,0.0,0.0,0.0,0.0,0.0,0.0,0.0,0.0,0.0,0.0,0.0,0.055173958204092134,0.0,0.12587064809061935,0.0,0.0,0.0,0.017480675055859533,0.0,0.0,0.03162497175897393,0.044909980333191955,0.0,0.0,0.1496952772047046,0.0,0.0,0.0,0.0368198652701643,0.0,0.0,0.0,0.0,0.0,0.0,0.0,0.08870679060934972,0.0,0.0,0.0,0.16539703086433638,0.0,0.0,0.0,0.0,0.0,0.0,0.0,0.0,0.0,0.0,0.0,0.0,0.0,0.0,0.0,0.0,0.0,0.0,0.0,0.0,0.0,0.0,0.0,0.027267969837501963,0.0,0.0,0.0,0.0,0.12772962387075032,0.0,0.0,0.0,0.03358119164788945,0.0,0.0,0.0,0.0,0.0,0.0,0.0,0.0,0.0,0.0,0.0,0.0,0.0,0.0,0.0,0.056315783084422304,0.0,0.0,0.0,0.0,0.0,0.0,0.06060765010166439,0.03209362497221284,0.0,0.0,0.0,0.0,0.0,0.0,0.0,0.09284944590827746,0.0,0.0,0.0,0.0,0.0,0.0,0.0,0.0,0.0,0.394353488499477,0.0,0.0,0.0,0.0,0.0,0.0,0.0,0.1679734549473308,0.0,0.0,0.0,0.0,0.0,0.0,0.0,0.035868067112921675,0.0,0.03257720117428771,0.0,0.0,0.0,0.0,0.0,0.0,0.0,0.0,0.0,0.0,0.0,0.0,0.0,0.0,0.0,0.0,0.0,0.0,0.0,0.0,0.0,0.0,0.0,0.0,0.0,0.0,0.0,0.0,0.0,0.0,0.0,0.0,0.0,0.0,0.0,0.03783735508534275,0.0,0.0,0.0,0.0,0.0,0.0,0.036178557587834434,0.0,0.0,0.0,0.03855690036666462,0.0,0.0,0.0,0.0,0.0,0.10579810328409195,0.0,0.0,0.0,0.0,0.0,0.0,0.0,0.024324125858455285,0.0,0.0,0.0,0.0,0.0,0.0,0.0,0.0,0.0,0.0,0.03359469098946616,0.0,0.0,0.0,0.0,0.0,0.03556397896188724,0.0,0.08763410855543934,0.0,0.0,0.0,0.0,0.25389592956279805,0.0,0.0,0.0,0.0,0.0,0.0,0.0,0.03257720117428771,0.0,0.0,0.0,0.03567642769479879,0.0,0.0,0.0,0.0,0.0,0.0,0.0,0.0,0.0,0.0,0.0,0.0,0.0,0.15621038878065627,0.0,0.0,0.0,0.0,0.0,0.0,0.05033309449705177,0.0,0.0,0.04139395348935438,0.0,0.27293038629770494,0.0,0.0,0.0,0.0,0.0,0.04231598826046635,0.0,0.0,0.0,0.0,0.0,0.0,0.10604385550158943,0.0,0.0,0.0,0.0,0.0,0.0,0.0,0.0,0.0,0.0,0.0,0.19223887349438504,0.1421209580451939,0.0,0.0,0.0,0.0,0.0,0.0,0.0,0.0,0.38557068512536,0.0,0.0,0.0,0.0,0.0,0.0,0.0,0.0,0.0,0.0,0.28156396844714343,0.0,0.0,0.0,0.0,0.0,0.3023522189051954,0.0,0.08022146241759653,0.0,0.0,0.0,0.057796428155290736,0.0,0.0,0.0,0.0,0.0,0.0,0.0,0.0,0.0,0.0,0.0,0.0,0.0,0.07173613422584335,0.0,0.0,0.03440669897380293,0.0,0.0,0.0,0.0,0.0,0.0,0.0,0.0,0.0,0.0,0.0,0.0,0.0,0.0,0.0,0.0,0.0,0.0,0.0,0.0,0.0,0.0,0.0,0.0,0.0,0.0,0.0,0.029888367920544757,0.0,0.0,0.0,0.0,0.05630266564808888,0.0,0.0,0.0,0.0,0.0,0.0,0.0,0.0,0.0,0.05207012959355209,0.030949815302759153,0.0,0.0,0.0,0.0,0.0,0.0,0.0,0.0,0.04279956446254122,0.0,0.0,0.0,0.0,0.09219397823868379,0.0,0.0,0.0,0.0,0.0,0.0,0.0,0.0,0.0,0.0,0.0,0.0,0.0,0.0,0.0,0.0,0.0,0.0,0.05630266564808888,0.0,0.0,0.0,0.0,0.0,0.0,0.0947473053634626,0.017131599520717567,0.0,0.0,0.0,0.0,0.03556397896188724,0.0,0.0,0.0,0.0,0.0,0.0,0.0,0.03146766202265484,finance
Dokumen_192,0.0,0.0,0.0,0.0,0.0,0.04468687960416301,0.0,0.05969861029375818,0.17498512882936343,0.0,0.0,0.0,0.0,0.0,0.0,0.0,0.0,0.0,0.0,0.0,0.0,0.0,0.0,0.0,0.0,0.0,0.0,0.04468687960416301,0.0,0.0,0.0,0.056908901101160016,0.0,0.0,0.0,0.0,0.0,0.0,0.0,0.0,0.043632256402405,0.0,0.0,0.0,0.0,0.0,0.0,0.0,0.0,0.0,0.0,0.0,0.0,0.0,0.0,0.0,0.0,0.0,0.1362710054896814,0.0,0.0,0.0,0.0,0.0,0.0,0.0,0.0,0.0,0.0,0.0,0.0,0.0,0.0,0.0,0.0,0.0,0.0,0.0,0.0,0.0,0.0,0.023886356446929567,0.0,0.1226091138793817,0.0,0.0,0.07817287369854833,0.06811087767083895,0.0,0.0,0.06161102405759743,0.0,0.0,0.0,0.038884374434476995,0.0,0.0,0.13074366335504972,0.09564212408880648,0.0,0.0,0.0,0.0,0.0,0.0,0.0,0.0,0.0,0.0,0.0,0.0,0.0,0.0,0.0,0.0,0.0,0.0,0.0,0.0,0.0,0.0,0.0,0.0,0.0,0.0,0.0,0.0,0.0,0.0,0.0,0.04168269546248535,0.0,0.0,0.0,0.21249126272290872,0.0,0.0,0.0,0.0,0.0,0.0,0.0,0.0,0.0,0.0,0.0,0.0,0.02425590133962867,0.0,0.0,0.6926917769143767,0.0,0.05558740132857326,0.0,0.0,0.0,0.0,0.0,0.0,0.04876136902727087,0.060676719478755727,0.0,0.0,0.0,0.0,0.0,0.0,0.04168269546248535,0.0,0.0,0.0,0.0,0.0,0.0,0.0,0.0,0.0,0.0,0.0,0.0,0.06646665247948551,0.04432884769459982,0.0,0.0,0.0,0.0,0.0,0.0,0.0,0.0,0.0,0.0,0.0,0.0,0.0,0.0,0.0,0.0,0.0,0.0,0.0,0.0,0.0,0.042310756629818244,0.0,0.0,0.0,0.031052202995844807,0.0,0.0,0.0,0.0,0.0,0.0,0.0,0.0,0.0,0.0,0.0,0.0,0.0,0.0,0.0,0.11185617688058835,0.0,0.0,0.0,0.15790432850038025,0.0,0.0,0.0,0.0,0.0,0.0,0.04397738554996695,0.04168269546248535,0.0,0.0,0.0,0.0,0.04869185515257314,0.0,0.0,0.0,0.050077095913988255,0.06762786554710988,0.09397628342148065,0.0,0.0,0.0,0.050077095913988255,0.0,0.0,0.0,0.0,0.0,0.0,0.0,0.0,0.0,0.0,0.0,0.0,0.058328376276454486,0.06318358436773676,0.0,0.0,0.0,0.0,0.0,0.0,0.0,0.0,0.0,0.0,0.043632256402405,0.0,0.0,0.0,0.0,0.0,0.04618993665521015,0.0,0.0,0.0,0.03680045121523324,0.0,0.0,0.0,0.0,0.0,0.0,0.0,0.0,0.0,0.0,0.0,0.0,0.0,0.0,0.06950397495199849,0.0,0.0,0.0,0.0,0.0,0.0,0.0,0.0,0.0,0.0,0.0,0.0,0.0,0.06762786554710988,0.0,0.0,0.19006122183822982,0.0,0.0,0.0,0.06537183167752486,0.06762786554710988,0.0,0.05376181589891855,0.06433622004007358,0.0,0.0,0.0,0.0,0.0,0.143210041950419,0.0,0.0,0.0,0.0,0.0,0.0,0.0,0.0,0.0,0.0,0.0,0.0,0.0,0.0,0.0,0.0,0.0,0.0,0.0,0.062419206515745014,0.061528155183088566,0.0,0.0,0.0,0.16180902049172977,0.0,0.0,0.0,0.056236756716516845,0.0,0.0,0.0,0.0,0.0,0.0,0.0,0.0,0.060676719478755727,0.0,0.0,0.0,0.0,0.0,0.0,0.0,0.04397738554996695,0.0,0.0,0.0,0.0,0.034123430081245694,0.0,0.03753254603838369,0.0,0.10015419182797651,0.04505173157769947,0.05435122084835486,0.0,0.0,0.0,0.0,0.0,0.052095186978769845,0.0,0.0,0.10991868032248074,0.0,0.0,0.0,0.0,0.058328376276454486,0.0,0.11972305252587971,0.053190007780730485,0.05558740132857326,0.042310756629818244,0.0,0.0,0.0,0.0,0.06537183167752486,0.0,0.0,0.0419941519096672,0.0,0.0,0.07127847629521773,0.0,0.0,0.06335374061274328,0.0,0.0,0.0,0.07018554579991504,0.0,0.0,0.0,0.0,0.0,0.0,0.0,0.0,0.0,0.0,0.0,0.0,0.0,0.0,0.0,0.0,0.0,0.0,0.0,0.04019713344946365,0.0,0.0,0.0,0.0,0.0,0.0,0.05376181589891855,0.0,0.0,0.0,0.17136687563272748,0.0,0.0,0.0,0.0,0.0,0.03330823686542982,0.0,0.0,0.059861526262939856,0.0,0.0,0.0,0.0,0.0,0.0,0.0,0.0,0.0,0.0,0.0,0.0,0.0,0.0,0.0,0.0,0.0,0.0,0.0,0.0,0.04450050414844703,0.0,0.0,0.0,0.05157038293194086,0.0,0.0,0.0,0.04869185515257314,0.059861526262939856,0.0,0.0,0.053190007780730485,0.06130455693969085,finance
Dokumen_193,0.0,0.04790538290930578,0.027837368276958343,0.0,0.0,0.0,0.0,0.059803673272484446,0.0,0.0,0.0,0.0,0.0,0.0,0.0,0.0,0.0,0.0,0.03997791730388521,0.03800603633264971,0.0,0.03800603633264971,0.0,0.0,0.0,0.0,0.0,0.0,0.0,0.0,0.10441393246140555,0.0,0.0,0.0,0.0,0.026655737469878475,0.0,0.0,0.06563872975076425,0.0,0.0,0.0,0.0,0.0,0.0,0.0,0.0,0.06753469414444102,0.0,0.0,0.03670404169768758,0.0,0.0,0.0,0.08337207659222273,0.0,0.0,0.0,0.030335739433340128,0.04052233588127707,0.0,0.0,0.03847124781007928,0.0,0.04052233588127707,0.0,0.0,0.0,0.04052233588127707,0.0,0.0,0.0,0.0,0.0,0.0,0.0,0.0,0.0,0.0,0.0,0.0,0.06380905014228938,0.0,0.16376652322034668,0.0,0.0,0.05220696623070278,0.0,0.0,0.0,0.0274308678550706,0.0,0.0,0.0,0.0779056133012713,0.0,0.0,0.0,0.0,0.0,0.05117683089955827,0.0,0.0,0.0,0.02395269145465289,0.0,0.07694249562015856,0.0,0.0,0.0,0.0,0.0,0.0,0.0,0.0,0.0,0.0,0.03409962304670583,0.0,0.0,0.0,0.0,0.0,0.0,0.0,0.0,0.0,0.0,0.0,0.0,0.055674736553916686,0.0,0.02913936291192047,0.0,0.04730338309796711,0.027431241919694316,0.0,0.0,0.0,0.11079012055029586,0.08337207659222273,0.0,0.033443484058099784,0.08738296155926209,0.0,0.0,0.2759409566537441,0.0161990593695773,0.0,0.0,0.0,0.0,0.0,0.0,0.0,0.04438908431133695,0.0,0.0,0.0,0.06512957822137322,0.0,0.0,0.0,0.0,0.0,0.0,0.0262849316295967,0.027837368276958343,0.0,0.0,0.0,0.0,0.05225477462660237,0.17186518586974026,0.0,0.1610715039075893,0.04599015944229067,0.0,0.02913936291192047,0.0,0.04438908431133695,0.0,0.0,0.0,0.0,0.11401810899794915,0.0,0.0,0.034440760750519064,0.0,0.0,0.0,0.03515160505032593,0.17483617747152286,0.0,0.0,0.0,0.0,0.0,0.0,0.03515160505032593,0.031111243883155976,0.0,0.0,0.0,0.0,0.0,0.0,0.0,0.0,0.0,0.0,0.0,0.03376734707222051,0.03895401852948809,0.0,0.0,0.0,0.32810896827365266,0.0,0.0,0.0,0.0,0.0,0.0,0.0,0.0,0.0,0.0,0.0,0.0,0.0,0.0,0.0,0.0,0.027837368276958343,0.0,0.0,0.0,0.0,0.0650367299394256,0.0,0.04052233588127707,0.028690478055435092,0.0,0.0,0.0,0.0,0.03895401852948809,0.0,0.0,0.0,0.0,0.04052233588127707,0.0,0.0,0.061178105551552,0.0,0.0,0.0,0.0,0.0,0.0,0.0,0.04219652034465823,0.0,0.0,0.225822943805764,0.0,0.0,0.0,0.0,0.0,0.0,0.0,0.02913936291192047,0.030589052775776,0.15581607411795237,0.0,0.0,0.0,0.0,0.0,0.0,0.0,0.0,0.0,0.0,0.18352020848843792,0.0,0.03800603633264971,0.0,0.0,0.0,0.0,0.0,0.0282568126008322,0.0,0.0,0.0,0.06189003937113767,0.0,0.0,0.07180857436454255,0.0,0.03670404169768758,0.0,0.0,0.0,0.04687270975337895,0.0,0.0,0.0,0.0,0.0,0.0,0.0,0.04231015747882902,0.0,0.0,0.0,0.0,0.0,0.0,0.07180857436454255,0.0,0.47346871435806287,0.04365791926734687,0.0,0.0,0.0,0.0,0.0,0.0,0.0,0.0,0.0,0.024576810637370543,0.0,0.2299507972114534,0.0,0.0,0.0,0.0,0.0,0.0,0.0,0.0325183649697128,0.0,0.0,0.0,0.0,0.0,0.042966296467435064,0.0,0.0,0.0,0.035904287182271274,0.0,0.0,0.0,0.0,0.0,0.0,0.0,0.0,0.0,0.0,0.0,0.0,0.0,0.0,0.0,0.0,0.0,0.0,0.0,0.0587397078729717,0.08741808873576143,0.0,0.03479124584661763,0.0,0.022788989039818592,0.0,0.02506573279030654,0.0,0.0,0.0,0.0,0.025402381318508423,0.0,0.0,0.0,0.0,0.03479124584661763,0.0,0.0,0.11011212509306273,0.0,0.034440760750519064,0.0,0.029843682393542893,0.0,0.0,0.0,0.0,0.0,0.0,0.0,0.031111243883155976,0.0,0.0,0.0,0.030335739433340128,0.0,0.028045371327774415,0.0,0.0,0.0,0.0,0.0,0.04231015747882902,0.0,0.0,0.0,0.0,0.0,0.0,0.0,0.0,0.0,0.0,0.0,0.0,0.09767161172832985,0.0,0.0,0.0,0.0,0.0,0.0,0.0,0.0,0.0,0.0,0.1610715039075893,0.0,0.0,0.0,0.0,0.0,0.0,0.035904287182271274,0.0,0.0,0.032819364875382125,0.07629709442620446,0.0,0.0,0.05331147493975695,0.0,0.0,0.0,0.030087345108758858,0.0,0.0,0.0,0.03997791730388521,0.0,0.0,0.0,0.0,0.0,0.0,0.0,0.0,0.04052233588127707,0.0,0.04883580586416492,0.0,0.0,0.0,0.0,0.0,0.0,0.0,0.08915764026864853,0.0,0.07601207266529943,0.035904287182271274,0.034440760750519064,0.030847483904146624,0.0,0.0,0.0325183649697128,0.0,0.0,0.0,0.03552241089060771,0.15011931295198447,finance
Dokumen_194,0.0,0.0,0.022873987237262288,0.0,0.0,0.0,0.0,0.0,0.0,0.0,0.0,0.0,0.0,0.0,0.0,0.0,0.041050225250505556,0.0,0.0,0.0,0.0,0.0,0.0,0.0,0.0,0.02006420989485117,0.0,0.0,0.0,0.0,0.04289850489371624,0.0,0.0,0.0,0.08244161084879811,0.0,0.0,0.0,0.0,0.0,0.02394383724487809,0.0,0.0,0.0,0.0,0.0,0.0,0.13873327720521392,0.0,0.0,0.0,0.0,0.0,0.026478720311900485,0.0,0.0,0.0,0.0,0.0,0.0,0.0,0.0409218059434805,0.0,0.0,0.1331889400679605,0.0,0.0,0.0,0.0,0.0,0.0,0.0,0.0,0.03376447278120302,0.0,0.0,0.0,0.0,0.0,0.0,0.0,0.11797187917061544,0.0,0.16820884991549634,0.0,0.0,0.04289850489371624,0.024917891853765906,0.0,0.0,0.07888987933178475,0.0,0.0,0.0,0.10669183874440848,0.0,0.03425345019940461,0.0,0.0,0.0,0.0,0.0,0.0,0.0,0.0,0.0,0.0,0.0,0.0,0.0,0.0,0.0,0.0,0.0,0.0,0.0,0.0,0.0,0.0,0.0,0.0,0.0,0.0,0.0,0.0,0.0,0.0,0.0,0.0,0.20878217753303982,0.06862196171178686,0.0,0.0,0.0,0.0,0.0,0.0,0.0,0.0,0.30345442838668596,0.0,0.0,0.0,0.04786843180419451,0.0,0.0,0.0,0.013310779725613203,0.0,0.0,0.0,0.0,0.0,0.0,0.0,0.0,0.0,0.0,0.0,0.05351702525116528,0.033297235016990126,0.0,0.0,0.0,0.0,0.0,0.2375818371587609,0.022873987237262288,0.0,0.0,0.0,0.02115725814396595,0.014312596363312089,0.0,0.15805927174116127,0.0,0.0,0.0,0.02394383724487809,0.0,0.0,0.0,0.11878897442252322,0.0,0.0,0.031229589714180626,0.0,0.029188792750250957,0.0,0.0,0.0,0.0,0.0,0.0,0.0,0.0,0.0,0.0,0.0,0.0,0.0,0.0,0.0,0.023218644965520827,0.0,0.0,0.0,0.05112104822888155,0.0,0.0,0.0,0.0,0.0,0.0,0.0,0.0,0.0,0.0,0.0,0.02858799386300827,0.0,0.0,0.0,0.0,0.0,0.0,0.0,0.05776820260383432,0.0,0.0,0.028299999986027988,0.0,0.0,0.0,0.0,0.16011791066083603,0.0,0.0,0.0,0.0,0.026720365872715385,0.07422355566233074,0.033297235016990126,0.07072496462399244,0.0,0.0,0.0,0.0,0.16004273712560668,0.0,0.027480536949599375,0.0,0.03161185434823226,0.0,0.0,0.0,0.02513504853733591,0.0,0.0,0.0,0.0,0.0,0.0,0.0,0.05200937054560823,0.07803444764306276,0.0,0.0,0.035305439337885734,0.0,0.0,0.0,0.0,0.0,0.06261946965977208,0.02394383724487809,0.0,0.03200854742512133,0.0,0.0,0.0,0.0,0.0,0.031229589714180626,0.0,0.0,0.0,0.06752894556240605,0.0,0.0,0.1249183588567225,0.0,0.0,0.0,0.0,0.0,0.0,0.0,0.0,0.0,0.050855093649813485,0.0,0.0,0.0,0.0,0.06031947941312965,0.0,0.0,0.0,0.0,0.0,0.0,0.0,0.0,0.0,0.04013563831638936,0.0,0.0,0.0,0.03711177783116537,0.0,0.0,0.03711177783116537,0.0,0.0,0.0,0.0,0.0,0.0,0.0,0.0,0.0,0.0,0.0,0.0,0.3784683769938401,0.0,0.020194784480296837,0.0,0.0,0.2511162243261757,0.0,0.03711177783116537,0.0,0.0,0.0,0.0,0.0,0.0,0.03200854742512133,0.03200854742512133,0.0,0.0,0.17652719668942865,0.06245917942836125,0.0,0.0,0.0,0.0,0.0,0.0,0.0,0.0,0.0,0.0,0.0,0.0,0.0,0.0,0.0,0.0,0.03284988584708682,0.0,0.0,0.0,0.0,0.0,0.0,0.04788767448975618,0.0,0.0,0.0,0.0,0.0,0.02059653219491574,0.0,0.0,0.0,0.029826025361862834,0.02087315655325736,0.0,0.0,0.029188792750250957,0.0,0.0,0.02950258079712447,0.0,0.030159739706564825,0.0,0.0,0.0,0.0,0.0,0.0,0.0,0.029188792750250957,0.21353078204376352,0.023218644965520827,0.0,0.0,0.0,0.0,0.10762123899693243,0.02492690076617241,0.0,0.1382694210386518,0.0,0.0,0.0,0.028299999986027988,0.0,0.0,0.0,0.0,0.0,0.0,0.0,0.0,0.0,0.0,0.035305439337885734,0.0,0.0,0.0,0.0,0.0,0.0,0.0,0.0,0.033297235016990126,0.0,0.0,0.03929429989442387,0.0364745452195535,0.0,0.02205876340998838,0.05900516159424894,0.0,0.0,0.0,0.06953257883780382,0.0,0.0885077423913734,0.0,0.0,0.0,0.031346691015862946,0.0,0.0364745452195535,0.13141824168569052,0.10225653351113714,0.0,0.0,0.024722794955818802,0.0,0.0,0.0,0.0,0.03284988584708682,0.0,0.06569977169417364,0.0,0.1155460265504495,0.0,0.0,0.0,0.033297235016990126,0.0,0.02006420989485117,0.0,0.13319259090140373,0.0,0.0,0.0,0.0,0.0,0.109891353880112,0.13701380079761843,0.031229589714180626,0.0,0.028299999986027988,0.0,0.0,0.0,0.0,0.0,0.0,0.0,0.029188792750250957,0.24670631320939465,finance
Dokumen_195,0.0,0.07087490467913,0.04118474174149653,0.0,0.0,0.0,0.0,0.0,0.0,0.0,0.0,0.0,0.0,0.0,0.0,0.0,0.0,0.0,0.0,0.0,0.0,0.0,0.0,0.0,0.04451353036189049,0.0,0.0,0.0,0.0,0.0,0.07723899759224864,0.0,0.0,0.0,0.0,0.0,0.0,0.0,0.0,0.0,0.0,0.0,0.0,0.0,0.0,0.0,0.0,0.0,0.0,0.0,0.0,0.0,0.0,0.0,0.0,0.0,0.0,0.0,0.0,0.0,0.0,0.0,0.0,0.15607193678425194,0.0,0.0,0.0,0.0,0.0,0.0,0.0,0.0,0.0,0.0,0.0,0.0,0.0,0.0,0.0,0.0,0.0,0.07080300905426148,0.0,0.06057219469912595,0.0,0.0,0.03861949879612432,0.022432401708000514,0.0,0.0,0.040583333780561025,0.05763156836411021,0.0,0.0,0.13446947597395958,0.09051159047460033,0.0,0.0,0.0,0.05691732026416802,0.0,0.0,0.0,0.0,0.0,0.0,0.0,0.0,0.0,0.0,0.0,0.0,0.0,0.0,0.0,0.0,0.0,0.0,0.0,0.0,0.0,0.0,0.0,0.0,0.0,0.0,0.0,0.0,0.0,0.0,0.04118474174149653,0.0,0.0,0.0,0.0,0.0,0.0,0.0,0.0,0.10927427853994835,0.0,0.0,0.0,0.02154684468624966,0.0,0.0,0.0,0.07189839965692052,0.0,0.0,0.0,0.0,0.0,0.0,0.0,0.0,0.0,0.0,0.0,0.0240894256965384,0.0,0.0,0.0,0.0,0.0,0.0,0.038887947671183996,0.04118474174149653,0.0,0.0,0.15134507996198518,0.0,0.025769909668964273,0.0,0.0,0.03971692668854869,0.0,0.0,0.04311101265389861,0.0,0.0,0.0,0.042776042345247,0.0,0.0,0.0,0.0,0.0,0.0,0.0,0.0,0.0,0.05200598567340371,0.04311101265389861,0.0,0.0,0.0,0.0,0.046426807570814764,0.0,0.0,0.0920567297767916,0.0,0.04180529990568119,0.0,0.0,0.0,0.06136248851945716,0.0,0.0,0.0,0.0,0.0,0.049958008049776605,0.05763156836411021,0.0,0.0,0.0,0.0,0.0,0.0,0.0,0.0,0.0,0.0,0.0,0.0,0.0,0.0,0.0,0.0,0.0,0.0,0.0,0.08690403757461881,0.0,0.0,0.0,0.0,0.0,0.0,0.0,0.0,0.0,0.0,0.0,0.046426807570814764,0.0,0.0,0.0,0.0,0.0,0.0,0.0,0.0,0.0,0.0,0.0,0.0,0.0,0.0,0.0,0.06167352834400445,0.0,0.06242877471370078,0.0,0.0,0.0,0.0,0.0,0.0,0.0,0.0,0.0,0.0,0.0,0.0,0.0,0.0,0.0,0.0,0.0,0.0,0.0,0.0,0.0,0.0,0.0,0.05430277974371625,0.0,0.0,0.0,0.05044960265958061,0.0,0.0,0.0,0.12541589971704356,0.0,0.06167352834400445,0.0,0.11445610009321372,0.0,0.0,0.0,0.0,0.0,0.0,0.0,0.0,0.0,0.0,0.0,0.0,0.0,0.0,0.0,0.0,0.0,0.0,0.0,0.0,0.0,0.0,0.0,0.15935868437373038,0.0,0.0,0.0,0.0,0.0,0.0,0.0,0.05430277974371625,0.0,0.0,0.0,0.0,0.0,0.0,0.2721655036404825,0.0,0.0,0.0,0.0,0.0,0.0,0.0,0.0,0.0,0.0,0.0,0.4933882267520356,0.18237936531673124,0.0,0.0,0.0,0.0,0.0,0.0,0.0,0.0,0.3298605066422311,0.0,0.0,0.0,0.0,0.0,0.0,0.0,0.0,0.0,0.0,0.4335866453570114,0.0,0.0,0.0,0.0,0.0,0.0,0.0,0.05147284257628191,0.0,0.033715781564437296,0.19580129626161707,0.0,0.0,0.04947886022001479,0.0,0.0537019252027294,0.03758223492296656,0.0,0.0,0.0,0.0,0.0,0.0,0.055564935905683344,0.0,0.0,0.0,0.0,0.0,0.0,0.0,0.0,0.0,0.0,0.0,0.0,0.0,0.0,0.0,0.0,0.0,0.0,0.0,0.0,0.0,0.0,0.0,0.0,0.0,0.0,0.0,0.0,0.0,0.0,0.0,0.0,0.0,0.0,0.0,0.0,0.0,0.036125721947614695,0.1369144143218626,0.0,0.0,0.06934708865833805,0.0,0.04088193002745112,0.0,0.0,0.0,0.0,0.03971692668854869,0.0,0.0,0.0,0.0,0.0,0.0,0.0,0.0,0.0,0.0,0.02821994610182621,0.0,0.0,0.0,0.0,0.0,0.06582065377235215,0.0,0.0,0.0,0.0,0.0,0.0,0.0,0.0,0.0,0.0,0.0,0.0,0.0,0.0,0.0,0.036125721947614695,0.0,0.0,0.0,0.0,0.0,0.0,0.0,0.065953332086081,0.0,0.0,0.053119561457910136,0.0,0.045638138107287535,0.0,0.0,0.0,0.0,0.0,0.0,0.0,0.10095365783187658,finance
Dokumen_196,0.0,0.0,0.0,0.0,0.0,0.0,0.0,0.0,0.0,0.0,0.0,0.0,0.0,0.0,0.0,0.0,0.0,0.0,0.0,0.06786082950888199,0.0,0.0,0.0,0.0,0.0,0.0,0.0,0.0,0.0,0.0,0.02330424569632228,0.0,0.0,0.0,0.0,0.023797278411837333,0.0,0.0,0.0,0.0,0.0,0.0,0.06149493130488267,0.0,0.0,0.0,0.0,0.06029253254874852,0.0,0.0,0.0,0.0,0.0,0.0,0.0,0.0,0.0,0.0,0.027082651078024694,0.036176875989810404,0.0,0.0,0.24042017116024383,0.0,0.0,0.0,0.0,0.0,0.0,0.0,0.0,0.0,0.0,0.0,0.0,0.0,0.0,0.0,0.0,0.0,0.0,0.0712080154013214,0.0,0.10965362200212408,0.0,0.0,0.0,0.027072863048875524,0.0,0.0,0.04897857357449509,0.0,0.0,0.0,0.127510742533217,0.05461760013821488,0.0,0.0,0.0,0.0,0.0,0.0,0.0,0.0,0.0,0.0,0.13738295494871075,0.0,0.0,0.0,0.12807775303219382,0.0,0.0,0.0,0.0,0.0,0.0,0.0,0.0,0.0,0.0,0.0,0.0,0.0,0.0,0.0,0.0,0.049338938701876014,0.0,0.0,0.0,0.0,0.0,0.0,0.042230749709182815,0.0,0.0,0.0,0.0,0.1153943150698794,0.03721578742062836,0.0352246454370463,0.0,0.013002057981116262,0.0,0.0,0.0,0.014461934368288578,0.0,0.0,0.0,0.0,0.0,0.0,0.0,0.0,0.0,0.0,0.0,0.08721799805000603,0.0,0.0,0.0,0.0,0.0,0.0,0.04693247273555726,0.024852195662874162,0.0,0.0,0.0,0.045973997766968366,0.0,0.0,0.0,0.07189940677937885,0.0,0.0,0.0,0.0,0.03962896914771505,0.0,0.025812437545925958,0.0,0.0,0.13572165901776398,0.0,0.0,0.0,0.0,0.0,0.0,0.0,0.15608741631901282,0.0,0.0,0.0,0.0,0.0,0.0,0.0,0.055549986809605933,0.0,0.02522666038607946,0.0,0.0,0.0,0.0,0.0,0.0,0.0,0.030747465652441335,0.0,0.0,0.0,0.0,0.0,0.0,0.0,0.0,0.0,0.0,0.0,0.0,0.0,0.0,0.0,0.0,0.0,0.0,0.030747465652441335,0.0,0.0,0.0,0.026220343437556252,0.0,0.0,0.0,0.0,0.029299942052689498,0.0,0.0,0.0,0.0,0.0,0.0,0.0,0.0,0.0,0.0,0.059714266175661904,0.0,0.0,0.0,0.0,0.0,0.05461760013821488,0.0,0.0,0.0,0.0,0.0,0.07443157484125672,0.0,0.018835763666027135,0.0,0.0,0.16128524589797327,0.0,0.0,0.0,0.03777297845576981,0.0,0.0,0.0,0.0,0.0,0.03477673897612575,0.0,0.0,0.0,0.055079036068777336,0.0,0.033930414754440995,0.0,0.0,0.0,0.0,0.09830412309243906,0.0,0.033930414754440995,0.0,0.0,0.0,0.0,0.0,0.02522666038607946,0.0,0.0,0.0,0.0414398916790104,0.0,0.0,0.0,0.0,0.0,0.0,0.0,0.0,0.0,0.0,0.0,0.0,0.0,0.12096393442347997,0.0,0.0,0.0,0.0,0.0,0.0,0.0,0.0,0.0,0.0,0.0,0.38747109980750927,0.03897621143892919,0.0,0.0,0.0,0.0,0.0,0.0,0.0,0.0,0.0,0.0,0.0,0.12317505336587152,0.0,0.0,0.0,0.0,0.0,0.0,0.0,0.0,0.0,0.0,0.0,0.2605105119443985,0.11005356547265586,0.0,0.0,0.0,0.0,0.0,0.0,0.0,0.0,0.49762105490318703,0.0,0.0,0.0,0.0,0.0,0.0,0.0,0.0,0.0,0.0,0.34885347312544546,0.0,0.0,0.0,0.0,0.0,0.13007284693251067,0.03205404912246712,0.03106036607099033,0.0,0.0,0.0,0.044755559472454874,0.0,0.0,0.0,0.03240546610655446,0.0,0.0,0.0,0.0,0.0,0.0,0.0,0.0,0.0,0.027774993404802967,0.0,0.0,0.02664336034807241,0.0,0.0,0.0,0.0,0.0,0.0,0.0,0.0,0.0,0.0,0.0,0.0,0.0,0.0,0.0,0.0,0.0,0.0,0.0,0.03777297845576981,0.0,0.0,0.036176875989810404,0.0,0.0,0.0,0.0,0.02314452070305147,0.0,0.0,0.0,0.0,0.06539826200246202,0.0,0.0,0.0,0.0,0.0,0.0,0.0,0.0,0.0,0.12096393442347997,0.02396646892645962,0.0,0.0,0.0,0.0,0.0,0.0,0.03205404912246712,0.03205404912246712,0.033142505754018316,0.0,0.017028821657310796,0.0,0.0,0.11898639205918667,0.0,0.0,0.0,0.0,0.0,0.0,0.03106036607099033,0.035690838772741824,0.0,0.0,0.0,0.0,0.0,0.0,0.0,0.0,0.0,0.0,0.02179942066748734,0.0,0.0,0.0,0.0,0.0,0.0,0.03668452182421862,0.026532238952471213,0.0,0.0,0.0,0.030747465652441335,0.027539518034388668,0.0,0.0,0.0,0.0,0.0,0.0,0.0,0.04873494311205515,finance
Dokumen_197,0.0,0.0,0.0,0.0,0.03390419093188619,0.0,0.0,0.018205861700603024,0.0,0.0,0.0,0.0,0.0,0.0,0.0,0.0,0.0,0.0,0.0,0.0,0.0,0.0,0.0,0.0,0.0,0.0,0.0,0.0,0.0,0.0,0.14303896056789273,0.06942041550936015,0.0,0.0,0.0,0.0,0.0,0.29511647329525725,0.02997331695498442,0.0,0.0,0.0,0.0,0.0,0.0,0.0,0.0,0.21587364053430433,0.0,0.03177419925641732,0.0,0.0,0.0,0.0,0.0,0.0,0.0,0.0,0.08311520377239504,0.0,0.0,0.0,0.0,0.0,0.0,0.0,0.0,0.0,0.0,0.0,0.0,0.0,0.0,0.0,0.0,0.0,0.0,0.0,0.0,0.0,0.0,0.08741343221175292,0.0,0.08724620733359738,0.0,0.0,0.04767965352263091,0.041542582417923905,0.0,0.0,0.06263025653392931,0.0,0.0,0.0,0.08300804287563099,0.0,0.0,0.0,0.0,0.0,0.0,0.0,0.0,0.0,0.021875548647005885,0.0,0.0,0.0,0.0,0.0,0.0,0.0,0.0,0.0,0.0,0.0,0.0,0.0,0.0,0.0,0.0,0.0,0.0,0.0,0.0,0.0,0.0,0.0,0.0,0.0,0.025423351905989194,0.0,0.0,0.0,0.021600651018416652,0.0,0.0,0.0,0.0,0.08431880109360501,0.0,0.0,0.0,0.03990261867080825,0.0,0.0,0.0,0.01479430033763861,0.0,0.0,0.0,0.0,0.0,0.0,0.0,0.0,0.0,0.0,0.0,0.014870408816457487,0.07401659488157378,0.0,0.07401659488157378,0.0,0.0,0.027705067924131677,0.09602216128989897,0.025423351905989194,0.0,0.0,0.023356339413661994,0.0,0.015907772014496207,0.0,0.28108061411760166,0.0,0.2100097961993236,0.0,0.026612439446701535,0.0,0.0,0.0,0.02640566218709504,0.0,0.0,0.0,0.0,0.032441958723827324,0.0,0.0,0.0,0.0,0.0,0.0,0.0,0.0,0.0,0.0,0.0,0.0,0.0,0.0,0.0,0.0,0.0,0.0,0.0,0.03787908029748626,0.0,0.0,0.0,0.0,0.0,0.0,0.0,0.0,0.0,0.0,0.0,0.0,0.0,0.5799151587331896,0.0,0.0,0.0,0.0,0.0,0.2889297776740795,0.0,0.0,0.0,0.0,0.0,0.0,0.0,0.10169340762395677,0.0,0.0,0.033521120213967734,0.0,0.02969841932639519,0.0,0.0,0.0,0.030543313423603294,0.1649919234232345,0.0,0.0,0.0,0.0,0.09162994027080988,0.0,0.0,0.0,0.0,0.0,0.0279364142993765,0.0,0.0,0.0,0.0,0.0,0.0,0.0,0.07707459809111637,0.11564211653123341,0.0,0.0,0.0,0.0,0.0,0.0,0.0,0.0,0.046399046999361704,0.0,0.0,0.0,0.0,0.0,0.0,0.0,0.0,0.0,0.0,0.022445545115624754,0.0,0.037527610054724235,0.033521120213967734,0.0,0.0,0.0,0.0,0.0,0.0,0.0,0.0,0.0,0.0,0.0,0.028261512272881473,0.0,0.0,0.0,0.0,0.0,0.0,0.0,0.0,0.0,0.0,0.0,0.0,0.0,0.0,0.0,0.0,0.0,0.0,0.0,0.0,0.0,0.0,0.0,0.06558143851005717,0.03924032129476924,0.0,0.0,0.0,0.0,0.037527610054724235,0.0,0.0,0.0,0.0,0.0,0.0,0.022445545115624754,0.0,0.0,0.0,0.0,0.04124798085580862,0.0,0.0,0.19320540865790917,0.0,0.0,0.0,0.0,0.0,0.0,0.0,0.0,0.06942041550936015,0.0,0.0,0.0,0.0,0.0,0.0,0.0,0.0,0.0,0.0,0.0,0.0,0.0,0.0,0.0,0.0,0.0,0.0,0.0,0.0,0.0,0.0,0.053645885245037814,0.026612439446701535,0.0,0.0,0.0,0.08325104329931926,0.0,0.0,0.0,0.0,0.0,0.0,0.06959857049904256,0.0,0.0,0.0,0.02997331695498442,0.06354839851283464,0.06558143851005717,0.0,0.10056336064190319,0.0,0.0,0.0,0.0,0.0,0.0,0.0,0.032441958723827324,0.03390419093188619,0.0,0.0,0.0,0.0,0.0,0.0,0.0,0.0,0.02561331723266102,0.0,0.0,0.0,0.0943623231649216,0.0,0.0,0.0,0.0,0.0,0.0,0.0,0.0,0.0,0.0,0.0,0.0,0.0,0.0,0.022300417657026016,0.0,0.0,0.0,0.0,0.0,0.0,0.0,0.0,0.0,0.0,0.04903453857572528,0.0,0.0,0.0,0.0,0.0,0.0,0.032790719255028584,0.0,0.0,0.0,0.0871009007435269,0.0,0.0,0.07303257124754638,0.028413321748134435,0.0,0.020315553440155898,0.0,0.0,0.0,0.0,0.03651109005611297,0.0,0.0,0.0,0.0,0.04280797606265861,0.0,0.0,0.0,0.03700829744078689,0.0,0.022300417657026016,0.0,0.0,0.03864108173158183,0.0,0.0,0.0,0.0,0.09499702155594598,0.03807108526296296,0.0,0.0,0.0,0.0,0.0,0.0,0.0,0.0,0.0,0.0,0.0,0.11217369514319661,finance
Dokumen_198,0.0,0.0,0.0,0.0,0.0,0.0,0.0,0.06327395271252705,0.0618216555486677,0.0,0.0,0.0,0.0,0.0,0.0,0.0,0.0,0.0,0.0,0.0,0.0,0.0,0.0,0.0,0.0,0.23251339521933154,0.0,0.0,0.0,0.0,0.0,0.0,0.0,0.0,0.053076207021416494,0.0,0.0,0.0,0.0,0.0,0.0,0.12689325139808072,0.054658926814979976,0.0,0.0,0.0,0.0,0.0,0.0,0.0,0.0,0.0,0.0,0.0,0.0,0.0,0.0,0.0,0.0,0.0,0.0,0.03951840984639252,0.0,0.0,0.0,0.0,0.0,0.0,0.0,0.0,0.0,0.0,0.0,0.0,0.0,0.0,0.0,0.0,0.0,0.0,0.0,0.025316907392995223,0.0,0.021658693101772198,0.0,0.0,0.0,0.024063343248957654,0.0,0.0,0.0,0.0,0.0,0.0,0.14424604190797863,0.0,0.0,0.0,0.0,0.0,0.0,0.0,0.0,0.0,0.0,0.0,0.0,0.0,0.0,0.0,0.0,0.0,0.0,0.0,0.0,0.0,0.0,0.0,0.0,0.0,0.0,0.0,0.0,0.0,0.06818930833544004,0.0,0.0,0.043854239404939356,0.0,0.6336693964893078,0.0,0.0,0.0,0.0,0.0,0.0,0.0,0.0,0.0,0.0,0.0,0.0,0.0,0.046226804099383234,0.0,0.0,0.0,0.02570858428380961,0.0,0.0,0.0,0.0,0.0,0.0,0.0,0.0,0.0,0.0,0.0,0.07752252212022277,0.0,0.0,0.0,0.0,0.0,0.0,0.0,0.04417906696062106,0.0,0.0,0.0,0.040863357776240894,0.0,0.0,0.0,0.0,0.0,0.0,0.0,0.0,0.14089466422258257,0.0,0.0,0.0,0.0,0.0,0.0,0.0,0.0,0.0,0.0,0.10615241404283299,0.0,0.0,0.0,0.0,0.0,0.0,0.0,0.05521516131154533,0.0,0.0,0.0,0.0,0.0,0.0,0.0,0.0658238312185403,0.0,0.0,0.0,0.0,0.0,0.0,0.0,0.0,0.0,0.0,0.2231668484841287,0.0,0.0,0.0,0.0,0.0,0.0,0.0,0.0,0.0,0.0,0.0,0.0,0.0,0.0,0.0,0.0,0.04417906696062106,0.0,0.0,0.0,0.0,0.0,0.0,0.0,0.0,0.0,0.0,0.0,0.0,0.0,0.0,0.0,0.0,0.0,0.0,0.0,0.0,0.04854610527107773,0.0,0.0,0.0,0.0,0.0,0.0,0.0,0.10045146218194645,0.0,0.0,0.0,0.0,0.0,0.0,0.0,0.0,0.0,0.0,0.0,0.0,0.0,0.0,0.0,0.0,0.0,0.0,0.060317168179929416,0.0,0.0,0.0,0.0,0.0582508482754012,0.0,0.0,0.0,0.0,0.0,0.0,0.0,0.0,0.0,0.0,0.0,0.024555519817548308,0.0,0.0,0.0,0.0,0.0,0.0,0.0,0.0,0.0,0.0,0.0,0.0,0.0,0.0,0.0,0.0,0.0,0.0,0.0,0.0,0.0,0.0,0.0,0.0,0.3409465416772002,0.0,0.0,0.0,0.0,0.19563920645992763,0.0,0.0,0.0,0.0,0.0,0.0,0.0,0.0,0.0,0.0,0.0,0.0,0.0,0.0,0.0,0.0,0.0,0.0,0.0,0.0,0.0,0.0,0.0,0.0,0.0,0.0,0.0,0.0,0.0,0.0,0.0,0.0,0.0,0.0,0.0,0.0,0.0,0.0,0.0,0.0,0.0,0.0,0.0,0.0,0.0,0.0,0.0,0.0,0.0,0.0,0.0,0.0,0.0,0.0,0.0,0.0,0.0,0.057606308771755245,0.0,0.0,0.0,0.0,0.0,0.0,0.0,0.0,0.29125424137700606,0.0,0.0,0.0,0.047363171320586546,0.0,0.0,0.0,0.0,0.0,0.044844742633921464,0.0,0.0,0.0,0.0,0.0,0.0,0.05637555079651113,0.0,0.0,0.0,0.0,0.0,0.0,0.0,0.0,0.0,0.06431064073616258,0.0,0.0,0.0,0.0,0.0,0.0,0.0,0.0,0.0,0.0,0.0,0.0,0.0,0.0,0.0,0.0,0.0,0.0,0.0,0.0,0.0,0.11396320886496168,0.0,0.0,0.0,0.0,0.0,0.0,0.0,0.0,0.0,0.0,0.0,0.0,0.0,0.049374844384260215,0.0,0.03530306306948007,0.0,0.0,0.06344662569904036,0.0,0.0,0.0,0.0,0.0,0.0,0.0,0.0,0.0,0.27275723334176016,0.0,0.0,0.0,0.0,0.0,0.0,0.0,0.0,0.0,0.0,0.07074845079266906,0.0,0.0,0.0,0.0,0.048956246273323435,0.0,0.0,0.051608004361388925,0.0,0.0,0.0,0.0,0.043317386203544396,finance
Dokumen_199,0.0,0.0,0.017747659985360126,0.0,0.0,0.0,0.0,0.025418477028331946,0.0,0.0,0.0,0.0,0.0,0.0,0.0,0.0382806193604161,0.0,0.0,0.025487843397160568,0.0,0.0,0.0,0.0,0.0,0.0,0.0,0.0,0.0,0.0,0.0,0.0,0.0,0.0,0.0,0.0,0.0,0.0,0.0,0.0,0.0,0.0,0.0,0.0,0.0,0.0,0.0,0.08964334963937454,0.0,0.0,0.022181091100624318,0.0,0.0,0.0,0.0,0.0,0.0,0.0,0.0,0.0,0.0,0.0,0.0,0.0,0.0,0.0,0.0,0.0,0.0,0.0,0.0,0.0,0.0,0.0,0.0,0.0,0.0,0.0,0.0,0.0,0.0,0.0,0.04068133577309148,0.0,0.026102257064877194,0.0,0.0,0.0,0.0,0.0,0.0,0.017488496432261587,0.0,0.0,0.0,0.024834286094608277,0.0,0.0,0.0,0.0,0.0,0.0,0.0,0.0,0.0,0.0,0.0,0.0,0.7623443535564679,0.0,0.0,0.0,0.0,0.0,0.0,0.0,0.0,0.0,0.0,0.0,0.0,0.0,0.0,0.0,0.0,0.0,0.0,0.0,0.0,0.0,0.5785416326266436,0.10648595991216075,0.015980609173262703,0.0,0.0,0.015079089930976808,0.0,0.0,0.0,0.0,0.0,0.0,0.0,0.042643656389045735,0.05571083713223164,0.0,0.0,0.0,0.0,0.0,0.0,0.0,0.0,0.0,0.0,0.0,0.08490052302155027,0.0,0.0,0.0,0.020761617940364213,0.0,0.0,0.0,0.0,0.0,0.0,0.0,0.03549531997072025,0.0,0.0,0.0,0.0,0.0,0.0,0.0,0.0,0.0,0.0,0.01857774413175544,0.0,0.0,0.0,0.0,0.0,0.0,0.0,0.0,0.0,0.0,0.0,0.0,0.021321828194522868,0.022410837409843634,0.0,0.0,0.0,0.0,0.0,0.0,0.0,0.0,0.0,0.0,0.0,0.0,0.0,0.0,0.01322140841545699,0.0,0.0,0.0,0.0439152800190016,0.0,0.021528306429076605,0.0,0.0,0.0,0.0,0.0,0.0,0.0,0.0,0.0,0.0,0.0,0.0,0.0,0.0,0.0,0.0,0.0,0.0,0.0,0.0,0.0,0.0,0.0,0.0,0.0,0.0,0.0,0.0,0.0,0.0,0.0,0.0,0.0,0.0,0.0,0.0,0.0,0.0,0.02452726919271914,0.0,0.0,0.0,0.0,0.0,0.0,0.0,0.02830017434051676,0.0,0.0,0.0,0.0,0.0,0.0,0.02879459569369682,0.0,0.0,0.0,0.0,0.0,0.0,0.0,0.0,0.0,0.0,0.0,0.0,0.0,0.0,0.0,0.024230674520386516,0.0,0.0,0.0,0.0,0.0,0.0,0.0,0.0,0.02174014833014276,0.0,0.0,0.0,0.0,0.0,0.0,0.0,0.0,0.0382806193604161,0.0,0.0,0.0,0.0,0.0,0.0,0.0,0.0,0.0,0.0,0.0,0.0,0.0,0.0,0.0,0.0,0.0,0.0,0.0,0.0,0.0,0.0,0.0,0.16435847231264303,0.0,0.0,0.0,0.0,0.0,0.0,0.0,0.0,0.0,0.0,0.0,0.0,0.0,0.0,0.0,0.0,0.0,0.0,0.0,0.0,0.0,0.0,0.0,0.0,0.0,0.0,0.0,0.0,0.0,0.0,0.0,0.0,0.0,0.0,0.0,0.0,0.0,0.0,0.0,0.0,0.0,0.0,0.0,0.0,0.0,0.0,0.0,0.0,0.0,0.0,0.0,0.0,0.0,0.0,0.0,0.0,0.0,0.0,0.0,0.0,0.0,0.0,0.04628333061013149,0.0,0.0,0.0,0.0,0.0,0.0,0.0,0.0,0.0,0.0,0.0,0.0,0.0,0.0,0.0,0.0,0.0,0.0,0.036030151795973235,0.0,0.0,0.0,0.0,0.0,0.0,0.0,0.0,0.020923922223850266,0.0,0.01517447645271173,0.0,0.0,0.0,0.0,0.0,0.0,0.0,0.0,0.0,0.0,0.0,0.0,0.0,0.0,0.0,0.015567586507551816,0.0,0.0,0.0,0.0,0.0,0.0,0.0,0.0,0.0,0.0,0.0,0.0,0.0,0.0,0.04628333061013149,0.0,0.0,0.0,0.0,0.0,0.0,0.012160766027476894,0.0,0.0,0.0,0.0,0.0,0.0,0.0,0.0,0.0,0.0,0.0,0.0,0.0,0.0,0.0,0.0,0.0,0.0,0.0,0.0,0.0,0.0,0.0,0.0,0.0,0.0,0.0,0.0,0.0,0.018947426696878364,0.0,0.0,0.0,0.0,0.01966675334707621,0.0,0.0,0.0,0.0,0.0,0.0,0.022647243951885682,0.008700752354959065,finance
Dokumen_200,0.0,0.0,0.0,0.0,0.0,0.0972487102182885,0.0,0.0,0.0,0.0,0.1558286458279334,0.0,0.0,0.0,0.0,0.0,0.0,0.0,0.0,0.37153974148906843,0.0,0.0,0.0,0.0,0.0,0.07956824948968648,0.0,0.0,0.0,0.0,0.08506088597572133,0.0,0.4267914679807338,0.0,0.0,0.0,0.0,0.0,0.0,0.0,0.0,0.0,0.0,0.0,0.0,0.0,0.0,0.0,0.0,0.0,0.0,0.0,0.0,0.0,0.0,0.1111171308048588,0.0,0.0,0.0,0.0,0.0,0.0,0.0,0.0,0.0,0.0,0.0,0.0,0.13204620152166963,0.0,0.0,0.0,0.0,0.0,0.0,0.0,0.0,0.0,0.0,0.1527395482850518,0.0,0.0,0.0,0.13341251717949815,0.0,0.0,0.08506088597572133,0.0,0.0,0.0,0.0,0.0,0.0,0.0,0.1269317290072856,0.0,0.13583824559412055,0.0,0.0,0.0,0.0,0.0,0.0,0.0,0.0,0.0,0.0,0.0,0.0,0.0,0.0,0.0,0.0,0.0,0.0,0.0,0.0,0.0,0.0,0.0,0.0,0.0,0.0,0.0,0.0,0.0,0.0,0.0,0.0,0.11828049246471573,0.0,0.0,0.0,0.0,0.0,0.0,0.0,0.0,0.0,0.0,0.0,0.0,0.0,0.0,0.0,0.0,0.0,0.0,0.0,0.0,0.0,0.0,0.0,0.0,0.0,0.0,0.0,0.0,0.0,0.0,0.0,0.0,0.0,0.0,0.0,0.0,0.0,0.0,0.0,0.0,0.0,0.0,0.0,0.0,0.2507250399386267,0.0,0.0,0.0,0.0,0.0,0.0,0.0,0.0,0.0,0.0,0.0,0.0,0.0,0.0,0.0,0.0,0.0,0.0,0.0,0.09967757631300227,0.0,0.0,0.0,0.0,0.0,0.0,0.0,0.0,0.0,0.0,0.0,0.0,0.0,0.0,0.0,0.0,0.0,0.0,0.0,0.0,0.0,0.0,0.0,0.0,0.0,0.0,0.0,0.0,0.0,0.0,0.0,0.0,0.0,0.0,0.0,0.0,0.0,0.0,0.0,0.0,0.0,0.0,0.0,0.0,0.0,0.0,0.0,0.0,0.0,0.0,0.0,0.0,0.0,0.0,0.0,0.108979034388859,0.0,0.0,0.0,0.0,0.0,0.0,0.0,0.0,0.0,0.0,0.0,0.13583824559412055,0.0,0.06875085194087253,0.10315323373297396,0.0,0.0,0.14001009859355446,0.0,0.0,0.0,0.0,0.0,0.0,0.0,0.0,0.0,0.0,0.0,0.37608755990794007,0.0,0.0,0.12384658049635613,0.0,0.0,0.0,0.0,0.0,0.0,0.0,0.0,0.0,0.0,0.0,0.0,0.09207773169792778,0.0,0.0,0.0,0.05041876556011459,0.0,0.0,0.0,0.0,0.0,0.0,0.0,0.0,0.0,0.0,0.0,0.0,0.0,0.0,0.0,0.0,0.0,0.0,0.0,0.0,0.0,0.0,0.0,0.0,0.0,0.0,0.0,0.0,0.0,0.0,0.0,0.0,0.0,0.0,0.0,0.0,0.0,0.0,0.0,0.0,0.0,0.0,0.0,0.0,0.0,0.0,0.0,0.0,0.0,0.12693567803923775,0.0,0.0,0.0,0.0,0.0,0.0,0.0,0.0,0.0,0.12238384299787741,0.0,0.0,0.0,0.0,0.0,0.0,0.0,0.0,0.0,0.0,0.0,0.0,0.07078460852430662,0.0,0.0,0.0,0.09570469143046327,0.0,0.0,0.0,0.0,0.0742602659442783,0.0,0.0,0.0,0.0,0.09804271025054209,0.0,0.0,0.0,0.0,0.11575343140976185,0.0,0.0,0.0,0.0,0.0,0.1013791897737845,0.0,0.0,0.0,0.0,0.0,0.0,0.0,0.12097069948662345,0.0,0.0,0.0,0.0,0.0,0.0,0.0,0.0,0.09138872855077489,0.0,0.0,0.0,0.0,0.0,0.0,0.0,0.0,0.0,0.0,0.0,0.0,0.0,0.0,0.0,0.0,0.0,0.0,0.0,0.0,0.0,0.0,0.0,0.0,0.0,0.0,0.0,0.0,0.0,0.0,0.0,0.0,0.0,0.0,0.0,0.13204620152166963,0.11699781460408441,0.0,0.0,0.0,0.18646645029862496,0.0,0.0,0.08686046362106621,0.0,0.0,0.0,0.0,0.0,0.0,0.0,0.0,0.0,0.0,0.0,0.0,0.0,0.0,0.0,0.0,0.13204620152166963,0.0,0.0,0.0,0.0,0.0,0.0,0.0,0.0,0.0,0.0,0.0,0.0,0.0,0.0,0.0,0.0,0.0,0.0,0.0,0.0,0.0,0.0,0.04447083905983271,finance
