tanggal,suhu_rata_rata_c,suhu_maks_c,suhu_min_c,curah_hujan_mm,kelembapan_persen,kecepatan_angin_kmh
2020-01-01,26.026315789473685,29.010526315789477,23.889473684210525,18.926315789473684,88.26315789473684,13.363157894736842
2020-01-02,26.152631578947368,29.384210526315787,23.821052631578947,9.357894736842105,86.36842105263158,13.273684210526316
2020-01-03,26.11578947368421,29.099999999999998,23.989473684210527,10.721052631578948,87.57894736842105,14.478947368421053
2020-01-04,26.2,29.36842105263158,24.073684210526313,9.015789473684212,87.57894736842105,17.11578947368421
2020-01-05,26.089473684210525,28.973684210526315,24.094736842105263,9.43157894736842,87.52631578947368,16.757894736842104
2020-01-06,26.242105263157892,29.45263157894737,24.021052631578947,10.794736842105262,85.89473684210526,16.057894736842105
2020-01-07,26.099999999999998,29.13684210526316,24.00526315789474,12.626315789473685,87.05263157894737,15.278947368421052
2020-01-08,26.226315789473684,29.521052631578947,23.96315789473684,6.057894736842105,86.47368421052632,15.168421052631578
2020-01-09,26.089473684210525,29.542105263157893,23.81578947368421,15.673684210526316,88.57894736842105,13.363157894736842
2020-01-10,25.905263157894737,28.763157894736842,23.900000000000002,13.321052631578947,87.78947368421052,12.205263157894738
2020-01-11,25.657894736842106,28.489473684210523,23.721052631578946,13.394736842105264,89.26315789473684,14.310526315789472
2020-01-12,26.063157894736843,28.86842105263158,23.847368421052632,8.778947368421052,86.6842105263158,16.789473684210527
2020-01-13,26.342105263157894,29.615789473684213,23.652631578947368,5.105263157894737,85.47368421052632,14.5
2020-01-14,26.54736842105263,30.09473684210526,23.83157894736842,5.478947368421053,85.36842105263158,13.126315789473685
2020-01-15,26.442105263157895,29.810526315789474,23.778947368421054,6.28421052631579,85.94736842105263,10.957894736842105
2020-01-16,26.55263157894737,30.042105263157893,23.842105263157894,4.126315789473685,86.26315789473684,11.168421052631578
2020-01-17,26.69473684210526,30.126315789473683,24.0,5.3,86.15789473684211,11.178947368421053
2020-01-18,26.710526315789473,30.063157894736843,24.063157894736843,7.242105263157894,85.05263157894737,11.368421052631579
2020-01-19,26.69473684210526,29.91578947368421,24.01578947368421,5.126315789473685,85.15789473684211,11.484210526315788
2020-01-20,26.61578947368421,29.86842105263158,24.11578947368421,9.65263157894737,86.10526315789474,12.578947368421053
2020-01-21,26.7,30.121052631578944,24.226315789473684,7.505263157894737,85.15789473684211,13.094736842105263
2020-01-22,26.931578947368422,30.394736842105264,24.36315789473684,5.347368421052631,84.78947368421052,13.168421052631578
2020-01-23,26.857894736842105,30.210526315789473,24.278947368421054,6.978947368421053,85.05263157894737,12.042105263157895
2020-01-24,26.8,29.95263157894737,24.326315789473682,7.163157894736842,85.73684210526316,12.215789473684211
2020-01-25,26.842105263157894,30.168421052631583,24.236842105263158,9.210526315789474,85.21052631578948,11.821052631578947
2020-01-26,26.678947368421053,29.99473684210526,24.21578947368421,9.336842105263159,86.47368421052632,11.042105263157895
2020-01-27,26.88421052631579,30.331578947368417,24.257894736842104,6.152631578947369,85.73684210526316,11.163157894736841
2020-01-28,26.973684210526315,30.621052631578944,24.45263157894737,9.657894736842104,86.21052631578948,10.405263157894737
2020-01-29,26.81578947368421,29.957894736842107,24.41578947368421,10.089473684210526,85.73684210526316,12.56842105263158
2020-01-30,26.457894736842103,29.63157894736842,24.099999999999998,12.61578947368421,85.15789473684211,14.84736842105263
2020-01-31,26.226315789473684,29.152631578947368,24.063157894736843,11.989473684210527,87.0,12.831578947368422
2020-02-01,26.431578947368422,29.826315789473686,24.094736842105263,10.205263157894738,86.57894736842105,12.626315789473685
2020-02-02,26.33157894736842,29.747368421052634,23.878947368421052,8.763157894736842,86.94736842105263,12.589473684210526
2020-02-03,26.33157894736842,29.531578947368423,23.989473684210527,11.878947368421052,86.05263157894737,12.868421052631579
2020-02-04,26.50526315789474,29.857894736842102,23.83157894736842,6.321052631578948,83.73684210526316,12.284210526315789
2020-02-05,26.51578947368421,29.978947368421053,23.99473684210526,7.815789473684211,84.36842105263158,12.526315789473685
2020-02-06,26.589473684210525,29.77368421052632,24.23157894736842,5.6947368421052635,85.78947368421052,13.573684210526315
2020-02-07,26.152631578947368,29.3,24.28421052631579,15.594736842105263,88.10526315789474,14.357894736842105
2020-02-08,26.28421052631579,29.331578947368417,23.821052631578947,16.531578947368423,85.78947368421052,12.763157894736842
2020-02-09,25.98421052631579,28.77368421052632,23.757894736842104,9.157894736842104,85.05263157894737,14.010526315789473
2020-02-10,26.142105263157895,29.42105263157895,23.794736842105266,6.8842105263157904,85.6842105263158,12.826315789473684
2020-02-11,26.31578947368421,29.64736842105263,23.847368421052632,8.715789473684211,86.6842105263158,11.678947368421053
2020-02-12,26.557894736842105,30.068421052631578,23.973684210526315,5.584210526315789,86.05263157894737,12.094736842105263
2020-02-13,26.54736842105263,29.621052631578944,24.173684210526318,9.226315789473684,87.26315789473684,10.963157894736844
2020-02-14,26.55263157894737,29.689473684210526,24.13684210526316,12.773684210526316,88.21052631578948,11.263157894736842
2020-02-15,26.289473684210527,29.557894736842105,24.073684210526313,19.589473684210528,88.94736842105263,10.810526315789474
2020-02-16,26.221052631578946,29.28421052631579,23.957894736842103,11.33157894736842,88.42105263157895,11.010526315789473
2020-02-17,26.031578947368423,29.0,24.063157894736843,11.763157894736842,88.47368421052632,11.299999999999999
2020-02-18,25.900000000000002,29.068421052631578,23.778947368421054,10.163157894736841,87.57894736842105,13.021052631578948
2020-02-19,25.80526315789474,29.031578947368423,23.75263157894737,10.205263157894738,88.05263157894737,13.357894736842105
2020-02-20,26.031578947368423,29.142105263157898,23.842105263157894,8.931578947368422,87.15789473684211,15.978947368421053
2020-02-21,26.3,29.63684210526316,23.86842105263158,6.257894736842106,85.63157894736842,15.405263157894737
2020-02-22,26.41578947368421,29.64736842105263,23.83157894736842,7.110526315789474,86.0,14.257894736842104
2020-02-23,26.642105263157895,30.057894736842105,24.099999999999998,6.684210526315789,84.52631578947368,15.710526315789474
2020-02-24,26.878947368421052,30.05263157894737,24.431578947368422,6.163157894736842,84.15789473684211,15.705263157894736
2020-02-25,26.721052631578946,29.86842105263158,24.326315789473682,8.957894736842105,86.15789473684211,13.789473684210526
2020-02-26,26.763157894736842,29.78421052631579,24.352631578947367,7.43157894736842,85.94736842105263,12.342105263157896
2020-02-27,26.905263157894737,30.263157894736842,24.468421052631577,7.494736842105263,85.36842105263158,13.34736842105263
2020-02-28,26.721052631578946,29.936842105263157,24.38421052631579,7.5473684210526315,86.6842105263158,14.094736842105263
2020-02-29,26.86315789473684,30.22631578947368,24.431578947368422,8.868421052631579,86.52631578947368,13.857894736842105
2020-03-01,26.526315789473685,29.50526315789474,24.431578947368422,13.284210526315789,88.78947368421052,12.799999999999999
2020-03-02,26.900000000000002,30.163157894736845,24.36842105263158,9.442105263157895,86.6842105263158,12.721052631578948
2020-03-03,26.80526315789474,29.978947368421053,24.347368421052632,6.878947368421052,87.36842105263158,12.236842105263158
2020-03-04,26.521052631578947,29.621052631578944,24.326315789473682,10.352631578947367,88.6842105263158,12.26842105263158
2020-03-05,26.026315789473685,28.72631578947368,24.426315789473684,18.373684210526317,89.21052631578948,11.76842105263158
2020-03-06,26.221052631578946,29.473684210526315,23.905263157894737,8.510526315789473,87.36842105263158,12.189473684210526
2020-03-07,26.3,29.484210526315792,23.86842105263158,8.23157894736842,87.42105263157895,11.736842105263158
2020-03-08,26.357894736842105,29.457894736842107,24.057894736842105,5.678947368421053,87.05263157894737,11.552631578947368
2020-03-09,26.721052631578946,29.900000000000002,24.21578947368421,6.2894736842105265,85.89473684210526,12.689473684210526
2020-03-10,26.984210526315792,30.652631578947368,24.278947368421054,3.9157894736842107,84.57894736842105,12.178947368421053
2020-03-11,27.015789473684208,30.7,24.157894736842106,5.757894736842106,85.57894736842105,13.178947368421053
2020-03-12,26.773684210526316,30.13684210526316,24.242105263157896,8.926315789473684,87.57894736842105,11.726315789473684
2020-03-13,26.789473684210527,30.331578947368417,24.057894736842105,7.6421052631578945,86.21052631578948,12.273684210526316
2020-03-14,26.910526315789475,30.394736842105264,24.226315789473684,4.842105263157895,85.36842105263158,9.168421052631578
2020-03-15,26.910526315789475,30.473684210526315,24.04736842105263,6.084210526315789,85.42105263157895,10.784210526315789
2020-03-16,26.621052631578948,30.331578947368417,23.931578947368422,10.378947368421054,87.0,11.210526315789474
2020-03-17,26.573684210526313,30.152631578947368,24.105263157894736,15.478947368421053,87.36842105263158,11.147368421052633
2020-03-18,26.30526315789474,29.821052631578947,23.852631578947367,12.236842105263158,87.63157894736842,11.852631578947367
2020-03-19,26.13157894736842,29.44736842105263,23.8,11.636842105263158,87.78947368421052,11.573684210526316
2020-03-20,26.099999999999998,29.41578947368421,23.83157894736842,17.07894736842105,88.21052631578948,10.647368421052633
2020-03-21,26.126315789473683,29.257894736842104,23.63157894736842,7.831578947368421,88.26315789473684,10.18421052631579
2020-03-22,26.221052631578946,29.573684210526313,23.857894736842105,13.978947368421053,88.15789473684211,10.668421052631578
2020-03-23,26.13157894736842,29.557894736842105,23.66842105263158,9.189473684210526,87.6842105263158,10.326315789473684
2020-03-24,26.310526315789474,29.794736842105266,23.726315789473684,6.678947368421052,87.36842105263158,10.131578947368421
2020-03-25,26.73157894736842,30.27368421052632,23.96315789473684,3.526315789473684,85.78947368421052,10.515789473684212
2020-03-26,26.652631578947368,30.089473684210528,24.19473684210526,9.610526315789473,87.57894736842105,10.76842105263158
2020-03-27,26.605263157894736,29.936842105263157,24.25263157894737,11.38421052631579,88.10526315789474,9.978947368421052
2020-03-28,26.673684210526318,30.152631578947368,24.073684210526313,7.221052631578947,87.63157894736842,11.273684210526316
2020-03-29,26.57894736842105,30.2,24.18421052631579,10.215789473684211,87.84210526315789,10.452631578947368
2020-03-30,26.41578947368421,29.884210526315787,24.042105263157897,11.189473684210526,88.84210526315789,10.531578947368422
2020-03-31,26.521052631578947,30.068421052631578,24.05263157894737,8.531578947368422,87.57894736842105,10.721052631578948
2020-04-01,26.442105263157895,29.463157894736838,24.03684210526316,7.389473684210526,88.05263157894737,9.405263157894737
2020-04-02,26.721052631578946,30.157894736842106,24.178947368421053,8.036842105263156,86.94736842105263,10.799999999999999
2020-04-03,26.678947368421053,29.91578947368421,24.16842105263158,9.273684210526316,87.26315789473684,10.673684210526316
2020-04-04,26.58421052631579,29.91578947368421,24.226315789473684,11.515789473684212,88.57894736842105,10.6
2020-04-05,26.510526315789473,29.81578947368421,24.173684210526318,14.721052631578948,88.10526315789474,10.121052631578948
2020-04-06,26.178947368421053,29.247368421052634,24.210526315789473,16.157894736842106,89.47368421052632,9.110526315789473
2020-04-07,26.257894736842104,29.621052631578944,24.00526315789474,8.510526315789473,87.89473684210526,10.700000000000001
2020-04-08,26.236842105263158,29.384210526315787,23.894736842105264,8.363157894736842,87.6842105263158,10.15263157894737
2020-04-09,26.42105263157895,29.857894736842102,23.83157894736842,8.5,87.94736842105263,10.26842105263158
2020-04-10,26.663157894736845,30.3,24.031578947368423,11.036842105263156,87.0,9.757894736842106
2020-04-11,26.26842105263158,29.515789473684208,23.86315789473684,11.115789473684211,87.89473684210526,10.978947368421052
2020-04-12,26.46315789473684,30.0,23.736842105263158,5.373684210526315,86.36842105263158,9.91578947368421
2020-04-13,26.521052631578947,30.242105263157896,23.894736842105264,8.426315789473684,87.0,10.421052631578947
2020-04-14,26.473684210526315,29.836842105263155,23.91578947368421,7.3,87.63157894736842,10.168421052631578
2020-04-15,26.794736842105266,30.242105263157896,24.25263157894737,5.394736842105263,86.3157894736842,10.531578947368422
2020-04-16,26.778947368421054,30.305263157894736,24.121052631578948,7.28421052631579,87.26315789473684,10.052631578947368
2020-04-17,26.626315789473683,30.357894736842102,24.30526315789474,8.24736842105263,88.15789473684211,10.610526315789473
2020-04-18,26.621052631578948,30.305263157894736,23.95263157894737,8.452631578947368,87.21052631578948,10.594736842105263
2020-04-19,26.531578947368423,30.063157894736843,23.86315789473684,9.173684210526316,87.89473684210526,9.68421052631579
2020-04-20,27.105263157894736,30.563157894736843,24.24736842105263,3.973684210526316,85.73684210526316,10.647368421052631
2020-04-21,27.031578947368423,30.36842105263158,24.373684210526317,5.610526315789474,86.0,11.405263157894737
2020-04-22,27.189473684210526,31.042105263157893,24.49473684210526,8.252631578947367,85.10526315789474,11.805263157894737
2020-04-23,26.931578947368422,30.478947368421053,24.373684210526317,6.978947368421053,86.57894736842105,11.994736842105263
2020-04-24,26.69473684210526,30.236842105263158,24.263157894736842,7.421052631578948,86.26315789473684,12.136842105263158
2020-04-25,26.394736842105264,29.957894736842107,23.86842105263158,9.38421052631579,87.63157894736842,11.494736842105263
2020-04-26,26.531578947368423,29.44736842105263,24.347368421052632,6.647368421052631,88.05263157894737,11.142105263157895
2020-04-27,26.310526315789474,29.457894736842107,24.05263157894737,11.636842105263158,88.15789473684211,10.147368421052633
2020-04-28,25.931578947368422,28.73157894736842,24.026315789473685,11.126315789473683,89.52631578947368,10.34736842105263
2020-04-29,26.48421052631579,29.942105263157895,23.873684210526317,8.015789473684212,85.3157894736842,11.021052631578948
2020-04-30,26.410526315789475,29.384210526315787,24.16842105263158,8.299999999999999,86.89473684210526,11.510526315789473
2020-05-01,26.573684210526313,29.694736842105264,24.24736842105263,9.489473684210527,85.84210526315789,11.15263157894737
2020-05-02,26.394736842105264,29.08421052631579,24.31578947368421,10.773684210526318,86.36842105263158,11.1
2020-05-03,26.568421052631578,29.657894736842106,24.042105263157897,8.278947368421052,86.21052631578948,10.757894736842106
2020-05-04,26.989473684210523,30.442105263157895,24.34736842105263,9.826315789473684,85.0,12.526315789473685
2020-05-05,27.142105263157898,30.63157894736842,24.510526315789473,8.010526315789475,85.26315789473684,12.24736842105263
2020-05-06,27.18421052631579,30.605263157894736,24.673684210526318,8.06842105263158,85.84210526315789,11.468421052631578
2020-05-07,27.23157894736842,30.878947368421056,24.599999999999998,14.178947368421051,86.10526315789474,12.252631578947367
2020-05-08,27.068421052631578,30.5,24.521052631578947,21.068421052631578,86.36842105263158,12.536842105263156
2020-05-09,26.742105263157896,30.0,24.647368421052633,9.8,87.05263157894737,11.989473684210527
2020-05-10,26.942105263157895,30.342105263157894,24.54736842105263,7.2210526315789485,85.05263157894737,12.484210526315788
2020-05-11,26.95263157894737,30.310526315789474,24.542105263157897,7.131578947368421,86.0,12.11578947368421
2020-05-12,27.110526315789475,30.72631578947368,24.526315789473685,4.957894736842105,84.52631578947368,11.678947368421053
2020-05-13,26.92105263157895,30.152631578947368,24.5,5.873684210526315,84.78947368421052,12.621052631578948
2020-05-14,26.910526315789475,30.326315789473686,24.336842105263155,8.61578947368421,84.21052631578948,13.852631578947367
2020-05-15,27.152631578947368,30.81578947368421,24.336842105263155,4.821052631578947,84.10526315789474,13.43157894736842
2020-05-16,27.3,30.821052631578947,24.542105263157897,6.836842105263158,84.36842105263158,13.757894736842104
2020-05-17,26.931578947368422,29.942105263157895,24.810526315789474,10.342105263157896,87.36842105263158,12.942105263157895
2020-05-18,26.663157894736845,29.64736842105263,24.63684210526316,11.578947368421053,88.26315789473684,11.289473684210526
2020-05-19,26.847368421052632,30.115789473684213,24.50526315789474,9.321052631578947,87.47368421052632,12.189473684210526
2020-05-20,26.757894736842104,30.173684210526314,24.400000000000002,9.136842105263158,87.47368421052632,12.821052631578947
2020-05-21,26.789473684210527,29.68421052631579,24.51578947368421,10.215789473684211,87.26315789473684,11.61578947368421
2020-05-22,26.510526315789473,29.436842105263157,24.405263157894737,7.06842105263158,87.47368421052632,10.88421052631579
2020-05-23,26.842105263157894,30.089473684210528,24.205263157894734,4.347368421052632,85.3157894736842,10.563157894736841
2020-05-24,27.042105263157893,30.426315789473687,24.19473684210526,4.768421052631578,84.89473684210526,10.494736842105263
2020-05-25,26.88421052631579,30.21578947368421,24.342105263157894,6.815789473684211,87.3157894736842,10.26842105263158
2020-05-26,26.836842105263155,30.089473684210528,24.389473684210525,5.326315789473685,86.73684210526316,11.336842105263159
2020-05-27,26.53684210526316,29.642105263157898,24.347368421052632,8.531578947368422,88.26315789473684,10.76842105263158
2020-05-28,26.49473684210526,29.357894736842102,24.289473684210527,10.799999999999999,88.10526315789474,11.15263157894737
2020-05-29,26.563157894736843,29.794736842105266,24.178947368421053,9.43157894736842,87.26315789473684,10.173684210526316
2020-05-30,26.836842105263155,30.31578947368421,24.205263157894734,6.794736842105263,86.21052631578948,11.378947368421052
2020-05-31,26.44736842105263,29.605263157894736,24.2,11.11578947368421,88.36842105263158,11.552631578947368
2020-06-01,26.45263157894737,29.763157894736842,24.021052631578947,8.921052631578947,87.26315789473684,11.58421052631579
2020-06-02,26.33157894736842,29.478947368421053,23.96315789473684,5.889473684210526,86.94736842105263,12.76842105263158
2020-06-03,26.426315789473687,29.805263157894736,23.931578947368422,8.389473684210527,84.94736842105263,13.642105263157895
2020-06-04,26.326315789473682,29.41578947368421,24.021052631578947,5.631578947368421,83.21052631578948,14.621052631578948
2020-06-05,26.147368421052633,29.294736842105266,23.689473684210526,8.24736842105263,84.42105263157895,13.23157894736842
2020-06-06,25.968421052631577,29.163157894736845,23.568421052631578,6.257894736842106,85.26315789473684,11.773684210526316
2020-06-07,26.105263157894736,29.710526315789473,23.478947368421053,6.1157894736842096,84.63157894736842,11.510526315789475
2020-06-08,26.173684210526318,29.36842105263158,23.563157894736843,5.421052631578948,85.05263157894737,10.926315789473684
2020-06-09,26.426315789473687,29.91578947368421,23.44736842105263,3.378947368421053,84.10526315789474,12.705263157894738
2020-06-10,26.50526315789474,30.0,23.76842105263158,2.5894736842105264,84.05263157894737,12.110526315789473
2020-06-11,26.400000000000002,30.063157894736843,23.521052631578947,3.8684210526315788,84.10526315789474,11.052631578947368
2020-06-12,26.236842105263158,29.810526315789474,23.357894736842105,7.342105263157895,84.21052631578948,11.194736842105263
2020-06-13,26.457894736842103,29.978947368421053,23.526315789473685,3.6842105263157894,83.78947368421052,11.778947368421052
2020-06-14,26.63157894736842,30.242105263157896,23.789473684210527,6.315789473684211,84.3157894736842,13.205263157894738
2020-06-15,26.594736842105263,30.09473684210526,24.278947368421054,8.163157894736841,86.10526315789474,13.452631578947368
2020-06-16,26.273684210526316,29.5,24.01578947368421,7.71578947368421,86.6842105263158,12.984210526315788
2020-06-17,26.473684210526315,29.894736842105264,23.736842105263158,5.5473684210526315,84.36842105263158,13.74736842105263
2020-06-18,26.24736842105263,29.21578947368421,24.031578947368423,8.81578947368421,85.57894736842105,13.968421052631578
2020-06-19,26.094736842105263,29.031578947368423,23.94736842105263,7.168421052631579,85.52631578947368,14.810526315789472
2020-06-20,26.163157894736845,29.257894736842104,23.605263157894736,7.2894736842105265,84.36842105263158,13.378947368421052
2020-06-21,26.110526315789475,29.44736842105263,23.457894736842103,6.557894736842105,84.84210526315789,13.584210526315792
2020-06-22,25.95263157894737,29.257894736842104,23.573684210526313,9.105263157894736,85.42105263157895,13.484210526315788
2020-06-23,25.936842105263157,29.23157894736842,23.38421052631579,6.831578947368421,84.3157894736842,13.15263157894737
2020-06-24,25.92105263157895,29.036842105263162,23.5,5.584210526315789,83.84210526315789,13.868421052631579
2020-06-25,26.010526315789473,29.64736842105263,23.05263157894737,2.7526315789473683,81.78947368421052,13.4
2020-06-26,26.00526315789474,29.45263157894737,23.13157894736842,3.8210526315789473,82.47368421052632,12.273684210526316
2020-06-27,25.91578947368421,29.426315789473687,23.11578947368421,6.363157894736841,83.84210526315789,12.726315789473684
2020-06-28,26.08421052631579,29.736842105263158,23.099999999999998,2.6,82.89473684210526,13.057894736842105
2020-06-29,26.310526315789474,30.178947368421053,23.073684210526313,1.989473684210526,81.42105263157895,14.13684210526316
2020-06-30,26.157894736842106,29.942105263157895,23.063157894736843,5.373684210526315,82.78947368421052,13.221052631578948
2020-07-01,26.13157894736842,29.794736842105266,23.31578947368421,5.394736842105263,83.0,14.021052631578947
2020-07-02,26.01578947368421,29.58421052631579,23.273684210526316,5.610526315789474,82.84210526315789,14.273684210526316
2020-07-03,26.05263157894737,29.72105263157895,23.163157894736845,5.2368421052631575,83.26315789473684,14.347368421052632
2020-07-04,25.931578947368422,29.63157894736842,23.11578947368421,4.689473684210526,83.57894736842105,13.805263157894737
2020-07-05,26.068421052631578,29.957894736842107,22.973684210526315,5.9526315789473685,81.63157894736842,13.878947368421052
2020-07-06,26.068421052631578,29.58421052631579,23.54736842105263,5.110526315789474,82.84210526315789,14.757894736842108
2020-07-07,26.010526315789473,29.57894736842105,23.51578947368421,6.800000000000001,83.47368421052632,14.857894736842105
2020-07-08,25.78421052631579,29.157894736842106,23.210526315789473,10.210526315789474,84.63157894736842,14.836842105263157
2020-07-09,25.74736842105263,29.063157894736843,23.189473684210526,7.147368421052632,83.94736842105263,13.93157894736842
2020-07-10,25.900000000000002,29.3,23.263157894736842,4.28421052631579,83.3157894736842,13.6
2020-07-11,25.96315789473684,29.55263157894737,23.152631578947368,6.11578947368421,84.05263157894737,13.831578947368422
2020-07-12,25.95263157894737,29.5,23.294736842105266,5.247368421052632,83.84210526315789,12.668421052631578
2020-07-13,25.957894736842103,29.436842105263157,23.389473684210525,6.189473684210526,84.0,12.105263157894736
2020-07-14,25.957894736842103,29.23157894736842,23.173684210526318,6.005263157894737,84.15789473684211,13.321052631578947
2020-07-15,25.99473684210526,29.589473684210528,23.36842105263158,4.678947368421053,83.15789473684211,13.93157894736842
2020-07-16,26.089473684210525,29.757894736842104,23.510526315789473,5.836842105263158,83.36842105263158,13.215789473684211
2020-07-17,26.121052631578948,30.168421052631583,23.105263157894736,6.068421052631579,84.52631578947368,12.173684210526316
2020-07-18,26.13684210526316,29.942105263157895,23.236842105263158,5.205263157894737,83.05263157894737,13.036842105263156
2020-07-19,26.210526315789473,30.44736842105263,23.042105263157897,3.878947368421053,82.3157894736842,13.878947368421052
2020-07-20,26.242105263157896,30.068421052631578,23.573684210526313,4.7,83.47368421052632,13.373684210526315
2020-07-21,26.08421052631579,29.847368421052632,23.55263157894737,11.515789473684212,84.89473684210526,12.75263157894737
2020-07-22,26.010526315789473,29.557894736842105,23.405263157894737,8.752631578947367,84.21052631578948,14.036842105263156
2020-07-23,25.894736842105264,29.40526315789474,23.310526315789474,7.626315789473685,82.78947368421052,14.810526315789472
2020-07-24,25.78421052631579,29.652631578947368,22.789473684210527,5.021052631578947,80.05263157894737,14.494736842105262
2020-07-25,25.657894736842106,29.657894736842106,22.431578947368422,5.052631578947368,78.89473684210526,15.421052631578947
2020-07-26,25.75263157894737,29.668421052631583,22.621052631578948,6.28421052631579,78.73684210526316,15.789473684210526
2020-07-27,25.689473684210526,29.71578947368421,22.57894736842105,5.984210526315789,80.05263157894737,15.457894736842105
2020-07-28,25.736842105263158,29.55263157894737,22.73157894736842,4.121052631578947,79.52631578947368,16.599999999999998
2020-07-29,25.689473684210526,29.7,22.51578947368421,4.257894736842106,77.15789473684211,14.957894736842105
2020-07-30,25.63684210526316,29.705263157894734,22.04736842105263,3.7684210526315787,76.94736842105263,14.700000000000001
2020-07-31,25.689473684210526,29.457894736842107,22.41578947368421,6.536842105263158,77.26315789473684,14.763157894736842
2020-08-01,25.889473684210525,29.94736842105263,22.742105263157896,8.589473684210526,77.73684210526316,15.942105263157893
2020-08-02,25.973684210526315,29.931578947368422,22.78421052631579,10.042105263157895,78.63157894736842,14.526315789473685
2020-08-03,26.08421052631579,29.942105263157895,22.847368421052632,2.7526315789473683,80.10526315789474,13.673684210526316
2020-08-04,26.28421052631579,29.842105263157894,23.8,4.947368421052632,80.15789473684211,12.563157894736841
2020-08-05,26.31578947368421,30.089473684210528,23.521052631578947,3.5526315789473686,80.10526315789474,13.947368421052632
2020-08-06,26.436842105263157,30.531578947368423,23.310526315789474,1.131578947368421,79.52631578947368,13.321052631578947
2020-08-07,26.5,30.736842105263158,23.094736842105263,3.473684210526316,79.94736842105263,14.157894736842104
2020-08-08,26.736842105263158,30.757894736842104,23.473684210526315,5.584210526315789,79.73684210526316,13.88421052631579
2020-08-09,26.836842105263155,30.842105263157894,23.63684210526316,5.410526315789474,80.89473684210526,13.842105263157896
2020-08-10,26.963157894736838,31.23157894736842,23.663157894736845,3.952631578947368,80.84210526315789,13.41578947368421
2020-08-11,26.663157894736845,30.563157894736843,24.152631578947368,7.489473684210526,82.89473684210526,11.673684210526314
2020-08-12,26.55263157894737,30.194736842105264,24.073684210526313,4.726315789473684,83.89473684210526,12.989473684210527
2020-08-13,26.357894736842105,30.21578947368421,23.689473684210526,6.2105263157894735,83.47368421052632,13.505263157894738
2020-08-14,26.326315789473682,30.27368421052632,23.326315789473682,2.526315789473684,82.94736842105263,11.721052631578948
2020-08-15,26.221052631578946,30.2,23.178947368421053,5.326315789473684,83.3157894736842,12.942105263157895
2020-08-16,26.30526315789474,30.326315789473686,23.405263157894737,3.263157894736842,82.47368421052632,13.142105263157895
2020-08-17,26.42105263157895,30.515789473684208,23.336842105263155,3.326315789473684,80.6842105263158,14.71578947368421
2020-08-18,26.13684210526316,30.00526315789474,23.178947368421053,3.8263157894736843,80.42105263157895,14.736842105263158
2020-08-19,26.157894736842106,30.07894736842105,22.926315789473687,2.5157894736842104,78.73684210526316,15.236842105263158
2020-08-20,26.347368421052632,30.610526315789475,23.00526315789474,1.9157894736842105,78.6842105263158,13.889473684210525
2020-08-21,26.563157894736843,30.989473684210523,23.189473684210526,3.689473684210526,78.52631578947368,14.131578947368421
2020-08-22,26.531578947368423,30.900000000000002,23.2,4.568421052631579,78.3157894736842,14.11578947368421
2020-08-23,26.66842105263158,31.115789473684213,23.099999999999998,2.789473684210526,77.89473684210526,14.9
2020-08-24,26.678947368421053,30.95263157894737,23.50526315789474,3.2210526315789476,77.47368421052632,15.173684210526316
2020-08-25,26.33684210526316,30.92105263157895,22.86842105263158,5.71578947368421,77.89473684210526,17.063157894736843
2020-08-26,26.24736842105263,30.705263157894734,22.910526315789475,4.094736842105263,77.0,18.563157894736843
2020-08-27,26.25263157894737,30.72105263157895,22.66842105263158,2.5210526315789474,76.47368421052632,16.010526315789473
2020-08-28,26.30526315789474,30.673684210526314,22.66842105263158,4.7105263157894735,78.26315789473684,15.757894736842104
2020-08-29,26.489473684210527,30.85263157894737,23.431578947368422,3.8894736842105266,78.3157894736842,15.910526315789474
2020-08-30,26.431578947368422,30.705263157894734,23.042105263157897,2.5,78.42105263157895,17.03684210526316
2020-08-31,26.605263157894736,30.894736842105264,23.189473684210526,4.368421052631579,78.6842105263158,16.28421052631579
2020-09-01,26.778947368421054,30.884210526315787,23.510526315789473,4.078947368421052,79.0,15.873684210526317
2020-09-02,26.405263157894737,30.321052631578947,23.66842105263158,6.9263157894736835,82.42105263157895,13.026315789473685
2020-09-03,26.189473684210526,29.757894736842104,23.626315789473683,8.047368421052632,84.21052631578948,14.694736842105263
2020-09-04,26.468421052631577,30.442105263157895,23.642105263157895,7.384210526315789,82.94736842105263,14.394736842105264
2020-09-05,26.5,30.668421052631583,23.61578947368421,5.147368421052631,80.52631578947368,14.626315789473683
2020-09-06,26.321052631578947,30.50526315789474,23.210526315789473,5.689473684210526,80.0,13.873684210526317
2020-09-07,26.478947368421053,30.521052631578947,23.278947368421054,4.921052631578948,79.6842105263158,15.273684210526316
2020-09-08,26.489473684210527,30.626315789473683,23.31578947368421,7.2,80.84210526315789,15.526315789473685
2020-09-09,26.478947368421053,30.689473684210526,23.352631578947367,7.078947368421052,81.10526315789474,15.152631578947368
2020-09-10,26.3,29.957894736842107,23.610526315789475,10.68421052631579,81.26315789473684,15.042105263157895
2020-09-11,26.31578947368421,30.410526315789472,23.273684210526316,8.336842105263157,80.21052631578948,15.457894736842105
2020-09-12,26.468421052631577,30.557894736842105,23.236842105263158,4.9789473684210535,78.78947368421052,15.605263157894736
2020-09-13,26.26842105263158,29.984210526315792,23.321052631578947,5.963157894736843,79.15789473684211,15.036842105263156
2020-09-14,26.33157894736842,30.59473684210526,23.01578947368421,3.1052631578947367,77.6842105263158,15.463157894736844
2020-09-15,26.431578947368422,30.884210526315787,23.3,2.1999999999999997,76.36842105263158,15.889473684210525
2020-09-16,26.347368421052632,30.7,22.8,3.1842105263157894,75.52631578947368,14.142105263157895
2020-09-17,26.642105263157895,31.07894736842105,23.13157894736842,2.357894736842105,77.84210526315789,14.063157894736841
2020-09-18,26.94736842105263,31.484210526315792,23.410526315789475,6.0,78.6842105263158,14.689473684210528
2020-09-19,27.105263157894736,31.473684210526315,24.094736842105263,5.984210526315789,79.26315789473684,15.552631578947368
2020-09-20,26.910526315789475,31.063157894736843,24.163157894736845,5.315789473684211,81.47368421052632,13.826315789473684
2020-09-21,26.48421052631579,30.168421052631583,23.9,9.38421052631579,84.15789473684211,13.205263157894738
2020-09-22,26.54736842105263,30.321052631578947,23.836842105263155,5.463157894736842,83.57894736842105,13.063157894736843
2020-09-23,26.778947368421054,31.089473684210528,23.51578947368421,7.2894736842105265,82.6842105263158,13.510526315789473
2020-09-24,26.7,30.57894736842105,23.647368421052633,4.810526315789474,83.15789473684211,12.036842105263156
2020-09-25,26.66842105263158,30.78421052631579,23.563157894736843,7.894736842105263,81.63157894736842,13.626315789473686
2020-09-26,26.394736842105264,30.28421052631579,23.378947368421052,8.421052631578947,81.63157894736842,12.289473684210526
2020-09-27,26.473684210526315,30.357894736842102,23.652631578947368,6.105263157894737,80.84210526315789,13.563157894736841
2020-09-28,26.673684210526318,30.710526315789473,23.542105263157897,4.126315789473685,79.52631578947368,15.821052631578949
2020-09-29,26.531578947368423,30.5,23.31578947368421,3.0157894736842104,80.3157894736842,14.447368421052632
2020-09-30,26.61578947368421,30.794736842105266,23.326315789473682,6.773684210526317,81.3157894736842,13.478947368421053
2020-10-01,26.76842105263158,30.978947368421053,23.81578947368421,8.021052631578948,82.52631578947368,14.210526315789474
2020-10-02,26.763157894736842,30.752631578947366,24.01578947368421,7.78421052631579,82.0,15.68421052631579
2020-10-03,26.49473684210526,30.289473684210527,23.71578947368421,8.810526315789474,81.6842105263158,14.542105263157895
2020-10-04,26.431578947368422,30.384210526315787,23.31578947368421,6.015789473684211,80.84210526315789,14.594736842105263
2020-10-05,26.63157894736842,30.663157894736845,23.431578947368422,4.0,79.0,14.305263157894737
2020-10-06,26.80526315789474,30.826315789473686,24.01578947368421,4.910526315789474,78.84210526315789,14.75263157894737
2020-10-07,26.51578947368421,29.900000000000002,23.873684210526317,7.231578947368422,81.36842105263158,13.389473684210527
2020-10-08,26.389473684210525,29.94736842105263,23.96315789473684,10.078947368421053,82.52631578947368,13.331578947368422
2020-10-09,26.178947368421053,29.673684210526314,23.594736842105263,11.58421052631579,84.6842105263158,12.58421052631579
2020-10-10,26.105263157894736,29.57894736842105,23.931578947368422,14.13684210526316,86.36842105263158,13.557894736842107
2020-10-11,26.599999999999998,30.515789473684208,23.836842105263155,6.773684210526315,82.73684210526316,13.873684210526314
2020-10-12,26.436842105263157,30.026315789473685,23.610526315789475,9.289473684210526,83.05263157894737,15.352631578947367
2020-10-13,26.663157894736845,30.63157894736842,23.478947368421053,7.147368421052632,81.89473684210526,14.86315789473684
2020-10-14,27.110526315789475,31.410526315789472,23.8,4.031578947368421,79.94736842105263,13.031578947368422
2020-10-15,26.710526315789473,30.18421052631579,23.88421052631579,5.257894736842106,81.78947368421052,12.894736842105264
2020-10-16,26.963157894736838,30.92105263157895,24.221052631578946,4.836842105263158,80.6842105263158,12.76842105263158
2020-10-17,26.710526315789473,30.42105263157895,23.80526315789474,7.157894736842105,80.89473684210526,12.326315789473684
2020-10-18,26.757894736842104,30.394736842105264,23.94736842105263,3.126315789473684,80.78947368421052,12.936842105263159
2020-10-19,26.705263157894734,30.57894736842105,23.98421052631579,5.373684210526316,81.26315789473684,12.178947368421053
2020-10-20,26.75263157894737,30.557894736842105,23.857894736842105,7.621052631578948,82.6842105263158,12.799999999999999
2020-10-21,26.642105263157895,30.3,23.99473684210526,8.65263157894737,84.89473684210526,12.799999999999999
2020-10-22,26.557894736842105,30.031578947368423,23.873684210526317,5.757894736842106,83.36842105263158,11.8
2020-10-23,26.605263157894736,30.336842105263155,23.96315789473684,5.605263157894737,83.63157894736842,11.58421052631579
2020-10-24,26.389473684210525,29.71578947368421,23.857894736842105,9.663157894736841,86.36842105263158,11.200000000000001
2020-10-25,26.26842105263158,29.610526315789475,24.01578947368421,8.936842105263159,87.57894736842105,11.331578947368422
2020-10-26,26.263157894736842,29.81578947368421,23.86842105263158,6.515789473684211,85.21052631578948,12.0
2020-10-27,26.2,29.878947368421056,23.678947368421053,5.373684210526315,84.36842105263158,11.08421052631579
2020-10-28,26.69473684210526,30.510526315789477,23.489473684210527,4.568421052631579,82.94736842105263,10.857894736842104
2020-10-29,26.83157894736842,30.7,23.88421052631579,6.494736842105263,83.21052631578948,12.021052631578948
2020-10-30,26.568421052631578,30.426315789473687,24.026315789473685,6.721052631578948,84.78947368421052,12.205263157894738
2020-10-31,26.13684210526316,29.573684210526313,23.973684210526315,11.636842105263158,86.84210526315789,11.56842105263158
2020-11-01,26.073684210526313,29.463157894736838,23.642105263157895,9.221052631578948,86.63157894736842,12.205263157894738
2020-11-02,26.178947368421053,29.431578947368422,23.736842105263158,10.721052631578948,86.42105263157895,11.81578947368421
2020-11-03,26.04736842105263,29.526315789473685,23.49473684210526,11.863157894736842,86.26315789473684,11.705263157894738
2020-11-04,26.36315789473684,30.099999999999998,23.71578947368421,6.3052631578947365,85.36842105263158,11.294736842105262
2020-11-05,26.473684210526315,30.252631578947366,23.931578947368422,13.515789473684212,85.78947368421052,11.41578947368421
2020-11-06,26.436842105263157,30.026315789473685,23.789473684210527,6.468421052631579,86.05263157894737,10.76842105263158
2020-11-07,26.53684210526316,30.357894736842102,23.54736842105263,5.031578947368422,84.89473684210526,11.65263157894737
2020-11-08,26.263157894736842,29.810526315789474,23.510526315789473,7.205263157894737,86.15789473684211,10.910526315789474
2020-11-09,26.663157894736845,30.457894736842107,23.647368421052633,7.057894736842105,83.10526315789474,12.76842105263158
2020-11-10,26.599999999999998,30.44736842105263,23.531578947368423,3.931578947368421,83.36842105263158,11.689473684210526
2020-11-11,26.78421052631579,30.642105263157898,23.773684210526316,5.473684210526316,83.73684210526316,12.147368421052633
2020-11-12,27.252631578947366,30.94736842105263,24.163157894736845,3.1842105263157894,83.52631578947368,13.18421052631579
2020-11-13,27.263157894736842,30.92105263157895,24.599999999999998,6.2,84.52631578947368,11.073684210526316
2020-11-14,26.773684210526316,30.242105263157896,24.24736842105263,9.594736842105263,86.78947368421052,10.794736842105262
2020-11-15,26.563157894736843,30.35263157894737,24.04736842105263,11.994736842105263,86.10526315789474,11.810526315789474
2020-11-16,26.900000000000002,30.826315789473686,24.03684210526316,8.342105263157896,84.47368421052632,13.610526315789475
2020-11-17,26.8,30.663157894736845,24.16842105263158,10.631578947368421,85.0,12.105263157894736
2020-11-18,26.905263157894737,30.763157894736842,24.110526315789475,7.436842105263159,84.42105263157895,11.952631578947368
2020-11-19,26.610526315789475,30.357894736842102,24.047368421052635,12.857894736842105,86.89473684210526,10.842105263157896
2020-11-20,26.478947368421053,29.86842105263158,24.047368421052635,11.410526315789474,87.42105263157895,9.76842105263158
2020-11-21,26.278947368421054,29.310526315789474,24.07894736842105,20.900000000000002,88.42105263157895,10.031578947368422
2020-11-22,25.968421052631577,29.14736842105263,23.81578947368421,13.031578947368422,89.15789473684211,10.405263157894737
2020-11-23,25.7,28.521052631578947,23.910526315789475,11.994736842105262,89.3157894736842,11.31578947368421
2020-11-24,25.836842105263155,28.847368421052632,23.742105263157896,8.742105263157894,88.78947368421052,9.842105263157896
2020-11-25,25.931578947368422,29.152631578947368,23.73157894736842,10.910526315789474,88.05263157894737,10.789473684210526
2020-11-26,25.873684210526317,28.936842105263157,23.726315789473684,13.489473684210527,88.0,10.742105263157894
2020-11-27,25.91578947368421,28.78421052631579,23.810526315789474,12.34736842105263,87.42105263157895,10.205263157894738
2020-11-28,25.857894736842105,28.836842105263155,23.74736842105263,11.089473684210526,88.73684210526316,10.1
2020-11-29,25.652631578947368,28.531578947368423,23.778947368421054,15.710526315789474,89.21052631578948,10.826315789473686
2020-11-30,25.63684210526316,28.384210526315787,23.489473684210527,10.9,88.89473684210526,10.5
2020-12-01,26.05263157894737,29.23157894736842,23.557894736842105,7.026315789473684,86.21052631578948,11.18421052631579
2020-12-02,26.28421052631579,29.76842105263158,23.54736842105263,10.631578947368421,86.52631578947368,11.1
2020-12-03,26.121052631578948,29.436842105263157,23.605263157894736,11.342105263157896,87.21052631578948,11.631578947368421
2020-12-04,26.031578947368423,29.063157894736843,23.905263157894737,9.747368421052633,87.26315789473684,11.894736842105264
2020-12-05,25.94736842105263,29.042105263157893,23.894736842105264,11.75263157894737,87.73684210526316,13.905263157894737
2020-12-06,25.894736842105264,28.842105263157894,23.86842105263158,18.063157894736843,88.94736842105263,13.847368421052632
2020-12-07,25.957894736842103,28.942105263157895,23.989473684210527,11.510526315789473,88.78947368421052,14.700000000000001
2020-12-08,26.44736842105263,29.878947368421056,23.936842105263157,8.189473684210526,86.10526315789474,16.836842105263155
2020-12-09,26.3,29.40526315789474,23.968421052631577,6.378947368421053,85.94736842105263,17.36842105263158
2020-12-10,26.294736842105266,29.605263157894736,24.068421052631578,6.068421052631579,86.3157894736842,15.057894736842107
2020-12-11,26.23157894736842,29.515789473684208,23.94736842105263,11.26842105263158,86.94736842105263,13.700000000000001
2020-12-12,25.742105263157896,28.536842105263162,23.92105263157895,18.626315789473683,88.47368421052632,11.41578947368421
2020-12-13,25.568421052631578,28.49473684210526,23.69473684210526,10.947368421052632,87.94736842105263,12.1
2020-12-14,25.642105263157895,28.86842105263158,23.54736842105263,12.426315789473684,87.89473684210526,10.84736842105263
2020-12-15,25.473684210526315,28.121052631578944,23.673684210526318,10.784210526315789,89.89473684210526,11.436842105263159
2020-12-16,25.342105263157894,27.826315789473686,23.621052631578948,11.447368421052632,90.10526315789474,12.43157894736842
2020-12-17,25.48421052631579,28.210526315789473,23.61578947368421,13.542105263157895,89.15789473684211,13.68421052631579
2020-12-18,25.357894736842105,27.831578947368417,23.736842105263158,15.178947368421051,88.94736842105263,13.705263157894736
2020-12-19,25.57894736842105,28.510526315789477,23.53684210526316,7.615789473684211,87.63157894736842,14.236842105263158
2020-12-20,25.852631578947367,28.910526315789472,23.61578947368421,6.28421052631579,85.63157894736842,14.605263157894736
2020-12-21,26.010526315789473,29.00526315789474,23.63157894736842,8.668421052631578,85.0,14.784210526315789
2020-12-22,25.91578947368421,28.642105263157898,23.778947368421054,8.578947368421053,87.73684210526316,12.468421052631578
2020-12-23,26.11578947368421,29.326315789473686,23.689473684210526,9.031578947368422,86.05263157894737,13.878947368421052
2020-12-24,25.705263157894734,28.794736842105266,23.44736842105263,8.200000000000001,88.0,11.236842105263158
2020-12-25,25.973684210526315,29.089473684210528,23.594736842105263,8.73157894736842,86.73684210526316,10.710526315789474
2020-12-26,25.778947368421054,28.573684210526313,23.621052631578948,8.700000000000001,88.36842105263158,10.015789473684212
2020-12-27,26.099999999999998,29.35263157894737,23.773684210526316,7.394736842105263,86.52631578947368,11.11578947368421
2020-12-28,25.7,28.742105263157896,23.657894736842106,9.65263157894737,88.89473684210526,11.494736842105263
2020-12-29,25.647368421052633,28.54736842105263,23.736842105263158,8.710526315789474,88.6842105263158,12.705263157894738
2020-12-30,25.41578947368421,28.194736842105264,23.5,9.6,89.10526315789474,11.805263157894737
2020-12-31,25.405263157894737,27.984210526315792,23.54736842105263,8.205263157894738,88.84210526315789,11.926315789473684
2021-01-01,25.57894736842105,28.742105263157896,23.568421052631578,10.06842105263158,88.57894736842105,12.163157894736841
2021-01-02,25.710526315789473,28.5,23.742105263157892,7.678947368421053,87.78947368421052,13.057894736842105
2021-01-03,25.573684210526313,28.410526315789472,23.68421052631579,10.436842105263159,89.10526315789474,11.842105263157896
2021-01-04,25.66842105263158,28.678947368421053,23.610526315789475,14.005263157894738,87.78947368421052,12.126315789473685
2021-01-05,25.642105263157895,28.468421052631577,23.73157894736842,12.763157894736842,88.6842105263158,12.98421052631579
2021-01-06,25.742105263157896,28.710526315789473,23.763157894736842,10.942105263157895,88.94736842105263,12.789473684210526
2021-01-07,25.53684210526316,28.189473684210526,23.673684210526318,12.236842105263158,89.3157894736842,11.157894736842104
2021-01-08,25.63684210526316,28.59473684210526,23.563157894736843,12.078947368421053,88.84210526315789,11.252631578947367
2021-01-09,25.563157894736843,28.489473684210523,23.673684210526318,12.557894736842105,90.3157894736842,10.842105263157896
2021-01-10,25.542105263157897,28.357894736842102,23.673684210526318,17.38421052631579,89.89473684210526,11.373684210526315
2021-01-11,25.78421052631579,29.026315789473685,23.721052631578946,14.678947368421051,88.57894736842105,12.763157894736842
2021-01-12,25.599999999999998,28.36842105263158,23.742105263157896,13.605263157894736,89.6842105263158,11.921052631578947
2021-01-13,25.478947368421053,28.310526315789474,23.73157894736842,16.542105263157897,89.57894736842105,13.18421052631579
2021-01-14,25.557894736842105,28.326315789473686,23.689473684210526,20.473684210526315,88.10526315789474,12.463157894736844
2021-01-15,25.53684210526316,28.542105263157893,23.51578947368421,12.2,87.78947368421052,12.015789473684212
2021-01-16,25.605263157894736,28.621052631578944,23.342105263157894,13.54736842105263,87.26315789473684,12.589473684210526
2021-01-17,25.57894736842105,28.400000000000002,23.431578947368422,9.657894736842104,88.10526315789474,13.673684210526316
2021-01-18,25.38421052631579,27.931578947368422,23.51578947368421,15.757894736842104,87.84210526315789,15.9
2021-01-19,25.46315789473684,28.42105263157895,23.173684210526318,9.81578947368421,86.0,14.294736842105264
2021-01-20,25.92105263157895,28.984210526315792,23.673684210526318,7.2894736842105265,85.78947368421052,13.168421052631578
2021-01-21,26.0,29.099999999999998,23.773684210526316,8.6,85.84210526315789,12.973684210526315
2021-01-22,25.778947368421054,28.889473684210525,23.50526315789474,9.721052631578948,87.10526315789474,12.747368421052633
2021-01-23,25.63157894736842,28.515789473684208,23.5,7.4526315789473685,87.6842105263158,11.326315789473684
2021-01-24,25.510526315789473,28.310526315789474,23.599999999999998,17.91578947368421,88.10526315789474,11.984210526315788
2021-01-25,25.352631578947367,28.168421052631583,23.405263157894737,12.194736842105263,89.15789473684211,11.694736842105263
2021-01-26,25.26842105263158,28.378947368421056,23.210526315789473,12.278947368421052,89.73684210526316,12.478947368421052
2021-01-27,25.173684210526318,27.873684210526317,23.431578947368422,12.5,90.05263157894737,13.715789473684211
2021-01-28,25.2,27.78421052631579,23.594736842105263,11.91578947368421,89.21052631578948,15.026315789473685
2021-01-29,25.36842105263158,28.426315789473687,23.489473684210527,8.352631578947367,87.78947368421052,17.04736842105263
2021-01-30,25.24736842105263,28.189473684210526,23.28421052631579,15.510526315789473,88.3157894736842,15.926315789473685
2021-01-31,25.573684210526313,28.710526315789473,23.347368421052632,9.947368421052632,87.0,15.063157894736841
2021-02-01,25.794736842105266,28.90526315789474,23.568421052631578,7.310526315789474,86.6842105263158,14.484210526315788
2021-02-02,25.673684210526318,28.757894736842104,23.610526315789475,11.38421052631579,88.73684210526316,14.721052631578948
2021-02-03,25.342105263157894,28.036842105263162,23.49473684210526,16.989473684210527,89.63157894736842,14.56842105263158
2021-02-04,25.5,28.426315789473687,23.563157894736843,10.073684210526316,87.89473684210526,16.610526315789475
2021-02-05,25.78421052631579,28.736842105263158,23.626315789473686,7.184210526315789,86.3157894736842,15.705263157894736
2021-02-06,25.878947368421052,29.010526315789477,23.563157894736843,7.463157894736843,86.63157894736842,14.805263157894737
2021-02-07,26.05263157894737,29.331578947368417,23.63684210526316,6.294736842105263,86.52631578947368,15.268421052631581
2021-02-08,25.94736842105263,29.173684210526314,23.663157894736845,9.642105263157895,87.78947368421052,14.86315789473684
2021-02-09,26.236842105263158,29.5,23.74736842105263,5.752631578947368,86.05263157894737,14.505263157894738
2021-02-10,26.21578947368421,29.31578947368421,24.0,9.794736842105262,87.05263157894737,12.773684210526316
2021-02-11,26.25263157894737,29.589473684210528,23.726315789473684,7.457894736842104,87.26315789473684,12.73157894736842
2021-02-12,25.968421052631577,29.178947368421053,23.678947368421053,8.636842105263158,88.05263157894737,12.794736842105262
2021-02-13,25.894736842105264,28.836842105263155,23.721052631578946,13.263157894736842,87.89473684210526,12.163157894736841
2021-02-14,25.705263157894734,28.710526315789473,23.63157894736842,10.236842105263158,88.26315789473684,13.089473684210526
2021-02-15,25.678947368421053,28.77894736842105,23.473684210526315,9.552631578947368,87.94736842105263,13.342105263157896
2021-02-16,25.910526315789475,29.168421052631583,23.257894736842104,5.742105263157894,86.21052631578948,12.942105263157895
2021-02-17,25.857894736842105,28.942105263157895,23.489473684210527,13.284210526315789,85.84210526315789,13.447368421052632
2021-02-18,25.563157894736843,28.663157894736845,23.25263157894737,13.089473684210526,86.57894736842105,15.5
2021-02-19,25.573684210526313,28.542105263157893,23.594736842105263,15.657894736842104,85.52631578947368,16.55263157894737
2021-02-20,25.526315789473685,28.436842105263157,23.521052631578947,12.68421052631579,85.63157894736842,15.142105263157895
2021-02-21,26.010526315789473,29.305263157894736,23.489473684210527,5.421052631578948,84.05263157894737,13.905263157894737
2021-02-22,25.773684210526316,28.752631578947366,23.410526315789475,9.131578947368421,87.21052631578948,13.536842105263156
2021-02-23,25.773684210526316,29.2,23.36315789473684,10.43157894736842,86.3157894736842,14.621052631578948
2021-02-24,25.68421052631579,28.747368421052634,23.563157894736843,6.878947368421052,87.0,16.057894736842105
2021-02-25,25.94736842105263,29.3,23.531578947368423,7.889473684210526,86.47368421052632,14.86315789473684
2021-02-26,25.99473684210526,29.27894736842105,23.389473684210525,7.531578947368421,86.10526315789474,13.852631578947367
2021-02-27,26.142105263157895,29.936842105263157,23.310526315789474,10.836842105263159,85.42105263157895,12.947368421052632
2021-02-28,26.2,29.64736842105263,23.310526315789474,6.136842105263158,84.36842105263158,11.942105263157895
2021-03-01,26.321052631578947,30.057894736842105,23.400000000000002,4.573684210526316,85.0,11.757894736842106
2021-03-02,26.18421052631579,29.59473684210526,23.652631578947368,6.257894736842105,85.89473684210526,12.694736842105264
2021-03-03,26.121052631578948,29.71578947368421,23.542105263157897,5.221052631578948,85.42105263157895,12.0
2021-03-04,26.13684210526316,29.478947368421053,23.610526315789475,6.594736842105263,85.52631578947368,11.336842105263159
2021-03-05,25.894736842105264,29.263157894736842,23.563157894736843,10.289473684210526,87.78947368421052,11.515789473684212
2021-03-06,25.757894736842104,28.926315789473687,23.526315789473685,17.442105263157895,88.3157894736842,11.08421052631579
2021-03-07,25.373684210526317,27.99473684210526,23.394736842105264,13.447368421052632,88.42105263157895,11.131578947368421
2021-03-08,25.652631578947368,28.742105263157896,23.42105263157895,7.515789473684211,86.42105263157895,11.75263157894737
2021-03-09,25.48421052631579,28.54736842105263,23.273684210526316,9.536842105263156,87.0,12.76842105263158
2021-03-10,25.542105263157897,28.705263157894734,23.089473684210525,7.8315789473684205,87.05263157894737,12.905263157894737
2021-03-11,25.74736842105263,29.13684210526316,23.121052631578948,6.38421052631579,85.47368421052632,11.75263157894737
2021-03-12,25.689473684210526,29.031578947368423,23.13684210526316,10.631578947368421,87.10526315789474,11.136842105263158
2021-03-13,25.710526315789473,29.173684210526314,23.294736842105266,6.7105263157894735,86.78947368421052,10.868421052631579
2021-03-14,25.61578947368421,29.05263157894737,22.95263157894737,8.73157894736842,88.0,10.936842105263159
2021-03-15,25.910526315789475,29.426315789473687,23.126315789473683,5.410526315789474,86.57894736842105,10.673684210526316
2021-03-16,25.878947368421052,29.321052631578947,23.242105263157896,8.026315789473685,88.21052631578948,9.357894736842105
2021-03-17,26.205263157894734,29.884210526315787,23.23157894736842,5.057894736842105,86.6842105263158,9.74736842105263
2021-03-18,26.057894736842105,29.605263157894736,23.426315789473687,9.863157894736842,87.84210526315789,11.163157894736841
2021-03-19,26.105263157894736,29.668421052631583,23.605263157894736,7.652631578947369,87.63157894736842,11.84736842105263
2021-03-20,26.068421052631578,29.35263157894737,23.5,10.015789473684212,87.73684210526316,12.647368421052631
2021-03-21,26.242105263157892,29.705263157894734,23.68421052631579,7.068421052631578,87.05263157894737,12.394736842105264
2021-03-22,26.221052631578946,29.426315789473687,23.74736842105263,8.242105263157894,87.84210526315789,11.6
2021-03-23,26.121052631578948,29.510526315789477,23.76842105263158,9.457894736842105,87.52631578947368,11.25263157894737
2021-03-24,25.96315789473684,29.031578947368423,23.63157894736842,9.663157894736841,88.26315789473684,9.878947368421052
2021-03-25,26.03684210526316,29.263157894736842,23.663157894736845,9.221052631578948,88.6842105263158,10.426315789473684
2021-03-26,26.089473684210525,29.294736842105266,23.68421052631579,8.163157894736841,88.89473684210526,9.031578947368422
2021-03-27,25.99473684210526,29.26842105263158,23.663157894736845,9.299999999999999,88.89473684210526,9.689473684210526
2021-03-28,26.03684210526316,29.389473684210525,23.75263157894737,12.56842105263158,90.05263157894737,9.43157894736842
2021-03-29,26.063157894736843,29.457894736842107,23.521052631578947,13.157894736842104,89.21052631578948,10.921052631578947
2021-03-30,25.910526315789475,28.99473684210526,23.873684210526317,12.9,90.0,10.689473684210526
2021-03-31,26.063157894736843,29.457894736842107,23.810526315789474,17.705263157894738,88.78947368421052,11.878947368421052
2021-04-01,26.026315789473685,29.09473684210526,23.936842105263157,15.131578947368421,87.78947368421052,14.0
2021-04-02,26.36842105263158,29.663157894736845,23.83157894736842,10.636842105263158,86.26315789473684,13.873684210526317
2021-04-03,26.389473684210525,29.63157894736842,23.94736842105263,14.200000000000001,86.6842105263158,14.68421052631579
2021-04-04,26.41578947368421,29.705263157894734,24.01578947368421,24.794736842105266,87.10526315789474,14.578947368421053
2021-04-05,26.57894736842105,29.931578947368422,24.04736842105263,12.157894736842104,86.42105263157895,14.394736842105264
2021-04-06,26.36842105263158,29.705263157894734,23.857894736842105,7.647368421052632,85.52631578947368,14.04736842105263
2021-04-07,26.257894736842104,29.515789473684208,23.936842105263157,6.7,86.57894736842105,13.368421052631579
2021-04-08,26.30526315789474,29.621052631578944,23.757894736842108,5.157894736842105,86.47368421052632,13.310526315789474
2021-04-09,26.436842105263157,29.90526315789474,23.678947368421053,4.021052631578947,85.94736842105263,12.163157894736841
2021-04-10,26.357894736842105,29.705263157894734,23.557894736842105,4.3578947368421055,86.36842105263158,10.826315789473684
2021-04-11,26.242105263157896,29.878947368421056,23.57894736842105,5.231578947368422,87.57894736842105,10.657894736842104
2021-04-12,26.28421052631579,29.68421052631579,23.69473684210526,4.3052631578947365,87.0,9.81578947368421
2021-04-13,26.031578947368423,29.431578947368422,23.55263157894737,5.552631578947368,87.63157894736842,10.078947368421053
2021-04-14,25.968421052631577,29.442105263157895,23.30526315789474,5.484210526315789,87.05263157894737,10.321052631578947
2021-04-15,25.957894736842103,29.589473684210528,23.36315789473684,6.531578947368422,87.21052631578948,10.65263157894737
2021-04-16,26.426315789473687,30.21578947368421,23.273684210526316,3.0368421052631582,84.6842105263158,11.605263157894736
2021-04-17,26.189473684210526,29.72631578947368,23.30526315789474,8.215789473684211,85.3157894736842,11.799999999999999
2021-04-18,26.142105263157895,29.63684210526316,23.352631578947367,5.568421052631579,85.63157894736842,10.957894736842105
2021-04-19,26.25263157894737,29.989473684210523,23.436842105263157,3.6526315789473687,84.36842105263158,12.421052631578947
2021-04-20,26.289473684210527,30.057894736842105,23.142105263157895,3.9368421052631577,82.36842105263158,10.726315789473684
2021-04-21,26.36842105263158,30.400000000000002,22.889473684210525,1.9210526315789473,81.05263157894737,12.168421052631578
2021-04-22,26.189473684210526,29.910526315789472,23.01578947368421,3.4631578947368418,82.57894736842105,11.5
2021-04-23,26.2,29.894736842105264,23.01578947368421,2.7526315789473683,83.21052631578948,11.147368421052633
2021-04-24,26.263157894736842,30.05263157894737,22.99473684210526,3.4631578947368418,83.36842105263158,11.799999999999999
2021-04-25,26.626315789473683,30.426315789473687,23.610526315789475,3.8157894736842106,82.84210526315789,10.9
2021-04-26,26.573684210526313,30.357894736842102,23.605263157894736,4.257894736842106,82.3157894736842,12.131578947368421
2021-04-27,26.594736842105263,30.31578947368421,23.742105263157896,3.9947368421052634,81.94736842105263,12.1
2021-04-28,26.28421052631579,29.900000000000002,23.778947368421054,7.010526315789473,84.73684210526316,10.957894736842105
2021-04-29,26.326315789473682,29.76842105263158,23.5,5.863157894736841,86.10526315789474,10.410526315789474
2021-04-30,26.431578947368422,29.95263157894737,23.842105263157894,7.21578947368421,86.21052631578948,11.336842105263159
2021-05-01,26.647368421052633,30.468421052631577,23.76842105263158,5.247368421052632,84.84210526315789,12.08421052631579
2021-05-02,26.61578947368421,30.305263157894736,23.83157894736842,5.847368421052632,85.10526315789474,11.68421052631579
2021-05-03,26.61578947368421,30.09473684210526,23.726315789473684,5.852631578947369,84.47368421052632,11.810526315789474
2021-05-04,26.526315789473685,30.063157894736843,23.78421052631579,7.2368421052631575,85.84210526315789,11.110526315789473
2021-05-05,26.378947368421052,29.894736842105264,23.936842105263157,10.047368421052632,87.15789473684211,10.905263157894737
2021-05-06,26.289473684210527,29.515789473684208,23.778947368421054,8.58421052631579,87.05263157894737,10.226315789473684
2021-05-07,26.13684210526316,29.36315789473684,23.857894736842105,9.636842105263158,87.73684210526316,10.257894736842106
2021-05-08,26.294736842105266,29.626315789473683,23.73157894736842,6.021052631578947,86.84210526315789,10.784210526315789
2021-05-09,26.357894736842105,30.031578947368423,23.589473684210525,7.136842105263158,84.47368421052632,10.41578947368421
2021-05-10,26.73157894736842,30.42105263157895,23.657894736842106,2.8000000000000003,83.21052631578948,11.873684210526315
2021-05-11,26.984210526315792,30.77894736842105,23.894736842105264,5.173684210526315,83.21052631578948,12.278947368421052
2021-05-12,26.88421052631579,30.321052631578947,24.310526315789474,6.5,84.26315789473684,12.84736842105263
2021-05-13,26.836842105263155,30.400000000000002,24.042105263157897,6.3578947368421055,84.26315789473684,13.047368421052632
2021-05-14,26.836842105263155,30.289473684210527,24.105263157894736,7.21578947368421,84.6842105263158,12.81578947368421
2021-05-15,26.794736842105266,30.289473684210527,24.205263157894734,7.826315789473684,84.6842105263158,12.778947368421052
2021-05-16,26.626315789473683,29.942105263157895,24.189473684210526,10.1,85.05263157894737,12.063157894736841
2021-05-17,26.442105263157895,29.710526315789473,24.010526315789473,10.663157894736841,86.10526315789474,11.842105263157896
2021-05-18,26.326315789473682,29.331578947368417,24.242105263157896,11.284210526315789,86.57894736842105,11.636842105263158
2021-05-19,26.400000000000002,29.389473684210525,24.07894736842105,8.621052631578948,86.10526315789474,11.463157894736844
2021-05-20,26.621052631578948,30.13157894736842,24.010526315789473,4.947368421052632,85.15789473684211,11.147368421052633
2021-05-21,26.66842105263158,30.105263157894736,24.07894736842105,5.773684210526316,85.36842105263158,11.75263157894737
2021-05-22,26.61578947368421,30.099999999999998,24.03684210526316,4.178947368421053,84.05263157894737,11.221052631578948
2021-05-23,26.63157894736842,30.105263157894736,23.936842105263157,4.494736842105263,84.63157894736842,11.43157894736842
2021-05-24,26.889473684210525,30.652631578947368,24.03684210526316,5.589473684210526,84.10526315789474,11.65263157894737
2021-05-25,26.778947368421054,30.247368421052634,24.19473684210526,11.157894736842104,84.89473684210526,12.273684210526316
2021-05-26,26.957894736842107,30.568421052631578,24.11578947368421,5.794736842105263,83.73684210526316,13.294736842105262
2021-05-27,27.057894736842105,30.5,24.352631578947367,4.678947368421053,82.89473684210526,14.663157894736843
2021-05-28,26.76842105263158,30.189473684210526,24.152631578947368,7.084210526315789,84.89473684210526,12.636842105263158
2021-05-29,26.426315789473687,29.847368421052632,24.073684210526313,6.689473684210526,85.73684210526316,10.821052631578947
2021-05-30,26.594736842105263,30.342105263157894,23.657894736842106,3.2473684210526317,84.21052631578948,11.363157894736842
2021-05-31,26.521052631578947,29.978947368421053,23.821052631578947,5.252631578947368,85.6842105263158,10.805263157894737
2021-06-01,26.763157894736842,30.410526315789472,23.8,3.5315789473684207,84.26315789473684,10.678947368421053
2021-06-02,26.763157894736842,30.478947368421053,23.889473684210525,5.205263157894737,85.3157894736842,11.84736842105263
2021-06-03,26.910526315789475,30.77894736842105,23.8,2.615789473684211,84.6842105263158,11.694736842105263
2021-06-04,27.04736842105263,30.71578947368421,24.373684210526317,6.0,84.21052631578948,12.326315789473684
2021-06-05,26.95263157894737,30.747368421052634,23.978947368421053,4.063157894736842,82.73684210526316,12.289473684210526
2021-06-06,26.705263157894734,30.27894736842105,23.821052631578947,3.9631578947368418,82.84210526315789,12.105263157894736
2021-06-07,26.58421052631579,30.263157894736842,23.54736842105263,2.9631578947368418,83.05263157894737,11.563157894736841
2021-06-08,26.778947368421054,30.72631578947368,23.66842105263158,1.6842105263157894,81.73684210526316,11.689473684210526
2021-06-09,26.626315789473683,30.36842105263158,23.757894736842104,2.363157894736842,83.10526315789474,11.557894736842105
2021-06-10,26.531578947368423,30.08421052631579,23.763157894736842,2.9,83.36842105263158,11.563157894736841
2021-06-11,26.442105263157895,29.942105263157895,23.663157894736845,5.21578947368421,84.26315789473684,11.936842105263159
2021-06-12,26.426315789473684,29.978947368421053,23.63157894736842,5.2105263157894735,84.73684210526316,11.710526315789474
2021-06-13,26.426315789473687,29.973684210526315,23.742105263157896,5.226315789473684,84.52631578947368,11.905263157894737
2021-06-14,26.189473684210526,29.626315789473683,23.57894736842105,7.557894736842105,85.42105263157895,11.836842105263159
2021-06-15,26.042105263157897,29.473684210526315,23.63157894736842,6.052631578947368,85.84210526315789,11.521052631578948
2021-06-16,26.226315789473684,30.168421052631583,23.526315789473685,10.447368421052632,85.3157894736842,11.721052631578948
2021-06-17,26.07894736842105,29.50526315789474,23.442105263157895,9.352631578947367,84.63157894736842,12.24736842105263
2021-06-18,26.010526315789473,29.610526315789475,23.55263157894737,4.836842105263157,84.78947368421052,11.468421052631578
2021-06-19,25.773684210526316,29.210526315789473,23.25263157894737,6.657894736842105,86.57894736842105,10.147368421052633
2021-06-20,25.905263157894737,29.49473684210526,23.336842105263155,5.094736842105263,85.10526315789474,11.75263157894737
2021-06-21,25.74736842105263,29.205263157894734,23.173684210526318,7.610526315789474,85.94736842105263,10.9
2021-06-22,26.01578947368421,29.794736842105266,23.073684210526313,5.347368421052631,85.0,11.789473684210526
2021-06-23,26.021052631578947,29.589473684210528,23.50526315789474,6.415789473684211,85.57894736842105,10.75263157894737
2021-06-24,25.794736842105266,29.13684210526316,23.410526315789475,9.147368421052633,86.84210526315789,11.0
2021-06-25,25.78421052631579,29.07894736842105,23.2,8.010526315789473,87.05263157894737,11.142105263157895
2021-06-26,26.031578947368423,29.63157894736842,23.289473684210527,6.847368421052631,86.47368421052632,12.226315789473684
2021-06-27,26.063157894736843,29.58421052631579,23.53684210526316,7.489473684210527,86.42105263157895,11.505263157894737
2021-06-28,25.773684210526316,29.026315789473685,23.531578947368423,8.173684210526316,87.6842105263158,11.063157894736841
2021-06-29,25.689473684210526,29.28421052631579,23.30526315789474,9.25263157894737,86.47368421052632,12.205263157894738
2021-06-30,25.889473684210525,29.326315789473686,23.257894736842104,4.089473684210526,83.89473684210526,11.236842105263158
2021-07-01,25.931578947368422,29.36315789473684,23.147368421052633,4.094736842105263,84.42105263157895,12.810526315789474
2021-07-02,26.042105263157897,29.521052631578947,23.336842105263155,4.636842105263158,83.3157894736842,13.31578947368421
2021-07-03,25.842105263157894,29.384210526315787,23.0,6.6421052631578945,83.73684210526316,13.31578947368421
2021-07-04,25.905263157894737,29.410526315789472,23.031578947368423,6.126315789473685,83.10526315789474,13.700000000000001
2021-07-05,25.810526315789474,29.410526315789472,22.942105263157895,8.5,82.0,15.178947368421051
2021-07-06,25.57894736842105,29.105263157894736,22.678947368421053,3.1,80.21052631578948,13.31578947368421
2021-07-07,25.8,29.789473684210527,22.378947368421052,3.263157894736842,80.3157894736842,11.589473684210526
2021-07-08,25.889473684210525,29.49473684210526,23.110526315789475,7.747368421052631,83.52631578947368,11.352631578947367
2021-07-09,26.042105263157897,29.72631578947368,23.378947368421052,7.1157894736842096,85.0,11.663157894736841
2021-07-10,26.068421052631578,29.521052631578947,23.478947368421053,12.226315789473682,87.10526315789474,12.831578947368422
2021-07-11,25.973684210526315,29.173684210526314,23.673684210526318,11.23157894736842,85.57894736842105,14.178947368421051
2021-07-12,26.05263157894737,29.757894736842104,23.242105263157896,7.447368421052632,82.84210526315789,13.536842105263156
2021-07-13,25.678947368421053,29.26842105263158,22.94736842105263,7.21578947368421,83.10526315789474,13.621052631578948
2021-07-14,25.621052631578948,29.04736842105263,23.142105263157895,8.75263157894737,80.89473684210526,14.194736842105263
2021-07-15,25.931578947368422,29.763157894736842,22.847368421052632,2.289473684210526,78.84210526315789,14.915789473684208
2021-07-16,25.673684210526318,29.478947368421053,22.610526315789475,5.836842105263158,80.15789473684211,12.594736842105263
2021-07-17,26.031578947368423,30.036842105263162,22.58421052631579,11.678947368421053,79.57894736842105,13.031578947368422
2021-07-18,26.42105263157895,30.573684210526313,22.878947368421052,2.405263157894737,79.26315789473684,13.978947368421053
2021-07-19,26.663157894736845,30.742105263157896,23.489473684210527,1.4421052631578946,80.36842105263158,13.799999999999999
2021-07-20,26.642105263157895,30.568421052631578,23.610526315789475,2.526315789473684,81.0,13.200000000000001
2021-07-21,26.526315789473685,30.252631578947366,23.826315789473682,4.984210526315789,80.94736842105263,14.936842105263159
2021-07-22,26.336842105263155,29.91578947368421,23.50526315789474,1.9736842105263157,81.0,13.105263157894736
2021-07-23,26.57894736842105,30.489473684210523,23.55263157894737,3.1631578947368424,79.84210526315789,14.647368421052633
2021-07-24,26.51578947368421,30.626315789473683,23.294736842105266,2.0,78.89473684210526,13.621052631578948
2021-07-25,26.46315789473684,31.089473684210528,22.626315789473683,0.42105263157894735,76.63157894736842,13.936842105263159
2021-07-26,26.105263157894736,30.705263157894734,21.936842105263157,1.2,77.15789473684211,13.5
2021-07-27,26.221052631578946,30.831578947368417,22.257894736842104,0.868421052631579,77.26315789473684,14.38421052631579
2021-07-28,26.489473684210527,30.878947368421056,22.86315789473684,1.3842105263157896,77.0,15.105263157894736
2021-07-29,26.605263157894736,30.752631578947366,23.163157894736845,2.5157894736842104,78.15789473684211,15.073684210526315
2021-07-30,26.642105263157895,30.72631578947368,23.41578947368421,2.8000000000000003,79.0,14.299999999999999
2021-07-31,26.431578947368422,30.242105263157896,23.405263157894737,4.5473684210526315,81.63157894736842,13.81578947368421
2021-08-01,26.378947368421052,30.257894736842104,23.5,3.6315789473684212,81.42105263157895,13.573684210526315
2021-08-02,26.352631578947367,29.984210526315792,23.621052631578948,4.389473684210526,82.47368421052632,13.678947368421051
2021-08-03,26.46315789473684,30.289473684210527,23.69473684210526,5.6,82.73684210526316,14.189473684210528
2021-08-04,26.510526315789473,30.168421052631583,23.742105263157896,4.4526315789473685,82.89473684210526,14.04736842105263
2021-08-05,26.526315789473685,30.305263157894736,23.773684210526316,4.957894736842105,82.21052631578948,14.45263157894737
2021-08-06,26.74736842105263,30.963157894736838,23.689473684210526,3.857894736842105,79.47368421052632,14.473684210526315
2021-08-07,26.847368421052632,30.747368421052634,23.91578947368421,4.126315789473685,80.63157894736842,13.81578947368421
2021-08-08,26.573684210526313,30.431578947368422,23.821052631578947,5.878947368421053,82.47368421052632,14.089473684210526
2021-08-09,26.415789473684214,30.257894736842104,23.51578947368421,6.61578947368421,83.36842105263158,12.81578947368421
2021-08-10,26.19473684210526,29.99473684210526,23.489473684210527,11.389473684210527,83.21052631578948,14.405263157894737
2021-08-11,26.25263157894737,30.00526315789474,23.163157894736845,3.6368421052631574,80.36842105263158,16.42105263157895
2021-08-12,26.242105263157896,29.978947368421053,23.147368421052633,4.726315789473684,80.52631578947368,14.93157894736842
2021-08-13,26.057894736842105,29.678947368421053,23.310526315789474,9.931578947368422,83.6842105263158,14.25263157894737
2021-08-14,26.11578947368421,29.86315789473684,23.33157894736842,6.6947368421052635,83.42105263157895,14.236842105263158
2021-08-15,26.236842105263158,30.057894736842105,23.378947368421052,5.584210526315789,81.89473684210526,15.200000000000001
2021-08-16,26.110526315789475,29.805263157894736,23.352631578947367,8.926315789473684,82.84210526315789,14.036842105263156
2021-08-17,26.01578947368421,29.54736842105263,23.36315789473684,8.436842105263157,83.0,13.536842105263156
2021-08-18,25.878947368421052,29.23157894736842,23.310526315789474,7.71578947368421,82.63157894736842,13.342105263157896
2021-08-19,25.68421052631579,28.926315789473687,23.31578947368421,8.336842105263159,83.10526315789474,12.989473684210527
2021-08-20,25.7,29.236842105263158,22.936842105263157,8.810526315789474,82.84210526315789,13.521052631578947
2021-08-21,25.69473684210526,29.242105263157896,23.05263157894737,7.0473684210526315,84.73684210526316,12.715789473684211
2021-08-22,25.705263157894734,29.205263157894734,23.226315789473684,5.8,84.47368421052632,13.889473684210525
2021-08-23,25.80526315789474,29.58421052631579,22.94736842105263,4.368421052631579,83.0,12.694736842105263
2021-08-24,25.842105263157894,29.91578947368421,22.773684210526316,5.942105263157895,81.57894736842105,13.405263157894737
2021-08-25,25.821052631578947,29.678947368421053,22.78421052631579,5.431578947368421,80.73684210526316,13.178947368421053
2021-08-26,26.05263157894737,30.194736842105264,22.610526315789475,3.8736842105263154,79.3157894736842,14.04736842105263
2021-08-27,25.88421052631579,30.073684210526313,22.621052631578948,8.026315789473685,80.52631578947368,14.1
2021-08-28,25.99473684210526,29.72631578947368,23.04736842105263,7.368421052631579,80.84210526315789,14.305263157894737
2021-08-29,26.23157894736842,30.40526315789474,23.263157894736842,6.552631578947368,82.0,14.626315789473683
2021-08-30,26.289473684210527,30.00526315789474,23.589473684210525,7.057894736842105,82.10526315789474,15.031578947368422
2021-08-31,26.205263157894734,29.842105263157894,23.46315789473684,7.078947368421052,82.57894736842105,12.573684210526316
2021-09-01,26.19473684210526,30.173684210526314,23.242105263157896,7.005263157894737,81.78947368421052,13.331578947368422
2021-09-02,25.905263157894737,29.468421052631577,23.273684210526316,6.2631578947368425,80.89473684210526,12.84736842105263
2021-09-03,25.88421052631579,29.457894736842107,23.13684210526316,9.389473684210527,81.47368421052632,14.447368421052632
2021-09-04,26.042105263157897,30.021052631578947,23.05263157894737,10.321052631578947,82.10526315789474,12.736842105263158
2021-09-05,26.105263157894736,29.90526315789474,23.226315789473684,9.047368421052632,82.42105263157895,12.910526315789474
2021-09-06,26.242105263157896,29.94736842105263,23.468421052631577,6.3999999999999995,82.78947368421052,13.621052631578948
2021-09-07,26.142105263157895,29.857894736842102,23.410526315789475,5.7105263157894735,82.84210526315789,15.705263157894736
2021-09-08,26.063157894736843,29.99473684210526,23.257894736842104,7.742105263157894,81.73684210526316,15.43157894736842
2021-09-09,26.07894736842105,29.963157894736838,22.889473684210525,6.057894736842105,81.10526315789474,14.768421052631581
2021-09-10,26.55263157894737,30.72105263157895,23.405263157894737,3.5,79.73684210526316,15.305263157894737
2021-09-11,26.347368421052632,30.157894736842106,23.71578947368421,6.568421052631579,82.94736842105263,14.063157894736841
2021-09-12,25.926315789473687,29.21578947368421,23.7,10.326315789473684,87.05263157894737,12.178947368421053
2021-09-13,26.089473684210525,29.57894736842105,23.621052631578948,8.410526315789474,85.52631578947368,12.657894736842104
2021-09-14,25.95263157894737,29.305263157894736,23.568421052631578,9.826315789473686,85.94736842105263,11.984210526315788
2021-09-15,26.19473684210526,29.831578947368417,23.5,4.3,83.84210526315789,11.968421052631578
2021-09-16,26.347368421052632,30.13157894736842,23.468421052631577,4.568421052631579,83.47368421052632,12.836842105263159
2021-09-17,26.457894736842103,30.45263157894737,23.257894736842104,4.768421052631578,81.84210526315789,13.736842105263158
2021-09-18,26.31578947368421,30.326315789473686,23.347368421052632,12.542105263157895,82.42105263157895,14.694736842105263
2021-09-19,26.26842105263158,30.110526315789475,23.236842105263158,7.052631578947368,81.84210526315789,14.594736842105263
2021-09-20,26.273684210526316,30.110526315789475,23.31578947368421,6.531578947368422,80.6842105263158,14.273684210526316
2021-09-21,26.07894736842105,29.857894736842102,23.36315789473684,11.394736842105264,83.10526315789474,13.331578947368422
2021-09-22,26.336842105263155,30.205263157894734,23.336842105263155,4.936842105263158,82.36842105263158,14.010526315789473
2021-09-23,26.589473684210525,30.621052631578944,23.642105263157895,4.068421052631579,80.94736842105263,15.163157894736843
2021-09-24,26.42105263157895,30.2,23.61578947368421,5.721052631578948,82.94736842105263,12.394736842105264
2021-09-25,26.599999999999998,30.64736842105263,23.736842105263158,4.431578947368421,82.78947368421052,12.673684210526314
2021-09-26,26.310526315789474,30.09473684210526,23.736842105263158,10.163157894736841,84.52631578947368,13.605263157894736
2021-09-27,26.342105263157894,29.884210526315787,23.705263157894734,4.578947368421052,82.89473684210526,12.705263157894738
2021-09-28,26.489473684210527,30.18421052631579,23.742105263157892,10.131578947368421,82.10526315789474,13.178947368421053
2021-09-29,26.378947368421052,30.13157894736842,23.42105263157895,13.368421052631579,83.47368421052632,13.278947368421052
2021-09-30,26.521052631578947,30.373684210526317,23.81578947368421,7.9105263157894745,83.42105263157895,12.836842105263159
2021-10-01,26.236842105263158,29.736842105263158,23.678947368421053,10.110526315789473,84.36842105263158,12.126315789473685
2021-10-02,26.336842105263155,30.110526315789475,23.31578947368421,2.1736842105263157,81.84210526315789,10.742105263157894
2021-10-03,26.50526315789474,30.40526315789474,23.226315789473684,2.5736842105263156,81.10526315789474,13.394736842105264
2021-10-04,26.431578947368422,30.105263157894736,23.478947368421053,3.4473684210526314,81.05263157894737,12.657894736842104
2021-10-05,26.642105263157895,30.542105263157893,23.521052631578947,1.9105263157894736,78.47368421052632,14.5
2021-10-06,26.573684210526313,30.336842105263155,23.78421052631579,2.731578947368421,78.57894736842105,14.200000000000001
2021-10-07,26.610526315789475,30.58421052631579,23.436842105263157,4.852631578947369,79.05263157894737,13.205263157894736
2021-10-08,26.842105263157894,30.742105263157896,23.49473684210526,4.794736842105263,79.36842105263158,14.289473684210526
2021-10-09,27.115789473684213,31.26842105263158,23.900000000000002,1.9578947368421054,78.84210526315789,14.173684210526316
2021-10-10,27.09473684210526,31.22105263157895,23.86842105263158,5.847368421052631,79.73684210526316,14.463157894736844
2021-10-11,27.07894736842105,31.099999999999998,23.757894736842104,1.6947368421052633,78.94736842105263,14.194736842105263
2021-10-12,27.394736842105264,31.831578947368417,23.910526315789475,0.6157894736842104,75.6842105263158,14.652631578947368
2021-10-13,27.457894736842107,31.873684210526317,23.76842105263158,1.5947368421052632,75.94736842105263,13.194736842105263
2021-10-14,27.210526315789473,31.673684210526314,23.942105263157895,2.8894736842105266,79.15789473684211,13.631578947368421
2021-10-15,27.326315789473686,31.72631578947368,23.705263157894734,2.1894736842105265,78.3157894736842,13.826315789473684
2021-10-16,27.531578947368423,31.86842105263158,24.221052631578946,4.794736842105263,78.73684210526316,12.43157894736842
2021-10-17,26.842105263157894,31.13684210526316,23.968421052631577,10.515789473684212,82.84210526315789,12.810526315789474
2021-10-18,26.405263157894737,30.35263157894737,23.83157894736842,9.905263157894737,84.84210526315789,11.447368421052632
2021-10-19,26.55263157894737,30.557894736842105,23.652631578947368,8.41578947368421,84.3157894736842,11.894736842105264
2021-10-20,26.478947368421053,30.36315789473684,23.69473684210526,6.710526315789473,83.6842105263158,13.147368421052633
2021-10-21,26.41578947368421,30.236842105263158,23.46315789473684,6.257894736842106,84.05263157894737,13.173684210526316
2021-10-22,26.11578947368421,30.089473684210528,23.352631578947367,9.131578947368421,85.57894736842105,11.694736842105263
2021-10-23,26.599999999999998,30.878947368421056,23.226315789473684,3.9421052631578943,82.89473684210526,11.763157894736842
2021-10-24,26.55263157894737,30.573684210526313,23.373684210526317,6.526315789473684,83.15789473684211,11.831578947368422
2021-10-25,26.51578947368421,30.589473684210528,23.457894736842103,8.5,84.0,11.436842105263159
2021-10-26,26.573684210526313,30.85263157894737,23.542105263157897,9.6,83.84210526315789,11.505263157894737
2021-10-27,26.426315789473687,30.821052631578947,23.73157894736842,12.010526315789473,85.73684210526316,11.257894736842106
2021-10-28,26.478947368421053,30.431578947368422,23.68421052631579,8.08421052631579,84.63157894736842,11.68421052631579
2021-10-29,26.400000000000002,30.373684210526317,23.652631578947368,11.463157894736844,85.89473684210526,11.305263157894737
2021-10-30,26.063157894736843,29.884210526315787,23.51578947368421,12.078947368421053,87.47368421052632,11.078947368421053
2021-10-31,25.931578947368422,29.76842105263158,23.336842105263155,15.663157894736843,87.73684210526316,10.989473684210527
2021-11-01,26.05263157894737,29.90526315789474,23.28421052631579,10.236842105263158,86.05263157894737,11.394736842105264
2021-11-02,25.91578947368421,29.936842105263157,23.51578947368421,12.021052631578948,87.10526315789474,11.389473684210527
2021-11-03,26.13157894736842,30.0,23.352631578947367,10.936842105263157,86.26315789473684,12.057894736842105
2021-11-04,26.03684210526316,29.99473684210526,23.55263157894737,15.257894736842104,87.21052631578948,12.157894736842104
2021-11-05,25.88421052631579,29.294736842105266,23.58421052631579,13.421052631578947,88.36842105263158,10.505263157894737
2021-11-06,26.357894736842105,30.152631578947368,23.71578947368421,8.5,86.57894736842105,10.526315789473685
2021-11-07,26.178947368421053,30.389473684210525,23.605263157894736,16.599999999999998,88.15789473684211,10.757894736842106
2021-11-08,26.157894736842106,29.64736842105263,23.673684210526318,10.784210526315789,87.3157894736842,10.494736842105263
2021-11-09,26.457894736842103,30.331578947368417,23.742105263157896,14.742105263157896,86.84210526315789,11.805263157894737
2021-11-10,25.626315789473683,28.64736842105263,23.763157894736842,16.05263157894737,89.63157894736842,11.136842105263158
2021-11-11,25.63157894736842,28.85263157894737,23.589473684210525,13.405263157894737,88.36842105263158,9.778947368421052
2021-11-12,25.757894736842104,29.015789473684208,23.54736842105263,12.863157894736842,87.3157894736842,10.573684210526316
2021-11-13,25.88421052631579,29.36315789473684,23.410526315789475,8.494736842105263,86.63157894736842,10.700000000000001
2021-11-14,25.926315789473687,29.252631578947366,23.847368421052632,11.436842105263159,87.21052631578948,9.926315789473684
2021-11-15,25.74736842105263,29.18421052631579,23.68421052631579,12.294736842105262,87.15789473684211,10.031578947368422
2021-11-16,26.010526315789473,29.510526315789477,23.51578947368421,8.021052631578948,86.26315789473684,9.926315789473684
2021-11-17,26.126315789473683,29.942105263157895,23.473684210526315,8.994736842105263,85.78947368421052,11.15263157894737
2021-11-18,26.163157894736845,29.77894736842105,23.38421052631579,9.15263157894737,85.94736842105263,10.81578947368421
2021-11-19,25.91578947368421,29.42105263157895,23.678947368421053,15.231578947368419,87.57894736842105,12.726315789473684
2021-11-20,26.04736842105263,29.436842105263157,23.705263157894734,11.689473684210526,86.63157894736842,10.626315789473685
2021-11-21,26.410526315789475,30.021052631578947,23.80526315789474,8.126315789473685,86.0,10.626315789473685
2021-11-22,26.55263157894737,30.22105263157895,23.978947368421053,8.6,85.47368421052632,10.531578947368422
2021-11-23,26.126315789473683,29.710526315789473,23.710526315789473,15.194736842105263,87.63157894736842,10.868421052631579
2021-11-24,26.073684210526313,29.542105263157893,23.657894736842106,10.757894736842106,85.6842105263158,10.515789473684212
2021-11-25,26.19473684210526,29.657894736842106,23.736842105263158,8.389473684210527,85.36842105263158,11.078947368421053
2021-11-26,25.842105263157894,28.957894736842107,23.657894736842106,12.205263157894738,88.15789473684211,10.742105263157894
2021-11-27,25.710526315789473,29.0,23.63684210526316,12.794736842105262,88.10526315789474,11.23157894736842
2021-11-28,25.3,28.163157894736845,23.426315789473687,16.810526315789474,88.89473684210526,11.042105263157895
2021-11-29,25.7,29.173684210526314,23.01578947368421,9.0,85.0,11.6
2021-11-30,25.847368421052632,29.373684210526317,23.410526315789475,11.594736842105263,86.05263157894737,11.24736842105263
2021-12-01,26.21578947368421,29.694736842105264,23.5,8.889473684210527,84.42105263157895,11.742105263157894
2021-12-02,26.610526315789475,30.347368421052632,23.410526315789475,7.257894736842106,82.73684210526316,12.173684210526316
2021-12-03,26.426315789473687,29.63684210526316,23.73157894736842,6.684210526315789,85.26315789473684,12.73157894736842
2021-12-04,25.678947368421053,28.878947368421056,23.689473684210526,13.105263157894736,88.52631578947368,13.784210526315789
2021-12-05,25.26842105263158,28.063157894736843,23.389473684210525,15.736842105263158,89.94736842105263,13.594736842105263
2021-12-06,25.742105263157896,28.91578947368421,23.510526315789473,13.310526315789474,87.21052631578948,15.084210526315792
2021-12-07,25.74736842105263,28.957894736842107,23.36842105263158,12.221052631578948,87.94736842105263,14.342105263157896
2021-12-08,26.16315789473684,29.668421052631583,23.457894736842103,5.921052631578948,85.6842105263158,13.994736842105262
2021-12-09,26.0,29.678947368421053,23.542105263157897,7.821052631578947,87.21052631578948,13.094736842105263
2021-12-10,25.873684210526317,29.105263157894736,23.531578947368423,10.610526315789473,87.47368421052632,12.76842105263158
2021-12-11,25.7,29.015789473684208,23.678947368421053,10.373684210526315,88.42105263157895,13.052631578947368
2021-12-12,25.8,29.036842105263162,23.489473684210527,11.421052631578947,87.94736842105263,12.742105263157894
2021-12-13,26.04736842105263,29.342105263157894,23.36842105263158,6.457894736842105,86.94736842105263,12.557894736842105
2021-12-14,25.852631578947367,29.157894736842106,23.400000000000002,8.73157894736842,88.3157894736842,12.042105263157895
2021-12-15,26.00526315789474,29.389473684210525,23.542105263157897,10.1,87.94736842105263,11.478947368421052
2021-12-16,25.978947368421053,29.389473684210525,23.61052631578947,10.636842105263158,88.6842105263158,11.794736842105262
2021-12-17,26.18421052631579,29.531578947368423,23.757894736842104,18.02105263157895,88.57894736842105,11.157894736842104
2021-12-18,25.98421052631579,29.173684210526314,23.857894736842105,19.81578947368421,89.15789473684211,10.663157894736841
2021-12-19,25.968421052631577,29.484210526315792,23.599999999999998,13.073684210526315,88.84210526315789,11.757894736842106
2021-12-20,25.51578947368421,28.663157894736845,23.342105263157894,17.2,89.78947368421052,11.605263157894736
2021-12-21,25.710526315789473,28.58421052631579,23.568421052631578,10.594736842105263,88.6842105263158,11.294736842105262
2021-12-22,26.142105263157895,29.599999999999998,23.342105263157894,6.936842105263159,86.42105263157895,12.173684210526316
2021-12-23,25.726315789473684,29.09473684210526,23.473684210526315,12.810526315789474,87.73684210526316,13.694736842105263
2021-12-24,25.942105263157895,29.54736842105263,23.352631578947367,7.994736842105263,85.84210526315789,13.084210526315792
2021-12-25,25.83157894736842,29.089473684210528,23.468421052631577,11.947368421052632,87.0,13.784210526315789
2021-12-26,26.010526315789473,29.310526315789474,23.526315789473685,9.15263157894737,86.3157894736842,15.36315789473684
2021-12-27,25.568421052631578,28.673684210526314,23.26842105263158,11.484210526315788,87.94736842105263,14.610526315789475
2021-12-28,25.757894736842104,29.28421052631579,23.28421052631579,8.43157894736842,86.52631578947368,14.715789473684211
2021-12-29,25.95263157894737,29.289473684210527,23.347368421052632,4.947368421052632,85.89473684210526,12.889473684210527
2021-12-30,25.878947368421052,29.21578947368421,23.510526315789473,7.521052631578947,86.78947368421052,12.621052631578948
2021-12-31,25.5,29.00526315789474,23.126315789473683,9.973684210526315,88.42105263157895,13.821052631578949
2022-01-01,25.468421052631577,28.878947368421056,23.23157894736842,11.700000000000001,88.15789473684211,13.526315789473685
2022-01-02,25.378947368421052,28.563157894736843,23.073684210526313,9.094736842105263,87.94736842105263,12.426315789473684
2022-01-03,25.68421052631579,28.973684210526315,23.057894736842105,7.915789473684211,86.36842105263158,11.131578947368421
2022-01-04,25.621052631578948,28.957894736842107,22.878947368421052,9.973684210526315,85.89473684210526,10.742105263157894
2022-01-05,25.757894736842104,29.257894736842104,23.042105263157897,8.505263157894737,85.73684210526316,11.689473684210526
2022-01-06,25.647368421052633,29.305263157894736,23.147368421052633,8.594736842105263,86.42105263157895,12.557894736842105
2022-01-07,25.773684210526316,29.36315789473684,23.068421052631578,8.626315789473685,85.36842105263158,12.289473684210526
2022-01-08,25.96315789473684,29.373684210526317,23.342105263157894,6.2631578947368425,84.78947368421052,12.31578947368421
2022-01-09,25.88421052631579,29.563157894736843,23.242105263157896,9.736842105263158,86.52631578947368,12.4
2022-01-10,25.621052631578948,29.0,23.173684210526318,11.505263157894737,88.21052631578948,11.74736842105263
2022-01-11,25.63684210526316,29.23157894736842,23.263157894736842,11.463157894736844,87.10526315789474,14.784210526315789
2022-01-12,25.510526315789473,28.873684210526317,23.263157894736842,8.784210526315789,87.10526315789474,13.894736842105264
2022-01-13,25.55263157894737,28.847368421052632,23.242105263157896,8.121052631578948,86.47368421052632,14.510526315789473
2022-01-14,25.705263157894734,29.063157894736843,23.110526315789475,7.631578947368421,85.0,15.326315789473684
2022-01-15,25.605263157894736,29.04736842105263,23.126315789473683,9.421052631578947,85.57894736842105,16.010526315789473
2022-01-16,25.857894736842105,29.27368421052632,23.23157894736842,5.11578947368421,85.21052631578948,15.789473684210526
2022-01-17,25.55263157894737,29.089473684210528,23.16842105263158,9.236842105263158,87.63157894736842,14.373684210526317
2022-01-18,25.073684210526313,28.44736842105263,22.910526315789475,13.310526315789474,88.78947368421052,14.821052631578949
2022-01-19,24.80526315789474,28.05263157894737,22.7,15.926315789473685,89.57894736842105,15.505263157894738
2022-01-20,24.76842105263158,27.510526315789477,22.794736842105266,21.157894736842106,89.36842105263158,13.26842105263158
2022-01-21,25.38421052631579,28.794736842105266,22.75263157894737,10.173684210526316,87.0,13.852631578947367
2022-01-22,25.726315789473684,29.173684210526314,23.236842105263158,6.9526315789473685,86.57894736842105,14.799999999999999
2022-01-23,26.173684210526318,29.72105263157895,23.310526315789474,4.673684210526315,84.94736842105263,14.821052631578949
2022-01-24,26.410526315789475,29.789473684210527,23.71578947368421,3.7736842105263158,84.10526315789474,15.857894736842105
2022-01-25,26.210526315789473,29.615789473684213,23.689473684210526,4.652631578947369,84.94736842105263,15.526315789473685
2022-01-26,26.321052631578947,29.894736842105264,23.689473684210526,5.468421052631579,84.84210526315789,15.831578947368422
2022-01-27,26.210526315789473,30.021052631578947,23.45263157894737,7.5,84.84210526315789,14.905263157894737
2022-01-28,25.910526315789475,29.5,23.099999999999998,7.157894736842105,85.6842105263158,13.915789473684208
2022-01-29,26.263157894736842,29.821052631578947,23.2,3.2526315789473683,84.15789473684211,12.910526315789474
2022-01-30,26.278947368421054,29.91578947368421,23.405263157894737,4.447368421052632,84.36842105263158,13.394736842105264
2022-01-31,26.378947368421052,29.984210526315792,23.489473684210527,4.294736842105263,82.47368421052632,15.626315789473683
2022-02-01,26.2,30.026315789473685,23.33157894736842,8.247368421052633,84.21052631578948,15.210526315789474
2022-02-02,26.13157894736842,29.857894736842102,23.410526315789475,4.8052631578947365,84.6842105263158,13.673684210526316
2022-02-03,26.042105263157897,29.657894736842106,23.263157894736842,9.094736842105263,85.63157894736842,12.81578947368421
2022-02-04,25.778947368421054,29.347368421052632,23.31578947368421,12.778947368421052,86.63157894736842,12.56842105263158
2022-02-05,25.563157894736843,28.8,23.378947368421052,14.43157894736842,88.21052631578948,12.389473684210527
2022-02-06,25.71578947368421,29.14736842105263,23.50526315789474,10.573684210526316,87.42105263157895,14.073684210526315
2022-02-07,25.821052631578947,29.110526315789475,23.521052631578947,9.43157894736842,85.73684210526316,13.984210526315788
2022-02-08,25.847368421052632,29.457894736842107,23.30526315789474,8.389473684210527,85.94736842105263,14.799999999999999
2022-02-09,25.442105263157895,28.836842105263155,23.357894736842105,14.947368421052632,88.21052631578948,11.65263157894737
2022-02-10,25.221052631578946,28.163157894736845,23.36842105263158,13.294736842105262,88.26315789473684,13.057894736842105
2022-02-11,25.49473684210526,28.657894736842106,23.221052631578946,7.915789473684211,86.42105263157895,11.157894736842104
2022-02-12,25.589473684210525,28.810526315789474,23.321052631578947,11.284210526315789,86.73684210526316,12.215789473684211
2022-02-13,25.81578947368421,29.347368421052632,23.226315789473684,8.705263157894738,86.3157894736842,11.636842105263158
2022-02-14,25.81578947368421,29.242105263157896,23.215789473684207,8.81578947368421,86.05263157894737,11.010526315789473
2022-02-15,25.76842105263158,29.626315789473683,23.099999999999998,9.294736842105262,86.05263157894737,9.942105263157895
2022-02-16,25.726315789473684,29.71578947368421,23.094736842105263,12.194736842105263,87.15789473684211,10.663157894736841
2022-02-17,25.663157894736845,29.626315789473683,23.063157894736843,14.757894736842104,87.47368421052632,11.24736842105263
2022-02-18,25.7,29.3,23.19473684210526,12.8,87.3157894736842,10.74736842105263
2022-02-19,25.968421052631577,29.568421052631578,23.23157894736842,7.447368421052632,86.78947368421052,10.784210526315789
2022-02-20,25.689473684210526,28.72105263157895,23.28421052631579,12.205263157894738,87.0,12.536842105263156
2022-02-21,25.557894736842105,28.747368421052634,23.210526315789473,14.573684210526315,87.47368421052632,12.673684210526316
2022-02-22,25.45263157894737,29.252631578947366,22.847368421052632,12.510526315789473,86.47368421052632,14.4
2022-02-23,25.442105263157895,29.13684210526316,22.66842105263158,10.157894736842104,85.94736842105263,13.957894736842105
2022-02-24,25.51578947368421,29.042105263157893,23.031578947368423,7.742105263157894,85.10526315789474,15.005263157894738
2022-02-25,25.605263157894736,28.989473684210523,23.089473684210525,9.436842105263159,84.89473684210526,15.173684210526316
2022-02-26,25.689473684210526,29.331578947368417,23.073684210526313,10.447368421052632,85.52631578947368,15.36315789473684
2022-02-27,25.95263157894737,29.55263157894737,23.45263157894737,11.25263157894737,85.15789473684211,16.05263157894737
2022-02-28,25.973684210526315,29.621052631578944,23.457894736842103,10.9,85.94736842105263,15.873684210526317
2022-03-01,26.021052631578947,29.45263157894737,23.378947368421052,8.552631578947368,85.52631578947368,15.394736842105264
2022-03-02,26.236842105263158,30.0,23.705263157894734,8.042105263157895,85.36842105263158,14.61578947368421
2022-03-03,25.989473684210527,29.536842105263162,23.357894736842105,9.552631578947368,86.42105263157895,14.578947368421053
2022-03-04,26.13157894736842,29.91578947368421,23.457894736842103,8.68421052631579,85.73684210526316,12.43157894736842
2022-03-05,25.710526315789473,28.857894736842102,23.400000000000002,15.073684210526315,87.73684210526316,12.457894736842105
2022-03-06,25.610526315789475,28.931578947368422,23.26842105263158,10.58421052631579,88.05263157894737,11.742105263157894
2022-03-07,25.53684210526316,28.789473684210527,23.478947368421053,12.484210526315788,89.15789473684211,12.25263157894737
2022-03-08,25.647368421052633,29.310526315789474,23.03684210526316,12.852631578947367,88.10526315789474,11.963157894736844
2022-03-09,25.931578947368422,29.7,23.336842105263155,11.542105263157895,88.3157894736842,10.784210526315789
2022-03-10,25.8,29.59473684210526,23.36842105263158,12.026315789473685,88.89473684210526,10.378947368421052
2022-03-11,26.042105263157897,29.842105263157894,23.36315789473684,9.410526315789474,87.94736842105263,12.063157894736841
2022-03-12,26.342105263157894,30.05263157894737,23.626315789473683,6.947368421052632,86.05263157894737,12.126315789473685
2022-03-13,26.121052631578948,29.54736842105263,23.5,11.24736842105263,87.78947368421052,10.326315789473684
2022-03-14,26.19473684210526,30.010526315789477,23.478947368421053,12.41578947368421,88.26315789473684,10.763157894736842
2022-03-15,26.031578947368423,29.652631578947368,23.55263157894737,17.210526315789473,88.63157894736842,11.042105263157895
2022-03-16,26.189473684210526,30.07894736842105,23.5,11.968421052631578,87.47368421052632,11.15263157894737
2022-03-17,26.23157894736842,29.757894736842104,23.57894736842105,8.489473684210527,88.3157894736842,10.189473684210526
2022-03-18,25.978947368421053,29.478947368421053,23.69473684210526,15.299999999999999,89.3157894736842,10.463157894736844
2022-03-19,26.2,29.942105263157895,23.642105263157895,7.873684210526315,86.0,13.200000000000001
2022-03-20,26.205263157894734,29.805263157894736,23.69473684210526,10.631578947368421,86.63157894736842,12.521052631578948
2022-03-21,26.336842105263155,30.09473684210526,23.83157894736842,5.78421052631579,85.63157894736842,12.121052631578948
2022-03-22,26.178947368421053,29.54736842105263,23.789473684210527,6.752631578947369,85.63157894736842,12.189473684210526
2022-03-23,26.289473684210527,30.026315789473685,23.557894736842105,8.163157894736841,85.0,12.352631578947367
2022-03-24,26.621052631578948,30.605263157894736,23.347368421052632,2.405263157894737,82.84210526315789,12.057894736842105
2022-03-25,26.457894736842103,30.257894736842104,23.336842105263155,6.663157894736842,84.26315789473684,11.18421052631579
2022-03-26,26.54736842105263,30.26842105263158,23.5,5.7894736842105265,84.21052631578948,11.810526315789474
2022-03-27,26.31578947368421,30.168421052631583,23.46315789473684,7.442105263157895,84.89473684210526,11.857894736842105
2022-03-28,26.336842105263155,30.189473684210526,23.357894736842105,6.015789473684211,83.94736842105263,12.668421052631578
2022-03-29,26.378947368421052,30.105263157894736,23.28421052631579,4.6000000000000005,84.15789473684211,11.826315789473686
2022-03-30,26.33157894736842,30.126315789473683,23.33157894736842,6.631578947368421,84.52631578947368,11.0
2022-03-31,26.526315789473685,30.58421052631579,23.48421052631579,5.2368421052631575,84.05263157894737,12.726315789473684
2022-04-01,26.236842105263158,30.142105263157898,23.457894736842103,8.06842105263158,84.47368421052632,10.736842105263158
2022-04-02,26.294736842105266,30.189473684210526,23.352631578947367,8.26842105263158,84.10526315789474,11.426315789473684
2022-04-03,26.063157894736843,29.64736842105263,23.44736842105263,6.936842105263159,85.21052631578948,11.952631578947368
2022-04-04,26.126315789473683,29.95263157894737,23.147368421052633,4.421052631578948,84.26315789473684,10.526315789473685
2022-04-05,25.836842105263155,29.589473684210528,23.068421052631578,6.873684210526315,86.0,11.194736842105263
2022-04-06,25.863157894736844,29.563157894736843,23.01578947368421,7.126315789473685,86.26315789473684,12.010526315789473
2022-04-07,25.889473684210525,29.557894736842105,23.063157894736843,7.852631578947368,85.52631578947368,11.331578947368422
2022-04-08,26.07894736842105,29.847368421052632,23.26842105263158,6.026315789473684,85.42105263157895,11.663157894736841
2022-04-09,26.01578947368421,29.72631578947368,23.110526315789475,6.2368421052631575,85.36842105263158,10.147368421052633
2022-04-10,26.30526315789474,30.294736842105266,23.147368421052633,4.594736842105263,84.10526315789474,10.484210526315788
2022-04-11,26.468421052631577,30.531578947368423,23.49473684210526,4.7105263157894735,83.47368421052632,11.578947368421053
2022-04-12,26.57894736842105,30.59473684210526,23.257894736842104,2.2789473684210524,82.42105263157895,11.331578947368422
2022-04-13,26.394736842105264,30.310526315789474,23.257894736842104,5.521052631578947,83.84210526315789,11.157894736842104
2022-04-14,26.71578947368421,30.810526315789474,23.557894736842105,4.973684210526316,83.10526315789474,10.952631578947368
2022-04-15,26.69473684210526,30.931578947368422,23.76842105263158,7.457894736842104,84.52631578947368,11.010526315789473
2022-04-16,26.478947368421053,30.384210526315787,23.826315789473682,10.836842105263159,85.94736842105263,11.305263157894737
2022-04-17,26.563157894736843,30.5,23.605263157894736,9.126315789473685,85.94736842105263,10.15263157894737
2022-04-18,26.531578947368423,30.473684210526315,23.878947368421052,10.352631578947367,85.94736842105263,10.557894736842105
2022-04-19,26.278947368421054,29.910526315789472,23.873684210526317,11.026315789473685,87.6842105263158,11.036842105263156
2022-04-20,25.889473684210525,29.189473684210526,23.71578947368421,10.821052631578947,88.94736842105263,10.978947368421052
2022-04-21,26.094736842105263,29.531578947368423,23.557894736842105,6.368421052631579,87.84210526315789,10.405263157894737
2022-04-22,26.44736842105263,30.22631578947368,23.710526315789473,8.189473684210526,86.21052631578948,11.452631578947368
2022-04-23,26.542105263157897,30.22631578947368,23.821052631578947,7.957894736842104,86.3157894736842,10.58421052631579
2022-04-24,26.642105263157895,30.40526315789474,23.773684210526316,7.194736842105264,85.63157894736842,10.631578947368421
2022-04-25,26.336842105263155,30.347368421052632,23.589473684210525,8.557894736842105,86.57894736842105,11.378947368421052
2022-04-26,26.410526315789475,30.010526315789477,23.63157894736842,6.663157894736843,86.47368421052632,9.515789473684212
2022-04-27,26.342105263157894,29.821052631578947,23.673684210526318,8.031578947368422,86.15789473684211,10.552631578947368
2022-04-28,26.605263157894736,30.289473684210527,23.721052631578946,5.863157894736842,86.0,12.015789473684212
2022-04-29,26.642105263157895,30.642105263157898,23.678947368421053,6.389473684210526,85.47368421052632,11.389473684210527
2022-04-30,26.45263157894737,30.27368421052632,23.794736842105266,9.594736842105263,86.84210526315789,11.615789473684211
2022-05-01,26.57894736842105,30.489473684210523,23.66842105263158,6.247368421052632,86.0,12.868421052631579
2022-05-02,26.66842105263158,30.400000000000002,24.15263157894737,8.15263157894737,85.73684210526316,12.626315789473685
2022-05-03,26.88421052631579,30.72105263157895,24.042105263157897,5.678947368421052,84.0,13.194736842105263
2022-05-04,26.531578947368423,30.3,24.057894736842105,8.478947368421052,85.57894736842105,12.200000000000001
2022-05-05,26.573684210526313,30.45263157894737,23.847368421052632,9.094736842105263,86.0,11.178947368421053
2022-05-06,26.710526315789473,30.42105263157895,23.905263157894737,8.299999999999999,86.42105263157895,11.636842105263158
2022-05-07,26.773684210526316,30.473684210526315,24.21578947368421,9.147368421052633,86.26315789473684,12.042105263157895
2022-05-08,26.66842105263158,30.13157894736842,24.042105263157897,10.715789473684211,86.63157894736842,11.75263157894737
2022-05-09,26.66842105263158,30.27368421052632,24.242105263157896,11.484210526315788,86.57894736842105,12.5
2022-05-10,26.736842105263158,30.42105263157895,24.08421052631579,8.65263157894737,85.47368421052632,12.18421052631579
2022-05-11,26.889473684210525,30.384210526315787,24.26842105263158,5.152631578947369,85.15789473684211,11.742105263157894
2022-05-12,26.810526315789474,30.05263157894737,24.221052631578946,8.426315789473684,86.0,11.65263157894737
2022-05-13,26.88421052631579,30.22105263157895,24.147368421052633,8.221052631578948,85.6842105263158,9.905263157894737
2022-05-14,26.73157894736842,30.31578947368421,24.02105263157895,5.310526315789473,86.6842105263158,9.447368421052632
2022-05-15,26.889473684210525,30.542105263157897,24.18421052631579,5.442105263157894,85.84210526315789,11.263157894736842
2022-05-16,26.426315789473687,30.23157894736842,23.94736842105263,9.442105263157895,87.26315789473684,11.76842105263158
2022-05-17,26.521052631578947,30.468421052631577,23.810526315789474,7.331578947368421,85.3157894736842,10.421052631578947
2022-05-18,26.61578947368421,30.45263157894737,23.673684210526318,5.815789473684211,84.26315789473684,11.74736842105263
2022-05-19,26.531578947368423,30.484210526315792,23.778947368421054,9.005263157894737,85.15789473684211,12.357894736842105
2022-05-20,26.18421052631579,29.831578947368417,23.821052631578947,12.01578947368421,86.52631578947368,12.447368421052632
2022-05-21,26.18421052631579,29.63684210526316,23.763157894736842,10.036842105263158,86.15789473684211,12.021052631578948
2022-05-22,26.342105263157894,30.126315789473683,23.54736842105263,4.752631578947368,84.78947368421052,13.299999999999999
2022-05-23,26.757894736842104,30.673684210526314,23.657894736842106,3.926315789473684,82.52631578947368,13.56842105263158
2022-05-24,26.78421052631579,30.542105263157893,23.8,7.057894736842105,83.57894736842105,13.031578947368422
2022-05-25,26.142105263157895,29.694736842105264,23.71578947368421,9.542105263157895,86.84210526315789,11.38421052631579
2022-05-26,25.63157894736842,28.605263157894736,23.24736842105263,9.836842105263159,86.84210526315789,12.394736842105264
2022-05-27,26.05263157894737,29.657894736842106,23.24736842105263,8.368421052631579,84.6842105263158,11.047368421052632
2022-05-28,26.25263157894737,30.063157894736843,23.189473684210526,4.921052631578948,84.10526315789474,10.668421052631578
2022-05-29,26.357894736842105,29.92105263157895,23.48421052631579,5.38421052631579,84.0,10.905263157894737
2022-05-30,26.663157894736845,30.59473684210526,23.405263157894737,2.0789473684210527,82.36842105263158,12.24736842105263
2022-05-31,26.789473684210527,30.72105263157895,23.457894736842103,2.5210526315789474,82.10526315789474,11.357894736842105
2022-06-01,26.389473684210525,30.073684210526313,23.5,4.7105263157894735,84.6842105263158,10.610526315789473
2022-06-02,26.23157894736842,30.105263157894736,23.44736842105263,8.273684210526316,85.78947368421052,10.994736842105263
2022-06-03,26.021052631578947,29.826315789473686,23.089473684210525,6.2105263157894735,86.26315789473684,10.74736842105263
2022-06-04,26.05263157894737,29.900000000000002,23.289473684210527,6.652631578947369,85.57894736842105,9.810526315789474
2022-06-05,25.88421052631579,29.810526315789474,23.110526315789475,9.510526315789473,86.6842105263158,10.421052631578947
2022-06-06,25.936842105263157,29.442105263157895,23.163157894736845,9.621052631578948,86.73684210526316,10.5
2022-06-07,26.16842105263158,29.894736842105264,23.18421052631579,5.663157894736842,85.57894736842105,11.868421052631579
2022-06-08,26.11578947368421,30.031578947368423,23.257894736842104,8.41578947368421,85.78947368421052,11.321052631578947
2022-06-09,25.78421052631579,29.394736842105264,23.16842105263158,8.710526315789474,86.63157894736842,12.626315789473685
2022-06-10,26.0,29.77894736842105,23.089473684210525,5.2894736842105265,85.10526315789474,11.763157894736842
2022-06-11,25.88421052631579,29.45263157894737,23.42105263157895,11.710526315789474,86.15789473684211,11.926315789473684
2022-06-12,25.657894736842106,29.26842105263158,23.3,8.447368421052632,85.94736842105263,12.531578947368422
2022-06-13,25.710526315789473,29.321052631578947,23.068421052631578,7.8,86.21052631578948,10.589473684210526
2022-06-14,25.71578947368421,29.384210526315787,23.16842105263158,9.705263157894738,86.3157894736842,11.973684210526315
2022-06-15,25.794736842105266,29.242105263157896,23.289473684210527,9.147368421052633,85.94736842105263,13.126315789473685
2022-06-16,25.726315789473684,29.31578947368421,23.147368421052633,9.31578947368421,86.0,11.342105263157896
2022-06-17,25.563157894736843,29.010526315789477,23.19473684210526,9.936842105263159,86.89473684210526,11.6
2022-06-18,25.626315789473683,29.442105263157895,23.13157894736842,9.126315789473685,86.57894736842105,11.063157894736841
2022-06-19,25.610526315789475,29.326315789473686,22.81578947368421,8.063157894736841,86.10526315789474,11.563157894736841
2022-06-20,25.705263157894734,29.289473684210527,22.95263157894737,6.542105263157895,85.26315789473684,12.147368421052631
2022-06-21,25.789473684210527,29.389473684210525,23.05263157894737,8.13684210526316,83.63157894736842,13.021052631578948
2022-06-22,25.8,29.373684210526317,23.273684210526316,8.015789473684212,83.10526315789474,14.478947368421053
2022-06-23,25.589473684210525,29.194736842105264,22.91578947368421,11.778947368421052,84.21052631578948,14.226315789473684
2022-06-24,25.594736842105263,29.173684210526314,23.221052631578946,8.726315789473684,84.78947368421052,13.221052631578948
2022-06-25,25.75263157894737,29.463157894736838,23.08421052631579,7.105263157894737,84.6842105263158,12.778947368421052
2022-06-26,25.663157894736845,28.926315789473687,23.263157894736842,7.878947368421052,85.42105263157895,12.042105263157895
2022-06-27,25.83157894736842,29.336842105263155,23.30526315789474,5.531578947368421,84.57894736842105,13.531578947368422
2022-06-28,25.842105263157894,29.42105263157895,23.257894736842104,5.568421052631579,83.15789473684211,13.478947368421053
2022-06-29,25.69473684210526,29.615789473684213,22.96315789473684,8.226315789473684,82.6842105263158,13.26842105263158
2022-06-30,25.621052631578948,29.478947368421053,22.647368421052633,7.336842105263158,82.52631578947368,13.715789473684211
2022-07-01,26.021052631578947,30.13157894736842,22.63157894736842,4.6684210526315795,81.36842105263158,14.968421052631578
2022-07-02,26.242105263157896,29.900000000000002,23.30526315789474,4.636842105263158,82.84210526315789,14.031578947368422
2022-07-03,26.16842105263158,29.942105263157895,23.48421052631579,7.947368421052632,84.94736842105263,12.563157894736841
2022-07-04,26.13684210526316,29.55263157894737,23.50526315789474,5.326315789473685,84.84210526315789,12.442105263157895
2022-07-05,26.057894736842105,29.78421052631579,23.28421052631579,5.5473684210526315,85.0,12.363157894736842
2022-07-06,25.778947368421054,29.242105263157896,23.30526315789474,5.1421052631578945,84.57894736842105,12.647368421052633
2022-07-07,26.07894736842105,30.021052631578947,22.74736842105263,2.2421052631578946,80.21052631578948,12.65263157894737
2022-07-08,25.8,29.752631578947366,22.74736842105263,7.231578947368422,80.3157894736842,13.589473684210526
2022-07-09,25.810526315789474,29.542105263157893,22.46315789473684,3.5789473684210527,79.73684210526316,13.526315789473685
2022-07-10,25.968421052631577,29.5,22.99473684210526,3.9105263157894736,81.26315789473684,14.531578947368422
2022-07-11,26.07894736842105,29.984210526315792,23.178947368421053,7.889473684210526,82.94736842105263,14.321052631578949
2022-07-12,25.936842105263157,29.521052631578947,23.436842105263157,7.0894736842105255,85.15789473684211,14.299999999999999
2022-07-13,25.673684210526318,29.089473684210528,23.310526315789474,7.1157894736842096,85.57894736842105,12.826315789473684
2022-07-14,25.63157894736842,29.0,23.226315789473684,6.71578947368421,85.42105263157895,13.426315789473684
2022-07-15,26.13684210526316,29.826315789473686,23.400000000000002,5.1421052631578945,83.10526315789474,14.289473684210526
2022-07-16,25.95263157894737,29.58421052631579,23.257894736842104,6.163157894736842,83.89473684210526,14.294736842105264
2022-07-17,25.88421052631579,29.410526315789472,23.04736842105263,13.33157894736842,83.47368421052632,14.078947368421053
2022-07-18,26.142105263157895,29.77894736842105,23.110526315789475,3.9473684210526314,82.15789473684211,13.536842105263156
2022-07-19,26.310526315789474,30.31578947368421,23.2,4.684210526315789,80.6842105263158,12.789473684210526
2022-07-20,26.278947368421054,30.373684210526317,23.13157894736842,2.694736842105263,80.89473684210526,13.552631578947368
2022-07-21,26.321052631578947,30.326315789473686,23.321052631578947,3.1052631578947367,80.57894736842105,14.168421052631578
2022-07-22,25.957894736842103,29.568421052631578,23.510526315789473,5.889473684210526,82.10526315789474,13.484210526315788
2022-07-23,25.8,29.478947368421053,23.13684210526316,5.368421052631579,83.05263157894737,12.799999999999999
2022-07-24,25.46315789473684,29.163157894736845,22.75263157894737,7.668421052631579,80.47368421052632,14.105263157894736
2022-07-25,25.278947368421054,29.305263157894736,22.2,7.873684210526315,79.47368421052632,13.221052631578948
2022-07-26,25.51578947368421,29.536842105263162,22.25263157894737,6.094736842105263,80.84210526315789,12.947368421052632
2022-07-27,25.773684210526316,29.826315789473686,22.757894736842104,7.694736842105263,82.63157894736842,14.5
2022-07-28,26.042105263157897,30.021052631578947,22.88947368421053,4.315789473684211,81.26315789473684,14.536842105263156
2022-07-29,25.900000000000002,29.810526315789474,22.926315789473687,7.43157894736842,82.42105263157895,14.31578947368421
2022-07-30,25.94736842105263,29.389473684210525,23.178947368421053,5.394736842105263,82.21052631578948,13.826315789473684
2022-07-31,25.989473684210527,29.757894736842104,23.105263157894736,4.268421052631578,81.89473684210526,12.936842105263159
2022-08-01,26.073684210526313,30.142105263157898,22.973684210526315,4.010526315789474,83.05263157894737,12.773684210526318
2022-08-02,25.847368421052632,29.573684210526313,23.205263157894734,9.578947368421053,85.36842105263158,12.41578947368421
2022-08-03,25.768421052631577,29.59473684210526,23.19473684210526,7.43157894736842,84.6842105263158,12.76842105263158
2022-08-04,25.678947368421053,29.563157894736843,22.81578947368421,5.652631578947369,82.05263157894737,13.694736842105263
2022-08-05,25.510526315789473,29.426315789473687,22.210526315789473,4.394736842105263,79.57894736842105,12.989473684210527
2022-08-06,25.599999999999998,29.563157894736843,22.126315789473683,5.205263157894737,80.57894736842105,12.9
2022-08-07,25.957894736842103,30.031578947368423,22.689473684210526,2.168421052631579,80.94736842105263,13.23157894736842
2022-08-08,26.173684210526318,30.55263157894737,22.63684210526316,2.8789473684210525,79.3157894736842,15.831578947368422
2022-08-09,26.326315789473682,30.40526315789474,23.16842105263158,6.647368421052632,79.52631578947368,13.75263157894737
2022-08-10,26.357894736842105,30.642105263157898,23.210526315789473,4.505263157894737,81.10526315789474,14.552631578947368
2022-08-11,26.610526315789475,30.77894736842105,23.526315789473685,3.6526315789473687,82.15789473684211,13.042105263157895
2022-08-12,26.605263157894736,30.889473684210525,23.88421052631579,4.542105263157895,82.52631578947368,13.294736842105262
2022-08-13,25.936842105263157,30.05263157894737,23.3,8.794736842105262,84.57894736842105,13.368421052631579
2022-08-14,25.936842105263157,29.99473684210526,23.021052631578947,6.552631578947368,84.36842105263158,13.1
2022-08-15,25.847368421052632,30.099999999999998,23.010526315789473,8.426315789473684,84.26315789473684,14.331578947368422
2022-08-16,25.857894736842105,29.668421052631583,22.83157894736842,5.7631578947368425,83.26315789473684,13.015789473684212
2022-08-17,26.205263157894734,30.010526315789477,23.2,3.6526315789473687,79.6842105263158,15.042105263157895
2022-08-18,26.226315789473684,29.984210526315792,23.152631578947368,3.0368421052631582,78.94736842105263,15.647368421052633
2022-08-19,26.478947368421053,30.58421052631579,23.173684210526318,3.9631578947368418,77.89473684210526,16.221052631578946
2022-08-20,26.11578947368421,29.973684210526315,23.16842105263158,6.9105263157894745,78.6842105263158,16.33157894736842
2022-08-21,25.836842105263155,29.510526315789477,23.0,9.047368421052632,80.52631578947368,15.142105263157895
2022-08-22,25.968421052631577,29.76842105263158,23.226315789473684,7.473684210526316,80.36842105263158,14.973684210526315
2022-08-23,25.910526315789475,30.00526315789474,22.821052631578947,6.947368421052632,79.78947368421052,15.226315789473684
2022-08-24,26.04736842105263,30.157894736842106,22.78421052631579,5.663157894736842,78.78947368421052,15.057894736842107
2022-08-25,25.873684210526317,29.85263157894737,22.86842105263158,8.015789473684212,80.10526315789474,16.031578947368423
2022-08-26,25.92105263157895,29.95263157894737,22.847368421052632,6.831578947368421,81.15789473684211,14.373684210526317
2022-08-27,25.826315789473682,29.710526315789473,23.23157894736842,6.510526315789474,82.0,13.836842105263157
2022-08-28,25.721052631578946,29.531578947368423,22.92105263157895,10.147368421052631,81.63157894736842,12.773684210526316
2022-08-29,25.900000000000002,30.05263157894737,22.910526315789475,7.5,81.21052631578948,13.794736842105264
2022-08-30,25.75263157894737,29.515789473684208,22.81578947368421,10.5,83.63157894736842,12.778947368421052
2022-08-31,25.989473684210527,29.931578947368422,23.257894736842104,4.542105263157895,83.84210526315789,12.026315789473685
2022-09-01,26.11578947368421,30.342105263157894,23.226315789473684,7.494736842105263,84.05263157894737,13.668421052631578
2022-09-02,26.24736842105263,30.45263157894737,23.226315789473684,5.7368421052631575,83.21052631578948,13.61578947368421
2022-09-03,26.263157894736842,30.3,23.336842105263155,5.536842105263158,82.36842105263158,13.173684210526316
2022-09-04,26.273684210526316,30.22105263157895,23.257894736842104,10.889473684210527,81.21052631578948,13.489473684210527
2022-09-05,26.263157894736842,29.92105263157895,23.5,4.315789473684211,82.0,12.221052631578948
2022-09-06,26.210526315789473,30.115789473684213,23.289473684210527,5.173684210526315,82.57894736842105,12.994736842105263
2022-09-07,25.742105263157896,29.526315789473685,23.157894736842106,8.657894736842104,84.63157894736842,12.705263157894738
2022-09-08,25.757894736842104,29.536842105263162,23.347368421052632,11.263157894736842,83.89473684210526,11.857894736842105
2022-09-09,25.642105263157895,29.71578947368421,23.073684210526313,9.336842105263159,84.73684210526316,11.73157894736842
2022-09-10,25.626315789473683,29.626315789473683,22.910526315789475,8.994736842105263,84.47368421052632,13.073684210526316
2022-09-11,25.873684210526317,29.873684210526317,22.931578947368422,5.731578947368421,83.10526315789474,12.331578947368422
2022-09-12,26.094736842105263,30.189473684210526,22.894736842105264,3.5842105263157893,82.10526315789474,12.805263157894737
2022-09-13,26.126315789473683,30.105263157894736,23.173684210526318,7.368421052631579,81.42105263157895,14.54736842105263
2022-09-14,26.0,29.878947368421056,23.16842105263158,6.368421052631579,82.05263157894737,13.542105263157895
2022-09-15,26.16842105263158,30.331578947368417,22.968421052631577,3.621052631578947,81.52631578947368,13.563157894736841
2022-09-16,26.121052631578948,30.400000000000002,23.142105263157895,6.2894736842105265,82.36842105263158,13.668421052631578
2022-09-17,26.236842105263158,30.736842105263158,22.894736842105264,7.521052631578947,82.15789473684211,13.584210526315792
2022-09-18,26.33157894736842,30.54736842105263,23.11578947368421,4.942105263157895,81.42105263157895,13.08421052631579
2022-09-19,26.28421052631579,30.42105263157895,23.07894736842105,3.78421052631579,81.0,13.178947368421053
2022-09-20,26.068421052631578,30.021052631578947,23.057894736842105,8.73157894736842,81.21052631578948,14.126315789473683
2022-09-21,26.210526315789473,30.342105263157894,23.400000000000002,7.815789473684211,81.94736842105263,12.6
2022-09-22,26.26842105263158,30.473684210526315,23.521052631578947,6.268421052631578,82.3157894736842,13.421052631578947
2022-09-23,26.36842105263158,30.589473684210528,23.400000000000002,10.042105263157893,82.6842105263158,13.136842105263158
2022-09-24,26.19473684210526,30.3,23.08421052631579,8.836842105263157,82.84210526315789,13.357894736842105
2022-09-25,26.436842105263157,30.668421052631583,23.152631578947368,3.642105263157895,80.63157894736842,14.131578947368421
2022-09-26,26.547368421052635,30.826315789473686,23.04736842105263,3.363157894736842,79.10526315789474,14.157894736842104
2022-09-27,26.57894736842105,31.105263157894736,23.189473684210526,2.931578947368421,78.57894736842105,13.93157894736842
2022-09-28,26.394736842105264,30.77368421052632,22.910526315789475,4.773684210526316,80.36842105263158,12.710526315789474
2022-09-29,26.326315789473682,30.28421052631579,23.30526315789474,8.394736842105264,82.6842105263158,13.189473684210526
2022-09-30,26.189473684210526,30.178947368421053,23.736842105263158,12.521052631578948,84.89473684210526,12.936842105263159
2022-10-01,25.989473684210527,29.826315789473686,23.526315789473685,11.41578947368421,86.94736842105263,12.1
2022-10-02,25.75263157894737,29.14736842105263,23.352631578947367,12.200000000000001,87.6842105263158,11.405263157894737
2022-10-03,25.852631578947367,29.763157894736842,23.33157894736842,10.563157894736841,86.6842105263158,11.547368421052632
2022-10-04,25.894736842105264,30.05263157894737,23.410526315789475,16.41578947368421,86.47368421052632,11.278947368421052
2022-10-05,25.63157894736842,29.189473684210526,23.33157894736842,9.978947368421052,87.15789473684211,10.831578947368422
2022-10-06,25.626315789473683,29.426315789473687,23.226315789473684,14.205263157894736,87.21052631578948,11.763157894736842
2022-10-07,25.647368421052633,29.23157894736842,23.210526315789473,10.552631578947368,87.26315789473684,11.642105263157895
2022-10-08,25.705263157894734,29.347368421052632,23.26842105263158,8.426315789473684,86.57894736842105,11.74736842105263
2022-10-09,25.69473684210526,29.515789473684208,23.273684210526316,10.489473684210527,86.84210526315789,10.894736842105264
2022-10-10,25.657894736842106,29.321052631578947,23.2,7.036842105263157,86.6842105263158,10.368421052631579
2022-10-11,25.68421052631579,29.321052631578947,23.25263157894737,9.931578947368422,86.73684210526316,12.4
2022-10-12,25.973684210526315,29.76842105263158,23.13157894736842,6.010526315789474,84.57894736842105,12.389473684210527
2022-10-13,25.86842105263158,29.726315789473688,23.19473684210526,11.278947368421052,85.3157894736842,12.947368421052632
2022-10-14,26.0,29.763157894736842,23.24736842105263,9.294736842105262,85.3157894736842,11.526315789473685
2022-10-15,25.942105263157895,29.621052631578944,23.46315789473684,12.263157894736842,86.0,12.321052631578947
2022-10-16,26.121052631578948,29.736842105263158,23.557894736842105,9.568421052631578,86.15789473684211,12.284210526315789
2022-10-17,26.147368421052633,29.942105263157895,23.489473684210527,8.521052631578948,86.21052631578948,12.378947368421054
2022-10-18,25.910526315789475,29.35263157894737,23.610526315789475,8.91578947368421,87.47368421052632,11.215789473684211
2022-10-19,25.905263157894737,29.08421052631579,23.647368421052633,12.026315789473685,88.3157894736842,10.489473684210527
2022-10-20,26.126315789473683,30.142105263157898,23.542105263157897,11.973684210526315,86.94736842105263,11.089473684210526
2022-10-21,26.026315789473685,29.757894736842104,23.531578947368423,13.926315789473685,87.78947368421052,11.921052631578947
2022-10-22,26.05263157894737,29.49473684210526,23.573684210526313,12.005263157894737,87.78947368421052,10.094736842105263
2022-10-23,26.18421052631579,29.72631578947368,23.478947368421053,7.005263157894737,86.63157894736842,11.878947368421052
2022-10-24,25.91578947368421,29.357894736842102,23.657894736842106,9.757894736842106,86.78947368421052,13.331578947368422
2022-10-25,25.778947368421054,29.36842105263158,23.599999999999998,12.126315789473685,87.73684210526316,13.647368421052633
2022-10-26,25.594736842105263,28.599999999999998,23.568421052631578,16.226315789473684,88.52631578947368,12.76842105263158
2022-10-27,25.80526315789474,29.08421052631579,23.389473684210525,7.9105263157894745,86.26315789473684,12.9
2022-10-28,25.94736842105263,29.73157894736842,22.905263157894737,4.9789473684210535,83.26315789473684,13.136842105263158
2022-10-29,25.99473684210526,29.68421052631579,22.773684210526316,4.310526315789474,82.89473684210526,11.668421052631578
2022-10-30,26.04736842105263,29.90526315789474,23.28421052631579,9.799999999999999,83.21052631578948,12.642105263157895
2022-10-31,26.157894736842106,29.794736842105266,23.242105263157896,5.652631578947369,83.26315789473684,11.6
2022-11-01,26.336842105263155,30.257894736842104,23.473684210526315,8.563157894736841,83.47368421052632,10.68421052631579
2022-11-02,26.26842105263158,30.247368421052634,23.342105263157894,10.88421052631579,85.21052631578948,10.705263157894738
2022-11-03,26.373684210526317,30.22631578947368,23.57894736842105,9.273684210526316,86.05263157894737,10.18421052631579
2022-11-04,26.04736842105263,29.831578947368417,23.63157894736842,11.852631578947367,87.52631578947368,11.015789473684212
2022-11-05,25.88421052631579,29.71578947368421,23.473684210526315,9.15263157894737,87.89473684210526,10.963157894736844
2022-11-06,25.689473684210526,29.2,23.347368421052632,13.852631578947367,87.84210526315789,10.742105263157894
2022-11-07,25.48421052631579,28.86842105263158,23.152631578947368,12.978947368421052,88.6842105263158,10.368421052631579
2022-11-08,25.68421052631579,29.210526315789473,23.357894736842105,14.38421052631579,88.63157894736842,10.65263157894737
2022-11-09,25.68421052631579,29.21578947368421,23.3,8.989473684210527,88.36842105263158,10.710526315789474
2022-11-10,25.73157894736842,29.347368421052632,23.36315789473684,11.678947368421053,88.15789473684211,10.894736842105264
2022-11-11,25.663157894736845,28.942105263157895,23.36842105263158,14.484210526315788,88.47368421052632,10.236842105263158
2022-11-12,25.55263157894737,29.13157894736842,23.389473684210525,14.868421052631579,89.36842105263158,10.65263157894737
2022-11-13,25.599999999999998,28.931578947368422,23.44736842105263,15.610526315789475,90.21052631578948,11.284210526315789
2022-11-14,25.742105263157896,29.310526315789474,23.48421052631579,17.18421052631579,89.42105263157895,10.026315789473685
2022-11-15,25.678947368421053,29.22105263157895,23.436842105263157,14.36315789473684,89.36842105263158,11.310526315789474
2022-11-16,25.71578947368421,28.931578947368422,23.44736842105263,13.589473684210526,88.47368421052632,13.178947368421053
2022-11-17,25.910526315789475,29.14736842105263,23.426315789473687,13.352631578947367,87.10526315789474,13.24736842105263
2022-11-18,25.647368421052633,28.689473684210526,23.473684210526315,17.063157894736843,87.84210526315789,12.18421052631579
2022-11-19,25.610526315789475,28.73157894736842,23.178947368421053,11.310526315789474,87.78947368421052,13.18421052631579
2022-11-20,26.13157894736842,29.857894736842102,23.310526315789474,6.389473684210526,84.47368421052632,13.41578947368421
2022-11-21,26.242105263157896,30.00526315789474,23.31578947368421,5.247368421052632,84.3157894736842,12.821052631578947
2022-11-22,26.273684210526316,29.821052631578947,23.389473684210525,10.005263157894737,85.10526315789474,12.094736842105263
2022-11-23,26.08421052631579,29.763157894736842,23.726315789473684,8.573684210526316,86.73684210526316,11.673684210526316
2022-11-24,25.826315789473682,29.463157894736838,23.678947368421053,17.042105263157897,87.63157894736842,12.178947368421053
2022-11-25,25.647368421052633,29.163157894736845,23.400000000000002,12.452631578947368,88.3157894736842,10.452631578947368
2022-11-26,25.663157894736845,29.089473684210528,23.21578947368421,9.363157894736842,87.47368421052632,10.147368421052633
2022-11-27,25.768421052631577,29.21578947368421,23.2,9.473684210526315,86.94736842105263,10.668421052631578
2022-11-28,25.836842105263155,29.194736842105264,23.28421052631579,8.721052631578948,87.05263157894737,10.421052631578947
2022-11-29,25.74736842105263,29.336842105263155,23.289473684210527,12.005263157894737,87.57894736842105,11.215789473684211
2022-11-30,25.568421052631578,28.94736842105263,23.163157894736845,11.010526315789475,87.63157894736842,11.75263157894737
2022-12-01,25.568421052631578,29.142105263157898,22.978947368421053,8.973684210526315,86.6842105263158,11.594736842105263
2022-12-02,25.45263157894737,28.763157894736842,23.03684210526316,8.994736842105263,87.15789473684211,11.057894736842105
2022-12-03,25.610526315789475,29.042105263157893,23.03684210526316,9.057894736842105,87.10526315789474,10.631578947368421
2022-12-04,25.68421052631579,29.394736842105264,23.19473684210526,10.34736842105263,87.57894736842105,9.936842105263159
2022-12-05,25.7,29.36842105263158,23.326315789473682,13.1,88.42105263157895,11.0
2022-12-06,25.900000000000002,29.342105263157894,23.478947368421053,10.878947368421054,87.89473684210526,10.673684210526316
2022-12-07,25.989473684210527,29.41578947368421,23.468421052631577,9.389473684210527,86.73684210526316,10.910526315789474
2022-12-08,25.98421052631579,29.668421052631583,23.205263157894734,7.478947368421053,85.84210526315789,11.005263157894737
2022-12-09,25.910526315789475,29.410526315789472,23.178947368421053,7.052631578947368,85.0,12.921052631578947
2022-12-10,26.010526315789473,29.694736842105264,23.13157894736842,7.3,84.63157894736842,11.621052631578946
2022-12-11,25.8,29.289473684210527,23.03684210526316,12.489473684210527,86.42105263157895,12.215789473684211
2022-12-12,25.957894736842103,29.64736842105263,23.23157894736842,7.405263157894736,86.15789473684211,10.921052631578947
2022-12-13,25.710526315789473,29.173684210526314,23.126315789473683,13.326315789473684,87.94736842105263,11.468421052631578
2022-12-14,25.642105263157895,29.152631578947368,23.347368421052632,17.03684210526316,88.21052631578948,11.863157894736842
2022-12-15,25.63684210526316,29.189473684210526,23.242105263157896,11.34736842105263,87.3157894736842,10.694736842105263
2022-12-16,25.426315789473687,28.742105263157896,23.44736842105263,15.25263157894737,88.42105263157895,10.894736842105264
2022-12-17,25.50526315789474,28.857894736842102,23.121052631578948,10.984210526315788,87.94736842105263,10.968421052631578
2022-12-18,25.53157894736842,28.931578947368422,22.900000000000002,15.54736842105263,87.78947368421052,11.4
2022-12-19,26.05263157894737,29.910526315789472,23.0,6.4263157894736835,84.78947368421052,11.34736842105263
2022-12-20,26.063157894736843,29.752631578947366,23.189473684210526,7.326315789473684,84.94736842105263,12.321052631578947
2022-12-21,26.04736842105263,29.68421052631579,23.33157894736842,11.378947368421052,85.52631578947368,13.826315789473684
2022-12-22,25.847368421052632,29.200000000000003,23.5,14.721052631578948,85.42105263157895,16.878947368421052
2022-12-23,25.621052631578948,28.59473684210526,23.531578947368423,19.647368421052633,85.6842105263158,18.099999999999998
2022-12-24,25.55263157894737,28.826315789473686,23.18421052631579,16.094736842105263,85.57894736842105,16.110526315789475
2022-12-25,25.23157894736842,28.163157894736845,23.094736842105263,13.4,86.63157894736842,16.531578947368423
2022-12-26,25.478947368421053,28.64736842105263,23.226315789473684,8.56842105263158,85.57894736842105,16.03684210526316
2022-12-27,25.389473684210525,28.457894736842107,23.089473684210525,9.589473684210526,86.3157894736842,15.563157894736841
2022-12-28,25.599999999999998,29.026315789473685,23.38421052631579,9.784210526315789,85.89473684210526,16.11578947368421
2022-12-29,25.257894736842108,28.484210526315792,23.357894736842105,14.310526315789472,87.78947368421052,17.173684210526318
2022-12-30,25.400000000000002,28.426315789473687,23.16842105263158,8.189473684210526,86.42105263157895,17.38421052631579
2022-12-31,25.573684210526313,28.91578947368421,23.00526315789474,10.468421052631578,84.26315789473684,18.7
2023-01-01,25.873684210526317,29.00526315789474,23.44736842105263,5.784210526315789,83.84210526315789,17.63157894736842
2023-01-02,25.842105263157894,29.3,23.457894736842103,7.442105263157895,84.89473684210526,18.657894736842106
2023-01-03,25.54736842105263,28.72631578947368,23.46315789473684,8.799999999999999,85.73684210526316,18.25263157894737
2023-01-04,25.68421052631579,28.810526315789474,23.3,8.321052631578947,85.47368421052632,17.94736842105263
2023-01-05,25.80526315789474,28.900000000000002,23.357894736842105,7.305263157894736,84.78947368421052,17.573684210526313
2023-01-06,25.83157894736842,29.115789473684213,23.48421052631579,6.878947368421052,85.15789473684211,16.599999999999998
2023-01-07,25.626315789473683,28.86842105263158,23.321052631578947,9.063157894736841,86.94736842105263,15.284210526315789
2023-01-08,25.510526315789473,28.900000000000002,23.110526315789475,7.178947368421053,87.21052631578948,13.236842105263158
2023-01-09,25.410526315789475,28.763157894736842,22.900000000000002,6.126315789473685,86.15789473684211,13.105263157894736
2023-01-10,25.510526315789473,28.99473684210526,22.910526315789475,8.031578947368422,86.6842105263158,13.373684210526315
2023-01-11,25.742105263157896,29.36315789473684,22.842105263157894,5.78421052631579,84.89473684210526,12.215789473684211
2023-01-12,25.91578947368421,29.55263157894737,22.810526315789474,3.831578947368421,84.15789473684211,11.742105263157894
2023-01-13,26.00526315789474,29.57894736842105,23.07894736842105,4.515789473684211,84.52631578947368,12.215789473684211
2023-01-14,26.136842105263156,29.736842105263158,23.257894736842104,3.363157894736842,84.42105263157895,13.126315789473685
2023-01-15,26.031578947368423,29.568421052631578,23.236842105263158,7.184210526315789,85.57894736842105,12.526315789473685
2023-01-16,25.86842105263158,29.410526315789472,23.352631578947367,7.036842105263157,86.26315789473684,13.0
2023-01-17,25.51578947368421,28.742105263157896,23.068421052631578,7.394736842105263,86.89473684210526,12.836842105263159
2023-01-18,25.289473684210527,28.59473684210526,22.726315789473684,9.857894736842105,86.84210526315789,12.18421052631579
2023-01-19,25.42105263157895,28.842105263157894,23.031578947368423,10.194736842105264,86.52631578947368,13.936842105263159
2023-01-20,25.242105263157896,28.657894736842106,22.794736842105266,9.857894736842105,87.89473684210526,12.505263157894737
2023-01-21,25.51578947368421,28.86842105263158,23.073684210526313,10.247368421052633,86.73684210526316,12.605263157894736
2023-01-22,25.55263157894737,29.163157894736845,23.057894736842105,9.021052631578948,86.89473684210526,12.799999999999999
2023-01-23,25.389473684210525,28.400000000000002,23.142105263157895,10.93157894736842,87.47368421052632,12.047368421052632
2023-01-24,25.50526315789474,28.510526315789477,23.147368421052633,7.305263157894736,86.6842105263158,13.88421052631579
2023-01-25,25.147368421052633,28.126315789473683,23.242105263157896,13.652631578947368,88.42105263157895,13.405263157894737
2023-01-26,25.257894736842108,28.357894736842102,23.19473684210526,14.957894736842105,87.84210526315789,13.910526315789474
2023-01-27,25.03684210526316,27.7,23.26842105263158,19.205263157894734,90.36842105263158,13.221052631578948
2023-01-28,25.126315789473683,27.984210526315792,23.24736842105263,16.16842105263158,88.94736842105263,13.905263157894737
2023-01-29,25.473684210526315,28.668421052631583,23.342105263157894,10.5,87.15789473684211,14.231578947368419
2023-01-30,25.647368421052633,28.90526315789474,23.46315789473684,6.368421052631579,87.42105263157895,13.63684210526316
2023-01-31,25.542105263157897,28.510526315789477,23.410526315789475,10.115789473684211,88.21052631578948,14.405263157894737
2023-02-01,25.589473684210525,28.77894736842105,23.442105263157895,11.015789473684212,87.63157894736842,14.152631578947368
2023-02-02,25.410526315789475,28.189473684210526,23.494736842105265,10.778947368421052,87.94736842105263,12.857894736842105
2023-02-03,25.44736842105263,28.45263157894737,23.25263157894737,10.226315789473684,87.6842105263158,13.526315789473685
2023-02-04,25.51578947368421,28.810526315789474,23.189473684210526,10.547368421052632,87.52631578947368,13.873684210526317
2023-02-05,25.46315789473684,28.657894736842106,23.089473684210525,11.31578947368421,86.78947368421052,14.926315789473685
2023-02-06,25.905263157894737,29.14736842105263,23.431578947368422,7.094736842105264,83.73684210526316,15.668421052631578
2023-02-07,25.905263157894737,29.326315789473686,23.49473684210526,7.310526315789474,84.78947368421052,14.700000000000001
2023-02-08,25.726315789473684,29.194736842105264,23.152631578947368,10.957894736842105,85.47368421052632,14.405263157894737
2023-02-09,25.826315789473682,29.426315789473687,23.173684210526318,9.173684210526316,84.84210526315789,15.06842105263158
2023-02-10,26.042105263157897,29.615789473684213,23.626315789473683,9.536842105263156,85.05263157894737,14.700000000000001
2023-02-11,25.55263157894737,29.031578947368423,23.347368421052632,18.54736842105263,87.94736842105263,14.436842105263159
2023-02-12,25.26842105263158,28.484210526315792,23.110526315789475,15.689473684210524,88.36842105263158,14.947368421052632
2023-02-13,25.426315789473687,28.76842105263158,23.210526315789473,14.357894736842105,87.36842105263158,16.142105263157895
2023-02-14,25.400000000000002,28.668421052631583,23.163157894736845,13.526315789473685,87.3157894736842,16.857894736842105
2023-02-15,25.289473684210527,28.236842105263158,23.326315789473682,15.468421052631578,88.15789473684211,15.794736842105264
2023-02-16,25.589473684210525,28.989473684210523,23.321052631578947,11.405263157894737,86.42105263157895,14.289473684210526
2023-02-17,25.647368421052633,29.026315789473685,23.257894736842104,9.121052631578948,86.36842105263158,14.13684210526316
2023-02-18,25.778947368421054,29.321052631578947,23.063157894736843,10.031578947368422,86.42105263157895,14.61578947368421
2023-02-19,25.689473684210526,29.015789473684208,23.336842105263155,10.521052631578948,87.36842105263158,14.978947368421053
2023-02-20,25.442105263157895,28.63684210526316,23.05263157894737,11.08421052631579,87.94736842105263,14.210526315789474
2023-02-21,25.663157894736845,29.189473684210526,23.278947368421054,8.521052631578948,87.10526315789474,13.647368421052633
2023-02-22,25.563157894736843,28.86842105263158,23.205263157894734,9.126315789473685,87.36842105263158,14.915789473684208
2023-02-23,25.589473684210525,28.91578947368421,23.257894736842104,10.536842105263158,87.42105263157895,15.510526315789473
2023-02-24,25.30526315789474,28.50526315789474,23.242105263157896,15.410526315789474,88.94736842105263,16.347368421052632
2023-02-25,25.647368421052633,29.057894736842105,23.19473684210526,10.542105263157895,86.05263157894737,16.710526315789473
2023-02-26,25.352631578947367,28.847368421052632,23.099999999999998,14.942105263157893,86.84210526315789,18.68421052631579
2023-02-27,25.41578947368421,28.78421052631579,23.121052631578948,10.81578947368421,86.3157894736842,17.33157894736842
2023-02-28,25.152631578947368,28.384210526315787,23.121052631578948,15.405263157894737,88.89473684210526,15.536842105263156
2023-03-01,24.857894736842105,27.410526315789472,22.96315789473684,19.42105263157895,89.3157894736842,15.200000000000001
2023-03-02,25.26842105263158,28.542105263157893,22.91578947368421,15.273684210526316,86.36842105263158,16.110526315789475
2023-03-03,25.389473684210525,28.931578947368422,22.957894736842103,11.231578947368419,86.78947368421052,13.563157894736841
2023-03-04,25.289473684210527,28.76842105263158,22.873684210526314,7.842105263157895,86.36842105263158,14.347368421052632
2023-03-05,25.2,28.57894736842105,22.810526315789474,9.210526315789474,86.84210526315789,15.642105263157895
2023-03-06,25.426315789473687,28.652631578947368,22.794736842105266,7.2368421052631575,85.78947368421052,14.273684210526316
2023-03-07,25.778947368421054,29.22631578947368,22.926315789473687,6.136842105263158,84.26315789473684,12.526315789473685
2023-03-08,25.778947368421054,29.426315789473687,23.068421052631578,5.810526315789474,85.63157894736842,12.442105263157895
2023-03-09,25.71578947368421,29.373684210526317,23.110526315789475,9.957894736842105,86.78947368421052,11.778947368421052
2023-03-10,25.789473684210527,29.35263157894737,23.010526315789473,7.468421052631579,87.05263157894737,10.563157894736841
2023-03-11,25.736842105263158,29.457894736842107,23.04736842105263,8.526315789473685,87.36842105263158,10.478947368421052
2023-03-12,25.7,29.305263157894736,23.0,6.489473684210526,86.57894736842105,11.194736842105263
2023-03-13,25.457894736842103,28.894736842105264,22.663157894736845,9.9,86.21052631578948,12.242105263157894
2023-03-14,25.436842105263157,28.926315789473687,22.763157894736842,9.4,85.3157894736842,11.93157894736842
2023-03-15,25.81578947368421,29.573684210526313,22.773684210526316,6.1947368421052635,85.73684210526316,10.505263157894737
2023-03-16,26.04736842105263,29.678947368421053,23.142105263157895,7.8842105263157904,86.05263157894737,11.094736842105263
2023-03-17,25.84736842105263,29.884210526315787,23.2,9.910526315789474,86.94736842105263,11.41578947368421
2023-03-18,26.110526315789475,30.163157894736845,22.957894736842103,5.489473684210526,85.73684210526316,10.61578947368421
2023-03-19,26.36315789473684,30.49473684210526,23.36842105263158,8.110526315789473,85.73684210526316,10.910526315789474
2023-03-20,25.810526315789474,29.789473684210527,23.473684210526315,14.268421052631581,88.63157894736842,11.215789473684211
2023-03-21,26.16842105263158,30.173684210526314,23.094736842105263,5.463157894736842,85.6842105263158,10.831578947368422
2023-03-22,26.23157894736842,30.347368421052632,23.189473684210526,10.852631578947367,86.63157894736842,10.163157894736841
2023-03-23,26.236842105263158,30.205263157894734,23.5,10.436842105263159,87.3157894736842,10.452631578947368
2023-03-24,26.310526315789474,30.28421052631579,23.468421052631577,7.510526315789473,86.73684210526316,11.215789473684211
2023-03-25,25.873684210526317,29.54736842105263,23.36842105263158,12.18421052631579,88.42105263157895,10.942105263157895
2023-03-26,25.96315789473684,29.35263157894737,23.49473684210526,8.65263157894737,87.84210526315789,11.721052631578948
2023-03-27,25.80526315789474,29.326315789473686,23.53684210526316,11.157894736842104,88.21052631578948,11.689473684210526
2023-03-28,26.068421052631578,29.757894736842104,23.389473684210525,9.678947368421053,86.73684210526316,12.76842105263158
2023-03-29,26.057894736842105,29.873684210526317,23.378947368421052,7.531578947368421,87.0,11.642105263157895
2023-03-30,25.710526315789473,29.289473684210527,23.38421052631579,11.58421052631579,87.89473684210526,11.61578947368421
2023-03-31,25.542105263157897,28.64736842105263,23.352631578947367,10.605263157894736,87.6842105263158,10.852631578947367
2023-04-01,25.531578947368423,28.926315789473687,23.205263157894734,11.878947368421054,87.63157894736842,11.557894736842105
2023-04-02,25.50526315789474,28.757894736842104,23.094736842105263,10.078947368421053,88.3157894736842,11.542105263157895
2023-04-03,25.81578947368421,29.263157894736842,23.36842105263158,6.1421052631578945,86.57894736842105,11.894736842105264
2023-04-04,25.763157894736842,29.294736842105266,23.00526315789474,8.9,86.0,11.957894736842105
2023-04-05,25.789473684210527,29.521052631578947,22.978947368421053,8.063157894736841,86.26315789473684,11.168421052631578
2023-04-06,25.86842105263158,29.615789473684213,22.847368421052632,7.515789473684211,85.10526315789474,11.136842105263158
2023-04-07,25.821052631578947,29.510526315789477,22.92105263157895,8.110526315789473,85.21052631578948,11.963157894736844
2023-04-08,25.86842105263158,29.77894736842105,22.98421052631579,8.489473684210527,85.73684210526316,12.478947368421052
2023-04-09,25.94736842105263,29.568421052631578,23.126315789473683,5.931578947368421,85.15789473684211,13.536842105263156
2023-04-10,25.91578947368421,29.563157894736843,23.347368421052632,10.678947368421053,86.73684210526316,13.784210526315789
2023-04-11,26.489473684210527,30.026315789473685,23.626315789473683,4.931578947368421,84.94736842105263,13.473684210526315
2023-04-12,26.589473684210525,30.27894736842105,23.678947368421053,6.1421052631578945,85.57894736842105,12.668421052631578
2023-04-13,26.542105263157897,30.168421052631583,23.74736842105263,6.705263157894737,85.6842105263158,12.089473684210526
2023-04-14,26.36842105263158,29.984210526315792,23.657894736842106,7.663157894736844,86.36842105263158,12.215789473684211
2023-04-15,26.48421052631579,30.13157894736842,23.58421052631579,5.510526315789474,86.0,11.557894736842105
2023-04-16,26.442105263157895,30.28421052631579,23.657894736842106,9.410526315789474,86.10526315789474,11.68421052631579
2023-04-17,26.74736842105263,30.73157894736842,23.81578947368421,4.326315789473685,84.94736842105263,10.805263157894737
2023-04-18,26.610526315789475,30.436842105263157,23.86842105263158,6.410526315789474,86.21052631578948,11.326315789473684
2023-04-19,26.778947368421054,30.77894736842105,23.92105263157895,5.636842105263158,84.89473684210526,12.063157894736841
2023-04-20,26.336842105263155,29.931578947368422,23.821052631578947,7.473684210526316,85.89473684210526,11.936842105263159
2023-04-21,26.468421052631577,30.478947368421053,23.763157894736842,5.368421052631579,85.63157894736842,11.81578947368421
2023-04-22,26.589473684210525,30.44736842105263,23.92105263157895,8.552631578947368,85.52631578947368,12.868421052631579
2023-04-23,26.689473684210526,30.536842105263162,23.905263157894737,7.231578947368422,85.47368421052632,12.163157894736841
2023-04-24,26.647368421052633,30.58421052631579,23.926315789473687,8.373684210526315,85.3157894736842,12.852631578947367
2023-04-25,26.45263157894737,30.326315789473686,23.63157894736842,8.38421052631579,86.52631578947368,10.278947368421052
2023-04-26,26.605263157894736,30.442105263157895,23.78421052631579,5.794736842105263,86.26315789473684,11.989473684210527
2023-04-27,26.405263157894737,30.431578947368422,23.678947368421053,10.394736842105264,87.42105263157895,11.742105263157894
2023-04-28,26.378947368421052,29.873684210526317,23.910526315789475,11.973684210526315,88.0,10.031578947368422
2023-04-29,26.163157894736845,29.873684210526317,23.599999999999998,10.605263157894736,88.42105263157895,9.910526315789474
2023-04-30,26.647368421052633,30.294736842105266,23.92105263157895,7.347368421052631,86.21052631578948,10.605263157894736
2023-05-01,26.58421052631579,30.031578947368423,23.968421052631577,6.021052631578947,86.63157894736842,10.810526315789474
2023-05-02,26.778947368421054,30.22631578947368,24.03684210526316,9.668421052631578,86.42105263157895,11.131578947368421
2023-05-03,26.942105263157895,30.457894736842107,24.400000000000002,5.321052631578947,86.63157894736842,12.131578947368421
2023-05-04,26.68421052631579,30.173684210526314,24.28421052631579,13.794736842105264,87.78947368421052,11.705263157894738
2023-05-05,26.81578947368421,30.389473684210525,24.105263157894736,7.8842105263157904,86.26315789473684,11.015789473684212
2023-05-06,26.610526315789475,29.857894736842102,24.357894736842105,10.578947368421053,87.47368421052632,11.705263157894738
2023-05-07,26.605263157894736,30.121052631578944,24.18421052631579,10.447368421052632,86.63157894736842,11.821052631578947
2023-05-08,26.57894736842105,30.357894736842102,24.13157894736842,12.689473684210526,86.10526315789474,13.631578947368421
2023-05-09,26.531578947368423,29.836842105263155,24.068421052631578,10.636842105263158,86.21052631578948,12.057894736842105
2023-05-10,26.936842105263157,30.826315789473686,23.96315789473684,6.542105263157896,84.05263157894737,13.81578947368421
2023-05-11,27.194736842105264,30.968421052631577,24.38421052631579,6.984210526315789,84.3157894736842,14.105263157894736
2023-05-12,27.26842105263158,30.94736842105263,24.50526315789474,4.557894736842105,83.63157894736842,14.484210526315788
2023-05-13,26.810526315789474,30.515789473684208,23.95263157894737,7.273684210526315,83.05263157894737,13.594736842105263
2023-05-14,26.5,30.35263157894737,23.442105263157895,5.036842105263158,80.15789473684211,14.968421052631578
2023-05-15,26.63684210526316,30.310526315789474,23.57894736842105,3.2578947368421054,79.52631578947368,13.015789473684212
2023-05-16,26.54736842105263,30.431578947368422,23.38421052631579,2.2789473684210524,80.6842105263158,11.494736842105263
2023-05-17,26.51578947368421,30.410526315789472,23.36315789473684,3.7210526315789476,81.3157894736842,12.205263157894738
2023-05-18,26.44736842105263,30.173684210526314,23.405263157894737,3.857894736842105,82.47368421052632,11.757894736842106
2023-05-19,26.44736842105263,30.336842105263155,23.689473684210526,3.6842105263157894,82.3157894736842,11.842105263157896
2023-05-20,26.673684210526318,30.484210526315792,23.457894736842103,2.5736842105263156,80.94736842105263,12.689473684210526
2023-05-21,26.57894736842105,30.384210526315787,23.526315789473685,2.594736842105263,80.47368421052632,13.157894736842104
2023-05-22,26.33157894736842,30.089473684210528,23.3,3.78421052631579,82.36842105263158,12.742105263157894
2023-05-23,26.273684210526316,30.189473684210526,23.13684210526316,4.310526315789474,82.84210526315789,12.894736842105264
2023-05-24,26.45263157894737,30.31578947368421,23.3,3.8473684210526313,82.57894736842105,11.963157894736844
2023-05-25,26.7,30.668421052631583,23.489473684210527,3.8736842105263154,81.63157894736842,13.505263157894738
2023-05-26,26.642105263157895,30.49473684210526,23.71578947368421,3.5789473684210527,80.78947368421052,13.215789473684211
2023-05-27,26.673684210526318,30.463157894736838,23.76842105263158,2.9631578947368418,79.78947368421052,13.868421052631579
2023-05-28,26.7,30.410526315789472,23.8,3.7736842105263158,78.89473684210526,14.957894736842105
2023-05-29,26.626315789473683,30.463157894736838,23.45263157894737,3.7421052631578946,80.10526315789474,14.131578947368421
2023-05-30,26.66842105263158,30.536842105263162,23.71578947368421,3.878947368421053,81.42105263157895,13.936842105263159
2023-05-31,26.810526315789474,30.615789473684213,23.80526315789474,3.784210526315789,81.26315789473684,13.442105263157895
2023-06-01,26.92105263157895,30.678947368421053,23.968421052631577,2.763157894736842,81.05263157894737,13.015789473684212
2023-06-02,27.194736842105264,31.27894736842105,24.068421052631578,2.6473684210526316,80.47368421052632,14.410526315789474
2023-06-03,26.905263157894737,30.747368421052634,23.936842105263157,2.5842105263157897,82.10526315789474,12.573684210526316
2023-06-04,26.75263157894737,30.44736842105263,24.031578947368423,5.336842105263157,82.47368421052632,12.389473684210527
2023-06-05,26.58421052631579,30.63157894736842,23.76842105263158,5.936842105263158,82.6842105263158,12.610526315789473
2023-06-06,26.41578947368421,30.168421052631583,23.9,8.021052631578948,83.89473684210526,13.057894736842105
2023-06-07,26.510526315789473,30.389473684210525,23.96315789473684,4.873684210526315,82.52631578947368,13.831578947368422
2023-06-08,26.689473684210526,30.59473684210526,23.642105263157895,3.4578947368421056,81.57894736842105,13.200000000000001
2023-06-09,26.61578947368421,30.442105263157895,23.48421052631579,3.952631578947368,81.3157894736842,13.915789473684208
2023-06-10,26.642105263157895,30.63157894736842,23.51578947368421,4.478947368421053,81.73684210526316,13.773684210526316
2023-06-11,26.878947368421052,30.884210526315787,23.663157894736845,4.557894736842105,80.78947368421052,13.626315789473683
2023-06-12,26.86842105263158,31.015789473684208,23.96315789473684,5.61578947368421,81.26315789473684,14.978947368421053
2023-06-13,26.826315789473682,30.599999999999998,23.905263157894737,3.8157894736842106,81.15789473684211,14.436842105263159
2023-06-14,26.61578947368421,30.389473684210525,23.757894736842104,5.131578947368421,81.36842105263158,13.86315789473684
2023-06-15,26.221052631578946,30.2,23.410526315789475,6.147368421052631,82.63157894736842,14.552631578947368
2023-06-16,26.126315789473683,29.931578947368422,23.3,5.752631578947368,82.05263157894737,13.794736842105264
2023-06-17,26.42105263157895,30.515789473684215,23.152631578947368,3.6473684210526316,80.63157894736842,13.86315789473684
2023-06-18,26.442105263157895,30.384210526315787,23.53684210526316,3.831578947368422,81.10526315789474,14.073684210526315
2023-06-19,26.221052631578946,30.400000000000002,23.073684210526313,4.757894736842106,82.42105263157895,12.700000000000001
2023-06-20,26.173684210526318,30.0,22.91578947368421,4.968421052631579,82.63157894736842,11.957894736842107
2023-06-21,26.7,30.642105263157898,23.45263157894737,1.6789473684210525,80.10526315789474,13.263157894736842
2023-06-22,26.673684210526318,30.610526315789475,23.352631578947367,4.205263157894737,80.15789473684211,13.089473684210526
2023-06-23,26.373684210526317,30.373684210526317,23.263157894736842,3.736842105263158,82.57894736842105,12.457894736842105
2023-06-24,26.526315789473685,30.589473684210528,23.26842105263158,1.7315789473684209,81.52631578947368,12.515789473684212
2023-06-25,26.36315789473684,30.384210526315787,23.321052631578947,3.736842105263158,82.78947368421052,12.131578947368421
2023-06-26,26.226315789473684,29.978947368421053,23.157894736842106,3.4473684210526314,83.52631578947368,11.552631578947368
2023-06-27,26.310526315789474,30.247368421052634,23.242105263157896,4.457894736842105,82.47368421052632,11.9
2023-06-28,26.321052631578947,30.431578947368422,23.142105263157895,4.3052631578947365,83.15789473684211,11.736842105263158
2023-06-29,26.531578947368423,30.705263157894734,23.521052631578947,4.031578947368421,82.78947368421052,12.021052631578948
2023-06-30,26.226315789473684,30.110526315789475,23.36315789473684,9.76842105263158,85.05263157894737,12.489473684210525
2023-07-01,26.121052631578948,29.763157894736842,23.38421052631579,8.194736842105263,84.84210526315789,11.984210526315788
2023-07-02,26.142105263157895,29.710526315789473,23.48421052631579,5.910526315789474,83.63157894736842,12.789473684210526
2023-07-03,26.08421052631579,29.81578947368421,23.294736842105266,6.489473684210526,83.21052631578948,12.226315789473684
2023-07-04,26.23157894736842,30.14736842105263,23.047368421052635,6.847368421052631,84.42105263157895,11.84736842105263
2023-07-05,26.13684210526316,29.99473684210526,23.263157894736842,7.652631578947369,85.36842105263158,12.726315789473684
2023-07-06,26.07894736842105,29.76842105263158,23.4,7.947368421052632,85.3157894736842,12.742105263157894
2023-07-07,25.826315789473682,29.50526315789474,23.473684210526315,12.73157894736842,85.94736842105263,13.736842105263158
2023-07-08,25.810526315789474,29.36315789473684,23.468421052631577,8.921052631578947,85.94736842105263,14.273684210526316
2023-07-09,26.057894736842105,29.831578947368417,23.189473684210526,5.315789473684211,83.6842105263158,13.705263157894736
2023-07-10,25.88421052631579,29.705263157894734,23.11578947368421,10.58421052631579,82.6842105263158,14.25263157894737
2023-07-11,25.95263157894737,29.90526315789474,22.88421052631579,5.5,80.52631578947368,14.721052631578948
2023-07-12,26.11578947368421,30.068421052631578,22.86315789473684,3.931578947368421,80.0,14.594736842105263
2023-07-13,26.07894736842105,29.805263157894736,23.226315789473684,4.989473684210526,81.94736842105263,14.826315789473684
2023-07-14,26.063157894736843,29.5,23.468421052631577,7.5,81.05263157894737,14.336842105263157
2023-07-15,26.01578947368421,29.889473684210525,22.81578947368421,4.757894736842106,80.57894736842105,12.826315789473684
2023-07-16,26.121052631578948,30.073684210526313,22.821052631578947,1.3,79.10526315789474,13.921052631578947
2023-07-17,26.068421052631578,30.21578947368421,22.54736842105263,3.7052631578947373,78.42105263157895,15.11578947368421
2023-07-18,26.2,30.484210526315792,22.689473684210526,2.168421052631579,78.15789473684211,15.468421052631578
2023-07-19,26.126315789473683,30.310526315789474,23.042105263157897,4.252631578947368,78.0,15.478947368421053
2023-07-20,25.66842105263158,29.92105263157895,22.53684210526316,8.052631578947368,78.42105263157895,15.052631578947368
2023-07-21,26.063157894736843,30.252631578947366,22.86842105263158,4.242105263157894,77.21052631578948,14.989473684210527
2023-07-22,26.41578947368421,30.81578947368421,22.789473684210527,1.5315789473684212,76.42105263157895,15.857894736842105
2023-07-23,26.44736842105263,30.54736842105263,23.110526315789475,2.4210526315789473,77.10526315789474,16.04736842105263
2023-07-24,26.163157894736845,30.13684210526316,22.94736842105263,2.594736842105263,79.05263157894737,14.063157894736841
2023-07-25,26.357894736842105,30.757894736842104,22.894736842105264,1.6263157894736842,77.57894736842105,14.657894736842104
2023-07-26,26.457894736842103,30.7,22.92105263157895,1.8631578947368421,76.05263157894737,14.478947368421053
2023-07-27,26.30526315789474,30.736842105263158,22.563157894736843,0.8578947368421053,74.6842105263158,15.157894736842104
2023-07-28,26.405263157894737,30.936842105263157,22.76842105263158,0.9105263157894737,73.63157894736842,16.099999999999998
2023-07-29,26.389473684210525,30.889473684210525,22.642105263157895,1.1526315789473685,73.73684210526316,15.526315789473685
2023-07-30,26.242105263157896,30.710526315789473,22.510526315789473,4.136842105263159,74.84210526315789,16.689473684210526
2023-07-31,26.26842105263158,31.063157894736843,22.54736842105263,3.7000000000000006,76.52631578947368,15.473684210526315
2023-08-01,26.41578947368421,30.92105263157895,22.826315789473682,6.221052631578948,78.26315789473684,15.873684210526314
2023-08-02,26.69473684210526,31.189473684210526,23.152631578947368,3.8157894736842106,78.0,14.078947368421053
2023-08-03,26.710526315789473,31.173684210526314,23.36315789473684,1.1631578947368422,78.78947368421052,14.778947368421052
2023-08-04,26.878947368421052,31.44736842105263,23.294736842105266,1.5842105263157895,77.57894736842105,16.510526315789473
2023-08-05,26.55263157894737,30.942105263157895,23.16842105263158,3.6263157894736837,77.57894736842105,16.231578947368423
2023-08-06,26.521052631578947,30.99473684210526,23.157894736842106,2.668421052631579,77.78947368421052,14.726315789473684
2023-08-07,26.289473684210527,30.763157894736842,22.81578947368421,2.7736842105263158,77.26315789473684,15.652631578947368
2023-08-08,26.18421052631579,30.831578947368417,22.526315789473685,2.0473684210526315,76.84210526315789,15.889473684210525
2023-08-09,26.094736842105263,30.81578947368421,22.436842105263157,4.747368421052632,77.3157894736842,15.278947368421052
2023-08-10,26.010526315789473,30.85263157894737,22.2,2.8421052631578947,77.52631578947368,15.052631578947368
2023-08-11,25.968421052631577,30.884210526315787,21.98421052631579,2.384210526315789,75.47368421052632,15.36315789473684
2023-08-12,26.03684210526316,30.857894736842102,21.978947368421053,2.5736842105263156,74.42105263157895,15.489473684210527
2023-08-13,26.057894736842105,30.77368421052632,22.226315789473684,3.1842105263157894,75.73684210526316,15.852631578947367
2023-08-14,26.110526315789475,30.72631578947368,22.526315789473685,4.178947368421052,76.47368421052632,15.442105263157893
2023-08-15,26.326315789473682,31.0,22.605263157894736,1.9315789473684213,76.63157894736842,15.763157894736842
2023-08-16,26.36842105263158,31.178947368421053,22.599999999999998,4.742105263157894,75.36842105263158,15.4
2023-08-17,26.178947368421053,30.689473684210526,22.78421052631579,5.078947368421052,76.3157894736842,16.405263157894737
2023-08-18,26.25263157894737,30.847368421052632,22.742105263157896,3.0105263157894733,75.94736842105263,15.784210526315789
2023-08-19,26.36315789473684,31.14736842105263,22.542105263157897,4.089473684210526,76.63157894736842,16.563157894736843
2023-08-20,26.673684210526318,31.436842105263157,22.894736842105264,1.763157894736842,75.42105263157895,16.8
2023-08-21,26.489473684210527,31.257894736842104,22.905263157894737,2.6473684210526316,73.63157894736842,17.010526315789473
2023-08-22,26.41578947368421,31.347368421052632,22.66842105263158,4.0736842105263165,74.73684210526316,17.057894736842105
2023-08-23,26.378947368421052,31.089473684210528,22.857894736842105,4.031578947368421,75.94736842105263,16.163157894736845
2023-08-24,26.46315789473684,31.23157894736842,22.778947368421054,3.3684210526315788,77.10526315789474,15.336842105263157
2023-08-25,26.378947368421052,30.705263157894734,23.152631578947368,8.705263157894738,77.94736842105263,16.526315789473685
2023-08-26,26.336842105263155,30.942105263157895,22.878947368421052,9.831578947368422,77.3157894736842,15.789473684210526
2023-08-27,26.442105263157895,30.99473684210526,22.91578947368421,2.805263157894737,76.42105263157895,15.763157894736842
2023-08-28,26.30526315789474,31.015789473684208,22.657894736842106,4.894736842105263,76.15789473684211,17.031578947368423
2023-08-29,26.542105263157897,31.58421052631579,22.542105263157897,3.8526315789473684,74.89473684210526,17.352631578947367
2023-08-30,26.642105263157895,31.568421052631578,22.652631578947368,2.0157894736842104,74.84210526315789,16.405263157894737
2023-08-31,26.568421052631578,31.726315789473688,22.526315789473685,2.763157894736842,75.10526315789474,17.373684210526317
2023-09-01,26.542105263157897,31.73157894736842,22.336842105263155,0.8421052631578947,72.0,17.042105263157897
2023-09-02,26.431578947368422,31.521052631578947,22.152631578947368,1.1578947368421053,70.57894736842105,17.46315789473684
2023-09-03,26.36842105263158,31.621052631578944,22.289473684210527,2.2157894736842105,71.0,18.178947368421053
2023-09-04,26.30526315789474,31.5,22.068421052631578,2.6578947368421053,71.84210526315789,16.73157894736842
2023-09-05,26.36315789473684,31.673684210526314,22.257894736842104,5.336842105263158,73.6842105263158,16.089473684210525
2023-09-06,26.342105263157894,31.294736842105266,22.663157894736845,4.994736842105263,75.57894736842105,16.26842105263158
2023-09-07,26.6,31.431578947368422,22.857894736842105,2.2578947368421054,74.89473684210526,15.336842105263157
2023-09-08,26.73157894736842,31.789473684210527,22.721052631578946,1.8894736842105262,75.10526315789474,16.28421052631579
2023-09-09,26.45263157894737,31.484210526315792,22.542105263157897,3.378947368421053,75.78947368421052,15.268421052631581
2023-09-10,26.710526315789473,31.847368421052632,22.926315789473687,1.7210526315789476,74.84210526315789,16.400000000000002
2023-09-11,26.857894736842105,31.626315789473683,23.042105263157897,4.310526315789474,74.89473684210526,17.189473684210526
2023-09-12,26.86842105263158,31.599999999999998,23.36315789473684,4.189473684210526,76.10526315789474,16.542105263157897
2023-09-13,26.926315789473687,31.99473684210526,22.905263157894737,3.8684210526315788,73.94736842105263,17.18421052631579
2023-09-14,26.778947368421054,31.705263157894734,23.26842105263158,3.3684210526315788,74.57894736842105,16.926315789473687
2023-09-15,26.657894736842106,31.694736842105264,22.821052631578947,5.221052631578947,75.15789473684211,17.852631578947367
2023-09-16,26.80526315789474,31.652631578947368,23.089473684210525,3.663157894736842,75.89473684210526,16.75263157894737
2023-09-17,26.710526315789473,30.86842105263158,23.51578947368421,8.210526315789474,77.52631578947368,14.857894736842105
2023-09-18,26.73157894736842,31.35263157894737,23.357894736842105,5.626315789473685,76.63157894736842,15.273684210526316
2023-09-19,26.71578947368421,31.49473684210526,23.126315789473683,4.584210526315789,76.57894736842105,14.810526315789472
2023-09-20,26.45263157894737,30.957894736842107,23.05263157894737,4.494736842105263,77.63157894736842,15.268421052631581
2023-09-21,26.57894736842105,31.72631578947368,22.652631578947368,3.7947368421052627,76.47368421052632,16.426315789473687
2023-09-22,26.50526315789474,31.536842105263162,22.352631578947367,2.2210526315789476,74.3157894736842,17.568421052631578
2023-09-23,26.63684210526316,31.76842105263158,22.50526315789474,2.594736842105263,73.26315789473684,16.021052631578947
2023-09-24,26.826315789473682,31.91578947368421,22.573684210526313,1.4947368421052634,73.47368421052632,15.889473684210525
2023-09-25,26.910526315789475,32.16315789473684,22.647368421052633,2.6526315789473682,72.6842105263158,15.336842105263157
2023-09-26,27.126315789473683,32.352631578947374,22.63157894736842,0.4263157894736842,69.36842105263158,16.69473684210526
2023-09-27,27.057894736842105,32.44210526315789,22.473684210526315,2.1842105263157894,71.52631578947368,17.86315789473684
2023-09-28,27.489473684210523,32.810526315789474,23.147368421052633,1.2315789473684209,70.78947368421052,17.010526315789473
2023-09-29,27.389473684210525,32.647368421052626,23.426315789473687,3.78421052631579,73.3157894736842,16.352631578947367
2023-09-30,27.21578947368421,32.38947368421052,23.126315789473683,3.0,73.52631578947368,16.736842105263158
2023-10-01,27.236842105263158,32.52105263157895,22.978947368421053,2.0105263157894737,73.36842105263158,15.689473684210528
2023-10-02,27.342105263157894,32.54210526315789,23.226315789473684,2.4105263157894736,72.84210526315789,17.710526315789473
2023-10-03,27.410526315789472,32.52105263157895,23.347368421052632,2.1789473684210527,73.84210526315789,15.04736842105263
2023-10-04,27.473684210526315,32.17368421052631,23.531578947368423,1.4157894736842105,76.6842105263158,15.126315789473683
2023-10-05,27.515789473684208,32.17894736842105,23.81578947368421,4.1684210526315795,77.63157894736842,15.5
2023-10-06,27.76842105263158,32.810526315789474,23.989473684210527,2.1473684210526316,75.52631578947368,15.626315789473683
2023-10-07,27.568421052631578,32.67368421052631,23.905263157894737,3.1736842105263157,76.10526315789474,15.805263157894737
2023-10-08,27.63157894736842,32.6578947368421,23.710526315789473,2.668421052631579,75.63157894736842,15.43157894736842
2023-10-09,27.389473684210525,32.6578947368421,23.44736842105263,3.1526315789473687,76.84210526315789,15.74736842105263
2023-10-10,27.22105263157895,32.27368421052632,23.54736842105263,6.7631578947368425,78.0,13.700000000000001
2023-10-11,27.394736842105264,32.53157894736842,23.142105263157895,4.810526315789473,75.21052631578948,15.936842105263159
2023-10-12,27.526315789473685,32.652631578947364,23.273684210526316,4.1000000000000005,74.10526315789474,15.152631578947368
2023-10-13,27.50526315789474,32.473684210526315,23.626315789473683,5.631578947368421,75.89473684210526,14.957894736842105
2023-10-14,27.64736842105263,32.54210526315789,23.71578947368421,4.11578947368421,75.94736842105263,15.626315789473683
2023-10-15,27.71578947368421,32.67368421052631,23.936842105263157,5.152631578947369,75.89473684210526,15.731578947368419
2023-10-16,27.621052631578944,32.91578947368421,23.836842105263155,6.773684210526315,76.84210526315789,16.51578947368421
2023-10-17,27.652631578947368,32.699999999999996,23.563157894736843,3.194736842105263,76.10526315789474,15.284210526315789
2023-10-18,27.457894736842107,32.5,23.789473684210527,5.6684210526315795,75.15789473684211,15.973684210526315
2023-10-19,27.173684210526314,31.978947368421053,23.568421052631578,6.342105263157895,77.94736842105263,14.989473684210527
2023-10-20,27.189473684210526,32.32631578947369,23.568421052631578,5.426315789473684,79.05263157894737,13.721052631578948
2023-10-21,27.257894736842104,32.26842105263158,23.521052631578947,4.673684210526316,79.52631578947368,13.805263157894737
2023-10-22,27.08421052631579,31.705263157894734,23.610526315789475,5.842105263157895,80.78947368421052,12.905263157894737
2023-10-23,27.105263157894736,31.5,23.594736842105263,4.4263157894736835,79.15789473684211,12.173684210526316
2023-10-24,26.88421052631579,31.41578947368421,23.531578947368423,7.405263157894736,80.78947368421052,13.0
2023-10-25,27.036842105263162,31.968421052631577,23.257894736842104,4.1684210526315795,79.63157894736842,13.531578947368422
2023-10-26,27.22105263157895,32.23684210526316,23.31578947368421,5.7894736842105265,78.78947368421052,13.557894736842107
2023-10-27,27.378947368421056,32.40526315789474,23.342105263157894,6.28421052631579,77.15789473684211,14.731578947368423
2023-10-28,27.484210526315792,32.73157894736842,23.099999999999998,2.031578947368421,74.94736842105263,14.947368421052632
2023-10-29,27.489473684210523,32.578947368421055,23.24736842105263,5.431578947368421,75.10526315789474,13.673684210526316
2023-10-30,27.536842105263162,32.18421052631579,23.54736842105263,3.573684210526316,76.6842105263158,13.142105263157895
2023-10-31,27.478947368421053,32.44210526315789,23.905263157894737,4.0,79.47368421052632,13.794736842105264
2023-11-01,27.468421052631577,32.431578947368415,23.736842105263158,7.805263157894737,79.21052631578948,14.005263157894738
2023-11-02,27.289473684210527,32.199999999999996,23.778947368421054,6.9526315789473685,80.10526315789474,13.321052631578947
2023-11-03,27.036842105263162,31.963157894736845,23.652631578947368,9.105263157894736,81.6842105263158,13.08421052631579
2023-11-04,26.73157894736842,31.357894736842102,23.431578947368422,7.015789473684211,82.84210526315789,12.626315789473685
2023-11-05,26.94736842105263,31.736842105263158,23.53684210526316,5.652631578947369,82.47368421052632,13.336842105263159
2023-11-06,27.247368421052634,31.826315789473686,23.842105263157894,6.326315789473685,81.52631578947368,13.026315789473685
2023-11-07,27.163157894736845,31.41578947368421,23.663157894736845,6.43157894736842,81.21052631578948,12.015789473684212
2023-11-08,27.55263157894737,32.026315789473685,23.957894736842103,4.068421052631579,80.10526315789474,12.91578947368421
2023-11-09,27.07894736842105,31.515789473684208,23.86315789473684,7.310526315789474,82.15789473684211,12.510526315789473
2023-11-10,27.384210526315787,32.205263157894734,23.778947368421054,5.089473684210526,80.36842105263158,12.636842105263158
2023-11-11,27.026315789473685,31.41578947368421,23.826315789473682,7.457894736842104,82.84210526315789,12.136842105263158
2023-11-12,27.063157894736843,31.610526315789475,23.900000000000002,9.289473684210526,81.89473684210526,11.515789473684212
2023-11-13,27.163157894736845,31.8,23.810526315789474,7.152631578947369,81.78947368421052,13.236842105263158
2023-11-14,27.010526315789477,31.5,23.968421052631577,8.389473684210527,83.6842105263158,11.547368421052632
2023-11-15,27.142105263157898,31.68421052631579,23.826315789473682,5.984210526315789,83.21052631578948,11.605263157894736
2023-11-16,26.92105263157895,31.152631578947368,23.86842105263158,8.173684210526314,84.15789473684211,11.23157894736842
2023-11-17,26.942105263157895,31.142105263157898,23.86315789473684,6.3578947368421055,83.47368421052632,12.021052631578948
2023-11-18,27.09473684210526,31.45263157894737,23.563157894736843,7.3578947368421055,81.57894736842105,12.136842105263158
2023-11-19,27.099999999999998,31.468421052631577,23.74736842105263,6.947368421052632,81.10526315789474,13.08421052631579
2023-11-20,27.289473684210527,31.694736842105264,23.857894736842105,6.8999999999999995,81.10526315789474,13.573684210526315
2023-11-21,27.178947368421053,31.736842105263158,23.86315789473684,8.768421052631581,82.78947368421052,12.273684210526316
2023-11-22,27.242105263157896,31.54736842105263,24.063157894736843,9.221052631578948,82.36842105263158,13.105263157894736
2023-11-23,27.13157894736842,31.115789473684213,24.25263157894737,12.173684210526316,83.36842105263158,12.326315789473684
2023-11-24,26.473684210526315,30.605263157894736,23.926315789473687,12.636842105263158,86.52631578947368,11.089473684210526
2023-11-25,26.23157894736842,30.257894736842104,23.678947368421053,9.08421052631579,86.78947368421052,10.910526315789474
2023-11-26,26.24736842105263,30.2,23.531578947368423,14.073684210526315,86.10526315789474,10.521052631578948
2023-11-27,26.2,30.110526315789475,23.5,9.142105263157895,85.6842105263158,11.273684210526316
2023-11-28,26.23157894736842,30.3,23.510526315789473,10.342105263157896,86.3157894736842,9.799999999999999
2023-11-29,26.468421052631577,30.642105263157898,23.568421052631578,7.947368421052632,86.52631578947368,10.978947368421052
2023-11-30,26.357894736842105,30.410526315789472,23.900000000000002,16.847368421052632,87.6842105263158,10.721052631578948
2023-12-01,25.96315789473684,29.36315789473684,23.826315789473682,14.373684210526317,89.36842105263158,10.094736842105263
2023-12-02,26.07894736842105,30.00526315789474,23.657894736842106,10.147368421052633,88.05263157894737,10.421052631578947
2023-12-03,26.16842105263158,30.27894736842105,23.594736842105263,11.0,87.10526315789474,10.742105263157894
2023-12-04,26.04736842105263,29.678947368421053,23.621052631578948,13.589473684210526,88.10526315789474,11.068421052631578
2023-12-05,26.55263157894737,30.568421052631578,23.58421052631579,8.789473684210526,86.47368421052632,10.557894736842105
2023-12-06,26.53684210526316,30.2,23.905263157894737,9.436842105263159,87.0,10.25263157894737
2023-12-07,26.30526315789474,30.342105263157894,23.610526315789475,11.310526315789474,87.21052631578948,11.157894736842104
2023-12-08,26.647368421052633,30.621052631578944,23.8,5.878947368421053,85.78947368421052,11.442105263157895
2023-12-09,26.457894736842103,30.010526315789477,23.894736842105264,10.910526315789474,87.26315789473684,11.326315789473686
2023-12-10,26.30526315789474,30.07894736842105,23.94736842105263,9.257894736842106,87.10526315789474,11.105263157894736
2023-12-11,26.510526315789473,30.473684210526315,23.673684210526318,8.494736842105263,85.15789473684211,12.299999999999999
2023-12-12,26.51578947368421,30.64736842105263,23.41578947368421,6.126315789473685,84.42105263157895,12.136842105263158
2023-12-13,26.531578947368423,30.426315789473687,23.63157894736842,8.826315789473684,85.21052631578948,12.157894736842104
2023-12-14,26.76842105263158,30.673684210526314,23.83157894736842,7.578947368421052,85.0,11.573684210526316
2023-12-15,26.778947368421054,30.59473684210526,24.073684210526313,6.2368421052631575,83.89473684210526,12.031578947368422
2023-12-16,26.847368421052632,30.49473684210526,23.894736842105264,6.184210526315789,83.0,12.636842105263158
2023-12-17,26.842105263157894,30.668421052631583,23.878947368421052,8.305263157894737,82.52631578947368,13.010526315789473
2023-12-18,26.88421052631579,30.59473684210526,23.8,5.247368421052632,81.47368421052632,11.878947368421052
2023-12-19,27.021052631578947,31.0,23.900000000000002,5.0,79.26315789473684,12.715789473684211
2023-12-20,26.789473684210527,31.036842105263162,23.41578947368421,5.515789473684211,78.26315789473684,13.594736842105263
2023-12-21,26.742105263157896,30.91578947368421,23.210526315789473,7.178947368421053,79.6842105263158,12.76842105263158
2023-12-22,26.989473684210523,30.91578947368421,23.689473684210526,5.88421052631579,80.94736842105263,12.4
2023-12-23,27.2,31.77368421052632,23.88421052631579,4.957894736842105,80.84210526315789,12.936842105263159
2023-12-24,26.978947368421053,31.14736842105263,23.926315789473687,9.047368421052632,83.47368421052632,12.015789473684212
2023-12-25,26.5,30.473684210526315,23.973684210526315,13.442105263157895,85.94736842105263,11.852631578947367
2023-12-26,26.763157894736842,30.510526315789477,24.00526315789474,7.43157894736842,84.52631578947368,11.689473684210526
2023-12-27,26.873684210526317,30.599999999999998,24.436842105263157,9.91578947368421,84.78947368421052,11.405263157894737
2023-12-28,26.86842105263158,31.057894736842105,24.04736842105263,11.452631578947368,85.36842105263158,11.84736842105263
2023-12-29,26.963157894736838,31.14736842105263,24.189473684210526,13.394736842105264,85.26315789473684,11.705263157894738
2023-12-30,26.721052631578946,30.63684210526316,23.926315789473687,12.81578947368421,87.10526315789474,11.342105263157896
2023-12-31,26.57894736842105,30.73157894736842,23.968421052631577,16.068421052631578,87.63157894736842,11.84736842105263
