time,latitude,longitude,depth,mag,magType,nst,gap,dmin,rms,net,id,updated,place,type,horizontalError,depthError,magError,magNst,status,locationSource,magSource
2023-12-30T17:16:23.833Z,-2.9934,139.372,33,6.3,mww,190,15,1.412,0.81,us,us6000m0n6,2024-05-23T16:43:01.175Z,"146 km WSW of Abepura, Indonesia",earthquake,6.56,1.732,0.073,18,reviewed,us,us
2023-12-29T19:18:20.371Z,-7.3765,128.6381,154.099,4.5,mb,14,115,3.103,0.5,us,us6000m2qv,2024-03-02T21:39:37.040Z,"220 km NE of Lospalos, Timor Leste",earthquake,11.09,10.815,0.221,7,reviewed,us,us
2023-12-28T22:48:26.484Z,1.156,126.3562,47.743,4.6,mb,36,88,1.08,0.59,us,us6000m0a0,2024-03-02T21:39:32.040Z,"121 km WNW of Ternate, Indonesia",earthquake,4.05,8.878,0.111,24,reviewed,us,us
2023-12-27T22:43:56.800Z,-7.7769,107.9533,72.197,5.1,mww,163,26,0.434,0.5,us,us6000m02j,2024-03-02T21:39:32.040Z,"50 km SSW of Singaparna, Indonesia",earthquake,7.86,4.317,0.093,11,reviewed,us,us
2023-12-27T18:52:44.282Z,-9.9486,123.7035,39.974,5,mww,86,39,5.954,0.71,us,us6000m01a,2024-03-02T21:39:32.040Z,"26 km NNE of Kupang, Indonesia",earthquake,9.11,5.393,0.093,11,reviewed,us,us
2023-12-26T11:12:50.820Z,-9.7104,124.905,10,4.5,mb,31,80,6.856,0.53,us,us7000llhf,2024-03-02T21:39:40.040Z,"55 km ESE of Kefamenanu, Indonesia",earthquake,8.73,1.875,0.121,21,reviewed,us,us
2023-12-26T08:59:29.949Z,-0.0357,122.9301,133.502,4.5,mb,34,54,1.012,0.68,us,us7000llgy,2024-03-02T21:39:40.040Z,"65 km SSW of Gorontalo, Indonesia",earthquake,8.77,8.6,0.113,23,reviewed,us,us
2023-12-26T06:42:37.211Z,4.0237,126.6495,47.429,4.7,mb,40,112,3.208,0.52,us,us7000llge,2024-03-02T21:39:40.040Z,"201 km SE of Sarangani, Philippines",earthquake,7.55,6.678,0.096,34,reviewed,us,us
2023-12-26T03:31:38.887Z,-8.583,118.2004,141.603,4.6,mb,35,65,0.484,0.49,us,us7000llfs,2024-03-02T21:39:40.040Z,"29 km W of Dompu, Indonesia",earthquake,9.6,5.035,0.119,21,reviewed,us,us
2023-12-25T06:30:49.199Z,0.3607,123.1898,230.316,4.6,mb,92,86,1.455,0.83,us,us7000llc0,2024-03-02T21:39:39.040Z,"24 km SE of Gorontalo, Indonesia",earthquake,8.43,2.078,0.063,76,reviewed,us,us
2023-12-24T20:31:54.297Z,5.0747,126.0217,109.751,4.9,mb,81,90,2.03,0.83,us,us7000llag,2024-03-02T21:39:39.040Z,"71 km ESE of Sarangani, Philippines",earthquake,7.7,6.398,0.07,64,reviewed,us,us
2023-12-24T06:00:52.491Z,-7.9232,117.8425,15.846,4.6,mb,25,83,0.901,0.63,us,us7000ll6z,2024-03-02T21:39:39.040Z,"67 km NE of Pototano, Indonesia",earthquake,5.73,4.214,0.137,19,reviewed,us,us
2023-12-24T02:05:54.905Z,-7.1437,104.8131,26.163,4.9,mb,34,146,2.832,1.15,us,us6000m1q9,2024-03-02T21:39:35.040Z,"140 km SW of Labuan, Indonesia",earthquake,5.63,5.23,0.14,23,reviewed,us,us
2023-12-23T15:07:44.825Z,1.3767,128.2814,10,4.9,mb,38,113,1.094,0.65,us,us7000ll3i,2024-02-27T22:57:05.040Z,"49 km SE of Tobelo, Indonesia",earthquake,7.28,1.865,0.091,38,reviewed,us,us
2023-12-23T09:09:16.063Z,0.4641,125.3686,56.326,4.9,mb,73,47,2.021,0.75,us,us7000ll24,2024-02-27T22:57:05.040Z,"103 km E of Modisi, Indonesia",earthquake,5.16,6.975,0.056,100,reviewed,us,us
2023-12-23T03:48:37.155Z,-6.357,129.6802,10,4.9,mb,50,66,1.836,0.93,us,us7000ll0u,2024-02-27T22:57:05.040Z,"Banda Sea",earthquake,2.99,1.846,0.091,39,reviewed,us,us
2023-12-22T11:33:59.813Z,2.6388,128.1978,62.909,5.1,mww,98,34,2.032,0.49,us,us7000lkvf,2024-02-27T22:57:04.040Z,"102 km NNE of Tobelo, Indonesia",earthquake,7.78,4.991,0.08,15,reviewed,us,us
2023-12-22T01:41:54.871Z,-8.6868,105.5688,10,4.7,mb,56,114,1.756,0.84,us,us7000lkse,2024-02-27T22:57:04.040Z,"216 km SSW of Pelabuhanratu, Indonesia",earthquake,6.92,1.854,0.092,41,reviewed,us,us
2023-12-21T21:11:02.972Z,1.2821,123.142,70.02,4.7,mb,36,73,2.338,0.37,us,us7000lkqw,2024-02-27T22:57:04.040Z,"82 km N of Gorontalo, Indonesia",earthquake,5.95,8.413,0.112,24,reviewed,us,us
2023-12-20T20:44:02.719Z,-0.6899,127.0738,54.434,4.6,mb,62,81,1.481,0.69,us,us7000lkgi,2024-02-27T22:57:02.040Z,"45 km W of Labuha, Indonesia",earthquake,3.73,6.862,0.078,49,reviewed,us,us
2023-12-20T15:59:50.160Z,-0.0928,123.0929,141.084,4.5,mb,26,63,0.996,0.49,us,us6000m1df,2024-02-27T22:56:56.040Z,"69 km S of Gorontalo, Indonesia",earthquake,7.03,7.116,0.139,15,reviewed,us,us
2023-12-19T23:35:40.304Z,3.2291,126.9565,50.145,4.5,mb,38,116,2.475,0.75,us,us6000m178,2024-02-27T22:56:56.040Z,"203 km NW of Tobelo, Indonesia",earthquake,3.62,8.655,0.112,23,reviewed,us,us
2023-12-19T22:36:03.417Z,2.7011,128.2749,173.775,5.2,mww,163,80,2.121,0.81,us,us7000lk71,2024-02-27T22:57:01.040Z,"111 km NNE of Tobelo, Indonesia",earthquake,8.46,5.438,0.08,15,reviewed,us,us
2023-12-19T12:48:38.069Z,-0.9024,126.79,10,4.5,mb,31,89,1.76,0.67,us,us7000lk1j,2024-02-27T22:57:01.040Z,"82 km WSW of Labuha, Indonesia",earthquake,5.85,1.804,0.121,20,reviewed,us,us
2023-12-19T02:43:10.705Z,-7.2501,119.1459,591.214,4.9,mb,94,26,2.073,0.79,us,us7000ljz0,2024-02-27T22:57:01.040Z,"141 km NNE of Bima, Indonesia",earthquake,10.01,6.014,0.054,106,reviewed,us,us
2023-12-18T10:18:55.733Z,-7.1442,122.3963,10.354,4.7,mb,31,56,3.375,1.17,us,us6000m14t,2024-02-27T22:56:56.040Z,"164 km N of Maumere, Indonesia",earthquake,7.07,2.684,0.133,17,reviewed,us,us
2023-12-18T09:17:41.407Z,-7.4114,130.3421,31.331,4.5,mb,33,91,2.903,0.85,us,us7000ljtq,2024-02-27T22:57:00.040Z,"Pulau Pulau Tanimbar, Indonesia",earthquake,9.13,5.58,0.124,19,reviewed,us,us
2023-12-17T16:40:29.426Z,-3.3023,138.4537,42.306,4.6,mb,36,53,2.379,1.08,us,us7000ljpj,2024-02-27T22:57:00.040Z,"250 km N of Agats, Indonesia",earthquake,7.65,7.274,0.094,34,reviewed,us,us
2023-12-17T14:27:35.486Z,-2.4708,140.1438,10,5.1,mb,52,36,0.56,0.78,us,us7000ljp5,2024-02-27T22:56:59.040Z,"56 km WNW of Abepura, Indonesia",earthquake,5.49,1.813,0.063,81,reviewed,us,us
2023-12-17T00:47:36.656Z,-3.2127,130.56,10,4.6,mb,46,75,1.456,0.67,us,us7000ljlm,2024-02-27T22:56:59.040Z,"177 km E of Masohi, Indonesia",earthquake,5.86,1.856,0.093,35,reviewed,us,us
2023-12-16T06:45:55.913Z,-0.3273,98.8494,51.179,5,mww,140,69,3.002,0.66,us,us7000ljgg,2024-02-17T22:43:12.040Z,"145 km WNW of Pariaman, Indonesia",earthquake,7.92,6.109,0.093,11,reviewed,us,us
2023-12-16T03:29:30.638Z,1.0036,125.9371,33.83,4.5,mb,28,80,1.448,1.08,us,us7000lkku,2024-02-17T22:43:14.040Z,"102 km ESE of Bitung, Indonesia",earthquake,7.34,6.026,0.139,17,reviewed,us,us
2023-12-15T04:41:24.038Z,1.6227,126.6154,48.662,4.5,mb,30,100,1.131,0.81,us,us7000lkdh,2024-02-17T22:43:13.040Z,"125 km NW of Ternate, Indonesia",earthquake,7.51,6.939,0.139,18,reviewed,us,us
2023-12-15T00:02:09.323Z,-6.8918,129.5256,158.377,4.9,mb,67,70,2.384,0.4,us,us7000lj5l,2024-02-17T22:43:10.040Z,"Banda Sea",earthquake,9.96,6.668,0.063,79,reviewed,us,us
2023-12-14T17:49:06.306Z,-6.7879,130.4237,116.052,4.5,mb,37,64,2.309,0.86,us,us7000lj36,2024-02-17T22:43:09.040Z,"287 km WSW of Tual, Indonesia",earthquake,6.58,8.654,0.102,28,reviewed,us,us
2023-12-14T07:27:15.030Z,-7.2237,105.9547,40.422,4.8,mb,61,126,1.698,0.8,us,us7000liv9,2024-02-17T22:43:09.040Z,"70 km WSW of Pelabuhanratu, Indonesia",earthquake,8.4,8.246,0.075,69,reviewed,us,us
2023-12-14T01:05:49.590Z,0.1199,124.0114,104.287,5,mww,167,35,1.694,0.88,us,us7000litr,2024-02-17T22:43:09.040Z,"59 km SW of Modisi, Indonesia",earthquake,7.89,5.344,0.08,15,reviewed,us,us
2023-12-13T23:35:10.892Z,-6.8597,106.5246,10.4,4.5,mb,35,88,1.267,0.74,us,us7000lit4,2024-02-17T22:43:09.040Z,"14 km NNW of Pelabuhanratu, Indonesia",earthquake,6.52,4.166,0.108,25,reviewed,us,us
2023-12-13T14:30:55.255Z,-7.3417,128.669,161.226,4.8,mb,111,51,3.059,0.65,us,us7000lipp,2024-02-17T22:43:08.040Z,"225 km NE of Lospalos, Timor Leste",earthquake,9.44,6.767,0.051,121,reviewed,us,us
2023-12-13T11:08:55.961Z,2.0407,96.7775,29.597,4.5,mb,24,182,2.24,0.81,us,us7000lk2p,2024-02-17T22:43:13.040Z,"65 km SE of Sinabang, Indonesia",earthquake,8.62,5.107,0.151,13,reviewed,us,us
2023-12-12T12:04:31.528Z,4.9283,127.5308,10,4.5,mb,36,47,2.88,0.72,us,us7000ljw0,2024-02-17T22:43:12.040Z,"218 km SE of Pondaguitan, Philippines",earthquake,5.5,1.882,0.109,25,reviewed,us,us
2023-12-12T00:37:29.045Z,-10.3354,116.8988,35,5.1,mb,114,61,1.73,0.63,us,us7000lia1,2024-02-17T22:43:06.040Z,"175 km S of Taliwang, Indonesia",earthquake,7.54,1.843,0.059,94,reviewed,us,us
2023-12-11T18:51:51.994Z,2.4633,126.7122,50.457,4.5,mb,35,110,1.803,0.58,us,us7000ljbt,2024-02-17T22:43:11.040Z,"165 km WNW of Tobelo, Indonesia",earthquake,9.42,5.468,0.112,23,reviewed,us,us
2023-12-11T10:16:39.909Z,-0.4441,101.3587,255.387,5,mb,104,39,3.335,0.8,us,us7000li28,2024-02-17T22:43:06.040Z,"51 km ENE of Sijunjung, Indonesia",earthquake,7.94,4.935,0.043,172,reviewed,us,us
2023-12-11T04:33:31.631Z,2.6627,128.2722,122.003,4.8,mb,53,117,2.085,0.4,us,us7000li0w,2024-02-17T22:43:06.040Z,"107 km NNE of Tobelo, Indonesia",earthquake,9.19,7.97,0.076,53,reviewed,us,us
2023-12-11T03:50:20.090Z,-7.9464,127.5926,57.124,5,mww,67,50,4.105,0.81,us,us7000li0l,2024-02-17T22:43:06.040Z,"91 km NE of Lospalos, Timor Leste",earthquake,7.96,5.638,0.08,15,reviewed,us,us
2023-12-10T19:52:10.672Z,-4.4103,139.4579,10.356,5,mb,73,73,2.256,0.57,us,us7000lhz6,2024-02-17T22:43:05.040Z,"193 km NE of Agats, Indonesia",earthquake,7.67,4.201,0.061,85,reviewed,us,us
2023-12-10T04:49:49.168Z,-3.6376,140.6335,61.048,5.1,mb,52,37,1.118,1.03,us,us7000lhv7,2024-02-17T22:43:05.040Z,"115 km S of Abepura, Indonesia",earthquake,7.89,5.599,0.063,84,reviewed,us,us
2023-12-09T23:27:31.047Z,1.0045,120.7906,576.502,4.6,mb,112,48,0.106,0.74,us,us7000lhtx,2024-02-10T23:47:47.040Z,"234 km NNE of Palu, Indonesia",earthquake,10.43,6.636,0.061,81,reviewed,us,us
2023-12-09T23:13:31.141Z,5.9419,127.1164,74.394,4.6,mb,59,115,1.894,0.66,us,us7000lhtw,2024-02-10T23:47:47.040Z,"113 km ESE of Pondaguitan, Philippines",earthquake,10.48,7.648,0.082,44,reviewed,us,us
2023-12-09T19:44:47.805Z,1.8063,126.3784,54.695,5,mb,67,65,1.426,0.45,us,us7000lhsr,2024-02-10T23:47:47.040Z,"144 km ENE of Bitung, Indonesia",earthquake,7.24,5.953,0.053,114,reviewed,us,us
2023-12-08T09:03:41.352Z,-2.6009,99.9941,35.243,4.6,mb,34,74,3.434,0.36,us,us7000liwj,2024-02-10T23:47:42.040Z,"77 km SE of Tuapejat, Indonesia",earthquake,9.34,7.512,0.122,20,reviewed,us,us
2023-12-07T13:09:46.026Z,5.7478,125.3216,78.721,4.8,mb,36,106,1.338,0.54,us,us7000linm,2024-02-10T23:47:40.040Z,"6 km NE of Pangyan, Philippines",earthquake,6.14,7.629,0.103,32,reviewed,us,us
2023-12-07T02:09:20.569Z,-1.1405,126.8473,10,5,mb,63,70,1.969,1.04,us,us7000lgt7,2024-02-10T23:47:39.040Z,"90 km SW of Labuha, Indonesia",earthquake,6.8,1.871,0.088,41,reviewed,us,us
2023-12-06T13:01:27.361Z,3.1941,126.6826,41.408,4.6,mb,54,89,2.501,0.54,us,us7000lgn1,2024-02-10T23:47:38.040Z,"219 km NW of Tobelo, Indonesia",earthquake,9.14,7.288,0.085,44,reviewed,us,us
2023-12-05T12:36:38.296Z,2.5629,128.2423,62.979,5.1,mww,158,36,1.983,0.44,us,us7000lgee,2024-02-10T23:47:34.040Z,"95 km NNE of Tobelo, Indonesia",earthquake,7.02,6.549,0.093,11,reviewed,us,us
2023-12-04T18:28:19.885Z,3.5674,126.8618,44.104,4.5,mb,41,114,2.822,0.82,us,us7000lhip,2024-02-10T23:47:31.040Z,"240 km NNW of Tobelo, Indonesia",earthquake,7.3,8.159,0.1,29,reviewed,us,us
2023-12-04T18:21:33.525Z,3.5472,126.8715,46.238,4.8,mb,114,63,2.801,1.01,us,us7000lg5t,2024-02-10T23:47:31.040Z,"237 km NNW of Tobelo, Indonesia",earthquake,7.54,5.392,0.046,143,reviewed,us,us
2023-12-03T02:39:55.888Z,-2.7823,129.3648,10,5.2,mb,89,33,1.811,0.86,us,us7000lfqm,2024-02-10T23:47:22.040Z,"72 km NE of Masohi, Indonesia",earthquake,6.47,1.782,0.047,152,reviewed,us,us
2023-12-03T00:24:16.867Z,-8.2591,119.8114,189.204,4.5,mb,47,58,2.09,1.09,us,us7000lfpd,2024-02-10T23:47:22.040Z,"27 km NNW of Labuan Bajo, Indonesia",earthquake,7.21,5.959,0.093,34,reviewed,us,us
2023-12-02T18:28:35.255Z,-2.8417,129.769,15.419,5,mb,101,59,10.029,0.69,us,us7000lfl2,2024-02-06T21:53:58.040Z,"102 km ENE of Masohi, Indonesia",earthquake,7.49,2.724,0.06,94,reviewed,us,us
2023-12-02T14:57:21.494Z,-2.7242,129.5494,10,4.8,mb,27,120,1.821,0.92,us,us7000lh0d,2024-02-06T21:54:01.040Z,"90 km NE of Masohi, Indonesia",earthquake,6.95,1.915,0.122,21,reviewed,us,us
2023-12-02T13:42:04.550Z,-3.4668,102.0368,116.82,4.8,mb,57,99,1.276,1.01,us,us7000lfeq,2024-02-06T21:53:58.040Z,"44 km NW of Bengkulu, Indonesia",earthquake,8.64,3.673,0.077,52,reviewed,us,us
2023-12-02T12:01:00.815Z,-7.0345,129.6876,117.236,5.5,mww,127,47,2.505,0.63,us,us7000lfcp,2024-02-06T21:53:57.040Z,"Kepulauan Babar, Indonesia",earthquake,7.33,4.165,0.05,39,reviewed,us,us
2023-12-02T05:37:25.371Z,-9.7881,112.511,43.519,5.2,mb,81,67,2.083,0.61,us,us7000lfap,2024-02-06T21:53:57.040Z,"176 km S of Dampit, Indonesia",earthquake,8.43,6.995,0.069,69,reviewed,us,us
2023-12-01T18:50:05.749Z,-2.7647,129.4745,10.594,4.7,mww,143,36,1.798,0.72,us,us7000lf7b,2024-02-06T21:53:57.040Z,"81 km NE of Masohi, Indonesia",earthquake,3.44,3.682,0.089,12,reviewed,us,us
2023-12-01T17:58:56.596Z,-2.7223,129.4178,19.414,5,mb,93,40,1.853,0.74,us,us7000lf74,2024-02-06T21:53:57.040Z,"80 km NE of Masohi, Indonesia",earthquake,6.51,4.017,0.065,83,reviewed,us,us
2023-11-30T12:03:18.066Z,2.1558,129.0266,15.11,4.9,mb,68,68,2.155,0.78,us,us7000lerv,2024-02-06T21:53:54.040Z,"122 km ENE of Tobelo, Indonesia",earthquake,7.73,3.762,0.069,66,reviewed,us,us
2023-11-30T09:08:41.455Z,-8.0933,119.8861,175.981,4.5,mb,20,99,2.211,0.56,us,us7000lggy,2024-02-06T21:53:59.040Z,"44 km N of Labuan Bajo, Indonesia",earthquake,8.09,10.58,0.204,7,reviewed,us,us
2023-11-29T14:32:34.486Z,-0.1757,125.1721,53.95,4.8,mb,123,44,2.388,0.4,us,us7000lej8,2024-02-06T21:53:54.040Z,"107 km SE of Modisi, Indonesia",earthquake,6.51,6.962,0.057,98,reviewed,us,us
2023-11-29T07:55:32.055Z,2.2506,96.0937,10,4.5,mb,45,178,2.861,0.45,us,us7000lei4,2024-02-06T21:53:54.040Z,"38 km SW of Sinabang, Indonesia",earthquake,6.22,1.925,0.09,37,reviewed,us,us
2023-11-29T04:02:12.288Z,-3.4719,139.7516,34.463,4.5,mb,30,84,1.344,0.61,us,us7000legr,2024-02-06T21:53:54.040Z,"137 km SW of Abepura, Indonesia",earthquake,7.83,5.63,0.113,23,reviewed,us,us
2023-11-29T01:30:19.408Z,-6.271,129.6993,10,4.6,mb,20,109,4.189,0.76,us,us7000lg5v,2024-02-06T21:53:59.040Z,"Banda Sea",earthquake,11.11,1.927,0.151,13,reviewed,us,us
2023-11-28T16:30:59.257Z,-8.2103,119.6815,183.928,4.5,mb,68,62,1.982,0.92,us,us7000lec4,2024-02-06T21:53:54.040Z,"38 km NW of Labuan Bajo, Indonesia",earthquake,9.29,5.824,0.093,34,reviewed,us,us
2023-11-28T11:14:02.452Z,2.1491,129.052,10,4.7,mb,69,111,2.17,0.31,us,us7000leav,2024-02-06T21:53:54.040Z,"124 km ENE of Tobelo, Indonesia",earthquake,7.69,1.858,0.08,51,reviewed,us,us
2023-11-28T11:03:02.567Z,2.2134,129.0876,10,4.9,mww,119,90,2.238,0.45,us,us7000leau,2024-02-06T21:53:54.040Z,"131 km ENE of Tobelo, Indonesia",earthquake,6.67,1.79,0.086,13,reviewed,us,us
2023-11-28T00:19:27.294Z,2.6829,128.5208,229.969,4.5,mb,63,84,2.221,0.57,us,us7000le80,2024-02-06T21:53:53.040Z,"119 km NNE of Tobelo, Indonesia",earthquake,9.75,6.584,0.078,48,reviewed,us,us
2023-11-26T20:06:33.185Z,-2.3376,139.1478,26.899,4.6,mb,52,68,1.564,0.71,us,us6000lqwz,2024-02-06T21:53:52.040Z,"167 km W of Abepura, Indonesia",earthquake,6.67,5.387,0.086,40,reviewed,us,us
2023-11-26T08:21:47.762Z,1.3425,127.9982,148.42,4.9,mb,101,103,0.849,0.62,us,us6000lqu4,2024-02-06T21:53:52.040Z,"42 km S of Tobelo, Indonesia",earthquake,5.73,6.051,0.054,108,reviewed,us,us
2023-11-25T18:53:12.621Z,3.3346,124.7649,10,4.5,mb,11,156,3.798,1.07,us,us7000leu7,2024-02-01T15:13:47.040Z,"205 km N of Manado, Indonesia",earthquake,8.57,1.946,0.271,5,reviewed,us,us
2023-11-24T21:37:40.129Z,-3.594,131.3711,10,4.7,mb,53,50,1.103,0.54,us,us6000lqky,2024-02-01T15:13:44.040Z,"126 km SW of Fakfak, Indonesia",earthquake,3.52,1.889,0.088,39,reviewed,us,us
2023-11-24T17:21:50.234Z,-6.1992,129.8018,7.439,4.6,mb,29,61,1.669,0.71,us,us7000lelb,2024-02-01T15:13:46.040Z,"Banda Sea",earthquake,6.64,3.826,0.107,26,reviewed,us,us
2023-11-24T00:02:31.938Z,-10.5785,120.4811,16.636,4.6,mb,46,90,3.184,0.5,us,us6000lqd8,2024-02-01T15:13:43.040Z,"104 km SSE of Waingapu, Indonesia",earthquake,8.18,4.567,0.109,25,reviewed,us,us
2023-11-23T22:44:44.160Z,-10.6328,120.6613,15.236,4.6,mb,43,59,3.362,0.45,us,us7000ledt,2024-02-01T15:13:45.040Z,"116 km SSE of Waingapu, Indonesia",earthquake,8.14,4.368,0.101,29,reviewed,us,us
2023-11-23T22:40:29.816Z,-10.6412,120.6426,14.784,4.5,mb,33,95,3.351,0.35,us,us7000lee0,2024-02-01T15:13:45.040Z,"116 km SSE of Waingapu, Indonesia",earthquake,6.4,4.699,0.118,21,reviewed,us,us
2023-11-23T14:13:08.653Z,5.9335,126.5949,102.687,4.5,mb,25,140,1.514,0.51,us,us6000lq9m,2024-02-01T15:13:43.040Z,"66 km SE of Pondaguitan, Philippines",earthquake,9.91,7.308,0.128,18,reviewed,us,us
2023-11-23T10:24:01.848Z,-6.3786,129.6366,10,4.6,mb,23,109,1.863,1.18,us,us7000ledc,2024-02-01T15:13:45.040Z,"Banda Sea",earthquake,5.91,1.907,0.173,10,reviewed,us,us
2023-11-23T04:51:06.705Z,0.6483,126.6757,45.824,4.5,mb,34,63,0.702,0.78,us,us7000led9,2024-02-01T15:13:45.040Z,"80 km WSW of Ternate, Indonesia",earthquake,7.32,6.264,0.121,20,reviewed,us,us
2023-11-23T03:24:33.295Z,5.5742,125.1139,88.745,4.7,mb,58,70,1.556,0.79,us,us6000lq7k,2024-02-01T15:13:42.040Z,"22 km SW of Burias, Philippines",earthquake,9.09,7.434,0.077,51,reviewed,us,us
2023-11-22T08:32:40.224Z,-6.5998,129.4207,10,4.5,mb,24,88,2.119,1.26,us,us6000lr2e,2024-02-01T15:13:45.040Z,"Banda Sea",earthquake,7.77,1.93,0.15,13,reviewed,us,us
2023-11-22T04:49:09.954Z,-6.2654,129.6097,10,4.6,mb,14,115,1.756,0.7,us,us6000lr2i,2024-02-01T15:13:45.040Z,"Banda Sea",earthquake,8.9,1.848,0.207,7,reviewed,us,us
2023-11-22T02:48:51.641Z,1.7827,127.1887,102,6,mww,132,23,1.02,0.72,us,us6000lpyx,2024-02-01T15:13:42.040Z,"91 km W of Tobelo, Indonesia",earthquake,7.55,1.842,0.046,46,reviewed,us,us
2023-11-21T07:12:14.844Z,-0.5476,135.8426,17.009,5.2,mww,66,40,4.295,0.86,us,us6000lprg,2024-02-01T15:13:41.040Z,"69 km NNW of Insrom, Indonesia",earthquake,6.9,3.758,0.098,10,reviewed,us,us
2023-11-20T19:28:25.747Z,5.677,125.2156,84.367,5,mb,122,52,1.43,0.8,us,us6000lpna,2025-07-28T19:19:25.923Z,"6 km SW of Burias, Philippines",earthquake,8.26,5.064,0.041,187,reviewed,us,us
2023-11-20T14:04:54.767Z,-6.2753,129.5428,10,4.6,mb,67,62,1.778,0.63,us,us6000lpm2,2024-02-01T15:13:41.040Z,"Banda Sea",earthquake,2.84,1.819,0.081,45,reviewed,us,us
2023-11-19T17:30:55.348Z,-9.5638,112.8628,43.435,4.5,mb,44,85,1.674,0.78,us,us6000lpgy,2024-02-01T15:13:41.040Z,"150 km S of Dampit, Indonesia",earthquake,7.75,2.863,0.113,23,reviewed,us,us
2023-11-19T15:53:46.591Z,-5.5979,130.2128,7.838,4.5,mb,24,109,1.112,1.04,us,us6000lpgn,2024-02-01T15:13:41.040Z,"281 km W of Tual, Indonesia",earthquake,7.62,4.599,0.127,18,reviewed,us,us
2023-11-18T18:42:19.302Z,0.82,119.4683,24.577,4.7,mb,53,53,1.345,0.64,us,us6000lpcn,2024-01-26T16:37:52.040Z,"196 km NNW of Palu, Indonesia",earthquake,6.69,5.241,0.089,43,reviewed,us,us
2023-11-18T10:01:33.920Z,-2.9945,100.0625,23.026,4.9,mb,51,181,3.19,0.63,us,us6000lpaw,2024-01-26T16:37:52.040Z,"119 km SSE of Tuapejat, Indonesia",earthquake,7.28,5.24,0.079,54,reviewed,us,us
2023-11-18T04:18:18.721Z,5.533,124.9855,74.942,4.5,mb,34,93,1.637,0.61,us,us6000lqaj,2024-01-26T16:37:55.040Z,"35 km S of Maasim, Philippines",earthquake,9.5,2.998,0.128,20,reviewed,us,us
2023-11-17T23:34:28.387Z,-7.5528,107.3045,66.025,4.9,mb,99,43,0.354,0.47,us,us6000lp8y,2024-01-26T16:37:51.040Z,"41 km SSW of Banjar, Indonesia",earthquake,9.26,4.739,0.054,108,reviewed,us,us
2023-11-17T08:14:10.513Z,5.5627,125.0013,52,6.7,mww,244,21,1.604,1.02,us,us6000lp12,2025-09-26T19:00:00.673Z,"32 km SW of Kablalan, Philippines",earthquake,6.69,1.896,0.038,66,reviewed,us,us
2023-11-17T07:24:01.989Z,-5.8438,130.2738,9.232,4.7,mb,29,118,1.363,0.7,us,us6000lp10,2024-01-26T16:37:48.040Z,"275 km W of Tual, Indonesia",earthquake,8.33,4.481,0.12,24,reviewed,us,us
2023-11-17T03:02:18.732Z,-2.4108,138.8023,10,5.2,mb,64,62,1.902,0.76,us,us6000lp0d,2024-01-26T16:37:47.040Z,"204 km W of Abepura, Indonesia",earthquake,6.14,1.794,0.052,124,reviewed,us,us
2023-11-16T14:58:38.259Z,-5.1082,102.8581,54.577,4.6,mb,31,92,0.749,0.66,us,us6000lntc,2024-01-26T16:37:44.040Z,"127 km SSW of Pagar Alam, Indonesia",earthquake,7.57,5.958,0.119,21,reviewed,us,us
2023-11-16T11:55:16.640Z,-6.05,130.0327,10,4.6,mb,32,122,1.523,0.93,us,us6000lpun,2024-01-26T16:37:53.040Z,"Banda Sea",earthquake,5.65,1.894,0.141,15,reviewed,us,us
2023-11-16T11:24:07.060Z,-9.9467,123.7764,10,4.6,mb,36,77,6.024,0.62,us,us6000lnsh,2024-01-26T16:37:44.040Z,"30 km NE of Kupang, Indonesia",earthquake,8.42,1.847,0.111,24,reviewed,us,us
2023-11-16T02:21:48.025Z,-3.785,138.674,93.322,5.1,mb,90,71,2.387,0.8,us,us6000lnr4,2024-01-26T16:37:43.040Z,"203 km NNE of Agats, Indonesia",earthquake,9.57,4.769,0.066,75,reviewed,us,us
2023-11-15T23:26:14.296Z,1.9998,124.1476,289,5.8,mww,293,21,3.32,0.71,us,us6000lnq0,2024-01-26T16:37:43.040Z,"96 km NW of Manado, Indonesia",earthquake,6.77,1.842,0.056,31,reviewed,us,us
2023-11-15T14:23:36.344Z,-8.8087,124.09,116.744,4.5,mb,49,91,5.723,0.84,us,us6000lniv,2024-01-26T16:37:43.040Z,"53 km NW of Pante Makasar, Timor Leste",earthquake,10.58,7.236,0.083,43,reviewed,us,us
2023-11-15T05:11:04.546Z,-3.5315,101.4988,56.133,4.8,mb,72,70,1.671,0.55,us,us6000lnhf,2024-01-26T16:37:42.040Z,"90 km WNW of Bengkulu, Indonesia",earthquake,7.2,5.511,0.078,51,reviewed,us,us
2023-11-15T02:41:48.329Z,-6.0092,130.0042,10,4.8,mww,56,82,1.48,0.67,us,us6000lngz,2024-01-26T16:37:42.040Z,"Banda Sea",earthquake,4.03,1.824,0.089,12,reviewed,us,us
2023-11-14T19:54:17.142Z,-5.8839,130.1858,11.218,4.5,mb,20,97,1.381,0.88,us,us6000lp68,2024-01-26T16:37:50.040Z,"285 km W of Tual, Indonesia",earthquake,7.28,4.787,0.171,14,reviewed,us,us
2023-11-14T19:19:55.361Z,1.3856,125.7397,10,4.6,mb,28,76,1.737,1.3,us,us6000lp6b,2024-01-26T16:37:50.040Z,"68 km E of Bitung, Indonesia",earthquake,8.87,1.908,0.126,22,reviewed,us,us
2023-11-14T18:21:47.382Z,4.9181,126.4698,75.656,4.6,mb,80,44,2.314,0.82,us,us6000lnei,2024-01-26T16:37:41.040Z,"123 km ESE of Sarangani, Philippines",earthquake,7.16,6.706,0.069,70,reviewed,us,us
2023-11-14T17:17:24.640Z,-6.2657,129.716,9.991,4.5,mb,26,95,1.742,0.74,us,us6000lp6h,2024-01-26T16:37:50.040Z,"Banda Sea",earthquake,7.11,2.646,0.144,18,reviewed,us,us
2023-11-14T06:22:51.704Z,-5.8841,130.1522,10,5.2,mww,55,98,1.375,0.45,us,usd00103xu,2024-01-26T16:38:00.040Z,"289 km W of Tual, Indonesia",earthquake,7.45,1.87,0.069,20,reviewed,us,us
2023-11-14T00:10:14.942Z,5.8937,124.3413,35,4.9,mb,98,70,1.696,0.61,us,us7000latm,2024-01-26T16:37:59.040Z,"22 km SW of Mabay, Philippines",earthquake,7.17,1.893,0.061,85,reviewed,us,us
2023-11-13T01:54:15.138Z,-0.6198,135.8047,10,4.5,mb,30,86,4.225,0.58,us,us7000lak9,2024-01-26T16:37:58.040Z,"63 km NNW of Insrom, Indonesia",earthquake,4.43,1.89,0.113,23,reviewed,us,us
2023-11-12T20:38:16.833Z,-3.6024,140.1941,41.45,5.3,mww,108,28,1.194,0.82,us,us7000laid,2024-01-26T16:37:58.040Z,"121 km SSW of Abepura, Indonesia",earthquake,6.11,4.442,0.083,14,reviewed,us,us
2023-11-12T16:36:57.353Z,-6.2591,129.6664,10,4.6,mb,36,79,1.741,0.77,us,us7000lahj,2024-01-26T16:37:57.040Z,"Banda Sea",earthquake,7.19,1.849,0.107,28,reviewed,us,us
2023-11-12T02:06:16.184Z,-9.9173,123.699,42.657,5.2,mww,95,50,0.583,0.86,us,us7000laer,2024-01-26T16:37:56.040Z,"29 km NNE of Kupang, Indonesia",earthquake,7.03,4.284,0.089,12,reviewed,us,us
2023-11-11T20:07:29.749Z,-10.1256,123.6626,35,4.6,mb,28,81,0.7,0.63,us,us7000ladv,2024-01-13T23:11:38.040Z,"7 km NE of Kupang, Indonesia",earthquake,6.39,1.9,0.125,19,reviewed,us,us
2023-11-11T18:10:53.017Z,-6.1155,130.032,10,4.5,mb,20,97,1.588,0.55,us,us6000lnus,2024-01-13T23:09:51.040Z,"Banda Sea",earthquake,7.75,1.924,0.156,12,reviewed,us,us
2023-11-11T11:28:32.045Z,-6.7324,116.3912,518.09,4.6,mb,23,54,2.493,0.59,us,us7000lac1,2024-01-13T23:11:34.040Z,"182 km N of Gili Air, Indonesia",earthquake,13.71,11.483,0.146,14,reviewed,us,us
2023-11-11T06:41:51.432Z,-5.7066,130.1561,10,5.7,mww,100,49,1.203,0.49,us,us7000laba,2024-01-13T23:11:32.040Z,"287 km W of Tual, Indonesia",earthquake,7.61,1.856,0.073,18,reviewed,us,us
2023-11-11T00:11:31.288Z,-1.9507,139.3305,26.513,4.7,mb,62,60,1.482,0.45,us,us7000la98,2024-01-13T23:11:28.040Z,"161 km WNW of Abepura, Indonesia",earthquake,7.59,2.889,0.078,50,reviewed,us,us
2023-11-10T23:38:01.830Z,-6.2493,130.0183,10,4.5,mb,14,121,1.719,0.42,us,us6000lnlk,2024-01-13T23:09:44.040Z,"Banda Sea",earthquake,8.85,1.948,0.313,3,reviewed,us,us
2023-11-10T23:29:57.198Z,-6.139,130.0818,10,4.5,mb,35,54,1.616,0.63,us,us7000la90,2024-01-13T23:11:28.040Z,"Banda Sea",earthquake,7.44,1.892,0.128,18,reviewed,us,us
2023-11-10T21:32:57.618Z,-6.1757,130.1405,10,4.6,mb,39,61,1.659,0.58,us,us7000la8f,2024-01-13T23:11:26.040Z,"295 km WSW of Tual, Indonesia",earthquake,6.96,1.871,0.128,18,reviewed,us,us
2023-11-10T21:20:12.050Z,-6.1476,130.1327,10,5.6,mww,82,43,1.63,0.45,us,us7000la8b,2024-01-13T23:11:26.040Z,"295 km W of Tual, Indonesia",earthquake,6.11,1.824,0.048,41,reviewed,us,us
2023-11-10T21:13:35.282Z,-6.0958,130.1099,10,5.3,mww,112,43,1.576,0.61,us,us7000la87,2024-01-13T23:11:26.040Z,"297 km W of Tual, Indonesia",earthquake,6.02,1.834,0.071,19,reviewed,us,us
2023-11-10T21:08:55.078Z,-6.1227,130.1012,10,4.9,mb,55,48,1.602,0.47,us,us7000la85,2024-01-13T23:11:25.040Z,"298 km W of Tual, Indonesia",earthquake,4.66,1.849,0.086,43,reviewed,us,us
2023-11-10T21:05:58.873Z,-6.104,129.9405,8.578,5,mb,59,54,1.572,0.39,us,us7000la83,2024-01-13T23:11:25.040Z,"Banda Sea",earthquake,7.26,0.72,0.088,41,reviewed,us,us
2023-11-10T20:45:11.772Z,-6.0976,130.0606,9.969,6.1,mww,186,37,1.572,0.75,us,us7000la7r,2024-01-13T23:11:25.040Z,"Banda Sea",earthquake,6.43,2.746,0.043,51,reviewed,us,us
2023-11-10T14:22:56.496Z,-7.0405,129.6776,112.072,4.5,mb,39,98,2.513,0.53,us,us7000la39,2024-01-13T23:11:10.040Z,"Kepulauan Babar, Indonesia",earthquake,10.22,7.672,0.097,31,reviewed,us,us
2023-11-10T10:18:43.543Z,-5.9168,129.9853,10,4.8,mb,22,95,1.388,0.89,us,us6000lnkd,2024-01-13T23:09:37.040Z,"Banda Sea",earthquake,8.04,1.915,0.154,15,reviewed,us,us
2023-11-10T08:49:41.945Z,-6.1208,129.9476,10,4.8,mb,32,115,1.588,0.65,us,us7000la0u,2024-01-13T23:11:01.040Z,"Banda Sea",earthquake,7.68,1.873,0.114,24,reviewed,us,us
2023-11-10T08:31:57.685Z,-6.0845,129.9292,10,4.6,mb,20,96,1.552,0.59,us,us7000la10,2024-01-13T23:11:02.040Z,"Banda Sea",earthquake,6.33,1.864,0.132,17,reviewed,us,us
2023-11-10T08:11:03.900Z,-5.8638,130.0319,10,4.5,mb,22,114,1.339,0.68,us,us6000lnk7,2024-01-18T21:19:18.180Z,"Banda Sea",earthquake,7.42,1.888,0.15,13,reviewed,us,us
2023-11-10T04:11:18.291Z,-6.0168,130.003,10,4.5,mb,24,150,6.875,0.72,us,us7000l9zp,2024-01-13T23:11:00.040Z,"Banda Sea",earthquake,9.04,1.814,0.14,15,reviewed,us,us
2023-11-10T03:50:35.148Z,-6.02,130.2186,10,5.9,mww,91,44,5.222,0.8,us,us7000l9ze,2024-01-13T23:10:59.040Z,"283 km W of Tual, Indonesia",earthquake,7.08,0.847,0.071,19,reviewed,us,us
2023-11-10T03:48:52.821Z,-6.0044,130.0229,10,4.8,mb,39,121,8.755,0.52,us,us7000l9zd,2024-01-18T21:19:10.481Z,"Banda Sea",earthquake,10.29,1.896,0.105,29,reviewed,us,us
2023-11-10T03:47:30.093Z,-5.8549,130.2714,10,4.6,mb,20,150,1.373,1.07,us,us7000l9zc,2024-01-13T23:10:59.040Z,"275 km W of Tual, Indonesia",earthquake,7.72,1.892,0.146,15,reviewed,us,us
2023-11-10T01:13:18.189Z,-5.6651,130.2065,10,4.5,mb,39,53,3.404,0.77,us,us7000l9z1,2024-01-13T23:10:58.040Z,"282 km W of Tual, Indonesia",earthquake,6.75,1.524,0.115,24,reviewed,us,us
2023-11-10T00:56:56.705Z,-6.2424,130.3508,10,4.5,mb,14,156,6.605,0.42,us,us6000lnk0,2024-01-13T23:09:36.040Z,"274 km WSW of Tual, Indonesia",earthquake,9.71,1.922,0.205,7,reviewed,us,us
2023-11-09T21:26:10.311Z,-6.0236,129.7778,10,4.5,mb,27,87,3.947,0.65,us,us7000l9y3,2024-01-13T23:10:57.040Z,"Banda Sea",earthquake,7.17,1.937,0.144,14,reviewed,us,us
2023-11-09T15:36:49.764Z,-6.3189,129.5419,10,4.7,mb,77,57,5.68,0.6,us,us7000l9uy,2024-01-18T21:18:50.546Z,"Banda Sea",earthquake,8.21,1.822,0.073,66,reviewed,us,us
2023-11-09T10:12:56.608Z,-6.3451,129.5232,10,4.6,mb,51,62,4.354,0.8,us,us7000l9tb,2024-01-13T23:10:51.040Z,"Banda Sea",earthquake,7.64,1.86,0.105,27,reviewed,us,us
2023-11-09T09:14:17.332Z,-5.5021,130.199,10,5.1,mww,90,42,1.017,0.97,us,us7000l9t5,2024-01-13T23:10:51.040Z,"Banda Sea",earthquake,6.31,1.758,0.068,21,reviewed,us,us
2023-11-09T08:36:44.260Z,-6.0618,129.8777,10,4.5,mb,26,88,1.53,0.82,us,us7000l9sy,2024-01-13T23:10:50.040Z,"Banda Sea",earthquake,5.49,1.897,0.124,22,reviewed,us,us
2023-11-08T17:40:08.369Z,-5.5082,130.2415,10,4.7,mb,74,65,1.035,0.89,us,us7000l9ns,2024-01-18T21:17:57.221Z,"278 km W of Tual, Indonesia",earthquake,4.77,1.84,0.077,51,reviewed,us,us
2023-11-08T17:25:03.078Z,-5.4786,130.2365,10,5.3,mww,93,48,1.006,0.59,us,us7000l9nq,2024-01-13T23:10:42.040Z,"278 km SSE of Amahai, Indonesia",earthquake,5.72,1.772,0.068,21,reviewed,us,us
2023-11-08T17:19:51.806Z,-6.1203,130.1824,8.953,4.5,mb,40,69,1.611,0.85,us,us7000l9nn,2024-01-13T23:10:42.040Z,"289 km W of Tual, Indonesia",earthquake,7.45,4.327,0.115,22,reviewed,us,us
2023-11-08T16:47:55.242Z,-6.0433,129.9946,10,4.6,mb,43,43,1.514,0.92,us,us7000l9ng,2024-01-18T21:17:55.739Z,"Banda Sea",earthquake,6.31,1.673,0.109,25,reviewed,us,us
2023-11-08T16:35:11.966Z,-6.1073,129.9496,10,4.5,mb,28,90,1.575,0.7,us,us7000l9nf,2024-01-18T21:17:52.453Z,"Banda Sea",earthquake,7.62,1.897,0.124,19,reviewed,us,us
2023-11-08T15:21:52.158Z,-6.0441,129.9997,10,4.6,mb,29,115,1.515,0.77,us,us7000l9lz,2024-01-13T23:10:40.040Z,"Banda Sea",earthquake,7.24,1.902,0.141,15,reviewed,us,us
2023-11-08T15:05:47.118Z,-6.1137,130.7434,10,4.5,mb,23,108,1.788,0.38,us,us7000laqq,2024-01-13T23:11:48.040Z,"228 km WSW of Tual, Indonesia",earthquake,9.14,1.891,0.135,16,reviewed,us,us
2023-11-08T14:58:58.672Z,-6.2479,129.8962,10,4.6,mb,35,83,1.714,0.6,us,us7000laqp,2024-01-13T23:11:48.040Z,"Banda Sea",earthquake,4.98,1.867,0.109,27,reviewed,us,us
2023-11-08T14:47:35.476Z,-6.1015,129.9979,10,5,mb,99,66,1.571,0.51,us,us7000l9lp,2024-01-13T23:10:40.040Z,"Banda Sea",earthquake,6.08,1.842,0.062,84,reviewed,us,us
2023-11-08T14:41:09.361Z,-6.2604,129.9685,10,4.5,mb,27,118,1.728,0.56,us,us7000laqn,2024-01-13T23:11:48.040Z,"Banda Sea",earthquake,5.86,1.891,0.132,18,reviewed,us,us
2023-11-08T14:32:51.845Z,-6.0901,129.7665,10,4.5,mb,27,94,1.563,0.51,us,us7000l9lk,2024-01-13T23:10:39.040Z,"Banda Sea",earthquake,4.33,1.879,0.115,23,reviewed,us,us
2023-11-08T14:18:58.975Z,-6.0391,130.0129,10,4.8,mb,41,97,1.511,0.39,us,us7000l9lh,2024-01-13T23:10:39.040Z,"Banda Sea",earthquake,6.3,1.887,0.105,28,reviewed,us,us
2023-11-08T14:15:17.973Z,-6.0305,129.9218,10,4.7,mb,40,52,1.498,0.39,us,us7000l9lf,2024-01-13T23:10:39.040Z,"Banda Sea",earthquake,6.75,1.869,0.112,26,reviewed,us,us
2023-11-08T13:44:28.604Z,-6.1417,130.0219,10,4.5,mb,24,116,1.613,0.42,us,us7000lapy,2024-01-13T23:11:43.040Z,"Banda Sea",earthquake,5.02,1.896,0.132,17,reviewed,us,us
2023-11-08T13:39:40.692Z,-6.1189,129.8739,10,4.5,mb,24,95,1.586,0.5,us,us7000lapz,2024-01-13T23:11:43.040Z,"Banda Sea",earthquake,7.27,1.903,0.127,19,reviewed,us,us
2023-11-08T13:37:57.336Z,-6.3425,129.7966,10,4.6,mb,19,96,1.811,0.63,us,us7000laqc,2024-01-13T23:11:46.040Z,"Banda Sea",earthquake,8.28,1.918,0.164,11,reviewed,us,us
2023-11-08T13:23:33.753Z,-6.3101,129.8316,10,4.6,mb,32,96,1.777,0.6,us,us7000lar6,2024-01-13T23:11:50.040Z,"Banda Sea",earthquake,7.1,1.885,0.116,22,reviewed,us,us
2023-11-08T13:21:03.090Z,-6.1276,130.0501,10,4.7,mb,40,98,1.601,0.46,us,us7000laqa,2024-01-13T23:11:45.040Z,"Banda Sea",earthquake,8.12,1.874,0.102,29,reviewed,us,us
2023-11-08T13:17:06.796Z,-6.2748,130.0879,10,4.7,mb,28,79,1.75,0.41,us,us7000laq9,2024-01-13T23:11:45.040Z,"Banda Sea",earthquake,7.46,1.881,0.134,19,reviewed,us,us
2023-11-08T13:02:06.115Z,-6.131,129.8738,10,6.7,mww,179,28,1.598,0.42,us,us7000l9ku,2024-01-13T23:10:38.040Z,"Banda Sea",earthquake,6.55,1.807,0.039,64,reviewed,us,us
2023-11-08T12:04:34.923Z,-1.9205,139.1611,23.741,4.9,mb,55,86,1.65,0.52,us,us7000l9kg,2024-01-13T23:10:37.040Z,"179 km WNW of Abepura, Indonesia",earthquake,8.28,5.175,0.085,43,reviewed,us,us
2023-11-08T10:43:39.003Z,-6.2818,129.4989,10,4.7,mb,35,92,1.794,0.61,us,us7000l9ji,2024-01-18T21:17:39.896Z,"Banda Sea",earthquake,6.73,1.708,0.108,26,reviewed,us,us
2023-11-08T09:33:49.646Z,-6.3749,129.6196,9.565,4.6,mb,27,94,1.862,0.53,us,us7000l9j2,2024-01-13T23:10:35.040Z,"Banda Sea",earthquake,8.2,4.571,0.116,22,reviewed,us,us
2023-11-08T09:03:06.652Z,-6.1855,129.868,10,4.5,mb,17,115,1.653,0.41,us,us7000lapg,2024-01-18T21:17:33.655Z,"Banda Sea",earthquake,8.16,1.892,0.156,12,reviewed,us,us
2023-11-08T07:59:37.480Z,-6.4328,129.576,10,4.5,mb,18,108,1.926,0.98,us,us7000lapd,2024-01-13T23:11:42.040Z,"Banda Sea",earthquake,9.8,1.92,0.204,7,reviewed,us,us
2023-11-08T07:23:44.857Z,-3.4978,129.6057,54.405,4.7,mb,44,53,1.061,1.39,us,us7000l9ic,2024-01-13T23:10:33.040Z,"74 km ESE of Masohi, Indonesia",earthquake,5.24,6.422,0.092,36,reviewed,us,us
2023-11-08T06:57:47.956Z,-6.5341,129.6256,10,4.6,mb,36,88,2.018,0.79,us,us7000l9ia,2024-01-13T23:10:32.040Z,"Banda Sea",earthquake,5.12,1.898,0.128,18,reviewed,us,us
2023-11-08T06:06:50.993Z,-6.345,129.957,10,5.1,mb,60,52,4.099,0.77,us,us7000l9i9,2024-01-13T23:10:32.040Z,"Banda Sea",earthquake,5.6,1.854,0.098,34,reviewed,us,us
2023-11-08T05:56:36.416Z,-6.2881,129.9353,10.984,4.6,mb,37,66,4.064,0.92,us,us7000l9i7,2024-01-18T21:17:21.593Z,"Banda Sea",earthquake,8.16,4.45,0.122,20,reviewed,us,us
2023-11-08T05:42:39.813Z,-6.1801,129.8961,10,5.2,mb,56,57,3.999,0.76,us,us7000l9i4,2024-01-13T23:10:31.040Z,"Banda Sea",earthquake,7.28,1.702,0.087,43,reviewed,us,us
2023-11-08T05:10:04.492Z,-6.3915,129.6503,10,4.6,mb,24,60,9.269,0.7,us,us7000lapl,2024-01-13T23:11:43.040Z,"Banda Sea",earthquake,10.02,1.91,0.274,6,reviewed,us,us
2023-11-08T05:06:23.904Z,-6.5514,129.8283,10,4.8,mb,27,119,5.824,0.61,us,us7000lap4,2024-01-13T23:11:40.040Z,"Banda Sea",earthquake,9.56,1.886,0.176,11,reviewed,us,us
2023-11-08T04:53:49.631Z,-6.416,129.5466,6,7.1,mww,142,53,5.771,0.7,us,us7000l9h4,2024-01-13T23:10:31.040Z,"Banda Sea",earthquake,3.56,1.73,0.045,47,reviewed,us,us
2023-11-08T04:52:51.393Z,-6.4442,129.7518,10,6.7,mwb,106,29,5.74,0.82,us,us7000l9h2,2024-01-13T23:10:31.040Z,"Banda Sea",earthquake,3.62,1.723,0.034,85,reviewed,us,us
2023-11-07T13:33:33.485Z,-7.6819,127.383,179.766,4.5,mb,48,30,3.706,0.85,us,us7000l9c7,2024-01-18T21:16:46.365Z,"102 km NNE of Lospalos, Timor Leste",earthquake,8.71,7.27,0.096,32,reviewed,us,us
2023-11-07T10:58:39.718Z,-7.2677,129.3392,160.254,4.6,mb,48,64,2.785,0.57,us,us7000l9bt,2024-01-13T23:10:24.040Z,"293 km ENE of Lospalos, Timor Leste",earthquake,6.47,7.246,0.088,40,reviewed,us,us
2023-11-07T05:36:36.253Z,-10.2128,118.1755,20.65,4.9,mb,65,43,1.432,0.7,us,us7000l9ag,2024-01-13T23:10:21.040Z,"145 km SW of Tambolaka, Indonesia",earthquake,6.97,4.609,0.076,54,reviewed,us,us
2023-11-06T15:36:44.107Z,-7.498,127.7793,172.862,5.2,mww,116,31,3.634,0.6,us,us7000l95l,2024-01-13T23:10:13.040Z,"142 km NE of Lospalos, Timor Leste",earthquake,7.52,4.451,0.075,17,reviewed,us,us
2023-11-06T13:28:20.799Z,-4.5754,139.2716,10.368,4.6,mb,44,86,2.496,1.02,us,us7000la2n,2024-01-13T23:11:07.040Z,"165 km NE of Agats, Indonesia",earthquake,7.92,1.471,0.102,29,reviewed,us,us
2023-11-06T13:08:06.159Z,-1.4082,126.4252,10,4.6,mb,55,60,2.361,0.58,us,us7000l94y,2024-01-13T23:10:12.040Z,"87 km NE of Sanana, Indonesia",earthquake,7.03,1.469,0.093,35,reviewed,us,us
2023-11-06T05:38:46.068Z,-6.1808,130.2602,164.003,4.5,mb,43,76,1.685,0.34,us,us7000l93u,2024-01-13T23:10:10.040Z,"282 km WSW of Tual, Indonesia",earthquake,9.56,7.27,0.095,34,reviewed,us,us
2023-11-05T02:20:05.132Z,-5.143,102.5404,44.193,4.9,mb,70,70,0.881,0.81,us,us7000l8xz,2024-01-18T21:14:42.948Z,"146 km SSW of Pagar Alam, Indonesia",earthquake,7.64,5.587,0.071,62,reviewed,us,us
2023-11-04T16:23:47.619Z,-4.0445,127.3808,224.891,4.5,mb,33,61,2.561,0.42,us,us7000l8vy,2024-01-10T06:01:57.040Z,"97 km WSW of Ambon, Indonesia",earthquake,9.12,6.793,0.111,27,reviewed,us,us
2023-11-04T09:59:48.009Z,-5.9452,131.1637,101.902,4.5,mb,33,103,1.889,0.65,us,us7000l8up,2024-01-10T06:01:55.040Z,"179 km W of Tual, Indonesia",earthquake,8.89,5.742,0.103,28,reviewed,us,us
2023-11-04T00:56:53.364Z,1.8004,97.7446,48.064,4.5,mb,34,171,1.475,0.3,us,us7000l9v1,2024-01-10T06:01:53.040Z,"54 km S of Singkil, Indonesia",earthquake,9.37,7.035,0.15,13,reviewed,us,us
2023-11-04T00:25:40.350Z,-4.0323,128.9868,136.744,4.5,mb,59,39,1.037,0.73,us,us7000l8s5,2024-01-10T06:01:52.040Z,"76 km S of Amahai, Indonesia",earthquake,3.34,6.864,0.089,37,reviewed,us,us
2023-11-04T00:18:19.089Z,1.5451,125.412,10,4.6,mb,32,57,2.1,0.56,us,us7000l8s4,2024-01-10T06:01:52.040Z,"33 km ENE of Bitung, Indonesia",earthquake,6.17,1.745,0.109,25,reviewed,us,us
2023-11-03T05:52:44.631Z,-4.7129,101.9319,64.804,4.7,mb,46,117,1.079,0.55,us,us7000l8ib,2024-01-10T06:01:46.040Z,"107 km SSW of Bengkulu, Indonesia",earthquake,9.39,7.43,0.098,32,reviewed,us,us
2023-11-02T06:27:12.924Z,-2.8043,127.8364,30.824,4.6,mb,34,76,2.678,0.52,us,us7000l899,2024-01-10T06:01:38.040Z,"105 km NNW of Ambon, Indonesia",earthquake,7.82,4.359,0.109,26,reviewed,us,us
2023-11-02T02:39:45.768Z,-5.9198,130.7214,146.816,4.6,mb,42,100,1.61,0.93,us,us7000l88f,2024-01-10T06:01:37.040Z,"227 km W of Tual, Indonesia",earthquake,9.45,7.279,0.105,28,reviewed,us,us
2023-11-01T21:04:48.023Z,-10.0561,123.7541,51,6.1,mww,258,13,6.023,0.88,us,us7000l85t,2024-01-10T06:01:35.040Z,"20 km NE of Kupang, Indonesia",earthquake,2.65,1.839,0.054,33,reviewed,us,us
2023-11-01T14:07:47.839Z,-8.3219,121.5495,10,5,mb,74,55,3.74,0.93,us,us7000l82g,2024-01-18T21:11:32.159Z,"58 km NNW of Ende, Indonesia",earthquake,7.75,1.843,0.07,71,reviewed,us,us
2023-11-01T10:40:15.342Z,1.5569,129.3017,10,4.9,mb,51,106,2.086,0.72,us,us7000l81n,2024-01-18T21:11:27.722Z,"145 km E of Tobelo, Indonesia",earthquake,8.63,1.862,0.085,44,reviewed,us,us
2023-10-31T18:02:24.984Z,5.1626,127.203,94.284,4.8,mb,51,55,2.489,0.71,us,us7000l8nl,2024-01-10T06:01:26.040Z,"174 km SE of Pondaguitan, Philippines",earthquake,7.45,3.933,0.092,37,reviewed,us,us
2023-10-31T17:37:21.913Z,-0.0156,123.7355,130.882,4.9,mb,128,31,1.403,0.92,us,us7000l7w4,2024-01-10T06:01:26.040Z,"93 km WSW of Modisi, Indonesia",earthquake,6.23,4.461,0.043,178,reviewed,us,us
2023-10-30T21:44:47.393Z,-8.5457,113.8826,104.007,4.5,mb,85,23,0.277,0.67,us,us7000l7mc,2024-01-10T06:01:19.040Z,"33 km WSW of Gambiran Satu, Indonesia",earthquake,7.2,3.594,0.067,66,reviewed,us,us
2023-10-30T01:42:15.080Z,-8.2774,119.6946,186.43,4.6,mb,27,54,1.974,1.01,us,us7000l7gd,2024-01-10T06:01:13.040Z,"32 km NW of Labuan Bajo, Indonesia",earthquake,6.24,7.969,0.151,13,reviewed,us,us
2023-10-29T00:56:05.497Z,-4.2937,102.0246,55.976,5.1,mb,143,59,0.931,0.97,us,us7000l79t,2024-01-10T06:01:06.040Z,"60 km SSW of Bengkulu, Indonesia",earthquake,6.02,4.188,0.057,98,reviewed,us,us
2023-10-28T16:09:14.088Z,-7.7126,125.7735,10,4.5,mb,17,114,7.271,1.17,us,us7000l8ci,2024-01-04T04:22:39.040Z,"90 km N of Metinaro, Timor Leste",earthquake,9.58,1.928,0.241,6,reviewed,us,us
2023-10-28T15:01:59.298Z,1.7474,120.2411,24.286,5.4,mww,133,34,0.832,0.59,us,us7000l77a,2024-01-04T04:22:39.040Z,"296 km N of Palu, Indonesia",earthquake,3.91,4.143,0.083,14,reviewed,us,us
2023-10-28T13:27:18.938Z,-7.6204,125.7484,10,4.5,mb,11,158,7.417,0.45,us,us7000l8cc,2024-01-04T04:22:38.040Z,"100 km N of Metinaro, Timor Leste",earthquake,8.25,1.927,0.22,6,reviewed,us,us
2023-10-28T13:11:11.411Z,-7.5849,125.6274,10,4.6,mb,18,113,7.527,0.69,us,us7000l8ce,2024-01-04T04:22:38.040Z,"105 km N of Metinaro, Timor Leste",earthquake,9.99,1.625,0.182,9,reviewed,us,us
2023-10-28T13:04:53.144Z,-7.6305,125.8938,10,5.5,mww,70,63,5.044,0.79,us,us7000l76s,2024-01-04T04:22:38.040Z,"98 km N of Manatutu, Timor Leste",earthquake,7.47,1.824,0.059,28,reviewed,us,us
2023-10-27T21:50:30.037Z,-0.1472,125.9031,76.492,4.6,mb,36,58,1.725,0.53,us,us7000l70d,2024-01-04T04:22:29.040Z,"176 km ESE of Modisi, Indonesia",earthquake,7.37,8.487,0.086,40,reviewed,us,us
2023-10-27T10:05:26.213Z,2.3531,126.6958,35,4.9,mb,81,104,1.708,0.49,us,us7000l6td,2024-01-04T04:22:25.040Z,"161 km WNW of Tobelo, Indonesia",earthquake,9.45,1.885,0.066,73,reviewed,us,us
2023-10-27T07:49:51.506Z,-9.5654,120.1216,76.206,5,mww,79,41,2.429,0.83,us,us7000l6s8,2024-01-04T04:22:24.040Z,"18 km WNW of Waingapu, Indonesia",earthquake,8.06,5.837,0.075,17,reviewed,us,us
2023-10-26T05:44:18.158Z,-7.1498,129.2243,154,5.5,mww,124,47,5.171,0.51,us,us7000l6fd,2024-01-04T04:22:16.040Z,"288 km ENE of Lospalos, Timor Leste",earthquake,6.87,1.515,0.047,43,reviewed,us,us
2023-10-25T13:24:59.571Z,1.0473,124.7792,138.675,5.2,mww,209,26,2.602,0.59,us,us7000l68s,2024-01-04T04:22:11.040Z,"29 km S of Tomohon, Indonesia",earthquake,6.52,4.916,0.062,25,reviewed,us,us
2023-10-25T03:57:44.729Z,-2.8077,128.1203,10,4.5,mb,36,51,2.464,0.41,us,us7000l65f,2024-01-04T04:22:09.040Z,"98 km N of Ambon, Indonesia",earthquake,5.51,1.855,0.122,20,reviewed,us,us
2023-10-23T15:30:22.311Z,1.1821,127.962,9.894,5,mb,73,82,0.721,0.72,us,us6000lhiz,2024-01-04T04:21:59.040Z,"60 km S of Tobelo, Indonesia",earthquake,2.58,4.08,0.071,63,reviewed,us,us
2023-10-22T14:23:06.652Z,0.4566,98.343,36.191,4.7,mb,35,88,1.139,0.9,us,us6000lhba,2024-01-04T04:21:52.040Z,"61 km ESE of Teluk Dalam, Indonesia",earthquake,7.02,5.436,0.102,29,reviewed,us,us
2023-10-21T12:04:56.334Z,-8.1309,118.0737,10,4.7,mb,37,61,0.752,0.63,us,us6000lh5c,2023-12-26T21:24:53.040Z,"62 km NW of Dompu, Indonesia",earthquake,5.67,1.868,0.108,28,reviewed,us,us
2023-10-21T05:32:56.760Z,2.5721,128.5847,232.31,4.7,mb,50,79,2.163,0.42,us,us6000lh3p,2023-12-26T21:24:51.040Z,"113 km NE of Tobelo, Indonesia",earthquake,10.81,7.09,0.084,43,reviewed,us,us
2023-10-20T19:51:56.469Z,0.7895,125.206,61.205,5.1,mb,210,37,2.161,0.88,us,us6000lh0e,2023-12-26T21:24:49.040Z,"65 km SSE of Tondano, Indonesia",earthquake,6.34,4.646,0.038,243,reviewed,us,us
2023-10-20T18:01:37.260Z,-0.6961,98.4562,20.764,4.8,mb,107,62,2.173,0.84,us,us6000lgzn,2023-12-26T21:24:48.040Z,"158 km SSE of Teluk Dalam, Indonesia",earthquake,7.83,4.14,0.067,77,reviewed,us,us
2023-10-20T13:07:02.201Z,2.1185,127.8186,228.275,4.6,mb,64,58,1.412,0.73,us,us6000lgw8,2023-12-26T21:24:44.040Z,"48 km NNW of Tobelo, Indonesia",earthquake,7.18,5.511,0.06,83,reviewed,us,us
2023-10-20T08:45:44.462Z,1.3441,96.8835,10,4.5,mb,27,234,0.693,0.51,us,us6000lgvc,2023-12-26T21:24:43.040Z,"81 km W of Gunungsitoli, Indonesia",earthquake,8.25,1.987,0.128,18,reviewed,us,us
2023-10-20T08:22:24.486Z,-2.9626,129.9558,21.1,4.6,mb,35,63,1.55,0.56,us,us6000lgwd,2023-12-26T21:24:44.040Z,"115 km ENE of Masohi, Indonesia",earthquake,5.96,5.356,0.114,23,reviewed,us,us
2023-10-20T07:57:30.416Z,-2.9714,129.819,18.765,4.9,mb,51,57,1.543,0.55,us,us6000lgu3,2023-12-26T21:24:41.040Z,"101 km ENE of Masohi, Indonesia",earthquake,6.92,4.493,0.082,46,reviewed,us,us
2023-10-20T02:44:12.640Z,-6.2105,103.7782,41.57,4.6,mb,51,132,2.012,0.77,us,us6000lgsp,2023-12-26T21:24:40.040Z,"185 km WSW of Bandar Lampung, Indonesia",earthquake,11.2,6.113,0.109,27,reviewed,us,us
2023-10-19T14:34:36.058Z,-2.9082,139.6418,10,4.7,mb,28,71,1.13,0.54,us,us6000lgn2,2023-12-26T21:24:38.040Z,"115 km WSW of Abepura, Indonesia",earthquake,6.56,1.892,0.11,25,reviewed,us,us
2023-10-19T14:08:24.664Z,-7.8723,107.2582,58.526,5.1,mww,73,45,0.563,1.12,us,us6000lglx,2023-12-26T21:24:38.040Z,"77 km SSW of Banjar, Indonesia",earthquake,8.72,4.929,0.08,15,reviewed,us,us
2023-10-19T09:04:52.800Z,-9.4844,113.3423,36.136,4.5,mb,41,82,1.287,1.01,us,us6000lgje,2023-12-26T21:24:38.040Z,"132 km S of Kencong, Indonesia",earthquake,7.82,6.381,0.131,17,reviewed,us,us
2023-10-15T15:24:42.011Z,-8.1194,118.1201,10,4.6,mb,30,89,0.781,0.42,us,us6000lfr1,2023-12-26T21:24:19.040Z,"59 km NW of Dompu, Indonesia",earthquake,3.65,1.827,0.122,20,reviewed,us,us
2023-10-14T11:09:35.834Z,-2.7543,126.6638,10,4.9,mb,54,100,3.572,0.54,us,us6000lfj6,2023-12-16T22:13:09.040Z,"108 km SE of Sanana, Indonesia",earthquake,8.07,1.883,0.075,55,reviewed,us,us
2023-10-13T03:38:48.269Z,-4.9423,103.149,69.714,4.5,mb,23,182,0.609,1.37,us,us6000lgjs,2023-12-16T22:13:10.040Z,"102 km S of Pagar Alam, Indonesia",earthquake,12.58,7.146,0.171,10,reviewed,us,us
2023-10-12T09:29:58.486Z,-10.2267,119.9149,10,4.9,mb,64,36,2.526,1.02,us,us6000lf1n,2023-12-16T22:13:07.040Z,"73 km SSW of Waingapu, Indonesia",earthquake,6.82,1.754,0.101,31,reviewed,us,us
2023-10-12T06:18:41.459Z,-4.5721,133.9193,10,5.2,mww,68,48,2.34,0.47,us,us6000lf0q,2023-12-16T22:13:07.040Z,"174 km NE of Tual, Indonesia",earthquake,7.69,1.842,0.078,16,reviewed,us,us
2023-10-11T00:04:40.227Z,3.0841,125.7969,153.159,4.6,mb,61,93,2.782,0.79,us,us6000len4,2023-12-16T22:13:06.040Z,"196 km NNE of Bitung, Indonesia",earthquake,7.47,7.788,0.087,40,reviewed,us,us
2023-10-10T20:20:24.381Z,-6.6423,129.7757,167.479,4.6,mb,93,66,2.11,0.7,us,us6000lelx,2023-12-16T22:13:06.040Z,"Banda Sea",earthquake,7.83,4.173,0.065,80,reviewed,us,us
2023-10-10T16:42:28.551Z,-8.5457,112.5505,85.237,4.7,mb,101,31,1.586,0.88,us,us6000lei9,2023-12-16T22:13:06.040Z,"42 km SSW of Gongdanglegi Kulon, Indonesia",earthquake,7.11,4.836,0.067,67,reviewed,us,us
2023-10-09T12:24:38.452Z,3.2721,127.0418,36.062,4.8,mb,67,75,2.505,0.69,us,us6000le8d,2023-12-16T22:13:06.040Z,"201 km NNW of Tobelo, Indonesia",earthquake,6.12,6.204,0.065,74,reviewed,us,us
2023-10-09T03:50:48.861Z,0.3711,122.1918,137.358,5,mww,119,33,1.519,0.84,us,us6000le5w,2023-12-16T22:13:06.040Z,"98 km W of Gorontalo, Indonesia",earthquake,6.4,4.014,0.078,16,reviewed,us,us
2023-10-09T03:21:03.704Z,-7.5802,133.4064,10,4.5,mb,24,80,4.621,0.43,us,us6000le5r,2023-12-16T22:13:06.040Z,"227 km SSE of Tual, Indonesia",earthquake,8.55,1.906,0.15,13,reviewed,us,us
2023-10-07T18:32:54.696Z,-0.2941,125.1354,39.7,4.9,mb,115,40,2.47,0.84,us,us6000ldvm,2023-12-14T21:26:56.040Z,"113 km SE of Modisi, Indonesia",earthquake,6.45,5.668,0.057,103,reviewed,us,us
2023-10-07T10:20:33.179Z,-6.2399,103.7334,36.384,4.6,mb,32,86,2.021,0.72,us,us6000ldtg,2023-12-14T21:26:55.040Z,"191 km WSW of Bandar Lampung, Indonesia",earthquake,5.73,8.05,0.117,24,reviewed,us,us
2023-10-07T08:06:21.016Z,-0.2866,97.4413,10,4.7,mb,34,186,1.586,0.57,us,us6000ldq6,2023-12-14T21:26:55.040Z,"103 km SSW of Teluk Dalam, Indonesia",earthquake,10.07,1.945,0.113,24,reviewed,us,us
2023-10-07T06:29:07.089Z,-7.436,128.1145,176.033,4.7,mb,58,73,3.398,0.65,us,us6000ldpf,2023-12-14T21:26:55.040Z,"171 km NE of Lospalos, Timor Leste",earthquake,8.43,2.298,0.082,45,reviewed,us,us
2023-10-05T04:25:45.689Z,-4.4736,127.0835,10,5,mb,68,58,2.813,0.78,us,us6000lczv,2023-12-14T21:26:53.040Z,"149 km SW of Ambon, Indonesia",earthquake,7.1,1.869,0.084,46,reviewed,us,us
2023-10-05T03:38:23.429Z,4.3363,125.7723,107.765,4.6,mb,33,97,2.722,0.79,us,us6000lczl,2023-12-14T21:26:53.040Z,"122 km SSE of Sarangani, Philippines",earthquake,6.79,7.741,0.128,18,reviewed,us,us
2023-10-04T11:21:47.730Z,5.3171,126.0438,113,6.4,mww,257,23,1.801,0.88,us,us6000lcri,2025-07-02T16:27:29.907Z,"65 km E of Sarangani, Philippines",earthquake,6.22,1.901,0.037,71,reviewed,us,us
2023-10-04T11:11:44.176Z,-9.3367,124.7888,29.389,4.6,mb,26,69,0.662,1.04,us,us6000lcrg,2023-12-14T21:26:52.040Z,"27 km SSW of Atambua, Indonesia",earthquake,5.93,5.512,0.129,19,reviewed,us,us
2023-10-03T22:17:05.300Z,-5.179,102.2641,32.221,4.9,mb,61,76,1.066,0.92,us,us6000lcmh,2023-12-14T21:26:52.040Z,"152 km S of Bengkulu, Indonesia",earthquake,4.69,5.346,0.092,37,reviewed,us,us
2023-10-03T13:53:04.726Z,4.5477,127.5947,82.879,5.1,mb,94,56,3.209,0.67,us,us6000lchx,2023-12-14T21:26:51.040Z,"254 km ESE of Sarangani, Philippines",earthquake,7.99,5.768,0.039,210,reviewed,us,us
2023-10-02T20:59:08.656Z,5.0962,127.0894,66.765,4.5,mb,24,111,2.47,1.04,us,us6000ldhs,2023-12-14T21:26:54.040Z,"172 km SE of Pondaguitan, Philippines",earthquake,7.06,8.783,0.139,15,reviewed,us,us
2023-10-02T12:26:10.824Z,-4.0538,134.0323,10,4.5,mb,24,88,2.107,0.47,us,us6000lc8q,2023-12-14T21:26:51.040Z,"180 km WSW of Nabire, Indonesia",earthquake,6.3,1.85,0.135,16,reviewed,us,us
2023-10-02T08:58:37.627Z,-4.1801,134.0052,10,5.3,mww,107,44,2.154,0.53,us,us6000lc84,2023-12-14T21:26:51.040Z,"189 km WSW of Nabire, Indonesia",earthquake,6.83,1.816,0.056,31,reviewed,us,us
2023-10-02T06:28:18.060Z,-6.826,129.9373,80.354,4.7,mww,120,102,4.513,0.34,us,us6000lc7c,2023-12-14T21:26:51.040Z,"Banda Sea",earthquake,9.31,6.563,0.098,10,reviewed,us,us
2023-10-01T04:00:24.335Z,-6.9332,106.7791,113.044,5.3,mb,113,33,1.012,0.94,us,us6000lc08,2023-12-14T21:26:50.040Z,"16 km W of Sukabumi, Indonesia",earthquake,7.34,4.938,0.044,171,reviewed,us,us
2023-10-01T00:18:40.619Z,-10.6211,113.1065,10,4.7,mb,55,43,2.373,1.05,us,us6000lbz6,2023-12-14T21:26:50.040Z,"260 km S of Kencong, Indonesia",earthquake,5.61,1.867,0.097,33,reviewed,us,us
2023-09-30T06:33:43.391Z,-9.0912,105.4816,10,4.9,mb,61,57,1.366,0.68,us,us6000lbvl,2023-12-09T22:00:42.040Z,"260 km SSW of Pelabuhanratu, Indonesia",earthquake,7.12,1.858,0.079,50,reviewed,us,us
2023-09-30T00:02:14.363Z,-8.6407,130.4273,10,4.5,mb,26,126,4.124,0.51,us,us6000lbtq,2023-12-09T22:00:42.040Z,"Pulau Pulau Tanimbar, Indonesia",earthquake,6.67,1.913,0.181,9,reviewed,us,us
2023-09-29T23:55:00.302Z,4.8524,125.1348,10,4.5,mb,32,85,2.247,0.53,us,us6000ld33,2023-12-09T22:00:43.040Z,"70 km SSW of Sarangani, Philippines",earthquake,5.08,1.894,0.118,21,reviewed,us,us
2023-09-29T20:25:53.951Z,-1.5266,126.4075,10,4.5,mb,50,59,2.476,0.74,us,us6000ld2z,2023-12-09T22:00:43.040Z,"75 km NE of Sanana, Indonesia",earthquake,5.83,1.89,0.093,36,reviewed,us,us
2023-09-28T14:00:45.428Z,-6.3631,130.1749,171.316,4.8,mb,50,96,1.848,0.55,us,us6000lbd8,2023-12-09T22:00:40.040Z,"296 km WSW of Tual, Indonesia",earthquake,10.2,7.492,0.062,80,reviewed,us,us
2023-09-28T11:16:43.476Z,-6.611,129.6152,146.025,4.6,mb,60,46,2.095,0.56,us,us6000lbcv,2023-12-09T22:00:40.040Z,"Banda Sea",earthquake,8.44,5.664,0.075,53,reviewed,us,us
2023-09-28T09:05:39.770Z,-2.8762,126.5562,11.046,4.9,mb,63,55,3.713,0.68,us,us6000lbby,2023-12-09T22:00:40.040Z,"110 km SE of Sanana, Indonesia",earthquake,7.41,3.766,0.084,58,reviewed,us,us
2023-09-28T08:29:31.078Z,-5.5574,104.4582,10.261,4.5,mb,18,172,1.912,0.49,us,us6000lcjs,2023-12-09T22:00:43.040Z,"90 km W of Bandar Lampung, Indonesia",earthquake,8.5,4.845,0.172,14,reviewed,us,us
2023-09-28T03:56:00.797Z,1.9903,97.4814,50.637,4.6,mb,28,137,0.688,0.48,us,us6000lcjm,2023-12-09T22:00:42.040Z,"47 km SW of Singkil, Indonesia",earthquake,6.98,3.114,0.173,10,reviewed,us,us
2023-09-27T22:32:59.631Z,-2.7226,128.7449,23.65,4.7,mb,61,51,2.13,0.62,us,us6000lb8b,2023-12-09T22:00:40.040Z,"68 km NNW of Masohi, Indonesia",earthquake,5.93,4.696,0.078,49,reviewed,us,us
2023-09-27T16:15:20.238Z,-3.3385,128.858,17.573,5,mb,114,44,1.573,0.63,us,us6000lb4e,2023-12-09T22:00:40.040Z,"6 km W of Amahai, Indonesia",earthquake,6.24,4.056,0.06,89,reviewed,us,us
2023-09-26T22:17:37.567Z,3.1467,126.9475,57.627,4.5,mb,31,120,2.396,0.67,us,us6000lbpg,2023-12-09T22:00:41.040Z,"196 km NW of Tobelo, Indonesia",earthquake,5.99,9.579,0.124,19,reviewed,us,us
2023-09-26T02:12:27.799Z,4.6957,127.4741,35,4.5,mb,18,133,7.572,0.36,us,us6000lbp3,2023-12-09T22:00:41.040Z,"233 km SE of Pondaguitan, Philippines",earthquake,12.58,1.938,0.145,14,reviewed,us,us
2023-09-26T01:39:43.416Z,4.7109,127.5053,94,5.9,mww,139,36,3.027,0.76,us,us7000ky3a,2023-12-09T22:00:45.040Z,"234 km SE of Pondaguitan, Philippines",earthquake,6.03,1.864,0.04,60,reviewed,us,us
2023-09-25T15:48:49.189Z,-6.928,130.0115,90.45,4.7,mb,60,49,2.393,0.77,us,us7000ky06,2023-12-09T22:00:45.040Z,"Banda Sea",earthquake,8.69,5.642,0.087,40,reviewed,us,us
2023-09-25T12:11:59.531Z,-6.7268,129.7261,171.147,4.5,mb,45,97,2.197,0.58,us,us7000kxz2,2023-12-09T22:00:45.040Z,"Banda Sea",earthquake,5.38,7.495,0.093,34,reviewed,us,us
2023-09-25T05:11:20.763Z,-7.1307,129.1247,177.076,4.8,mb,81,83,2.705,0.45,us,us7000kxxn,2023-12-09T22:00:45.040Z,"280 km ENE of Lospalos, Timor Leste",earthquake,10.4,5.118,0.061,82,reviewed,us,us
2023-09-24T01:27:34.795Z,1.9095,96.9269,33.273,5.2,mb,87,40,2.142,0.67,us,us7000kxr1,2023-12-09T22:00:44.040Z,"87 km SE of Sinabang, Indonesia",earthquake,8.8,4.108,0.052,123,reviewed,us,us
2023-09-22T14:59:16.325Z,-7.0623,129.7277,147,5.8,mww,91,28,2.529,0.67,us,us7000kxe7,2023-12-02T23:01:10.040Z,"Kepulauan Babar, Indonesia",earthquake,6.88,1.938,0.042,55,reviewed,us,us
2023-09-21T18:23:22.292Z,-6.2583,122.647,10.45,4.6,mb,50,49,3.135,0.87,us,us7000kx63,2023-12-02T23:01:09.040Z,"88 km S of Baubau, Indonesia",earthquake,7.51,4.443,0.089,38,reviewed,us,us
2023-09-21T09:32:04.928Z,-3.7983,140.239,48.933,4.5,mb,28,99,1.357,0.97,us,us6000lb2w,2024-01-18T20:56:17.129Z,"139 km SSW of Abepura, Indonesia",earthquake,7.23,8.29,0.145,16,reviewed,us,us
2023-09-21T04:07:05.613Z,0.2972,98.4256,29.383,4.6,mb,35,178,1.312,0.67,us,us7000kx1b,2023-12-02T23:01:09.040Z,"75 km ESE of Teluk Dalam, Indonesia",earthquake,10.97,6.951,0.119,21,reviewed,us,us
2023-09-19T12:16:33.480Z,-5.2663,103.6856,60.758,4.9,mb,96,53,1.157,0.41,us,us7000kwn2,2023-12-02T23:01:08.040Z,"southern Sumatra, Indonesia",earthquake,8.48,6.375,0.063,82,reviewed,us,us
2023-09-19T11:16:42.658Z,-3.5985,140.5826,50.632,4.5,mb,42,48,1.083,0.58,us,us7000kxes,2023-12-02T23:01:11.040Z,"110 km S of Abepura, Indonesia",earthquake,9.91,2.723,0.091,37,reviewed,us,us
2023-09-19T11:14:31.359Z,-8.6567,118.3208,143.567,4.5,mb,29,66,0.564,0.46,us,us7000kwmv,2023-12-02T23:01:08.040Z,"20 km SW of Dompu, Indonesia",earthquake,8.22,5.697,0.131,18,reviewed,us,us
2023-09-19T04:09:54.815Z,1.3177,128.1758,102.854,4.5,mb,30,96,0.974,0.49,us,us7000kxee,2023-12-02T23:01:10.040Z,"49 km SSE of Tobelo, Indonesia",earthquake,6.56,7.62,0.124,19,reviewed,us,us
2023-09-16T21:17:39.666Z,-0.4861,133.1929,10,5,mb,76,27,1.964,0.6,us,us7000kw8j,2023-11-18T22:29:35.040Z,"91 km ENE of Fef, Indonesia",earthquake,7.43,1.81,0.078,53,reviewed,us,us
2023-09-16T10:04:52.845Z,3.8828,126.2644,8.99,4.9,mb,57,85,3.239,0.58,us,us7000kw5u,2023-11-18T22:29:35.040Z,"190 km SSE of Sarangani, Philippines",earthquake,7.83,3.383,0.073,62,reviewed,us,us
2023-09-16T01:29:19.293Z,-5.8118,102.9512,31.44,4.8,mb,67,92,1.442,0.79,us,us7000kw4e,2023-11-18T22:29:35.040Z,"200 km S of Pagar Alam, Indonesia",earthquake,8.1,4.828,0.074,57,reviewed,us,us
2023-09-15T18:16:01.111Z,1.1311,126.3201,12.114,5,mb,138,44,1.106,0.81,us,us7000kw16,2023-11-18T22:29:35.040Z,"124 km WNW of Ternate, Indonesia",earthquake,5.65,3.536,0.054,124,reviewed,us,us
2023-09-14T06:19:35.578Z,-10.9865,113.3733,10,4.6,mb,19,125,2.616,0.49,us,us7000kwny,2023-11-18T22:29:35.040Z,"298 km S of Kencong, Indonesia",earthquake,9.5,1.938,0.173,10,reviewed,us,us
2023-09-13T05:34:33.417Z,-5.754,110.1746,650.655,5,mb,131,17,1.314,0.83,us,us7000kvfm,2023-11-18T22:29:33.040Z,"100 km NW of Batang, Indonesia",earthquake,7.34,5.56,0.042,179,reviewed,us,us
2023-09-12T15:01:14.691Z,-7.8116,120.5544,10,4.5,mb,40,50,2.891,0.93,us,us7000kvac,2023-11-18T22:29:33.040Z,"89 km N of Ruteng, Indonesia",earthquake,5.09,1.852,0.121,21,reviewed,us,us
2023-09-11T12:51:33.104Z,1.1246,127.4888,151,6,mww,128,22,0.371,0.89,us,us7000kv0k,2026-07-26T14:51:52.656Z,"38 km NNE of Ternate, Indonesia",earthquake,7.81,1.893,0.045,47,reviewed,us,us
2023-09-11T06:14:20.926Z,-3.0567,139.681,73.082,4.8,mb,79,66,1.154,0.48,us,us7000kuyu,2023-11-18T22:29:32.040Z,"117 km WSW of Abepura, Indonesia",earthquake,8.43,6.906,0.062,82,reviewed,us,us
2023-09-10T21:46:46.484Z,-6.6601,125.0518,10.554,4.5,mb,25,147,3.172,0.59,us,us7000kuw7,2023-11-18T22:29:32.040Z,"215 km N of Likisá, Timor Leste",earthquake,10.07,2.1,0.122,20,reviewed,us,us
2023-09-10T10:21:01.572Z,1.6239,127.0086,116.075,4.9,mb,83,63,0.919,0.59,us,us7000kusu,2023-11-18T22:29:32.040Z,"101 km NNW of Ternate, Indonesia",earthquake,6.68,4.196,0.045,159,reviewed,us,us
2023-09-10T07:13:04.437Z,2.5155,127.0783,57.368,4.5,mb,23,137,1.756,0.76,us,us7000kury,2023-11-18T22:29:32.040Z,"135 km NW of Tobelo, Indonesia",earthquake,11.26,9.572,0.128,20,reviewed,us,us
2023-09-10T05:42:40.635Z,2.3262,127.5239,87.377,4.9,mb,90,66,1.552,0.55,us,us7000kurm,2023-11-18T22:29:32.040Z,"85 km NW of Tobelo, Indonesia",earthquake,8.09,7.2,0.06,87,reviewed,us,us
2023-09-10T03:55:20.148Z,0.8842,97.0238,10,4.5,mb,29,152,0.691,0.75,us,us7000kvrg,2023-11-18T22:29:34.040Z,"79 km SW of Gunungsitoli, Indonesia",earthquake,6.1,1.903,0.171,10,reviewed,us,us
2023-09-09T17:30:59.692Z,1.6033,99.7384,172.239,4.5,mb,77,42,1.356,0.59,us,us7000kumr,2023-11-17T19:47:52.040Z,"49 km S of Bandar, Indonesia",earthquake,6.78,4.724,0.077,57,reviewed,us,us
2023-09-09T14:43:24.563Z,0.0018,119.7663,13,6,mww,103,47,1.498,0.99,us,us7000kulj,2024-10-09T13:30:45.734Z,"101 km N of Palu, Indonesia",earthquake,4.1,1.772,0.068,21,reviewed,us,us
2023-09-09T05:02:50.915Z,-7.3801,128.5175,151.225,4.7,mb,70,87,4.82,0.64,us,us7000kuiy,2023-11-17T19:47:51.040Z,"209 km NE of Lospalos, Timor Leste",earthquake,8.85,7.593,0.071,61,reviewed,us,us
2023-09-09T03:49:22.708Z,-6.1147,130.1955,119.454,4.5,mb,46,76,3.777,0.76,us,us7000kuip,2023-11-17T19:47:51.040Z,"288 km W of Tual, Indonesia",earthquake,7.8,6.603,0.097,31,reviewed,us,us
2023-09-09T00:06:14.503Z,-6.8316,116.5593,512.824,5.6,mww,178,26,2.321,0.54,us,us7000kufx,2023-11-17T19:47:51.040Z,"176 km NNE of Gili Air, Indonesia",earthquake,8.62,3.898,0.098,10,reviewed,us,us
2023-09-08T22:50:02.683Z,4.1863,126.1948,115.34,4.5,mb,60,110,2.929,0.42,us,us7000kvkc,2023-11-17T19:47:52.040Z,"157 km SSE of Sarangani, Philippines",earthquake,7.68,7.506,0.081,44,reviewed,us,us
2023-09-07T19:20:13.205Z,4.405,127.7487,130.486,5.1,mww,173,49,3.416,0.82,us,us7000ku0l,2023-11-17T19:47:50.040Z,"276 km ESE of Sarangani, Philippines",earthquake,7.55,5.16,0.093,11,reviewed,us,us
2023-09-06T23:53:14.584Z,-6.7386,129.5326,149.372,4.8,mb,75,65,4.66,0.43,us,us7000kttl,2023-11-17T19:47:50.040Z,"Banda Sea",earthquake,9.05,2.18,0.07,63,reviewed,us,us
2023-09-06T01:30:50.431Z,-6.5323,104.4164,35,4.8,mb,46,131,2.602,0.57,us,us7000ktjx,2023-11-17T19:47:49.040Z,"153 km SW of Bandar Lampung, Indonesia",earthquake,9.12,1.915,0.09,38,reviewed,us,us
2023-09-06T00:07:08.512Z,2.68,127.0446,48.8,4.9,mb,86,101,1.923,0.82,us,us7000ktjl,2023-11-17T19:47:49.040Z,"150 km NW of Tobelo, Indonesia",earthquake,7.31,5.94,0.07,64,reviewed,us,us
2023-09-05T14:58:03.819Z,2.5656,95.8459,23.817,5.1,mb,74,72,2.135,0.68,us,us7000ktee,2023-11-17T19:47:49.040Z,"60 km W of Sinabang, Indonesia",earthquake,7.41,4.292,0.072,62,reviewed,us,us
2023-09-05T08:38:50.653Z,-4.3075,102.1942,55.212,4.9,mb,59,48,0.761,0.62,us,us7000ktct,2023-11-17T19:47:49.040Z,"56 km S of Bengkulu, Indonesia",earthquake,7.66,5.886,0.083,45,reviewed,us,us
2023-09-05T04:30:28.509Z,-4.7134,131.0449,42.872,4.6,mb,36,59,2.149,0.73,us,us7000ktbp,2023-11-17T19:47:49.040Z,"214 km WNW of Tual, Indonesia",earthquake,8.31,7.118,0.119,21,reviewed,us,us
2023-09-05T04:12:27.842Z,5.6574,126.5287,78.2,4.7,mb,62,75,1.691,0.59,us,us7000ktbj,2023-11-17T19:47:49.040Z,"86 km SSE of Pondaguitan, Philippines",earthquake,7.28,5.185,0.075,55,reviewed,us,us
2023-09-04T09:11:16.954Z,2.1697,127.241,104.328,5,mb,81,73,1.394,0.78,us,us7000kt5c,2023-11-17T19:47:49.040Z,"98 km WNW of Tobelo, Indonesia",earthquake,4.69,5.548,0.055,106,reviewed,us,us
2023-09-04T08:08:55.811Z,-5.3795,101.969,31.992,4.5,mb,43,193,1.411,0.28,us,us7000kt53,2023-11-17T19:47:49.040Z,"177 km S of Bengkulu, Indonesia",earthquake,9.94,2.359,0.106,28,reviewed,us,us
2023-09-03T18:15:09.249Z,4.924,125.6615,109.192,4.7,mb,85,51,2.133,0.92,us,us7000kt1v,2023-11-17T19:47:49.040Z,"57 km SSE of Sarangani, Philippines",earthquake,7.87,6.029,0.064,75,reviewed,us,us
2023-09-03T16:16:19.716Z,-9.2868,121.8927,85.339,4.5,mb,34,81,2.388,0.76,us,us7000kt1g,2023-11-17T19:47:49.040Z,"55 km SSE of Ende, Indonesia",earthquake,7.99,6.533,0.104,27,reviewed,us,us
2023-09-01T18:25:38.566Z,0.764,95.83,18.915,4.8,mb,105,47,3.639,0.6,us,us7000ksqq,2023-11-04T21:36:14.040Z,"199 km SSW of Sinabang, Indonesia",earthquake,6.91,3.564,0.061,94,reviewed,us,us
2023-08-31T10:29:28.866Z,-9.4768,123.9031,47.151,5.4,mww,92,39,0.453,0.98,us,us7000ksbc,2023-11-04T21:36:03.040Z,"19 km NE of Naisano Dua, Indonesia",earthquake,7.35,4.95,0.093,11,reviewed,us,us
2023-08-30T02:17:06.984Z,-6.1023,103.9727,48.125,5,mb,71,46,3.26,0.9,us,us7000ks06,2025-01-05T02:08:35.152Z,"160 km WSW of Bandar Lampung, Indonesia",earthquake,9.63,5.807,0.076,56,reviewed,us,us
2023-08-29T22:38:01.454Z,-8.5178,118.3393,132.424,4.6,mb,50,78,0.636,0.59,us,us7000krzg,2023-11-04T21:35:48.040Z,"13 km W of Dompu, Indonesia",earthquake,8.16,5.067,0.088,38,reviewed,us,us
2023-08-29T04:34:42.790Z,-5.5578,129.9456,203,5.9,mww,135,21,3.485,0.56,us,us7000krr1,2023-11-04T21:35:44.040Z,"270 km SSE of Amahai, Indonesia",earthquake,7.59,1.88,0.052,36,reviewed,us,us
2023-08-28T20:08:06.461Z,-7.0269,117.2121,481.974,5.7,mb,130,23,1.874,0.72,us,us7000krk4,2023-11-04T21:35:42.040Z,"156 km N of Pototano, Indonesia",earthquake,9.21,5.134,0.043,192,reviewed,us,us
2023-08-28T20:06:53.008Z,-6.8165,116.6136,514.072,5.5,mb,92,36,2.306,0.66,us,us7000krn7,2023-11-04T21:35:42.040Z,"180 km NNE of Gili Air, Indonesia",earthquake,9.41,6.017,0.067,77,reviewed,us,us
2023-08-28T19:55:30.875Z,-6.7888,116.5211,500,7.1,mww,139,22,2.377,0.72,us,us7000krjx,2024-01-26T13:46:21.200Z,"180 km NNE of Gili Air, Indonesia",earthquake,9.04,1.928,0.037,70,reviewed,us,us
2023-08-28T17:59:16.946Z,4.3673,126.5051,28.833,5.3,mww,128,63,3.674,0.96,us,us7000krja,2023-11-04T21:35:41.040Z,"Pulau-Pulau Talaud, Indonesia",earthquake,8.36,3.35,0.071,19,reviewed,us,us
2023-08-28T15:39:39.366Z,-1.3489,133.9292,39.594,4.5,mb,39,72,2.292,0.99,us,us7000ksn4,2024-01-18T20:47:46.458Z,"32 km WNW of Ransiki, Indonesia",earthquake,9.39,7.878,0.111,24,reviewed,us,us
2023-08-28T05:23:51.659Z,-7.208,126.0944,448.877,4.6,mb,107,41,3.11,0.36,us,us7000krf8,2023-11-04T21:35:39.040Z,"144 km N of Manatutu, Timor Leste",earthquake,7.11,7.322,0.053,109,reviewed,us,us
2023-08-27T21:23:02.030Z,-6.0825,130.6393,62.66,4.7,mb,87,68,3.528,0.49,us,us7000krdy,2023-11-04T21:35:37.040Z,"239 km WSW of Tual, Indonesia",earthquake,9.17,6.235,0.065,72,reviewed,us,us
2023-08-27T13:29:53.818Z,-6.4582,129.9218,146.378,4.6,mb,41,91,4.212,0.92,us,us7000krca,2023-11-04T21:35:36.040Z,"Banda Sea",earthquake,9.11,5.97,0.091,36,reviewed,us,us
2023-08-26T22:45:29.540Z,0.886,121.9616,77.693,4.9,mb,101,31,1.201,0.54,us,us7000kr8m,2023-10-28T19:15:39.040Z,"Minahasa, Sulawesi, Indonesia",earthquake,7.15,5.77,0.057,96,reviewed,us,us
2023-08-26T11:16:24.977Z,-1.6289,126.4513,10,4.6,mb,34,81,2.554,0.46,us,us7000kr5y,2023-10-28T19:15:38.040Z,"70 km NE of Sanana, Indonesia",earthquake,7.64,1.887,0.098,32,reviewed,us,us
2023-08-25T06:32:19.813Z,-6.2006,130.5364,57.286,4.9,mb,63,85,3.68,0.69,us,us7000kqw6,2023-10-28T19:15:37.040Z,"253 km WSW of Tual, Indonesia",earthquake,8.92,7.362,0.077,53,reviewed,us,us
2023-08-22T18:37:57.181Z,3.3506,125.6998,60.685,4.5,mb,66,110,3.056,0.8,us,us7000kq5z,2023-10-28T19:15:34.040Z,"220 km NNE of Bitung, Indonesia",earthquake,7.81,8.208,0.076,58,reviewed,us,us
2023-08-21T22:55:34.489Z,-1.5295,126.4129,10,4.6,mb,68,59,2.477,0.54,us,us7000kpzi,2023-10-28T19:15:34.040Z,"75 km NE of Sanana, Indonesia",earthquake,3.68,1.866,0.073,55,reviewed,us,us
2023-08-21T14:55:01.113Z,2.7247,128.541,235.257,4.6,mb,60,58,2.267,0.6,us,us7000kpww,2023-10-28T19:15:33.040Z,"125 km NNE of Tobelo, Indonesia",earthquake,7.14,6.242,0.083,44,reviewed,us,us
2023-08-21T10:41:03.877Z,-3.3154,130.687,21.632,4.5,mb,42,57,1.608,0.61,us,us7000kpve,2023-10-28T19:15:33.040Z,"184 km WSW of Fakfak, Indonesia",earthquake,5.57,4.959,0.103,28,reviewed,us,us
2023-08-21T10:01:18.472Z,-7.4132,120.4887,515.398,5.2,mww,141,16,2.493,0.56,us,us7000kpuh,2023-10-28T19:15:33.040Z,"Flores Sea",earthquake,8.94,4.776,0.075,17,reviewed,us,us
2023-08-21T02:54:13.564Z,5.1078,127.4328,153.071,4.8,mb,87,84,2.683,0.64,us,us7000kps6,2023-10-28T19:15:33.040Z,"196 km SE of Pondaguitan, Philippines",earthquake,8.58,5.214,0.041,181,reviewed,us,us
2023-08-19T22:59:30.357Z,1.7638,128.8495,10,4.6,mb,37,108,1.78,0.42,us,us7000kpir,2023-10-27T21:39:04.040Z,"Halmahera, Indonesia",earthquake,7.31,1.604,0.109,25,reviewed,us,us
2023-08-18T12:49:36.949Z,-1.6699,134.6227,29.863,4.7,mb,33,71,2.677,0.71,us,us7000kp7m,2023-10-27T21:39:03.040Z,"53 km ESE of Ransiki, Indonesia",earthquake,9.73,5.708,0.071,61,reviewed,us,us
2023-08-18T04:33:49.981Z,0.2594,121.926,194.594,4.8,mb,82,47,1.423,0.93,us,us7000kp5v,2023-10-27T21:39:03.040Z,"Minahasa, Sulawesi, Indonesia",earthquake,6.94,1.83,0.068,68,reviewed,us,us
2023-08-17T13:16:05.381Z,4.3786,96.2924,10,4.6,mb,40,86,1.067,0.81,us,us7000kp06,2023-10-27T21:39:03.040Z,"31 km NE of Meulaboh, Indonesia",earthquake,5.72,1.873,0.11,25,reviewed,us,us
2023-08-17T04:28:48.151Z,-7.4965,105.5471,54.787,5.4,mww,146,43,2.085,0.65,us,us7000knxb,2023-10-27T21:39:02.040Z,"124 km WSW of Pelabuhanratu, Indonesia",earthquake,7.35,5.401,0.078,16,reviewed,us,us
2023-08-16T22:53:09.594Z,1.511,126.3738,55.646,4.6,mb,51,62,1.235,0.83,us,us7000knvy,2023-10-27T21:39:02.040Z,"137 km NW of Ternate, Indonesia",earthquake,8.62,3.922,0.087,39,reviewed,us,us
2023-08-16T02:30:54.088Z,4.4504,125.029,104.402,4.5,mb,29,83,2.659,1.07,us,us7000knl2,2023-10-27T21:39:02.040Z,"115 km SSW of Sarangani, Philippines",earthquake,8.28,5.624,0.118,21,reviewed,us,us
2023-08-15T12:12:11.397Z,-4.122,135.1603,10,4.5,mb,25,114,3.142,0.71,us,us6000l02q,2023-10-27T21:39:02.040Z,"92 km SSW of Nabire, Indonesia",earthquake,11.76,1.93,0.121,20,reviewed,us,us
2023-08-15T03:54:02.700Z,-8.3786,121.4462,173,5.5,mww,105,20,3.104,0.78,us,us6000l005,2023-10-27T21:39:01.040Z,"Flores region, Indonesia",earthquake,5.59,1.877,0.063,24,reviewed,us,us
2023-08-14T12:30:41.241Z,-7.5857,127.4938,163.756,4.5,mb,46,80,3.85,0.48,us,us6000kzuu,2023-10-27T21:39:01.040Z,"117 km NNE of Lospalos, Timor Leste",earthquake,8.62,7.666,0.084,41,reviewed,us,us
2023-08-12T18:28:31.968Z,-7.5463,127.6895,143.786,4.5,mb,63,74,4.033,0.71,us,us6000kzl4,2023-10-17T22:01:31.040Z,"132 km NE of Lospalos, Timor Leste",earthquake,7.71,6.624,0.081,49,reviewed,us,us
2023-08-12T13:20:17.303Z,-0.6518,121.2134,18.433,5,mww,66,61,1.606,1.07,us,us6000kzjx,2023-10-17T22:01:31.040Z,"96 km NNE of Poso, Indonesia",earthquake,5.67,3.537,0.073,18,reviewed,us,us
2023-08-11T04:47:40.128Z,-7.4501,128.2613,150.434,4.6,mb,56,68,3.336,0.59,us,us6000kz71,2023-10-17T22:01:30.040Z,"182 km NE of Lospalos, Timor Leste",earthquake,7.26,4.175,0.087,39,reviewed,us,us
2023-08-10T23:59:09.663Z,-0.1253,97.2984,10,4.5,mb,47,94,1.446,0.4,us,us6000kz5p,2023-10-17T22:01:29.040Z,"95 km SW of Teluk Dalam, Indonesia",earthquake,9.26,1.9,0.107,26,reviewed,us,us
2023-08-10T22:49:03.884Z,0.0989,97.3088,10,4.5,mb,33,180,1.226,0.55,us,us6000kz5i,2023-10-17T22:01:29.040Z,"76 km SW of Teluk Dalam, Indonesia",earthquake,8.42,1.903,0.131,17,reviewed,us,us
2023-08-10T22:15:50.126Z,3.7067,126.5118,28.542,4.6,mb,77,99,3.038,0.54,us,us6000kz5c,2023-10-17T22:01:29.040Z,"220 km SSE of Sarangani, Philippines",earthquake,5.11,5.168,0.07,61,reviewed,us,us
2023-08-10T08:25:03.376Z,-5.718,133.7809,10,4.6,mb,43,69,3.172,0.66,us,us6000kz11,2023-10-17T22:01:29.040Z,"114 km E of Tual, Indonesia",earthquake,7.18,1.805,0.103,31,reviewed,us,us
2023-08-10T07:37:56.638Z,-1.2482,136.7271,24.799,4.6,mb,40,76,4.168,0.69,us,us6000kz0y,2023-10-17T22:01:29.040Z,"72 km E of Biak, Indonesia",earthquake,7.34,5.114,0.085,42,reviewed,us,us
2023-08-10T06:58:37.889Z,-5.6391,133.8123,10,5.1,mww,72,40,3.119,0.57,us,us6000kz0u,2023-10-17T22:01:29.040Z,"117 km E of Tual, Indonesia",earthquake,7.04,1.843,0.062,25,reviewed,us,us
2023-08-10T06:14:43.901Z,0.7372,121.4877,87.663,4.9,mb,47,56,0.798,0.59,us,us6000kz0m,2023-10-17T22:01:29.040Z,"176 km W of Gorontalo, Indonesia",earthquake,7.17,6.563,0.076,55,reviewed,us,us
2023-08-10T03:11:17.501Z,4.0482,125.7234,124.686,4.7,mb,81,72,3.005,0.9,us,us6000kz05,2023-10-17T22:01:29.040Z,"152 km S of Sarangani, Philippines",earthquake,10.01,4.356,0.066,70,reviewed,us,us
2023-08-10T02:00:29.168Z,-5.761,131.4651,86.496,5.2,mww,144,51,1.982,0.68,us,us6000kyzq,2023-10-17T22:01:29.040Z,"143 km W of Tual, Indonesia",earthquake,7.93,4.714,0.073,18,reviewed,us,us
2023-08-10T01:29:27.251Z,4.2838,126.0748,137.507,4.5,mb,51,93,2.811,0.51,us,us6000kyzh,2023-10-17T22:01:29.040Z,"141 km SSE of Sarangani, Philippines",earthquake,9.04,7.417,0.089,37,reviewed,us,us
2023-08-09T23:26:01.647Z,-3.1166,101.1695,52.426,4.9,mb,87,66,2.169,0.48,us,us6000kyys,2023-10-17T22:01:29.040Z,"119 km SSW of Sungai Penuh, Indonesia",earthquake,8,5.818,0.069,66,reviewed,us,us
2023-08-09T23:18:35.870Z,-2.4641,101.1067,76.873,4.5,mb,75,41,2.637,0.44,us,us6000kyyq,2023-10-17T22:01:29.040Z,"55 km SW of Sungai Penuh, Indonesia",earthquake,7.1,4.859,0.074,54,reviewed,us,us
2023-08-08T15:30:54.712Z,-4.2168,101.9884,66.983,4.9,mb,80,76,0.975,0.65,us,us6000kyng,2023-10-17T22:01:28.040Z,"55 km SW of Bengkulu, Indonesia",earthquake,8.76,3.381,0.076,54,reviewed,us,us
2023-08-08T01:22:59.286Z,-9.6857,112.8598,35,4.9,mb,45,83,1.757,0.65,us,us6000kyjp,2023-10-17T22:01:27.040Z,"163 km S of Dampit, Indonesia",earthquake,7.72,1.879,0.09,40,reviewed,us,us
2023-08-07T08:06:05.310Z,1.8342,125.9571,10,4.5,mb,44,96,1.761,0.52,us,us7000knmn,2023-10-17T22:01:26.040Z,"101 km ENE of Bitung, Indonesia",earthquake,3.94,1.866,0.096,32,reviewed,us,us
2023-08-06T19:46:19.072Z,-9.6865,114.2165,43.84,4.5,mb,39,89,1.211,0.8,us,us6000l03r,2023-10-17T22:01:26.040Z,"139 km S of Muncar, Indonesia",earthquake,8.04,7.314,0.111,24,reviewed,us,us
2023-08-06T19:40:17.755Z,-9.6864,114.0638,42.764,4.9,mb,85,43,1.212,0.66,us,us6000kybj,2023-10-17T22:01:26.040Z,"141 km SSW of Muncar, Indonesia",earthquake,5.03,5.26,0.071,63,reviewed,us,us
2023-08-06T18:14:21.921Z,-8.322,116.7424,10,4.5,mb,30,67,1.139,0.94,us,us6000kyb6,2023-10-17T22:01:26.040Z,"21 km NNE of Labuan Lombok, Indonesia",earthquake,4.41,1.884,0.171,10,reviewed,us,us
2023-08-06T10:16:25.376Z,-1.0339,120.4428,10,4.8,mb,59,51,2.158,0.38,us,us6000ky97,2023-10-17T22:01:25.040Z,"52 km NW of Poso, Indonesia",earthquake,6.2,1.857,0.086,42,reviewed,us,us
2023-08-06T10:09:22.344Z,-1.0804,120.281,10,5.3,mww,60,62,2.234,0.73,us,us6000ky96,2023-10-17T22:01:25.040Z,"49 km ESE of Palu, Indonesia",earthquake,6.14,1.848,0.054,33,reviewed,us,us
2023-08-06T04:33:26.111Z,-1.0937,120.3249,10,4.7,mb,40,81,2.237,0.87,us,us6000l02z,2023-10-17T22:01:25.040Z,"54 km ESE of Palu, Indonesia",earthquake,4.38,1.876,0.11,27,reviewed,us,us
2023-08-06T01:44:34.949Z,-1.1715,120.2762,10,5.2,mww,76,46,2.323,0.73,us,us6000ky6z,2023-10-17T22:01:25.040Z,"53 km ESE of Palu, Indonesia",earthquake,6.63,1.806,0.058,29,reviewed,us,us
2023-08-05T04:15:59.319Z,-7.9279,107.2712,54.615,4.5,mb,38,63,0.596,1.24,us,us6000ky14,2023-10-07T21:38:58.040Z,"82 km SSW of Banjar, Indonesia",earthquake,7.25,1.448,0.127,19,reviewed,us,us
2023-08-04T22:17:49.483Z,-1.5439,126.4291,10,4.5,mb,39,79,2.484,0.51,us,us6000kzew,2023-10-07T21:39:01.040Z,"75 km NE of Sanana, Indonesia",earthquake,5.77,1.905,0.113,23,reviewed,us,us
2023-08-04T19:16:55.952Z,1.3184,97.0931,31.95,4.6,mb,61,60,0.483,0.62,us,us6000kxxy,2023-10-07T21:38:58.040Z,"58 km W of Gunungsitoli, Indonesia",earthquake,6.08,4.914,0.085,46,reviewed,us,us
2023-08-04T11:52:56.081Z,-0.2185,125.2527,58.816,4.7,mb,24,71,2.332,0.59,us,us6000kzeh,2023-10-07T21:39:01.040Z,"117 km SE of Modisi, Indonesia",earthquake,6.32,8.553,0.134,18,reviewed,us,us
2023-08-04T11:48:39.019Z,-0.2079,124.954,40,5.6,mww,100,41,2.334,0.8,us,us6000kxs1,2023-10-07T21:38:57.040Z,"92 km SE of Modisi, Indonesia",earthquake,6.82,1.939,0.063,24,reviewed,us,us
2023-08-04T08:50:37.922Z,-7.8026,133.2423,10,4.5,mb,14,80,4.651,0.97,us,us6000kze9,2023-10-07T21:39:01.040Z,"246 km SSE of Tual, Indonesia",earthquake,7.85,1.937,0.192,8,reviewed,us,us
2023-08-04T00:31:44.377Z,-6.1265,113.093,575.691,5.5,mww,122,56,2.555,0.63,us,us6000kxp7,2023-10-07T21:38:57.040Z,"109 km NNE of Bangkalan, Indonesia",earthquake,9.56,4.105,0.068,21,reviewed,us,us
2023-08-03T18:05:53.276Z,1.1104,120.2937,646.537,4.5,mb,110,46,0.488,0.68,us,us6000kxlu,2023-10-07T21:38:57.040Z,"228 km NNE of Palu, Indonesia",earthquake,6.99,6.116,0.051,110,reviewed,us,us
2023-08-03T08:19:21.832Z,2.8096,127.1677,21.798,4.7,mb,58,79,2.034,0.43,us,us6000kxi9,2023-10-07T21:38:57.040Z,"151 km NW of Tobelo, Indonesia",earthquake,5.04,5.39,0.071,63,reviewed,us,us
2023-08-03T05:39:19.365Z,2.9043,128.1377,184.607,4.5,mb,47,108,2.254,0.7,us,us6000kxgh,2023-10-07T21:38:57.040Z,"130 km N of Tobelo, Indonesia",earthquake,10.73,8.215,0.08,51,reviewed,us,us
2023-08-01T12:13:39.639Z,-7.4818,128.1559,150.068,4.9,mb,96,85,3.416,0.59,us,us6000kx17,2023-10-07T21:38:55.040Z,"171 km NE of Lospalos, Timor Leste",earthquake,7.75,6.733,0.051,121,reviewed,us,us
2023-07-31T07:17:37.526Z,-9.0757,123.652,86.794,4.5,mb,23,111,0.908,0.4,us,us6000kzd5,2023-10-07T21:39:01.040Z,"59 km NNW of Naisano Dua, Indonesia",earthquake,7.74,7.934,0.128,18,reviewed,us,us
2023-07-30T05:39:55.747Z,-6.7414,116.1172,531.126,4.7,mb,67,31,2.597,0.51,us,us6000kwmp,2024-01-18T20:35:42.031Z,"178 km N of Gili Trawangan, Indonesia",earthquake,11.03,6.647,0.083,44,reviewed,us,us
2023-07-29T11:19:09.875Z,1.4539,128.233,73.062,5,mww,98,102,1.1,0.69,us,us6000kwhp,2023-09-30T21:36:33.040Z,"39 km SE of Tobelo, Indonesia",earthquake,7.22,6.234,0.083,14,reviewed,us,us
2023-07-26T17:47:57.448Z,4.775,124.963,11.677,5.1,mb,91,63,2.361,0.57,us,us6000kvqq,2023-09-30T21:36:31.040Z,"88 km SW of Sarangani, Philippines",earthquake,7.47,3.796,0.045,158,reviewed,us,us
2023-07-26T16:20:32.336Z,-7.3328,121.9453,10,5,mww,109,49,3.172,0.55,us,us6000kvqb,2023-09-30T21:36:31.040Z,"145 km NNW of Maumere, Indonesia",earthquake,6.64,1.826,0.098,10,reviewed,us,us
2023-07-25T15:35:05.938Z,2.2525,126.8188,55.246,5.1,mb,115,73,1.569,0.82,us,us7000ki9d,2023-09-30T21:36:40.040Z,"144 km WNW of Tobelo, Indonesia",earthquake,6.73,5.731,0.044,165,reviewed,us,us
2023-07-25T13:56:24.795Z,-5.6108,110.1019,556.485,4.7,mb,124,26,2.75,0.65,us,us7000ki7m,2023-09-30T21:36:40.040Z,"117 km NW of Batang, Indonesia",earthquake,9.99,5.701,0.052,113,reviewed,us,us
2023-07-25T00:25:10.718Z,-9.0432,123.9238,87.512,5.6,mww,111,60,0.785,0.55,us,us7000ki3q,2023-09-30T21:36:39.040Z,"53 km WNW of Pante Makasar, Timor Leste",earthquake,5.66,3.214,0.053,34,reviewed,us,us
2023-07-24T04:36:59.696Z,0.8233,126.0798,35,4.5,mb,14,123,1.288,0.75,us,us6000kxa3,2023-09-30T21:36:35.040Z,"125 km ESE of Bitung, Indonesia",earthquake,8.81,1.784,0.171,10,reviewed,us,us
2023-07-23T12:33:29.354Z,-8.6271,111.1186,96.623,5.1,mb,80,44,1.706,0.6,us,us7000khss,2023-09-30T21:36:38.040Z,"Java, Indonesia",earthquake,7.19,5.556,0.052,120,reviewed,us,us
2023-07-23T06:02:50.442Z,2.6433,127.2759,93.124,4.5,mb,26,82,1.861,0.69,us,us7000khr9,2023-09-30T21:36:38.040Z,"129 km NW of Tobelo, Indonesia",earthquake,9.47,7.498,0.121,24,reviewed,us,us
2023-07-23T00:44:00.220Z,-4.8352,102.9967,67.921,4.5,mb,33,163,0.473,0.44,us,us6000kx1m,2023-09-30T21:36:34.040Z,"southern Sumatra, Indonesia",earthquake,9.22,2.838,0.127,18,reviewed,us,us
2023-07-22T16:51:48.516Z,-7.4543,128.1542,153.539,4.5,mb,42,85,3.393,0.94,us,us7000khn7,2023-09-28T21:34:12.040Z,"173 km NE of Lospalos, Timor Leste",earthquake,8.74,7.646,0.078,49,reviewed,us,us
2023-07-22T15:31:42.107Z,-3.2059,130.9006,31.693,4.5,mb,25,75,1.376,0.74,us,us6000kwvj,2023-09-28T21:33:21.040Z,"158 km WSW of Fakfak, Indonesia",earthquake,6.82,2.106,0.127,18,reviewed,us,us
2023-07-21T13:14:58.745Z,0.5371,126.2781,24.994,4.5,mb,34,104,1.113,0.8,us,us6000kw87,2023-09-28T21:33:16.040Z,"126 km WSW of Ternate, Indonesia",earthquake,6.11,5.846,0.113,24,reviewed,us,us
2023-07-21T13:13:26.035Z,0.4809,126.4911,56.277,4.6,mb,56,44,0.922,0.6,us,us7000khej,2023-09-28T21:34:04.040Z,"105 km WSW of Ternate, Indonesia",earthquake,4.97,6.071,0.061,82,reviewed,us,us
2023-07-21T08:10:13.817Z,-8.257,119.6531,157.132,4.9,mb,79,77,1.941,0.76,us,us7000khcr,2023-09-28T21:34:03.040Z,"36 km NW of Labuan Bajo, Indonesia",earthquake,7.04,5.742,0.068,68,reviewed,us,us
2023-07-21T03:40:21.120Z,-5.3791,102.0612,24.947,4.8,mb,47,62,1.348,0.79,us,us7000khbr,2023-09-28T21:34:02.040Z,"176 km S of Bengkulu, Indonesia",earthquake,7.01,4.518,0.1,31,reviewed,us,us
2023-07-21T00:33:27.200Z,-1.4541,126.4713,10,4.7,mb,46,70,2.385,0.69,us,us7000khaz,2023-09-28T21:34:01.040Z,"86 km NE of Sanana, Indonesia",earthquake,7.41,1.877,0.093,35,reviewed,us,us
2023-07-20T18:30:20.217Z,-1.4068,126.5605,10,4.7,mb,44,116,2.309,0.92,us,us7000kh75,2023-09-28T21:33:57.040Z,"96 km NE of Sanana, Indonesia",earthquake,3.08,1.869,0.1,30,reviewed,us,us
2023-07-20T18:10:17.313Z,-6.8104,129.7257,160.871,4.6,mb,29,93,2.28,0.5,us,us7000kh6q,2023-09-28T21:33:57.040Z,"Banda Sea",earthquake,6.36,9.096,0.107,26,reviewed,us,us
2023-07-20T16:35:45.198Z,-1.4963,126.4794,10,4.5,mb,45,82,2.421,0.82,us,us6000kw6h,2023-09-28T21:33:14.040Z,"83 km NE of Sanana, Indonesia",earthquake,5.84,1.302,0.097,34,reviewed,us,us
2023-07-20T15:19:06.897Z,0.661,126.3662,5.991,4.6,mb,77,50,1.006,0.54,us,us7000kh5t,2023-09-28T21:33:56.040Z,"114 km W of Ternate, Indonesia",earthquake,5.32,4.484,0.07,66,reviewed,us,us
2023-07-20T09:15:53.498Z,-1.3855,126.4777,10,4.5,mb,37,77,2.32,0.92,us,us7000kh32,2023-09-28T21:33:56.040Z,"92 km NE of Sanana, Indonesia",earthquake,7.02,1.276,0.118,21,reviewed,us,us
2023-07-20T08:54:38.600Z,-1.3518,126.6246,10,4.5,mb,36,126,6.334,0.46,us,us6000kw6a,2023-09-28T21:33:14.040Z,"Pulau-Pulau Sula, Indonesia",earthquake,10.23,1.902,0.112,25,reviewed,us,us
2023-07-20T03:31:32.945Z,-1.5687,126.4517,10,5.2,mww,61,68,2.498,0.85,us,us7000kh0v,2023-09-28T21:33:55.040Z,"75 km NE of Sanana, Indonesia",earthquake,3.61,1.822,0.08,15,reviewed,us,us
2023-07-19T23:08:07.513Z,3.1049,128.4342,214.209,4.9,mb,126,59,2.551,0.66,us,us7000kgzn,2023-09-28T21:33:53.040Z,"north of Halmahera, Indonesia",earthquake,7.87,5.177,0.054,107,reviewed,us,us
2023-07-19T15:18:48.527Z,-3.1814,139.7735,29.42,5.2,mww,143,25,1.14,0.56,us,us7000kgwn,2023-09-28T21:33:51.040Z,"115 km SW of Abepura, Indonesia",earthquake,6.89,3.782,0.098,10,reviewed,us,us
2023-07-19T10:47:52.976Z,-2.3594,122.6732,10,4.5,mb,25,74,1.313,0.39,us,us7000kgtp,2023-09-28T21:33:49.040Z,"156 km S of Luwuk, Indonesia",earthquake,4.87,1.876,0.136,16,reviewed,us,us
2023-07-19T08:55:21.844Z,-2.3162,122.7484,10,4.5,mb,28,53,1.266,0.79,us,us7000kgt0,2023-09-28T21:33:48.040Z,"150 km S of Luwuk, Indonesia",earthquake,6.98,1.903,0.164,12,reviewed,us,us
2023-07-19T00:52:30.051Z,-4.1432,129.3699,148.5,4.6,mb,38,58,0.653,0.83,us,us7000kgqf,2023-09-28T21:33:45.040Z,"101 km SSE of Amahai, Indonesia",earthquake,8.34,4.436,0.125,19,reviewed,us,us
2023-07-18T04:07:21.083Z,-7.8816,116.6576,10,4.8,mb,42,62,1.452,0.74,us,us7000kgih,2023-09-28T21:33:42.040Z,"68 km N of Labuan Lombok, Indonesia",earthquake,5.36,1.817,0.116,23,reviewed,us,us
2023-07-17T15:35:24.450Z,5.7772,124.0668,9,5.4,mww,89,86,1.977,0.55,us,us7000kgd7,2023-09-28T21:33:39.040Z,"49 km SW of Malisbeng, Philippines",earthquake,5.99,1.814,0.075,17,reviewed,us,us
2023-07-17T09:46:34.041Z,-1.5166,126.3639,10,5,mb,63,51,2.484,0.75,us,us7000kgbi,2023-09-28T21:33:36.040Z,"73 km NE of Sanana, Indonesia",earthquake,6.26,1.816,0.091,53,reviewed,us,us
2023-07-17T04:42:13.423Z,-1.5393,126.4716,10,5.6,mww,180,41,2.464,0.62,us,us7000kga2,2023-09-28T21:33:35.040Z,"79 km NE of Sanana, Indonesia",earthquake,6.17,1.69,0.078,16,reviewed,us,us
2023-07-17T04:07:28.851Z,-2.5092,140.0921,35,4.7,mb,43,61,0.61,0.62,us,us7000kg9y,2023-09-28T21:33:35.040Z,"60 km W of Abepura, Indonesia",earthquake,6.65,1.877,0.106,27,reviewed,us,us
2023-07-16T01:13:39.507Z,-1.5112,126.4061,10,4.9,mb,56,76,2.463,0.74,us,us7000kg1q,2023-09-28T21:33:22.040Z,"77 km NE of Sanana, Indonesia",earthquake,6.3,1.847,0.09,39,reviewed,us,us
2023-07-13T20:42:35.362Z,-7.1256,129.3139,82.614,4.6,mb,45,71,2.652,0.84,us,us7000kfjz,2023-09-16T19:16:14.040Z,"298 km ENE of Lospalos, Timor Leste",earthquake,8.99,2.621,0.09,37,reviewed,us,us
2023-07-13T09:11:56.097Z,-3.6915,140.1054,10,4.8,mb,55,99,1.312,0.61,us,us7000kfdc,2023-09-16T19:16:13.040Z,"134 km SSW of Abepura, Indonesia",earthquake,3.95,1.818,0.088,40,reviewed,us,us
2023-07-13T09:08:21.357Z,-3.7414,140.1675,10,4.7,mb,47,99,1.331,1.11,us,us7000kfdb,2023-09-16T19:16:13.040Z,"136 km SSW of Abepura, Indonesia",earthquake,5.8,1.764,0.099,31,reviewed,us,us
2023-07-12T21:41:11.029Z,-10.1666,118.7309,27.264,4.6,mb,52,94,1.63,0.74,us,us7000kf9t,2023-09-16T19:16:12.040Z,"98 km SW of Tambolaka, Indonesia",earthquake,7.37,5.533,0.09,37,reviewed,us,us
2023-07-12T20:50:57.160Z,2.9924,127.3139,44.178,4.8,mb,69,101,2.206,0.77,us,us7000kf9g,2023-09-16T19:16:12.040Z,"159 km NNW of Tobelo, Indonesia",earthquake,3.23,7.226,0.047,141,reviewed,us,us
2023-07-12T14:46:44.933Z,-10.3331,118.5836,27.143,4.5,mb,33,109,1.695,0.41,us,us7000kf4m,2023-09-16T19:16:11.040Z,"123 km SW of Tambolaka, Indonesia",earthquake,7.1,5.483,0.144,16,reviewed,us,us
2023-07-12T08:39:31.337Z,-10.1507,118.8415,16.765,5,mww,86,34,1.683,0.85,us,us7000kf1p,2023-09-16T19:16:11.040Z,"90 km SSW of Tambolaka, Indonesia",earthquake,5.87,3.13,0.075,17,reviewed,us,us
2023-07-11T20:39:50.089Z,0.6731,126.4335,6.863,4.5,mb,20,76,0.938,1.09,us,us7000kgum,2023-09-16T19:16:21.040Z,"106 km W of Ternate, Indonesia",earthquake,7.36,4.973,0.171,13,reviewed,us,us
2023-07-10T01:19:22.886Z,4.1732,95.8678,64.465,4.7,mb,79,88,1.502,0.54,us,us7000kgkz,2023-09-16T19:16:20.040Z,"28 km W of Meulaboh, Indonesia",earthquake,7.23,5.994,0.074,55,reviewed,us,us
2023-07-10T01:19:07.884Z,3.8315,96.0442,71.438,4.5,mb,34,143,1.654,0.48,us,us6000kr8u,2023-09-16T19:16:07.040Z,"35 km SSW of Meulaboh, Indonesia",earthquake,9.9,8.522,0.083,43,reviewed,us,us
2023-07-08T13:06:31.628Z,-5.7735,128.8695,308.516,4.5,mb,28,66,1.615,0.76,us,us6000kqyu,2023-09-09T21:54:59.040Z,"242 km SSE of Ambon, Indonesia",earthquake,8.82,7.138,0.127,18,reviewed,us,us
2023-07-08T06:06:57.824Z,-0.1285,125.2476,51.574,4.7,mb,60,48,2.3,0.93,us,us6000kqxx,2023-09-09T21:54:58.040Z,"110 km SE of Modisi, Indonesia",earthquake,3.53,7.692,0.081,47,reviewed,us,us
2023-07-07T20:27:29.756Z,-0.0824,126.5816,58.368,4.5,mb,38,66,3.927,0.71,us,us7000kfq8,2023-09-09T21:55:19.040Z,"116 km WNW of Labuha, Indonesia",earthquake,6.91,6.618,0.116,27,reviewed,us,us
2023-07-07T04:25:08.639Z,-2.4479,140.0781,22.617,4.9,mb,54,47,0.628,0.79,us,us6000kqmz,2023-09-09T21:54:54.040Z,"63 km WNW of Abepura, Indonesia",earthquake,7.45,3.964,0.057,96,reviewed,us,us
2023-07-06T17:13:19.399Z,-7.0119,129.4318,126.526,5.3,mww,121,31,2.518,0.76,us,us6000kqj5,2023-09-09T21:54:52.040Z,"Kepulauan Babar, Indonesia",earthquake,8.31,4.297,0.071,19,reviewed,us,us
2023-07-06T15:40:00.116Z,2.1477,122.6855,10,4.6,mb,39,83,2.164,0.92,us,us6000kqgg,2023-09-09T21:54:52.040Z,"182 km NNW of Gorontalo, Indonesia",earthquake,7.21,1.86,0.098,36,reviewed,us,us
2023-07-05T13:33:25.810Z,-7.872,105.8935,23.495,4.5,mb,32,112,1.788,0.95,us,us7000kfee,2023-09-09T21:55:14.040Z,"121 km SW of Pelabuhanratu, Indonesia",earthquake,5.16,5.554,0.128,18,reviewed,us,us
2023-07-05T12:07:12.579Z,0.0089,97.2079,10,5.1,mb,49,75,1.338,0.7,us,us7000kff3,2023-09-09T21:55:16.040Z,"91 km SW of Teluk Dalam, Indonesia",earthquake,10.04,1.884,0.096,35,reviewed,us,us
2023-07-05T12:06:52.969Z,-0.091,97.3276,10,4.8,mb,51,177,1.408,0.61,us,us6000kq79,2023-09-09T21:54:48.040Z,"90 km SW of Teluk Dalam, Indonesia",earthquake,9.34,1.908,0.093,36,reviewed,us,us
2023-07-05T07:31:28.961Z,-2.4256,120.9115,10,4.5,mb,25,83,2.312,0.9,us,us7000kfe1,2023-09-09T21:55:14.040Z,"66 km ENE of Masamba, Indonesia",earthquake,4.83,1.465,0.15,13,reviewed,us,us
2023-07-05T00:53:27.129Z,-0.1738,97.4082,17.015,4.5,mb,21,139,1.477,0.83,us,us7000kfdw,2023-09-09T21:55:14.040Z,"93 km SSW of Teluk Dalam, Indonesia",earthquake,10.87,4.674,0.181,9,reviewed,us,us
2023-07-03T18:50:58.924Z,-0.1117,97.2198,10,4.5,mb,42,97,1.45,0.65,us,us6000kpx2,2023-09-09T21:54:42.040Z,"99 km SW of Teluk Dalam, Indonesia",earthquake,5.29,1.87,0.128,18,reviewed,us,us
2023-07-03T12:40:05.262Z,-3.7202,140.1572,10,4.7,mb,38,102,1.316,0.53,us,us6000kpts,2023-09-09T21:54:41.040Z,"135 km SSW of Abepura, Indonesia",earthquake,7.48,1.782,0.085,42,reviewed,us,us
2023-07-03T10:20:25.701Z,5.8358,124.3778,35,4.8,mb,63,66,1.711,0.75,us,us6000kpt9,2023-09-09T21:54:40.040Z,"26 km SSW of Maitum, Philippines",earthquake,6.65,1.88,0.056,98,reviewed,us,us
2023-07-03T02:51:34.536Z,-3.7466,140.1181,13.794,5.4,mww,108,38,1.356,0.8,us,us6000kprr,2023-09-09T21:54:39.040Z,"139 km SSW of Abepura, Indonesia",earthquake,7.63,3.203,0.066,22,reviewed,us,us
2023-07-02T18:32:13.309Z,-0.0973,97.3263,10,4.7,mb,70,91,1.414,0.67,us,us6000kppr,2023-09-09T21:54:37.040Z,"91 km SW of Teluk Dalam, Indonesia",earthquake,4.49,1.866,0.075,54,reviewed,us,us
2023-07-02T18:17:23.260Z,0.009,97.2781,14.72,4.6,mb,34,173,1.32,0.83,us,us7000kew5,2023-09-09T21:55:08.040Z,"85 km SW of Teluk Dalam, Indonesia",earthquake,10.53,4.64,0.122,20,reviewed,us,us
2023-07-02T18:13:21.205Z,-0.1034,97.3302,19.818,5.1,mb,114,50,1.419,0.73,us,us6000kppk,2023-09-09T21:54:37.040Z,"Kepulauan Batu, Indonesia",earthquake,8.01,3.352,0.054,111,reviewed,us,us
2023-07-02T18:07:22.971Z,-3.6552,137.5595,10.653,4.5,mb,39,83,3.337,0.7,us,us7000kew8,2024-01-18T20:23:41.089Z,"218 km NNW of Agats, Indonesia",earthquake,3.91,4.536,0.108,25,reviewed,us,us
2023-07-02T13:19:37.033Z,-5.8879,132.0141,10,4.7,mb,38,76,2.501,0.51,us,us6000kpn7,2023-09-09T21:54:36.040Z,"86 km WSW of Tual, Indonesia",earthquake,7.99,1.879,0.093,35,reviewed,us,us
2023-07-01T18:50:36.354Z,-6.7413,103.8629,26.011,4.5,mb,46,148,2.532,0.79,us,us7000kemd,2023-09-08T14:18:43.040Z,"southwest of Sumatra, Indonesia",earthquake,6.32,5.252,0.104,27,reviewed,us,us
2023-07-01T18:44:15.889Z,-7.9093,117.6532,11.629,4.7,mb,50,71,0.92,0.6,us,us6000kphp,2023-09-08T14:18:33.040Z,"58 km NNE of Pototano, Indonesia",earthquake,4.92,4.014,0.1,35,reviewed,us,us
2023-07-01T13:21:14.797Z,-6.2265,125.1595,541.104,4.5,mb,51,66,3.616,0.47,us,us6000kpg1,2023-09-08T14:18:32.040Z,"261 km N of Likisá, Timor Leste",earthquake,11.5,8.167,0.072,56,reviewed,us,us
2023-06-30T12:57:42.414Z,-8.6478,110.0229,76.421,5.9,mww,159,41,1.641,0.84,us,us6000kp2e,2023-09-08T14:18:30.040Z,"82 km SSW of Bambanglipuro, Indonesia",earthquake,5.48,3.285,0.061,26,reviewed,us,us
2023-06-30T10:37:30.715Z,-0.5743,122.4631,10,4.9,mb,78,61,2.373,0.54,us,us6000kp1y,2023-09-08T14:18:29.040Z,"55 km NW of Luwuk, Indonesia",earthquake,6.79,1.476,0.078,54,reviewed,us,us
2023-06-30T10:29:49.017Z,3.3941,127.9104,102.912,4.7,mb,95,58,4.327,0.75,us,us6000kp1x,2023-09-08T14:18:29.040Z,"184 km N of Tobelo, Indonesia",earthquake,7.73,6.494,0.046,140,reviewed,us,us
2023-06-30T10:17:24.626Z,-7.0055,124.899,552.869,4.6,mb,100,41,2.803,0.55,us,us6000kp1u,2023-09-08T14:18:29.040Z,"180 km N of Maubara, Timor Leste",earthquake,10.85,7.929,0.053,107,reviewed,us,us
2023-06-30T02:00:38.549Z,-6.9487,129.4659,178.298,4.7,mb,47,54,2.45,0.74,us,us6000kp0n,2023-09-08T14:18:29.040Z,"Banda Sea",earthquake,8.82,5.701,0.1,31,reviewed,us,us
2023-06-29T13:52:38.833Z,5.6935,125.8156,120.851,4.6,mb,50,106,1.387,0.75,us,us6000knvp,2023-09-08T14:18:27.040Z,"31 km SE of Caburan, Philippines",earthquake,7.45,6.139,0.056,96,reviewed,us,us
2023-06-29T08:09:00.089Z,2.1059,126.5527,44.571,4.7,mb,72,99,5.853,0.61,us,us6000knub,2023-09-08T14:18:27.040Z,"167 km WNW of Tobelo, Indonesia",earthquake,7.66,7.204,0.05,136,reviewed,us,us
2023-06-27T16:55:19.240Z,-7.0553,129.9077,133.046,4.9,mb,96,31,2.516,0.65,us,us6000kngi,2023-09-08T14:18:23.040Z,"Kepulauan Babar, Indonesia",earthquake,7.71,3.663,0.051,124,reviewed,us,us
2023-06-27T13:32:55.741Z,-7.0095,105.1986,21.034,4.5,mb,24,87,2.473,0.84,us,us6000kqhe,2023-09-08T14:18:35.040Z,"98 km SW of Labuan, Indonesia",earthquake,9.96,5.523,0.15,14,reviewed,us,us
2023-06-26T10:12:36.013Z,2.1413,98.479,91.467,5.2,mb,109,44,0.707,0.74,us,us7000kb3y,2023-09-08T14:18:42.040Z,"55 km NW of Sibolga, Indonesia",earthquake,6.14,4.438,0.043,178,reviewed,us,us
2023-06-26T08:39:20.288Z,0.5158,126.3366,46.588,4.9,mb,80,71,3.886,0.52,us,us7000kb3n,2023-09-08T14:18:42.040Z,"120 km WSW of Ternate, Indonesia",earthquake,8.09,7.124,0.068,67,reviewed,us,us
2023-06-25T19:21:30.311Z,1.6379,126.6483,47.793,4.5,mb,27,96,4.702,0.75,us,us6000kq3e,2023-09-08T14:18:34.040Z,"124 km NW of Ternate, Indonesia",earthquake,4.4,7.774,0.11,24,reviewed,us,us
2023-06-24T10:05:58.253Z,-6.3554,130.1497,164.01,4.6,mb,67,50,1.837,0.69,us,us7000katd,2023-08-26T20:54:28.040Z,"299 km WSW of Tual, Indonesia",earthquake,8.72,7.389,0.067,68,reviewed,us,us
2023-06-23T11:30:55.228Z,-9.0684,112.6486,120.514,4.6,mb,57,106,1.601,0.57,us,us7000kaip,2023-08-26T20:54:27.040Z,"95 km S of Dampit, Indonesia",earthquake,4.66,7.816,0.085,41,reviewed,us,us
2023-06-23T06:42:56.359Z,2.6571,95.878,28.14,4.8,mb,47,185,2.164,0.52,us,us7000kai5,2023-08-26T20:54:27.040Z,"59 km WNW of Sinabang, Indonesia",earthquake,7.46,5.535,0.098,32,reviewed,us,us
2023-06-22T18:59:03.187Z,-4.0001,100.697,10,4.5,mb,42,177,2.281,0.97,us,us7000kaen,2023-08-26T20:54:27.040Z,"southwest of Sumatra, Indonesia",earthquake,8.82,1.916,0.108,25,reviewed,us,us
2023-06-22T09:53:09.576Z,-6.336,131.1564,60.901,4.6,mb,32,102,2.191,0.66,us,us7000kaai,2023-08-26T20:54:26.040Z,"193 km WSW of Tual, Indonesia",earthquake,7.91,7.135,0.112,24,reviewed,us,us
2023-06-20T08:56:39.756Z,-5.6173,131.0552,90.612,4.6,mb,27,111,1.58,0.81,us,us7000k9tq,2023-08-26T20:54:24.040Z,"Banda Sea",earthquake,8.82,6.864,0.128,18,reviewed,us,us
2023-06-20T08:39:17.895Z,-0.9713,98.6027,19.993,5.5,mww,142,40,2.482,0.77,us,us7000k9ti,2023-08-26T20:54:24.040Z,"160 km NW of Tuapejat, Indonesia",earthquake,6.81,3.356,0.093,11,reviewed,us,us
2023-06-20T07:44:51.362Z,-0.9601,98.4763,18.664,4.6,mb,46,93,2.423,0.56,us,us7000k9te,2023-08-26T20:54:24.040Z,"171 km NW of Tuapejat, Indonesia",earthquake,10.23,4.171,0.102,29,reviewed,us,us
2023-06-20T01:45:41.630Z,5.8912,126.3995,92.963,4.5,mb,49,110,1.427,0.74,us,us7000k9s2,2023-08-26T20:54:24.040Z,"57 km SSE of Pondaguitan, Philippines",earthquake,9.82,6.367,0.097,31,reviewed,us,us
2023-06-19T21:16:29.285Z,2.071,128.3152,92.57,4.8,mww,159,65,1.601,0.71,us,us7000k9pt,2023-08-26T20:54:24.040Z,"50 km NE of Tobelo, Indonesia",earthquake,6.65,4.56,0.098,10,reviewed,us,us
2023-06-19T16:17:50.341Z,5.4391,126.9515,11.668,4.6,mb,49,91,2.118,0.73,us,us7000k9mm,2023-08-26T20:54:23.040Z,"133 km SE of Pondaguitan, Philippines",earthquake,7.79,4.192,0.093,37,reviewed,us,us
2023-06-19T08:03:18.335Z,-0.171,125.0959,60.603,4.6,mb,43,90,2.456,0.43,us,us7000k9j3,2023-08-26T20:54:23.040Z,"Molucca Sea",earthquake,4.71,8.196,0.089,38,reviewed,us,us
2023-06-19T01:49:57.034Z,-0.1794,125.208,54.48,4.8,mb,67,39,2.356,0.82,us,us7000k9hf,2023-08-26T20:54:23.040Z,"110 km SE of Modisi, Indonesia",earthquake,6.87,7.093,0.065,74,reviewed,us,us
2023-06-18T17:57:44.521Z,-7.5792,127.6638,143.953,4.5,mb,71,50,3.766,0.66,us,us7000k9eg,2023-08-26T20:54:22.040Z,"Kepulauan Barat Daya, Indonesia",earthquake,8.16,5.56,0.082,43,reviewed,us,us
2023-06-18T04:29:34.195Z,1.8842,128.2345,116.374,4.5,mb,37,98,1.405,0.56,us,us6000kn8c,2023-08-26T20:54:16.040Z,"30 km NE of Tobelo, Indonesia",earthquake,8.69,2.856,0.11,24,reviewed,us,us
2023-06-17T23:11:28.583Z,2.6182,126.1509,55.789,4.6,mb,74,82,2.2,0.51,us,us7000k99m,2023-08-21T04:19:23.040Z,"172 km NE of Bitung, Indonesia",earthquake,7.44,2.52,0.071,60,reviewed,us,us
2023-06-16T09:06:39.341Z,-8.0178,122.9059,204.616,4.5,mb,15,130,0.902,0.2,us,us7000k8w2,2023-08-21T04:19:06.040Z,"101 km NE of Maumere, Indonesia",earthquake,10.85,6.674,0.156,12,reviewed,us,us
2023-06-15T01:09:55.814Z,-9.1792,123.9135,35,4.6,mb,60,49,8.008,0.7,us,us7000k8jp,2023-08-21T04:18:57.040Z,"48 km NNE of Naisano Dua, Indonesia",earthquake,9.34,1.847,0.094,34,reviewed,us,us
2023-06-14T18:08:51.141Z,3.5269,126.5868,49.776,4.5,mb,37,105,2.845,0.61,us,us7000k8gx,2023-08-21T04:18:55.040Z,"242 km SSE of Sarangani, Philippines",earthquake,12.56,7.606,0.108,25,reviewed,us,us
2023-06-14T09:09:39.834Z,-6.5253,131.2612,31.595,4.5,mb,23,139,2.405,0.85,us,us7000k8d3,2023-08-21T04:18:53.040Z,"192 km WSW of Tual, Indonesia",earthquake,8.47,2.065,0.14,15,reviewed,us,us
2023-06-12T09:08:40.639Z,-5.5934,104.1733,80.011,4.9,mb,86,64,1.724,0.52,us,us7000k7y6,2023-08-21T04:18:44.040Z,"115 km SW of Kotabumi, Indonesia",earthquake,7.8,2.548,0.066,73,reviewed,us,us
2023-06-12T03:17:03.935Z,-7.3151,130.1386,93.778,4.5,mb,45,71,2.784,0.79,us,us7000k7xe,2023-08-21T04:18:43.040Z,"Pulau Pulau Tanimbar, Indonesia",earthquake,7.78,5.847,0.099,30,reviewed,us,us
2023-06-11T21:26:34.288Z,5.6506,126.7573,10,4.5,mb,16,141,1.833,0.39,us,us7000k903,2023-08-21T04:19:10.040Z,"101 km SE of Pondaguitan, Philippines",earthquake,6.63,1.929,0.171,10,reviewed,us,us
2023-06-11T06:51:47.136Z,-2.9534,136.6526,42.782,5.2,mb,115,54,4.069,0.53,us,us7000k7s6,2023-08-21T04:18:39.040Z,"135 km ENE of Nabire, Indonesia",earthquake,5.47,5.885,0.047,148,reviewed,us,us
2023-06-11T06:36:19.506Z,-5.6791,102.9252,33.357,4.8,mb,69,68,1.31,0.49,us,us7000k7s1,2023-08-21T04:18:39.040Z,"186 km S of Pagar Alam, Indonesia",earthquake,7.19,5.273,0.082,51,reviewed,us,us
2023-06-11T01:42:28.899Z,-0.0302,123.0761,153.835,4.8,mb,71,52,1.05,1.01,us,us7000k7qq,2023-08-21T04:18:37.040Z,"62 km S of Gorontalo, Indonesia",earthquake,5.47,4.985,0.06,87,reviewed,us,us
2023-06-10T23:32:58.909Z,-6.6353,129.8513,153.318,4.5,mb,43,47,2.1,0.47,us,us7000k7pz,2023-08-12T17:15:17.040Z,"Banda Sea",earthquake,7.03,5.692,0.104,27,reviewed,us,us
2023-06-10T15:07:45.124Z,-5.5068,104.2986,78.3,4.6,mb,35,112,1.757,0.69,us,us7000k7n9,2023-08-12T17:15:16.040Z,"99 km SW of Kotabumi, Indonesia",earthquake,5.99,7.589,0.102,32,reviewed,us,us
2023-06-09T22:25:00.787Z,-2.8089,129.2529,10,4.6,mb,59,31,1.822,0.66,us,us7000k7je,2023-08-12T17:15:14.040Z,"62 km NNE of Masohi, Indonesia",earthquake,4.42,1.819,0.091,36,reviewed,us,us
2023-06-09T17:17:29.906Z,-1.2003,98.2138,10,4.6,mb,86,108,2.568,0.57,us,us7000k7gk,2023-08-12T17:15:13.040Z,"178 km WNW of Tuapejat, Indonesia",earthquake,7.92,1.837,0.072,64,reviewed,us,us
2023-06-09T10:47:58.168Z,2.6326,128.2532,100.834,4.5,mb,63,78,2.05,0.49,us,us7000k7bs,2023-08-12T17:15:12.040Z,"103 km NNE of Tobelo, Indonesia",earthquake,5.28,7.05,0.073,56,reviewed,us,us
2023-06-09T10:34:04.723Z,-2.8026,129.2057,10,4.9,mb,84,41,1.845,0.35,us,us7000k7bn,2023-08-12T17:15:11.040Z,"60 km NNE of Masohi, Indonesia",earthquake,5.97,1.866,0.064,77,reviewed,us,us
2023-06-09T02:24:15.285Z,-1.9529,125.687,10,4.7,mb,34,52,3.052,0.82,us,us7000k7a5,2023-08-12T17:15:11.040Z,"Pulau-Pulau Sula, Indonesia",earthquake,6.53,1.519,0.102,30,reviewed,us,us
2023-06-07T23:18:37.306Z,-8.0929,120.6452,10.365,4.7,mb,31,49,1.665,0.52,us,us7000k8f4,2023-08-12T17:15:21.040Z,"60 km NNE of Ruteng, Indonesia",earthquake,5.53,4.416,0.138,16,reviewed,us,us
2023-06-07T17:04:55.412Z,-8.8517,110.7921,18,5.6,mww,105,27,3.344,1.01,us,us7000k6xu,2023-08-12T17:15:07.040Z,"146 km S of Wonosari, Indonesia",earthquake,8.06,1.68,0.089,12,reviewed,us,us
2023-06-07T16:31:34.779Z,-5.5204,132.4481,28.685,4.6,mb,31,74,2.592,0.68,us,us7000k6xl,2023-08-12T17:15:07.040Z,"35 km WNW of Tual, Indonesia",earthquake,7.59,5.978,0.114,23,reviewed,us,us
2023-06-06T17:10:44.599Z,-4.8096,133.75,10,4.5,mb,19,70,2.402,1.1,us,us7000k87a,2023-08-12T17:15:19.040Z,"Near the south coast of Papua, Indonesia",earthquake,4.16,1.92,0.163,13,reviewed,us,us
2023-06-06T14:17:39.019Z,0.7602,126.3698,34.244,4.7,mb,78,55,0.997,0.74,us,us7000k6m9,2023-08-12T17:15:04.040Z,"112 km W of Ternate, Indonesia",earthquake,6.57,2.58,0.067,68,reviewed,us,us
2023-06-06T07:23:06.974Z,-7.651,107.0857,55.528,4.8,mb,59,44,0.59,0.7,us,us7000k6kz,2023-08-12T17:15:04.040Z,"63 km SW of Banjar, Indonesia",earthquake,6.14,4.579,0.079,49,reviewed,us,us
2023-06-05T13:08:49.180Z,-10.0963,118.7098,37.76,4.7,mb,51,99,1.561,0.77,us,us7000k6eg,2023-08-12T17:15:03.040Z,"93 km SW of Tambolaka, Indonesia",earthquake,7.54,6.182,0.096,33,reviewed,us,us
2023-06-04T14:55:27.476Z,1.6786,125.6479,104.227,4.9,mb,99,59,1.94,0.82,us,us7000k69i,2023-08-12T17:15:02.040Z,"Molucca Sea",earthquake,7,5.095,0.063,79,reviewed,us,us
2023-06-04T05:52:04.205Z,-3.0827,137.3178,52.249,5.1,mb,116,49,3.428,0.68,us,us7000k67k,2023-08-12T17:15:01.040Z,"Papua, Indonesia",earthquake,7.96,6.585,0.043,174,reviewed,us,us
2023-06-04T00:25:10.260Z,-6.8207,130.3819,114.92,5.2,mww,106,32,2.332,0.53,us,us7000k66c,2023-08-12T17:15:01.040Z,"293 km WSW of Tual, Indonesia",earthquake,7.79,5.094,0.093,11,reviewed,us,us
2023-06-03T17:06:26.803Z,-6.3651,130.3349,133.431,4.7,mb,82,67,1.88,0.88,us,us7000k64k,2023-08-05T22:07:54.040Z,"279 km WSW of Tual, Indonesia",earthquake,7.45,5.503,0.067,73,reviewed,us,us
2023-06-02T21:57:15.480Z,-6.517,127.7706,360.798,4.5,mb,63,55,2.905,0.61,us,us7000k5xa,2023-08-05T22:07:49.040Z,"237 km NNE of Lospalos, Timor Leste",earthquake,8.73,7.086,0.076,51,reviewed,us,us
2023-06-02T21:40:14.029Z,4.809,125.4626,10,4.6,mb,52,87,2.249,0.5,us,us7000k5x7,2023-08-05T22:07:49.040Z,"65 km S of Sarangani, Philippines",earthquake,7.04,1.901,0.071,59,reviewed,us,us
2023-06-02T14:16:31.599Z,1.8388,99.4829,157.081,4.9,mb,113,48,1.979,0.61,us,us7000k5si,2023-08-05T22:07:47.040Z,"37 km SW of Bandar, Indonesia",earthquake,7.05,5.577,0.045,158,reviewed,us,us
2023-06-01T21:38:56.071Z,5.2849,125.979,138.988,4.5,mb,69,66,1.817,0.52,us,us7000k5ly,2023-08-05T22:07:45.040Z,"58 km ESE of Sarangani, Philippines",earthquake,8.86,5.778,0.074,54,reviewed,us,us
2023-05-31T21:56:38.078Z,-3.6262,128.2527,117.6,5.2,mww,219,17,1.873,0.63,us,us7000k5db,2023-08-05T22:07:43.040Z,"10 km NE of Ambon, Indonesia",earthquake,6.65,4.002,0.066,22,reviewed,us,us
2023-05-31T00:58:41.379Z,-0.8752,98.673,21.087,5.1,mb,130,41,2.427,0.65,us,us7000k54v,2024-01-18T20:02:27.894Z,"163 km NW of Tuapejat, Indonesia",earthquake,7.67,3.828,0.055,106,reviewed,us,us
2023-05-29T13:52:52.089Z,-7.6392,128.669,85.381,4.6,mb,47,48,3.331,0.68,us,us7000k4s8,2023-08-05T22:07:38.040Z,"208 km ENE of Lospalos, Timor Leste",earthquake,8.15,6.865,0.094,34,reviewed,us,us
2023-05-27T19:36:36.278Z,-6.1218,130.444,156.111,4.9,mww,80,56,1.677,0.62,us,us7000k4i5,2023-07-29T22:00:44.040Z,"Banda Sea",earthquake,7.77,5.657,0.089,12,reviewed,us,us
2023-05-26T21:34:01.380Z,-5.0782,131.2423,61.254,4.5,mb,35,50,1.443,0.81,us,us7000k4cm,2023-07-29T22:00:43.040Z,"178 km WNW of Tual, Indonesia",earthquake,4.86,7.961,0.128,18,reviewed,us,us
2023-05-25T22:37:56.280Z,1.2905,97.0344,25.721,4.7,mb,57,89,0.541,0.66,us,us7000k446,2023-07-29T22:00:38.040Z,"64 km W of Gunungsitoli, Indonesia",earthquake,8.98,4.055,0.082,45,reviewed,us,us
2023-05-25T12:21:06.765Z,-7.9128,123.1573,10,4.7,mww,55,52,1.159,0.71,us,us7000k3vw,2023-07-29T22:00:37.040Z,"130 km NE of Maumere, Indonesia",earthquake,6.58,0.528,0.098,10,reviewed,us,us
2023-05-25T00:08:27.420Z,1.1724,126.3169,10,4.6,mb,57,82,1.123,0.47,us,us7000k3n0,2023-07-29T22:00:35.040Z,"126 km WNW of Ternate, Indonesia",earthquake,5.59,1.766,0.083,43,reviewed,us,us
2023-05-24T19:57:24.621Z,-9.2785,114.9566,80.202,4.6,mb,54,49,1.13,1.17,us,us7000k3l5,2023-07-29T22:00:35.040Z,"58 km SSW of Jimbaran, Indonesia",earthquake,5.02,5.169,0.092,35,reviewed,us,us
2023-05-24T15:49:34.402Z,-6.9484,129.5293,158,6.2,mww,289,23,2.439,0.59,us,us7000k3h5,2023-07-29T22:00:34.040Z,"Banda Sea",earthquake,7.21,1.818,0.042,54,reviewed,us,us
2023-05-24T00:44:07.040Z,5.6719,124.2704,17.872,5.2,mww,162,56,1.903,1.05,us,us7000k3d7,2023-07-29T22:00:32.040Z,"47 km SSW of Maitum, Philippines",earthquake,7.02,3.896,0.093,11,reviewed,us,us
2023-05-23T18:23:04.019Z,5.7164,124.5005,62.174,4.7,mb,92,76,1.719,0.73,us,us7000k3b3,2023-07-29T22:00:31.040Z,"33 km SW of Tambilil, Philippines",earthquake,3.41,6.943,0.061,87,reviewed,us,us
2023-05-23T17:41:47.893Z,-7.9393,115.2242,9.578,4.5,mb,28,57,1.185,0.49,us,us7000k501,2023-07-29T22:00:45.040Z,"24 km NE of Singaraja, Indonesia",earthquake,4.6,4.484,0.128,23,reviewed,us,us
2023-05-23T17:39:55.845Z,-2.9948,139.1775,42.145,4.5,mb,42,56,1.597,0.73,us,us7000k50b,2023-07-29T22:00:46.040Z,"167 km WSW of Abepura, Indonesia",earthquake,7.51,7.246,0.1,32,reviewed,us,us
2023-05-23T17:11:56.060Z,5.8038,124.5777,72.525,4.5,mb,100,43,1.604,0.61,us,us7000k3aq,2023-07-29T22:00:31.040Z,"20 km SSW of Tambilil, Philippines",earthquake,6.39,5.834,0.065,81,reviewed,us,us
2023-05-23T17:04:01.252Z,5.7587,124.5398,71.423,4.9,mb,168,64,1.662,0.66,us,us7000k3an,2023-07-29T22:00:31.040Z,"26 km SSW of Tambilil, Philippines",earthquake,7.49,5.746,0.047,154,reviewed,us,us
2023-05-23T15:04:55.574Z,3.0781,126.7467,48.463,5.1,mb,110,40,2.373,0.74,us,us7000k39d,2023-07-29T22:00:31.040Z,"204 km NW of Tobelo, Indonesia",earthquake,7.4,5.697,0.051,126,reviewed,us,us
2023-05-23T11:53:23.060Z,-10.1151,111.0585,10,4.5,mb,47,110,3.107,0.65,us,us7000k4zn,2023-07-29T22:00:45.040Z,"236 km SSW of Trenggalek, Indonesia",earthquake,5.76,1.699,0.099,32,reviewed,us,us
2023-05-22T21:50:01.085Z,3.0902,126.6613,35,4.5,mb,47,124,2.408,0.71,us,us7000k333,2023-07-29T22:00:29.040Z,"212 km NW of Tobelo, Indonesia",earthquake,6.32,1.919,0.089,37,reviewed,us,us
2023-05-22T15:48:57.845Z,-3.2314,139.8157,30.273,4.5,mb,42,54,1.138,0.71,us,us6000kdwu,2023-07-29T22:00:28.040Z,"114 km SW of Abepura, Indonesia",earthquake,6.68,4.137,0.097,31,reviewed,us,us
2023-05-22T04:45:20.438Z,-6.6092,129.2493,10,5.2,mww,130,26,2.173,0.57,us,us6000kdtd,2023-07-29T22:00:27.040Z,"Banda Sea",earthquake,6.44,1.725,0.069,20,reviewed,us,us
2023-05-22T03:00:54.709Z,3.1142,126.819,35,4.6,mb,49,109,2.39,0.79,us,us6000kdt0,2023-07-29T22:00:27.040Z,"202 km NW of Tobelo, Indonesia",earthquake,9.39,1.9,0.091,36,reviewed,us,us
2023-05-21T20:54:34.757Z,-1.0993,120.3773,36.481,4.7,mb,56,80,3.472,0.84,us,us6000kdri,2023-07-29T22:00:26.040Z,"53 km NW of Poso, Indonesia",earthquake,9.35,6.59,0.082,45,reviewed,us,us
2023-05-21T17:31:05.777Z,-1.0883,120.3466,49.159,4.8,mb,58,68,3.441,0.69,us,us6000kdq2,2023-07-29T22:00:26.040Z,"56 km NW of Poso, Indonesia",earthquake,8.35,6.171,0.089,39,reviewed,us,us
2023-05-19T18:15:58.427Z,1.6579,127.3691,133.607,4.5,mb,101,68,0.88,0.63,us,us6000kd8x,2023-07-24T01:15:46.040Z,"71 km W of Tobelo, Indonesia",earthquake,6.45,3.363,0.061,85,reviewed,us,us
2023-05-19T17:10:24.578Z,-0.2525,124.5073,59.557,4.6,mb,87,32,1.904,0.95,us,us6000kd8c,2023-07-24T01:15:48.040Z,"78 km S of Modisi, Indonesia",earthquake,4.06,6.982,0.066,80,reviewed,us,us
2023-05-19T12:14:07.178Z,1.4595,126.4928,46.303,4.8,mb,71,69,1.109,0.61,us,us6000kd56,2023-07-24T01:15:52.040Z,"123 km NW of Ternate, Indonesia",earthquake,7.38,6.652,0.05,122,reviewed,us,us
2023-05-17T15:29:19.988Z,-3.3239,135.3431,11.45,4.5,mb,37,54,3.116,0.48,us,us6000kcim,2023-07-24T01:16:24.040Z,"17 km WNW of Nabire, Indonesia",earthquake,8.92,4.149,0.105,27,reviewed,us,us
2023-05-16T03:19:52.806Z,-9.1708,124.3813,35,4.5,mb,15,123,2.184,0.82,us,us6000kc7h,2023-07-24T01:16:39.040Z,"3 km N of Pante Makasar, Timor Leste",earthquake,11.6,1.964,0.191,9,reviewed,us,us
2023-05-15T16:23:23.392Z,1.9536,126.7368,49.813,4.6,mb,41,87,1.332,0.55,us,us6000kc36,2023-07-24T01:16:46.040Z,"143 km W of Tobelo, Indonesia",earthquake,9.23,2.223,0.098,31,reviewed,us,us
2023-05-15T16:10:02.838Z,-0.1072,124.9618,59.505,4.8,mb,96,33,2.379,1.09,us,us6000kc33,2023-07-24T01:16:46.040Z,"85 km SE of Modisi, Indonesia",earthquake,7.14,6.07,0.066,71,reviewed,us,us
2023-05-14T15:32:20.510Z,0.4875,126.9209,122.433,5,mww,55,50,0.528,0.58,us,us6000kbvg,2023-07-24T01:16:57.040Z,"61 km WSW of Ternate, Indonesia",earthquake,7.71,5.415,0.08,15,reviewed,us,us
2023-05-14T13:58:18.051Z,-6.8932,129.5235,150.269,4.7,mb,38,95,2.386,0.64,us,us6000kbuy,2023-07-24T01:16:59.040Z,"Banda Sea",earthquake,9.95,7.714,0.082,45,reviewed,us,us
2023-05-14T08:19:04.928Z,-3.1255,128.952,21.057,4.5,mb,30,108,1.682,0.51,us,us6000kcvt,2023-07-24T01:17:03.040Z,"19 km N of Masohi, Indonesia",earthquake,7.13,5.78,0.121,22,reviewed,us,us
2023-05-14T06:13:52.805Z,-7.2326,124.5946,556.756,5.2,mww,84,39,2.527,0.5,us,us6000kbsi,2023-07-24T01:17:05.040Z,"166 km NNW of Maubara, Timor Leste",earthquake,10.51,5.964,0.098,10,reviewed,us,us
2023-05-13T19:16:46.120Z,5.8776,125.3675,90.915,4.9,mb,101,86,1.203,0.87,us,us6000kbqf,2023-07-22T19:17:19.040Z,"6 km NE of Kiupo, Philippines",earthquake,7.23,5.973,0.056,102,reviewed,us,us
2023-05-11T14:36:36.909Z,1.2029,97.0828,27.231,5,mb,56,119,0.503,0.88,us,us6000kb41,2023-07-22T19:16:46.040Z,"59 km W of Gunungsitoli, Indonesia",earthquake,7.6,5.525,0.069,67,reviewed,us,us
2023-05-10T10:48:06.869Z,-6.6579,104.7385,7.575,4.9,mb,58,71,2.891,1.29,us,us6000katt,2023-07-22T19:16:36.040Z,"124 km WSW of Labuan, Indonesia",earthquake,7.32,4.729,0.085,44,reviewed,us,us
2023-05-10T10:03:32.989Z,-6.537,104.7185,45.195,4.6,mb,19,114,2.785,0.75,us,us6000kc23,2023-07-22T19:17:21.040Z,"124 km W of Labuan, Indonesia",earthquake,12.55,8.66,0.157,12,reviewed,us,us
2023-05-10T04:24:47.542Z,-6.5679,104.7998,19.579,5.1,mww,73,43,2.86,0.68,us,us6000kasa,2023-07-22T19:16:34.040Z,"115 km W of Labuan, Indonesia",earthquake,6.97,3.545,0.093,11,reviewed,us,us
2023-05-09T22:21:28.267Z,-4.0089,134.8916,13.996,4.6,mb,43,53,2.851,0.55,us,us6000kbg2,2023-07-22T19:17:08.040Z,"98 km SW of Nabire, Indonesia",earthquake,8.01,5.164,0.107,26,reviewed,us,us
2023-05-09T12:46:56.334Z,-4.7125,133.8773,10,4.7,mb,41,133,2.411,0.4,us,us6000kakw,2024-01-18T19:55:33.481Z,"160 km NE of Tual, Indonesia",earthquake,8.75,1.888,0.1,32,reviewed,us,us
2023-05-09T00:13:25.956Z,2.1855,125.9771,78.766,4.5,mb,73,98,1.975,0.61,us,us6000kai1,2023-07-22T19:16:27.040Z,"125 km NE of Bitung, Indonesia",earthquake,9.62,6.198,0.065,70,reviewed,us,us
2023-05-08T02:57:04.529Z,5.7168,127.2145,35,4.5,mb,34,122,2.109,0.7,us,us6000kbe8,2023-07-22T19:17:02.040Z,"135 km ESE of Pondaguitan, Philippines",earthquake,9.57,1.932,0.108,25,reviewed,us,us
2023-05-07T21:58:27.114Z,0.9141,126.1256,35,4.9,mb,135,42,1.249,0.59,us,us6000ka9r,2023-07-22T19:16:19.040Z,"125 km ESE of Bitung, Indonesia",earthquake,6.83,1.841,0.054,106,reviewed,us,us
2023-05-07T15:48:34.069Z,0.831,126.124,36.549,4.7,mb,43,62,1.244,1.1,us,us6000ka8q,2023-07-22T19:16:18.040Z,"129 km ESE of Bitung, Indonesia",earthquake,5.27,6.494,0.086,41,reviewed,us,us
2023-05-06T19:46:24.412Z,-6.1787,129.1515,244.917,4.5,mb,49,101,1.808,0.87,us,usd000jl9q,2023-07-15T22:11:10.040Z,"294 km SSE of Ambon, Indonesia",earthquake,9.1,7.131,0.104,27,reviewed,us,us
2023-05-06T19:38:58.358Z,2.3453,126.7916,53.379,4.8,mb,61,111,1.665,0.87,us,usd000jl9n,2023-05-06T20:53:05.040Z,"Molucca Sea",earthquake,7.65,6.992,0.053,112,reviewed,us,us
2023-05-06T19:38:56.372Z,2.3479,126.7295,35,4.8,mb,118,61,1.69,0.6,us,us6000ka2x,2023-07-15T22:10:11.040Z,"158 km WNW of Tobelo, Indonesia",earthquake,6.95,1.836,0.046,152,reviewed,us,us
2023-05-05T11:44:06.394Z,-7.2201,120.1721,581.478,5,mww,96,35,2.231,0.57,us,us6000k9qy,2023-07-15T22:09:51.040Z,"Flores Sea",earthquake,8.75,6.011,0.093,11,reviewed,us,us
2023-05-04T21:43:09.301Z,-0.9139,123.3579,10,4.5,mb,20,71,0.6,0.37,us,us6000kaun,2023-07-15T22:10:23.040Z,"63 km E of Luwuk, Indonesia",earthquake,4.62,1.475,0.163,11,reviewed,us,us
2023-05-04T14:22:04.762Z,-10.6627,121.6641,11.499,4.5,mb,19,105,2.092,0.85,us,us6000kauj,2023-07-15T22:10:23.040Z,"151 km W of Baa, Indonesia",earthquake,6.33,3.554,0.145,14,reviewed,us,us
2023-05-03T06:15:53.338Z,-3.6848,128.6711,118.911,4.8,mww,79,38,1.485,0.71,us,us7000jxpg,2023-07-15T22:11:02.040Z,"Seram, Indonesia",earthquake,3.79,4.974,0.089,12,reviewed,us,us
2023-05-03T01:23:05.737Z,3.4003,125.9293,105.349,5.2,mww,96,77,2.98,0.81,us,us7000jxmj,2023-07-15T22:10:58.040Z,"227 km SSE of Sarangani, Philippines",earthquake,7.36,1.261,0.075,17,reviewed,us,us
2023-05-02T22:56:27.189Z,-5.1975,102.4123,37.744,4.5,mb,47,63,0.992,0.65,us,us6000kael,2023-07-15T22:10:16.040Z,"southern Sumatra, Indonesia",earthquake,6.82,6.912,0.106,26,reviewed,us,us
2023-05-02T01:21:41.075Z,-0.379,132.564,42.58,4.6,mb,40,117,1.386,0.86,us,us7000jxfh,2023-07-15T22:10:49.040Z,"49 km NNE of Fef, Indonesia",earthquake,7.53,7.45,0.109,25,reviewed,us,us
2023-04-30T16:29:01.489Z,1.3426,126.2937,19.922,5.2,mb,71,85,1.213,0.78,us,us7000jx7c,2023-07-15T22:10:39.040Z,"Molucca Sea",earthquake,7.93,4.082,0.043,181,reviewed,us,us
2023-04-30T04:07:41.637Z,-10.791,113.4291,10,4.5,mb,32,123,2.414,1.04,us,us7000jx3k,2023-07-15T22:10:32.040Z,"276 km SSW of Gambiran Satu, Indonesia",earthquake,6.87,1.464,0.18,10,reviewed,us,us
2023-04-30T01:26:33.556Z,-4.7849,133.8681,10,4.6,mb,39,78,2.459,0.95,us,us7000jx30,2023-07-15T22:10:32.040Z,"154 km NE of Tual, Indonesia",earthquake,5.98,1.886,0.093,34,reviewed,us,us
2023-04-29T22:37:57.171Z,-4.9445,133.8131,10,5.1,mb,67,51,2.546,0.63,us,us7000jx29,2023-07-11T01:44:55.040Z,"139 km ENE of Tual, Indonesia",earthquake,8.3,1.826,0.061,89,reviewed,us,us
2023-04-29T02:23:04.462Z,-4.8221,133.8587,10,4.5,mb,34,62,2.48,0.5,us,us7000jwvd,2023-07-11T01:44:52.040Z,"151 km NE of Tual, Indonesia",earthquake,6.54,1.855,0.14,15,reviewed,us,us
2023-04-28T20:46:34.214Z,2.5502,96.6329,35.487,4.8,mb,85,66,2.293,0.57,us,us7000jwt8,2023-07-11T01:45:17.040Z,"Simeulue, Indonesia",earthquake,7.78,6.176,0.062,87,reviewed,us,us
2023-04-28T20:38:30.350Z,-8.7232,118.9843,115.551,4.9,mww,137,63,1.198,0.85,us,us7000jwt6,2023-07-11T01:45:35.040Z,"Sumbawa region, Indonesia",earthquake,5.15,4.526,0.098,10,reviewed,us,us
2023-04-28T18:12:51.350Z,-4.7811,133.9484,10,5.5,mww,134,23,2.509,1.03,us,us7000jws2,2023-07-11T01:44:51.040Z,"162 km NE of Tual, Indonesia",earthquake,6.3,1.78,0.048,42,reviewed,us,us
2023-04-28T09:19:52.655Z,-4.775,133.8946,10,5.7,mww,114,43,2.469,0.39,us,us7000jwl9,2023-07-11T01:44:49.040Z,"157 km NE of Tual, Indonesia",earthquake,6.62,1.839,0.051,37,reviewed,us,us
2023-04-27T14:56:54.089Z,3.2052,98.5528,10,4.6,mb,34,89,2.126,0.68,us,us7000jwan,2023-07-11T01:44:46.040Z,"5 km ENE of Berastagi, Indonesia",earthquake,7.54,1.831,0.095,33,reviewed,us,us
2023-04-26T20:43:02.390Z,-0.7335,98.591,25.639,5.1,mb,89,44,2.264,0.84,us,us7000jw4k,2023-07-11T01:45:06.040Z,"168 km SSE of Teluk Dalam, Indonesia",earthquake,8.1,3.865,0.057,100,reviewed,us,us
2023-04-26T06:34:03.114Z,4.5264,95.1193,68.432,4.6,mb,40,138,1.95,0.44,us,us7000jvyr,2023-07-11T01:45:27.040Z,"114 km SSW of Banda Aceh, Indonesia",earthquake,4.69,8.155,0.103,28,reviewed,us,us
2023-04-26T02:56:25.756Z,4.7731,95.4679,82.536,4.9,mb,65,90,1.542,0.58,us,us7000jvxv,2023-07-11T01:45:30.040Z,"86 km S of Banda Aceh, Indonesia",earthquake,7.7,6.176,0.072,60,reviewed,us,us
2023-04-25T18:55:46.217Z,-4.0017,134.092,24.048,4.7,mb,98,38,2.131,0.52,us,us7000jvv0,2023-07-11T01:45:05.040Z,"171 km WSW of Nabire, Indonesia",earthquake,3.66,4.623,0.063,84,reviewed,us,us
2023-04-24T22:19:15.925Z,-0.9345,98.5221,21.352,5,mb,121,47,2.416,0.47,us,us7000jvnk,2023-07-11T01:45:04.040Z,"169 km NW of Tuapejat, Indonesia",earthquake,6.68,4.221,0.06,89,reviewed,us,us
2023-04-24T20:00:57.265Z,-0.8082,98.5112,34,7.1,mww,131,34,2.297,0.7,us,us7000jvl3,2023-07-11T01:45:09.040Z,"171 km SSE of Teluk Dalam, Indonesia",earthquake,7.37,1.785,0.062,25,reviewed,us,us
2023-04-24T11:35:44.675Z,-4.889,102.968,66.805,4.7,mb,67,61,0.525,0.51,us,us6000k6ra,2023-07-11T01:45:26.040Z,"100 km SSW of Pagar Alam, Indonesia",earthquake,8.51,5.169,0.074,55,reviewed,us,us
2023-04-24T02:59:00.588Z,2.3989,126.7428,54.445,4.5,mb,37,84,1.732,0.51,us,us7000jwpv,2024-01-18T19:51:15.734Z,"159 km WNW of Tobelo, Indonesia",earthquake,5.34,7.894,0.121,20,reviewed,us,us
2023-04-23T21:28:31.437Z,3.3968,126.6947,35,4.6,mb,55,83,2.693,0.64,us,us6000k6lr,2023-07-11T01:45:10.040Z,"235 km NW of Tobelo, Indonesia",earthquake,5.93,1.753,0.097,35,reviewed,us,us
2023-04-23T02:45:17.731Z,2.712,127.0354,44.359,4.5,mb,33,121,1.956,0.71,us,us6000k6hg,2023-07-11T01:45:21.040Z,"153 km NW of Tobelo, Indonesia",earthquake,9.16,8.042,0.115,23,reviewed,us,us
2023-04-23T02:34:12.484Z,2.7519,127.1388,52.985,4.6,mb,34,93,1.98,0.86,us,us7000jwnl,2023-07-11T01:45:23.040Z,"148 km NW of Tobelo, Indonesia",earthquake,4.44,6.867,0.107,27,reviewed,us,us
2023-04-22T23:33:52.510Z,-0.8016,98.6029,18.401,5.2,mww,198,48,2.33,0.6,us,us6000k6gl,2023-07-03T02:46:36.040Z,"170 km W of Pariaman, Indonesia",earthquake,7.54,3.561,0.093,11,reviewed,us,us
2023-04-22T23:11:15.197Z,-1.0392,98.3974,16.274,4.7,mb,62,69,2.468,0.57,us,us6000k6gg,2023-07-03T02:46:36.040Z,"Kepulauan Mentawai region, Indonesia",earthquake,8.27,4.129,0.087,40,reviewed,us,us
2023-04-22T22:23:56.050Z,-0.8863,98.7009,22.933,4.6,mb,75,50,2.449,0.67,us,us6000k6ga,2023-07-03T02:46:36.040Z,"160 km NW of Tuapejat, Indonesia",earthquake,7,4.075,0.075,53,reviewed,us,us
2023-04-22T21:20:55.405Z,-0.8598,98.5035,22.72,5.2,mb,54,176,2.341,0.46,us,us7000jwml,2023-07-03T02:46:37.040Z,"Kepulauan Batu, Indonesia",earthquake,10.85,5.524,0.115,25,reviewed,us,us
2023-04-22T21:17:47.741Z,-0.9402,98.4892,20,5.7,mww,138,53,2.409,0.75,us,us6000k6fs,2023-07-03T02:46:37.040Z,"171 km NW of Tuapejat, Indonesia",earthquake,6.9,1.757,0.06,27,reviewed,us,us
2023-04-22T17:09:44.703Z,-0.7618,98.5942,21,5.8,mww,192,29,2.291,0.81,us,us6000k6eh,2024-01-18T19:50:44.754Z,"170 km W of Pariaman, Indonesia",earthquake,7.24,1.793,0.054,33,reviewed,us,us
2023-04-22T10:15:15.511Z,-2.0062,125.9262,10,4.9,mb,66,70,3.113,0.83,us,us6000k6cc,2023-07-03T02:46:41.040Z,"8 km NW of Sanana, Indonesia",earthquake,6.8,1.864,0.061,88,reviewed,us,us
2023-04-22T09:15:53.309Z,-5.3494,125.6371,13.712,5.5,mww,97,38,4.33,0.52,us,us6000k6c4,2023-07-03T02:46:41.040Z,"Banda Sea",earthquake,7.16,4.171,0.052,35,reviewed,us,us
2023-04-22T08:28:59.682Z,-5.2695,125.5677,10,5,mb,27,63,4.384,0.94,us,us7000jwm9,2024-01-18T19:50:41.673Z,"Banda Sea",earthquake,7.48,1.872,0.151,14,reviewed,us,us
2023-04-22T08:23:42.033Z,-5.2611,125.585,4,6.2,mww,163,37,4.366,0.57,us,us6000k6ai,2023-07-03T02:46:42.040Z,"Banda Sea",earthquake,6.72,1.838,0.052,35,reviewed,us,us
2023-04-21T12:21:09.178Z,2.8045,127.1544,52.75,4.5,mb,37,116,2.03,0.63,us,us6000k628,2023-07-03T02:46:49.040Z,"152 km NW of Tobelo, Indonesia",earthquake,7.64,7.788,0.103,29,reviewed,us,us
2023-04-21T11:16:00.928Z,2.8167,127.1418,48.8,4.8,mb,59,116,2.044,0.69,us,us6000k611,2023-07-03T02:46:50.040Z,"154 km NW of Tobelo, Indonesia",earthquake,7.46,6.739,0.072,60,reviewed,us,us
2023-04-21T10:21:13.132Z,2.7652,127.0501,21,5.9,mww,181,41,2.005,0.52,us,us6000k60j,2024-01-18T19:50:17.808Z,"156 km NW of Tobelo, Indonesia",earthquake,7.44,1.843,0.059,28,reviewed,us,us
2023-04-20T07:46:29.427Z,0.1413,123.574,147.691,4.7,mb,109,39,1.423,0.76,us,us6000k5pb,2023-07-03T02:47:02.040Z,"71 km SE of Gorontalo, Indonesia",earthquake,6.95,3.686,0.041,181,reviewed,us,us
2023-04-20T00:05:13.606Z,-3.9889,100.3129,16.199,4.5,mb,48,174,2.662,0.46,us,us6000k5mv,2023-07-03T02:47:04.040Z,"217 km W of Bengkulu, Indonesia",earthquake,9.55,5.47,0.098,31,reviewed,us,us
2023-04-19T14:06:17.945Z,-3.9924,100.315,10,4.9,mb,109,119,2.659,0.43,us,us6000k5jl,2023-07-03T02:47:08.040Z,"Kepulauan Mentawai region, Indonesia",earthquake,5.94,1.805,0.067,72,reviewed,us,us
2023-04-18T22:39:31.391Z,-3.7721,101.8354,61.569,4.5,mb,57,170,1.261,0.66,us,us6000k5eb,2023-07-03T02:47:14.040Z,"47 km W of Bengkulu, Indonesia",earthquake,9.05,8.21,0.086,40,reviewed,us,us
2023-04-17T14:04:26.132Z,-7.7411,127.1199,125.224,4.5,mb,60,72,3.458,0.79,us,us6000k525,2023-07-03T02:47:30.040Z,"87 km N of Lospalos, Timor Leste",earthquake,6.71,6.069,0.084,41,reviewed,us,us
2023-04-17T11:05:55.812Z,-4.8734,102.9421,62.556,5.1,mww,118,40,0.51,0.61,us,us6000k50n,2023-07-03T02:47:32.040Z,"99 km SSW of Pagar Alam, Indonesia",earthquake,7.37,4.621,0.086,13,reviewed,us,us
2023-04-17T07:58:19.944Z,-6.0145,111.8376,601.332,4.7,mb,121,52,1.727,0.41,us,us6000k4zy,2023-07-03T02:47:34.040Z,"86 km NNE of Lasem, Indonesia",earthquake,9.91,7.598,0.052,112,reviewed,us,us
2023-04-17T04:38:30.195Z,-8.2065,107.8663,54.354,4.7,mb,91,48,0.77,0.74,us,us6000k4z3,2023-07-03T02:47:36.040Z,"98 km SSW of Singaparna, Indonesia",earthquake,5.82,5.666,0.061,81,reviewed,us,us
2023-04-17T04:15:12.626Z,-3.9506,128.6734,150.808,4.5,mb,56,38,1.353,0.59,us,us6000k4z2,2023-07-03T02:47:36.040Z,"Seram, Indonesia",earthquake,7.16,5.944,0.094,33,reviewed,us,us
2023-04-15T15:07:07.600Z,-4.8305,102.9546,62.192,5.5,mww,172,65,0.467,0.78,us,us6000k4pf,2023-06-17T21:36:56.040Z,"94 km SSW of Pagar Alam, Indonesia",earthquake,6.11,3.977,0.073,18,reviewed,us,us
2023-04-14T18:18:40.082Z,5.8734,125.7475,193.701,4.6,mb,149,67,1.2,0.81,us,us6000k4ix,2023-06-17T21:36:55.040Z,"12 km ESE of Caburan, Philippines",earthquake,8.43,3.902,0.041,191,reviewed,us,us
2023-04-14T10:37:54.474Z,-6.0524,113.0021,578.05,5.4,mb,172,35,2.659,0.71,us,us6000k4bs,2023-06-17T21:36:52.040Z,"113 km NNE of Bangkalan, Indonesia",earthquake,9.61,6.835,0.036,263,reviewed,us,us
2023-04-14T09:55:45.220Z,-6.0413,112.0478,597,7,mww,203,31,1.885,0.71,us,us6000k49j,2023-06-27T06:16:48.251Z,"Java, Indonesia",earthquake,9.21,1.944,0.055,32,reviewed,us,us
2023-04-14T03:01:35.787Z,-2.082,139.0775,25.544,5,mww,80,25,6.873,0.73,us,us6000k487,2024-01-18T19:47:03.124Z,"182 km WNW of Abepura, Indonesia",earthquake,5.47,3.976,0.098,10,reviewed,us,us
2023-04-13T23:00:32.827Z,5.297,127.8771,10,4.7,mb,87,97,2.885,0.5,us,us6000k46u,2023-06-17T21:36:52.040Z,"221 km ESE of Pondaguitan, Philippines",earthquake,8.59,1.838,0.054,106,reviewed,us,us
2023-04-13T16:57:43.706Z,-2.4139,139.8511,30.596,4.5,mb,62,105,7.611,0.56,us,us6000k445,2023-06-17T21:36:51.040Z,"89 km WNW of Abepura, Indonesia",earthquake,10.42,5.27,0.081,50,reviewed,us,us
2023-04-13T02:46:32.337Z,-10.5099,124.281,10,4.6,mb,11,125,0.75,0.85,us,us6000k5iu,2023-06-17T21:37:01.040Z,"71 km S of Soe, Indonesia",earthquake,6.61,1.863,0.224,6,reviewed,us,us
2023-04-12T23:07:46.388Z,-6.425,130.9951,65.608,5,mb,94,102,2.18,0.59,us,us6000k3xn,2023-06-17T21:36:49.040Z,"213 km WSW of Tual, Indonesia",earthquake,7.8,5.097,0.067,70,reviewed,us,us
2023-04-12T08:32:08.202Z,-10.6756,113.3955,19.551,4.5,mb,35,122,2.315,1.38,us,us6000k3rw,2023-06-17T21:36:48.040Z,"south of Java, Indonesia",earthquake,8.4,5.245,0.14,15,reviewed,us,us
2023-04-12T03:03:31.620Z,-6.0675,129.2177,238.114,4.8,mb,84,43,1.68,0.68,us,us6000k3pp,2023-06-17T21:36:47.040Z,"286 km SSE of Ambon, Indonesia",earthquake,7.89,3.742,0.049,129,reviewed,us,us
2023-04-12T02:02:13.250Z,5.8532,126.7748,83.529,5.3,mww,131,21,1.695,0.8,us,us6000k3p4,2023-06-17T21:36:47.040Z,"86 km SE of Pondaguitan, Philippines",earthquake,7.73,4.024,0.055,32,reviewed,us,us
2023-04-11T09:31:10.873Z,2.0579,126.5897,43.63,5,mb,129,81,1.495,0.53,us,us6000k3gk,2023-06-17T21:36:45.040Z,"Molucca Sea",earthquake,6.46,5.253,0.043,173,reviewed,us,us
2023-04-11T06:58:07.114Z,3.8631,126.8212,40.692,4.6,mb,51,112,3.119,0.62,us,us6000k3fr,2023-06-17T21:36:45.040Z,"227 km SE of Sarangani, Philippines",earthquake,7.72,8.012,0.085,41,reviewed,us,us
2023-04-10T08:03:08.807Z,3.5634,128.6073,10,4.7,mb,51,114,3.037,0.55,us,us6000k38z,2023-06-17T21:36:43.040Z,"213 km NNE of Tobelo, Indonesia",earthquake,9.09,1.888,0.085,46,reviewed,us,us
2023-04-10T00:37:29.495Z,-9.5889,115.1162,58.547,5.1,mb,82,66,1.464,0.64,us,us6000k36r,2023-06-17T21:36:42.040Z,"88 km S of Nusa Dua, Indonesia",earthquake,7.5,5.825,0.096,35,reviewed,us,us
2023-04-10T00:36:20.961Z,-9.6608,115.1234,62.275,5,mb,74,45,1.523,0.54,us,us6000k36p,2023-06-17T21:36:42.040Z,"95 km S of Nusa Dua, Indonesia",earthquake,5.14,5.629,0.08,50,reviewed,us,us
2023-04-09T05:20:34.018Z,-9.5317,117.7092,66.135,4.6,mb,48,95,0.703,0.5,us,us6000k2yt,2023-06-17T21:36:39.040Z,"119 km SSE of Sumbawa Besar, Indonesia",earthquake,8.91,6.459,0.086,46,reviewed,us,us
2023-04-08T06:58:16.126Z,1.9123,127.1046,100.508,4.8,mb,82,100,1.163,0.7,us,us6000k2tv,2023-06-13T03:12:26.040Z,"102 km WNW of Tobelo, Indonesia",earthquake,7.97,6.789,0.065,72,reviewed,us,us
2023-04-08T03:44:24.784Z,-1.8632,138.9458,26.979,4.5,mb,23,140,1.873,0.4,us,us6000k2t1,2023-06-13T03:12:27.040Z,"near the north coast of Papua, Indonesia",earthquake,8.39,5.207,0.145,15,reviewed,us,us
2023-04-07T07:59:18.585Z,-6.1704,103.8988,37.531,4.5,mb,37,149,2.028,0.46,us,us6000k2m1,2023-06-13T03:12:34.040Z,"171 km WSW of Bandar Lampung, Indonesia",earthquake,10.72,8.169,0.108,25,reviewed,us,us
2023-04-06T13:28:34.825Z,-5.7355,104.0727,84.8,4.6,mb,37,119,1.762,0.78,us,us6000k2dt,2024-01-18T19:43:59.755Z,"134 km SW of Kotabumi, Indonesia",earthquake,9.79,7.128,0.1,30,reviewed,us,us
2023-04-06T06:43:28.057Z,-10.7373,113.3038,10,4.7,mb,26,123,2.403,0.38,us,us6000k411,2023-06-13T03:12:42.040Z,"271 km S of Kencong, Indonesia",earthquake,3.58,1.913,0.137,17,reviewed,us,us
2023-04-06T00:32:02.291Z,-0.536,122.1838,10,5.2,mww,138,57,0.773,0.74,us,us6000k29k,2023-06-13T03:12:46.040Z,"81 km NW of Luwuk, Indonesia",earthquake,5.87,1.744,0.071,19,reviewed,us,us
2023-04-04T12:58:19.128Z,4.5905,126.5997,122.456,4.7,mb,50,107,2.664,0.54,us,us6000k3j6,2023-06-13T03:13:03.040Z,"154 km SE of Sarangani, Philippines",earthquake,9.13,8.602,0.096,33,reviewed,us,us
2023-04-04T01:12:09.364Z,4.5926,127.3525,61.179,4.5,mb,49,134,3.028,0.39,us,us6000k1us,2023-06-13T03:13:09.040Z,"227 km ESE of Sarangani, Philippines",earthquake,7.81,4.908,0.102,28,reviewed,us,us
2023-04-03T20:50:32.751Z,-8.2205,123.8573,181.539,5,mb,90,54,1.578,0.86,us,us6000k1tm,2023-06-13T03:13:11.040Z,"122 km NNW of Pante Makasar, Timor Leste",earthquake,4.99,4.813,0.045,160,reviewed,us,us
2023-04-03T14:59:41.845Z,0.8388,98.835,84,6.1,mww,145,38,1.341,0.85,us,us6000k1qa,2024-10-09T15:34:59.556Z,"77 km SW of Padangsidempuan, Indonesia",earthquake,5.56,1.521,0.062,25,reviewed,us,us
2023-04-03T02:03:01.386Z,-0.9327,126.8468,10,4.5,mb,30,115,1.771,0.6,us,us6000k1md,2023-06-13T03:13:20.040Z,"78 km WSW of Labuha, Indonesia",earthquake,5.23,1.916,0.113,23,reviewed,us,us
2023-04-02T18:53:06.873Z,2.8351,95.4664,26.339,4.9,mb,97,86,2.599,0.57,us,us6000k1k9,2023-06-13T03:13:24.040Z,"108 km WNW of Sinabang, Indonesia",earthquake,4.24,4.237,0.065,74,reviewed,us,us
2023-04-02T11:06:47.375Z,-3.4915,131.1264,10,4.5,mb,41,47,1.257,0.82,us,us6000k1h3,2023-06-13T03:13:26.040Z,"144 km WSW of Fakfak, Indonesia",earthquake,4.7,1.888,0.113,23,reviewed,us,us
2023-04-02T09:26:19.295Z,-4.369,136.8088,10.202,4.5,mb,25,65,4.773,0.54,us,us6000k1gs,2023-06-13T03:13:27.040Z,"183 km SE of Nabire, Indonesia",earthquake,9.13,3.15,0.131,17,reviewed,us,us
2023-04-02T08:40:53.380Z,-7.8107,118.6792,10.886,5.6,mww,125,27,1.349,0.74,us,us6000k1gl,2024-10-09T15:43:12.542Z,"72 km N of Bima, Indonesia",earthquake,6.32,3.967,0.068,21,reviewed,us,us
2023-04-01T07:04:17.851Z,-2.9117,130.0455,22.041,4.7,mb,28,63,1.606,0.67,us,us6000k1be,2023-06-03T22:06:16.040Z,"127 km ENE of Masohi, Indonesia",earthquake,4.05,5.489,0.106,27,reviewed,us,us
2023-03-31T17:55:41.147Z,-7.9949,120.7216,24.523,4.9,mb,111,52,1.63,0.52,us,us6000k16s,2023-06-03T22:06:14.040Z,"73 km NNE of Ruteng, Indonesia",earthquake,2.88,4.432,0.059,98,reviewed,us,us
2023-03-31T08:28:35.619Z,-9.6154,115.1606,61.428,4.8,mb,50,42,1.512,0.73,us,us6000k12g,2023-06-03T22:06:10.040Z,"90 km S of Nusa Dua, Indonesia",earthquake,7.57,6.998,0.097,33,reviewed,us,us
2023-03-29T20:10:42.402Z,1.9095,127.1701,116.804,4.7,mb,128,101,1.147,0.75,us,us6000k0qn,2023-06-03T22:06:06.040Z,"95 km WNW of Tobelo, Indonesia",earthquake,7.2,5.628,0.053,113,reviewed,us,us
2023-03-29T18:10:19.554Z,-8.2445,116.7356,12.174,4.9,mb,83,37,1.181,0.62,us,us6000k0p7,2023-06-03T22:06:06.040Z,"29 km NNE of Labuan Lombok, Indonesia",earthquake,5.16,3.353,0.072,66,reviewed,us,us
2023-03-29T07:41:46.881Z,5.9533,126.3284,11.616,4.9,mb,76,76,1.336,1.08,us,us6000k0i9,2023-06-03T22:06:05.040Z,"Mindanao, Philippines",earthquake,6.51,3.337,0.057,96,reviewed,us,us
2023-03-28T19:27:07.271Z,2.3449,128.7933,35,4.6,mb,103,89,2.115,0.65,us,us6000k0ex,2023-06-03T22:06:04.040Z,"110 km NE of Tobelo, Indonesia",earthquake,9.33,1.877,0.06,92,reviewed,us,us
2023-03-28T04:19:09.671Z,-0.3747,123.5348,75.11,5,mww,96,32,1.011,0.83,us,us6000k08q,2023-06-03T22:06:02.040Z,"104 km NE of Luwuk, Indonesia",earthquake,6.05,3.099,0.078,16,reviewed,us,us
2023-03-27T04:57:22.197Z,-4.1286,133.275,10,4.5,mb,20,175,1.579,0.83,us,us6000k13l,2023-06-03T22:06:11.040Z,"171 km SE of Fakfak, Indonesia",earthquake,8.82,1.853,0.18,9,reviewed,us,us
2023-03-27T00:44:51.205Z,5.344,125.6996,72.223,4.8,mb,64,93,1.719,0.51,us,us7000jmxq,2023-06-03T22:06:26.040Z,"26 km ESE of Sarangani, Philippines",earthquake,7.74,6.979,0.051,121,reviewed,us,us
2023-03-26T18:39:55.247Z,-7.4573,130.179,10,4.9,mb,117,46,2.928,0.62,us,us7000jmwe,2023-06-03T22:06:25.040Z,"Pulau Pulau Tanimbar, Indonesia",earthquake,7.17,1.735,0.061,84,reviewed,us,us
2023-03-26T12:41:11.854Z,-4.9564,131.9605,53.021,5.1,mb,79,38,2.044,0.66,us,us7000jmuw,2023-06-03T22:06:25.040Z,"115 km NW of Tual, Indonesia",earthquake,4.94,6.199,0.048,140,reviewed,us,us
2023-03-26T10:43:44.742Z,-7.5361,130.3788,23.546,4.9,mb,59,76,3.031,0.51,us,us7000jmu9,2023-06-03T22:06:25.040Z,"Pulau Pulau Tanimbar, Indonesia",earthquake,7.06,5.317,0.07,63,reviewed,us,us
2023-03-25T22:53:18.083Z,1.1801,128.2596,8.318,4.5,mb,47,54,0.981,0.41,us,us6000k0n8,2023-05-26T21:54:03.040Z,"53 km N of Maba, Indonesia",earthquake,7.31,4.747,0.099,30,reviewed,us,us
2023-03-25T09:11:02.073Z,-5.2821,102.0343,26.252,4.5,mb,33,96,1.297,0.43,us,us7000jmnk,2023-05-26T21:54:20.040Z,"165 km S of Bengkulu, Indonesia",earthquake,7.47,5.356,0.115,23,reviewed,us,us
2023-03-24T14:26:44.294Z,-2.63,138.8846,38.421,4.6,mb,41,148,6.634,0.42,us,us6000k0lr,2023-05-26T21:54:02.040Z,"194 km W of Abepura, Indonesia",earthquake,7.29,7.83,0.101,29,reviewed,us,us
2023-03-24T12:16:12.807Z,-10.8314,113.3152,10,4.6,mb,29,128,2.487,0.63,us,us7000jmdy,2023-05-26T21:54:15.040Z,"281 km S of Kencong, Indonesia",earthquake,7.68,1.879,0.132,17,reviewed,us,us
2023-03-24T11:32:37.233Z,-7.1,125.9603,467.734,4.5,mb,72,44,3.991,0.66,us,us7000jmdp,2023-05-26T21:54:15.040Z,"Kepulauan Barat Daya, Indonesia",earthquake,8.65,8.73,0.068,64,reviewed,us,us
2023-03-24T09:26:32.345Z,-2.6524,138.9266,37.315,4.9,mb,79,100,6.675,0.34,us,us7000jmd7,2023-05-26T21:54:15.040Z,"189 km W of Abepura, Indonesia",earthquake,9.52,1.853,0.071,63,reviewed,us,us
2023-03-23T07:56:38.432Z,-7.6686,127.8664,136.643,4.7,mb,41,51,3.725,0.38,us,us7000jm4t,2023-05-26T21:54:14.040Z,"134 km NE of Lospalos, Timor Leste",earthquake,8.42,5.219,0.082,45,reviewed,us,us
2023-03-22T20:23:45.304Z,-8.8079,123.1645,109.009,5.1,mb,106,55,0.932,0.76,us,us7000jm0w,2023-05-26T21:54:12.040Z,"106 km E of Maumere, Indonesia",earthquake,5.98,4.039,0.058,98,reviewed,us,us
2023-03-22T04:13:29.758Z,2.9116,126.8566,35,4.6,mb,18,102,2.186,0.44,us,us6000k0af,2023-05-26T21:54:00.040Z,"183 km NW of Tobelo, Indonesia",earthquake,11.39,1.945,0.165,11,reviewed,us,us
2023-03-21T19:32:44.720Z,-2.6045,140.6548,31.115,4.5,mb,71,36,8.402,0.86,us,us7000jlsm,2023-05-26T21:54:10.040Z,"near the north coast of Papua, Indonesia",earthquake,9.06,4.649,0.073,61,reviewed,us,us
2023-03-21T14:40:30.688Z,2.3682,128.8217,10,4.9,mb,98,74,2.152,0.8,us,us7000jlmp,2023-05-26T21:54:10.040Z,"114 km NE of Tobelo, Indonesia",earthquake,6.1,1.795,0.058,92,reviewed,us,us
2023-03-20T01:14:52.970Z,-5.6983,103.4108,55.638,4.5,mb,34,189,1.404,0.35,us,us7000jmg5,2023-05-26T21:54:17.040Z,"185 km S of Pagar Alam, Indonesia",earthquake,11.57,9.104,0.118,21,reviewed,us,us
2023-03-19T22:18:36.501Z,-2.8192,128.1035,10,4.7,mb,58,62,2.468,0.47,us,us7000jlc5,2023-05-26T21:54:06.040Z,"97 km N of Ambon, Indonesia",earthquake,6.34,1.849,0.092,36,reviewed,us,us
2023-03-19T19:30:14.517Z,-3.7623,101.8745,63.378,5,mb,105,62,1.231,0.79,us,us7000jlbf,2023-05-26T21:54:06.040Z,"43 km W of Bengkulu, Indonesia",earthquake,8.29,5.578,0.052,117,reviewed,us,us
2023-03-19T01:25:39.155Z,2.3544,128.8453,10,4.9,mb,53,114,2.158,1.02,us,us7000jl69,2023-05-26T21:54:04.040Z,"115 km NE of Tobelo, Indonesia",earthquake,5.18,1.825,0.069,69,reviewed,us,us
2023-03-18T16:30:45.629Z,2.3089,128.7618,10.724,4.9,mb,43,78,2.068,0.65,us,us7000jl3d,2023-05-20T23:20:38.040Z,"105 km NE of Tobelo, Indonesia",earthquake,6.01,4.349,0.068,69,reviewed,us,us
2023-03-18T13:59:10.444Z,-7.0196,127.694,10,4.5,mb,23,58,3.315,1.14,us,us7000jl2u,2023-05-20T23:20:37.040Z,"182 km NNE of Lospalos, Timor Leste",earthquake,8.04,1.86,0.164,14,reviewed,us,us
2023-03-18T07:14:40.900Z,2.3235,128.9316,9.355,4.8,mb,61,85,2.196,0.92,us,us7000jl1j,2023-05-20T23:20:36.040Z,"121 km ENE of Tobelo, Indonesia",earthquake,6.62,4.565,0.083,45,reviewed,us,us
2023-03-17T19:37:58.861Z,5.9215,125.7693,120.468,4.7,mb,143,38,1.156,0.82,us,us7000jky8,2023-05-20T23:20:35.040Z,"12 km ESE of Culaman, Philippines",earthquake,7.42,4.949,0.042,181,reviewed,us,us
2023-03-17T16:11:39.179Z,5.9274,126.9418,70.175,5,mb,71,83,1.767,0.79,us,us7000jkwd,2023-05-20T23:20:34.040Z,"97 km ESE of Pondaguitan, Philippines",earthquake,8.85,6.328,0.043,173,reviewed,us,us
2023-03-17T12:05:27.335Z,-9.021,109.7511,49.69,5,mww,60,62,2.074,0.94,us,us7000jktt,2023-05-20T23:20:33.040Z,"south of Java, Indonesia",earthquake,8,5,0.078,16,reviewed,us,us
2023-03-17T10:54:19.253Z,-9.1634,119.3964,109.771,4.5,mb,40,88,1.635,0.5,us,us7000jlyq,2023-05-20T23:20:41.040Z,"34 km NNE of Tambolaka, Indonesia",earthquake,7.82,8.314,0.131,17,reviewed,us,us
2023-03-16T17:54:57.645Z,1.7877,126.2915,38.467,4.6,mb,87,105,1.474,0.87,us,us7000jkip,2023-05-20T23:20:30.040Z,"135 km ENE of Bitung, Indonesia",earthquake,4.35,6.458,0.064,73,reviewed,us,us
2023-03-16T05:22:40.581Z,-10.5406,113.313,10,5.2,mww,103,45,2.218,0.49,us,us7000jkcu,2023-05-20T23:20:29.040Z,"249 km S of Kencong, Indonesia",earthquake,6.89,1.711,0.098,10,reviewed,us,us
2023-03-15T21:25:39.711Z,4.7016,126.9061,56.549,5.4,mww,233,24,2.698,0.66,us,us7000jk9p,2024-10-09T16:11:05.365Z,"177 km ESE of Sarangani, Philippines",earthquake,7.93,3.95,0.058,29,reviewed,us,us
2023-03-14T10:23:51.692Z,2.2757,127.962,10,4.5,mb,65,76,1.608,0.43,us,us7000jjsw,2023-05-20T23:20:23.040Z,"60 km N of Tobelo, Indonesia",earthquake,2.95,1.894,0.081,45,reviewed,us,us
2023-03-14T03:27:51.664Z,0.6665,125.2312,82.255,4.5,mb,56,61,2.138,0.58,us,us7000jjqs,2023-05-20T23:20:21.040Z,"Molucca Sea",earthquake,7.44,6.705,0.1,29,reviewed,us,us
2023-03-13T10:55:47.045Z,-7.2085,130.3102,35,4.6,mb,50,44,2.699,0.94,us,us7000jjib,2023-05-20T23:20:19.040Z,"Pulau Pulau Tanimbar, Indonesia",earthquake,6.33,1.819,0.096,32,reviewed,us,us
2023-03-11T07:41:43.607Z,4.8221,123.6907,505.318,4.6,mb,81,81,2.918,0.53,us,us7000jj38,2023-05-15T02:49:15.040Z,"161 km SSW of Malisbeng, Philippines",earthquake,10.71,7.463,0.068,65,reviewed,us,us
2023-03-11T07:32:37.140Z,-6.6535,128.5883,11.058,4.6,mb,22,84,2.49,0.8,us,us7000jj37,2023-05-15T02:49:15.040Z,"271 km NE of Lospalos, Timor Leste",earthquake,7.58,4.985,0.128,18,reviewed,us,us
2023-03-11T04:03:47.848Z,1.9672,97.9366,44.501,5.3,mww,109,55,0.751,0.72,us,us7000jj20,2023-05-15T02:49:16.040Z,"39 km SSE of Singkil, Indonesia",earthquake,8.49,4.61,0.086,13,reviewed,us,us
2023-03-10T16:08:23.788Z,-6.7662,132.4641,37.034,4.5,mb,34,128,3.385,0.97,us,us7000jivs,2023-05-15T02:49:24.040Z,"129 km SSW of Tual, Indonesia",earthquake,5.35,7.921,0.115,22,reviewed,us,us
2023-03-07T20:31:28.424Z,-0.2533,124.5471,39.334,5.3,mww,207,20,1.94,0.94,us,us7000jhz2,2023-05-15T02:50:14.040Z,"78 km S of Modisi, Indonesia",earthquake,5.83,3.75,0.08,15,reviewed,us,us
2023-03-07T12:51:52.677Z,2.5012,128.5099,68.839,4.5,mb,59,80,2.063,0.24,us,us7000jhw0,2023-05-15T02:50:18.040Z,"101 km NNE of Tobelo, Indonesia",earthquake,9.24,7.526,0.083,43,reviewed,us,us
2023-03-07T07:31:58.159Z,-6.4702,104.0023,43.518,5.3,mb,104,79,2.341,0.91,us,us7000jhua,2023-05-15T02:50:22.040Z,"180 km SW of Bandar Lampung, Indonesia",earthquake,6.99,5.243,0.055,111,reviewed,us,us
2023-03-06T15:53:02.685Z,5.774,125.911,151.146,4.8,mb,109,64,1.329,0.9,us,us7000jhn7,2023-05-15T02:50:27.040Z,"33 km ESE of Caburan, Philippines",earthquake,8.49,5.441,0.051,117,reviewed,us,us
2023-03-06T03:43:33.825Z,-7.5183,128.0995,165.314,4.5,mb,81,38,3.476,0.57,us,us7000jhk9,2023-05-15T02:50:31.040Z,"164 km NE of Lospalos, Timor Leste",earthquake,4.91,5.178,0.073,56,reviewed,us,us
2023-03-06T02:42:20.263Z,0.0195,123.2731,136.334,4.5,mb,66,32,1.167,0.67,us,us7000jhjz,2023-05-15T02:50:32.040Z,"61 km SSE of Gorontalo, Indonesia",earthquake,6.5,6.381,0.081,45,reviewed,us,us
2023-03-06T01:50:08.773Z,-9.3706,112.4379,45.416,4.8,mb,61,39,1.916,0.56,us,us7000jhjr,2023-05-15T02:50:32.040Z,"132 km SSW of Dampit, Indonesia",earthquake,6.51,5.654,0.083,45,reviewed,us,us
2023-03-05T16:37:27.949Z,5.9794,125.6336,148.974,4.5,mb,34,111,1.085,0.55,us,us7000jhh9,2023-05-15T02:50:37.040Z,"3 km NW of Culaman, Philippines",earthquake,7.91,4.967,0.113,23,reviewed,us,us
2023-03-04T17:05:28.715Z,-2.6248,121.9255,37.987,4.5,mb,72,47,1.785,0.62,us,us7000jhcf,2023-05-08T02:00:46.040Z,"163 km NNW of Kendari, Indonesia",earthquake,6.75,6.984,0.079,57,reviewed,us,us
2023-03-03T13:24:29.108Z,-0.4513,123.0211,88.033,4.5,mb,38,60,0.637,0.53,us,us7000jh1k,2023-05-08T02:00:35.040Z,"61 km NNE of Luwuk, Indonesia",earthquake,6.66,7.265,0.106,26,reviewed,us,us
2023-03-03T08:28:23.575Z,-4.8468,134.1151,10,4.5,mb,21,138,2.671,0.39,us,us7000jijp,2023-05-08T02:00:33.040Z,"174 km ENE of Tual, Indonesia",earthquake,10.59,1.915,0.128,18,reviewed,us,us
2023-03-03T07:02:31.555Z,-1.7176,120.0864,39.789,4.6,mb,30,112,2.767,0.78,us,us7000jgzk,2023-05-08T02:00:32.040Z,"82 km WSW of Poso, Indonesia",earthquake,8.48,7.708,0.126,19,reviewed,us,us
2023-03-03T00:36:47.457Z,-3.8512,101.8071,57.716,5,mww,121,41,1.252,0.7,us,us7000jgy8,2023-05-08T02:00:30.040Z,"southern Sumatra, Indonesia",earthquake,7.03,2.991,0.098,10,reviewed,us,us
2023-03-02T13:38:20.078Z,2.8152,127.0643,54.595,4.6,mb,35,135,2.052,1.06,us,us7000jgt6,2023-05-08T02:00:20.040Z,"Molucca Sea",earthquake,9.54,7.97,0.102,29,reviewed,us,us
2023-03-02T08:23:58.734Z,2.4517,128.2614,74.41,4.6,mb,52,107,1.893,0.39,us,us7000jgsd,2023-05-08T02:00:18.040Z,"84 km NNE of Tobelo, Indonesia",earthquake,8.5,8,0.076,52,reviewed,us,us
2023-03-02T00:52:37.358Z,-1.0061,137.2045,14.342,4.7,mb,62,82,3.805,0.55,us,us7000jgq0,2023-05-08T02:00:14.040Z,"126 km E of Biak, Indonesia",earthquake,6.37,4.247,0.08,47,reviewed,us,us
2023-03-01T23:05:23.415Z,-1.5655,100.8384,93.325,5,mww,206,28,3.49,0.64,us,us7000jgnz,2023-05-08T02:00:13.040Z,"southern Sumatra, Indonesia",earthquake,6.8,3.021,0.093,11,reviewed,us,us
2023-03-01T22:36:06.621Z,-1.0701,137.0767,23.766,4.6,mb,76,113,5.162,0.45,us,us7000jgnn,2023-05-08T02:00:12.040Z,"111 km E of Biak, Indonesia",earthquake,11.06,5.382,0.068,65,reviewed,us,us
2023-03-01T12:41:07.148Z,-3.4497,127.3112,76.402,4.5,mb,29,71,2.798,1.16,us,us7000jgjg,2023-05-08T02:00:08.040Z,"100 km WNW of Ambon, Indonesia",earthquake,7.06,8.136,0.131,17,reviewed,us,us
2023-02-28T22:06:49.562Z,2.6997,126.5308,45.296,4.5,mb,69,105,2.089,0.62,us,us7000jgcp,2023-05-08T02:00:00.040Z,"Molucca Sea",earthquake,7.2,4.713,0.072,56,reviewed,us,us
2023-02-28T20:03:08.895Z,1.3991,125.4671,10,4.6,mb,42,89,1.999,0.76,us,us7000ji6b,2023-05-08T01:59:58.040Z,"37 km E of Bitung, Indonesia",earthquake,4.56,1.78,0.109,30,reviewed,us,us
2023-02-28T14:42:50.761Z,1.3696,125.7758,64.487,5.1,mb,99,51,1.698,0.75,us,us7000jg91,2023-05-08T01:59:55.040Z,"72 km E of Bitung, Indonesia",earthquake,6.71,3.195,0.059,95,reviewed,us,us
2023-02-27T16:31:32.257Z,-6.7285,129.7509,158.879,4.5,mb,72,98,2.197,0.73,us,us6000jrz5,2023-05-08T01:59:44.040Z,"Banda Sea",earthquake,9.11,6.967,0.072,57,reviewed,us,us
2023-02-27T01:26:05.799Z,-1.614,120.2491,38.883,5.5,mww,206,23,2.585,0.68,us,us6000jrtm,2023-05-08T01:59:37.040Z,"60 km WSW of Poso, Indonesia",earthquake,5.69,2.876,0.06,27,reviewed,us,us
2023-02-26T16:41:15.377Z,-8.5589,123.3885,187.493,4.9,mww,51,72,1.141,1.04,us,us6000jrrq,2023-05-08T01:59:34.040Z,"122 km NNW of Naisano Dua, Indonesia",earthquake,8.41,5.675,0.086,13,reviewed,us,us
2023-02-26T05:52:43.422Z,1.7709,125.8777,11.402,4.8,mb,92,79,1.789,0.63,us,us6000jrnr,2023-05-08T01:59:29.040Z,"91 km ENE of Bitung, Indonesia",earthquake,6.84,4.115,0.061,83,reviewed,us,us
2023-02-26T03:53:08.361Z,5.6459,126.2682,66.83,4.6,mb,31,113,1.572,0.66,us,us6000jrn6,2023-05-08T01:59:28.040Z,"Mindanao, Philippines",earthquake,9.59,7.909,0.116,25,reviewed,us,us
2023-02-25T23:32:53.922Z,-0.2165,124.5,72.339,4.8,mb,83,44,1.913,0.81,us,us6000jrmf,2023-04-29T21:57:40.040Z,"74 km S of Modisi, Indonesia",earthquake,7.55,4.468,0.062,80,reviewed,us,us
2023-02-25T10:54:07.612Z,-7.3486,129.0126,126.21,4.6,mb,59,61,2.944,0.61,us,us6000jrj7,2023-04-29T21:57:37.040Z,"257 km ENE of Lospalos, Timor Leste",earthquake,3.69,7.638,0.071,61,reviewed,us,us
2023-02-25T02:08:30.804Z,-5.6564,103.855,62.41,4.8,mb,54,75,1.568,0.56,us,us6000jrgl,2023-04-29T21:57:36.040Z,"146 km SW of Kotabumi, Indonesia",earthquake,8.02,2.979,0.085,43,reviewed,us,us
2023-02-24T17:28:36.666Z,2.8649,126.1296,35.262,4.9,mww,128,52,2.419,0.97,us,us6000jrdd,2023-04-29T21:57:34.040Z,"192 km NE of Bitung, Indonesia",earthquake,5.95,4.798,0.08,15,reviewed,us,us
2023-02-24T09:02:51.817Z,3.7003,128.7389,10,4.5,mb,34,118,3.216,0.41,us,us7000jh21,2023-04-29T21:57:33.040Z,"232 km NNE of Tobelo, Indonesia",earthquake,9.99,1.613,0.124,19,reviewed,us,us
2023-02-23T20:02:47.541Z,3.2796,128.1356,92,6.3,mww,141,27,2.607,0.89,us,us6000jr32,2024-10-09T17:59:26.485Z,"172 km N of Tobelo, Indonesia",earthquake,6.8,1.873,0.056,31,reviewed,us,us
2023-02-23T12:51:26.539Z,1.2873,126.7287,47.89,4.5,mb,29,100,0.818,1.23,us,us7000jh0g,2023-04-29T21:57:30.040Z,"91 km NW of Ternate, Indonesia",earthquake,7.66,8.831,0.144,14,reviewed,us,us
2023-02-22T12:01:40.534Z,3.4848,95.6365,34.959,4.6,mb,39,146,2.17,0.57,us,us6000jqsz,2023-04-29T21:57:26.040Z,"90 km SW of Meulaboh, Indonesia",earthquake,8.55,6.057,0.114,23,reviewed,us,us
2023-02-22T09:34:03.470Z,-7.0256,129.5058,114.224,5.6,mww,155,47,2.518,0.55,us,us6000jqrr,2023-04-29T21:57:25.040Z,"Kepulauan Babar, Indonesia",earthquake,7.63,5.268,0.075,17,reviewed,us,us
2023-02-21T16:15:53.923Z,-6.2551,130.0966,21.58,4.9,mww,86,38,1.732,0.74,us,us6000jqku,2023-04-29T21:57:22.040Z,"Banda Sea",earthquake,6.37,4.885,0.086,13,reviewed,us,us
2023-02-21T03:50:53.061Z,0.3205,96.6363,10,4.5,mb,47,125,1.355,0.57,us,us6000jqhe,2023-04-29T21:57:20.040Z,"132 km WSW of Teluk Dalam, Indonesia",earthquake,9.15,1.898,0.104,27,reviewed,us,us
2023-02-20T20:13:51.045Z,-4.2796,102.192,54.981,4.8,mb,106,56,0.766,0.71,us,us6000jqe3,2023-04-29T21:57:18.040Z,"southern Sumatra, Indonesia",earthquake,7.86,3.173,0.058,92,reviewed,us,us
2023-02-20T09:47:26.932Z,3.3019,123.9216,413.219,4.6,mb,125,75,4.091,0.74,us,us6000jq9p,2023-04-29T21:57:16.040Z,"226 km NNW of Manado, Indonesia",earthquake,9.48,7.368,0.047,136,reviewed,us,us
2023-02-20T01:33:30.451Z,1.9113,96.6141,27.722,5,mb,114,90,1.135,0.48,us,us6000jq7k,2023-04-29T21:57:15.040Z,"68 km SSE of Sinabang, Indonesia",earthquake,5.6,4.664,0.056,100,reviewed,us,us
2023-02-20T00:01:18.958Z,2.7197,126.9851,35,4.8,mb,82,110,1.972,0.74,us,us6000jq6y,2023-04-29T21:57:15.040Z,"158 km NW of Tobelo, Indonesia",earthquake,5.38,1.863,0.074,56,reviewed,us,us
2023-02-19T23:12:21.709Z,2.7233,126.9943,35,4.8,mww,73,43,1.974,0.88,us,us6000jq6k,2023-04-29T21:57:14.040Z,"157 km NW of Tobelo, Indonesia",earthquake,6.9,1.804,0.098,10,reviewed,us,us
2023-02-19T22:09:12.599Z,2.846,128.5433,227.098,4.6,mb,65,81,2.372,0.7,us,us6000jq6e,2023-04-29T21:57:14.040Z,"137 km NNE of Tobelo, Indonesia",earthquake,9.09,6.664,0.054,101,reviewed,us,us
2023-02-19T15:17:03.365Z,2.4206,125.9377,59.996,4.9,mb,59,110,2.173,0.77,us,us6000jq4h,2023-04-29T21:57:13.040Z,"140 km NE of Bitung, Indonesia",earthquake,9.95,6.803,0.055,107,reviewed,us,us
2023-02-18T21:18:34.635Z,0.5305,119.579,10,4.6,mb,76,51,1.334,0.71,us,us6000jpzm,2023-04-22T21:33:20.040Z,"162 km NNW of Palu, Indonesia",earthquake,7.18,1.842,0.07,62,reviewed,us,us
2023-02-18T04:47:15.678Z,-2.8851,130.3161,20.65,4.9,mb,40,82,1.678,0.86,us,us6000jpuj,2023-04-22T21:33:18.040Z,"156 km ENE of Masohi, Indonesia",earthquake,6.52,5.096,0.087,42,reviewed,us,us
2023-02-18T00:03:47.263Z,-8.1979,115.8285,9.015,4.6,mb,35,72,1.681,0.63,us,us6000jpt7,2023-04-22T21:33:17.040Z,"28 km NW of Gili Trawangan, Indonesia",earthquake,5.92,3.634,0.128,18,reviewed,us,us
2023-02-17T18:28:25.685Z,-7.4754,128.5832,113.445,4.7,mb,105,24,3.215,0.57,us,us6000jpr0,2023-04-22T21:33:16.040Z,"209 km ENE of Lospalos, Timor Leste",earthquake,7.23,4.728,0.061,90,reviewed,us,us
2023-02-17T09:37:34.656Z,-6.6176,132.106,39.742,6.1,mww,177,32,3.022,0.56,us,us6000jpl7,2024-10-09T15:30:05.894Z,"130 km SSW of Tual, Indonesia",earthquake,6.77,6.347,0.047,44,reviewed,us,us
2023-02-16T23:16:12.489Z,-5.6626,128.657,334.944,4.9,mb,93,36,1.681,0.55,us,us6000jpgt,2023-04-22T21:33:14.040Z,"Banda Sea",earthquake,8.17,5.921,0.056,100,reviewed,us,us
2023-02-16T12:41:49.673Z,-7.0694,129.2511,142.17,4.6,mb,25,93,2.613,0.71,us,us6000jr8n,2023-04-22T21:33:26.040Z,"Kepulauan Babar, Indonesia",earthquake,8.76,7.536,0.136,16,reviewed,us,us
2023-02-16T00:30:37.630Z,-5.7351,103.6313,50.956,4.5,mb,37,135,1.522,0.65,us,us6000jr8a,2024-01-18T19:21:39.147Z,"171 km SW of Kotabumi, Indonesia",earthquake,10.51,7.541,0.115,22,reviewed,us,us
2023-02-15T16:15:29.195Z,2.9209,126.913,56.769,4.5,mb,20,145,2.182,0.77,us,us6000jr0w,2023-04-22T21:33:25.040Z,"179 km NW of Tobelo, Indonesia",earthquake,14,10.077,0.164,11,reviewed,us,us
2023-02-15T13:43:15.044Z,3.9801,128.6382,10,4.7,mb,75,114,3.431,0.72,us,us6000jr0t,2023-04-22T21:33:25.040Z,"258 km NNE of Tobelo, Indonesia",earthquake,10.04,1.882,0.073,56,reviewed,us,us
2023-02-14T09:00:24.836Z,-4.7514,133.8255,10,4.6,mb,37,77,2.406,0.68,us,us6000jqtv,2023-04-22T21:33:24.040Z,"153 km NE of Tual, Indonesia",earthquake,8.77,1.871,0.126,20,reviewed,us,us
2023-02-14T06:02:19.969Z,0.4766,121.0268,100.759,4.7,mww,86,76,0.676,0.66,us,us6000jnq0,2023-04-22T21:33:07.040Z,"200 km NE of Palu, Indonesia",earthquake,5.29,5.349,0.098,10,reviewed,us,us
2023-02-13T15:40:50.597Z,0.4212,129.3998,18.201,4.7,mb,50,76,2.063,0.67,us,us6000jnlm,2023-04-22T21:33:05.040Z,"127 km ESE of Maba, Indonesia",earthquake,6.62,3.727,0.098,32,reviewed,us,us
2023-02-13T02:33:25.712Z,-7.412,128.8569,157.564,4.8,mb,109,38,2.486,0.45,us,us6000jnis,2023-04-22T21:33:04.040Z,"238 km ENE of Lospalos, Timor Leste",earthquake,7.48,5.547,0.059,88,reviewed,us,us
2023-02-12T17:38:09.028Z,-1.6638,134.0766,61.167,5.1,mww,88,40,2.211,0.8,us,us6000jngr,2023-04-22T21:33:03.040Z,"20 km SSW of Ransiki, Indonesia",earthquake,5.97,5.127,0.089,12,reviewed,us,us
2023-02-12T10:43:52.166Z,-1.5979,134.1792,45.658,4.5,mb,44,123,2.333,0.4,us,us6000jnf9,2023-04-22T21:33:02.040Z,"9 km S of Ransiki, Indonesia",earthquake,6.47,7.488,0.099,30,reviewed,us,us
2023-02-11T16:47:11.898Z,-7.1414,129.5051,91.802,4.5,mb,35,69,1.965,0.61,us,us6000jnba,2023-04-15T21:39:58.040Z,"Kepulauan Babar, Indonesia",earthquake,7.79,5.732,0.102,28,reviewed,us,us
2023-02-11T08:55:05.019Z,3.5892,126.6923,25,5.9,mww,200,36,2.879,0.88,us,us6000jn9h,2023-04-15T21:39:57.040Z,"242 km SE of Sarangani, Philippines",earthquake,6.76,1.86,0.052,35,reviewed,us,us
2023-02-10T18:20:54.332Z,-2.2921,140.1828,25.298,5,mb,80,48,7.95,0.53,us,us6000jn58,2023-04-15T21:39:55.040Z,"60 km NW of Abepura, Indonesia",earthquake,8.84,4.501,0.072,68,reviewed,us,us
2023-02-09T14:38:04.869Z,-4.2629,129.4962,134.213,4.6,mb,43,112,0.482,0.51,us,us6000jmqu,2023-04-15T21:39:51.040Z,"120 km SSE of Amahai, Indonesia",earthquake,9.32,3.187,0.095,33,reviewed,us,us
2023-02-09T06:27:58.161Z,-2.598,140.5588,9.924,5.1,mww,166,36,8.307,0.52,us,us6000jmnk,2026-07-23T12:39:12.370Z,"8 km W of Abepura, Indonesia",earthquake,8.43,4.43,0.093,11,reviewed,us,us
2023-02-09T06:09:30.629Z,2.22,127.0319,106.673,4.5,mb,39,110,1.477,0.54,us,us6000jmni,2023-04-15T21:39:50.040Z,"121 km WNW of Tobelo, Indonesia",earthquake,6.93,7.395,0.104,29,reviewed,us,us
2023-02-09T03:54:55.508Z,0.4469,100.2393,140.516,4.9,mb,17,105,2.591,0.4,us,us6000jpl2,2023-04-15T21:40:11.040Z,"84 km N of Bukittinggi, Indonesia",earthquake,11.99,8.331,0.177,10,reviewed,us,us
2023-02-08T17:48:10.532Z,-2.5777,140.6658,23.641,4.6,mb,39,86,8.414,1.18,us,us6000jmjh,2023-04-15T21:39:48.040Z,"4 km ENE of Abepura, Indonesia",earthquake,10.2,5.323,0.091,36,reviewed,us,us
2023-02-08T13:21:13.505Z,-2.629,140.6461,13.008,4.5,mb,34,81,0.128,0.33,us,us6000jmgx,2023-04-15T21:39:47.040Z,"3 km SSE of Abepura, Indonesia",earthquake,5.38,5.116,0.106,26,reviewed,us,us
2023-02-08T13:06:57.259Z,2.8377,127.0361,45.934,4.5,mb,35,120,2.079,0.56,us,us6000jpcm,2023-04-15T21:40:09.040Z,"163 km NW of Tobelo, Indonesia",earthquake,9.14,8.813,0.113,23,reviewed,us,us
2023-02-08T12:34:09.761Z,-2.644,140.5502,28.109,4.7,mb,39,80,8.296,0.81,us,us6000jpcl,2023-04-15T21:40:09.040Z,"10 km WSW of Abepura, Indonesia",earthquake,11.92,6.007,0.096,33,reviewed,us,us
2023-02-08T11:35:34.189Z,-2.5466,140.6296,15.164,5,mb,59,80,8.379,0.45,us,us6000jmgj,2023-04-15T21:39:47.040Z,"5 km N of Abepura, Indonesia",earthquake,9.75,4.507,0.082,47,reviewed,us,us
2023-02-07T10:28:27.701Z,-3.4127,126.6997,10,4.5,mb,32,75,3.382,0.54,us,us6000jm7i,2023-04-15T21:39:43.040Z,"167 km W of Ambon, Indonesia",earthquake,7.65,1.916,0.14,15,reviewed,us,us
2023-02-07T09:56:46.012Z,-3.5923,126.5778,10,4.7,mb,38,86,3.445,0.55,us,us6000jm7c,2023-04-15T21:39:43.040Z,"178 km W of Ambon, Indonesia",earthquake,7.44,1.877,0.098,32,reviewed,us,us
2023-02-07T00:35:51.557Z,-7.2442,106.0073,50.524,5.4,mb,161,53,4.174,0.55,us,us6000jm4c,2023-04-15T21:39:41.040Z,"66 km WSW of Pelabuhanratu, Indonesia",earthquake,7.91,2.626,0.044,179,reviewed,us,us
2023-02-06T13:50:14.093Z,2.4404,128.7157,51.926,4.5,mb,28,94,2.137,0.71,us,us6000jnwu,2023-04-15T21:40:05.040Z,"111 km NE of Tobelo, Indonesia",earthquake,9.09,7.24,0.121,20,reviewed,us,us
2023-02-06T07:42:22.683Z,-0.3604,123.1891,10,4.6,mb,59,46,2.816,0.5,us,us6000jlpj,2023-04-15T21:39:35.040Z,"79 km NE of Luwuk, Indonesia",earthquake,7.02,1.855,0.085,41,reviewed,us,us
2023-02-06T07:11:32.497Z,-7.6791,117.1506,326.66,4.9,mb,136,43,1.298,0.51,us,us6000jlpc,2023-04-15T21:39:35.040Z,"88 km NNW of Pototano, Indonesia",earthquake,7.95,6.517,0.055,105,reviewed,us,us
2023-02-05T23:19:33.531Z,-2.4294,140.6999,10,4.5,mb,27,113,8.456,0.96,us,us6000jn4c,2023-04-15T21:39:55.040Z,"11 km N of Jayapura, Indonesia",earthquake,9.53,1.791,0.15,13,reviewed,us,us
2023-02-04T02:48:45.563Z,-2.544,140.6838,26.925,4.9,mb,47,94,8.434,0.88,us,us6000jlbq,2023-04-13T21:53:23.040Z,"3 km WSW of Jayapura, Indonesia",earthquake,11.39,4.723,0.074,58,reviewed,us,us
2023-02-03T21:03:51.237Z,4.7968,127.0199,55.858,4.5,mb,41,128,2.674,0.37,us,us6000jmtj,2023-04-13T21:53:31.040Z,"185 km ESE of Sarangani, Philippines",earthquake,9.75,8.047,0.106,26,reviewed,us,us
2023-02-03T17:48:15.004Z,2.8393,127.3198,35,4.5,mb,51,75,2.054,0.97,us,us6000jmte,2023-04-13T21:53:30.040Z,"144 km NNW of Tobelo, Indonesia",earthquake,4.66,1.887,0.089,44,reviewed,us,us
2023-02-03T17:23:40.271Z,2.6329,126.8298,31.589,4.9,mb,106,90,1.925,0.62,us,us6000jl7m,2023-04-13T21:53:21.040Z,"164 km NW of Tobelo, Indonesia",earthquake,8.31,4.808,0.061,92,reviewed,us,us
2023-02-03T10:49:44.434Z,5.827,126.1074,54.106,4.5,mb,54,112,1.342,0.75,us,us6000jmsz,2023-04-13T21:53:30.040Z,"50 km ESE of Mangili, Philippines",earthquake,8.17,7.34,0.088,40,reviewed,us,us
2023-02-02T23:05:05.842Z,2.4828,128.2209,81.032,5,mb,108,33,1.902,0.69,us,us6000jl2q,2023-04-13T21:53:19.040Z,"86 km NNE of Tobelo, Indonesia",earthquake,7.86,4.47,0.05,128,reviewed,us,us
2023-02-02T12:45:53.798Z,-7.2013,106.0182,57.032,4.5,mb,31,180,1.628,0.79,us,us6000jms3,2023-04-13T21:53:29.040Z,"63 km WSW of Pelabuhanratu, Indonesia",earthquake,10.71,8.289,0.145,14,reviewed,us,us
2023-02-02T12:19:11.229Z,-5.6197,103.89,63.707,4.7,mb,67,79,1.559,0.81,us,us6000jkyi,2023-04-13T21:53:18.040Z,"140 km SW of Kotabumi, Indonesia",earthquake,6.64,6.026,0.075,54,reviewed,us,us
2023-02-02T09:30:24.579Z,-0.2592,123.7721,91.751,4.6,mb,36,62,1.267,1.23,us,us6000jmry,2023-04-13T21:53:29.040Z,"Sulawesi, Indonesia",earthquake,6.25,7.615,0.146,17,reviewed,us,us
2023-02-02T01:41:43.255Z,4.8691,126.4196,72.31,4.5,mb,30,127,2.341,0.31,us,us6000jmrp,2023-04-13T21:53:28.040Z,"121 km ESE of Sarangani, Philippines",earthquake,13.3,8.551,0.15,17,reviewed,us,us
2023-02-01T15:57:20.415Z,-7.2931,107.6331,10,4.5,mb,42,57,0.467,0.45,us,us6000jks8,2023-04-13T21:53:16.040Z,"24 km ESE of Banjar, Indonesia",earthquake,6.27,1.84,0.108,25,reviewed,us,us
2023-02-01T09:33:46.880Z,-5.2966,103.2863,62.107,4.6,mb,39,89,0.987,0.27,us,us6000jkpj,2023-04-13T21:53:15.040Z,"140 km S of Pagar Alam, Indonesia",earthquake,8.15,8.351,0.105,27,reviewed,us,us
2023-01-31T12:32:15.218Z,3.9105,128.5033,10.746,4.5,mb,60,98,3.318,0.52,us,us6000jkii,2023-04-13T21:53:13.040Z,"247 km NNE of Tobelo, Indonesia",earthquake,8.35,3.954,0.077,49,reviewed,us,us
2023-01-31T04:34:50.837Z,5.9313,125.9995,88.91,4.6,mb,71,109,1.206,0.56,us,us6000jkgx,2023-04-13T21:53:12.040Z,"35 km ESE of Mangili, Philippines",earthquake,7.45,5.939,0.072,57,reviewed,us,us
2023-01-29T22:14:57.403Z,2.71,126.666,35,4.6,mb,22,118,2.049,0.58,us,us6000jmxr,2023-04-13T21:53:33.040Z,"Molucca Sea",earthquake,7.46,1.873,0.151,13,reviewed,us,us
2023-01-29T20:25:22.946Z,2.6589,126.6496,52.418,4.5,mb,26,134,2.007,0.84,us,us6000jmxm,2023-04-13T21:53:33.040Z,"Molucca Sea",earthquake,12.92,7.391,0.121,20,reviewed,us,us
2023-01-29T20:18:58.481Z,5.4659,126.1501,156.259,4.6,mb,70,58,1.691,0.95,us,us6000jk73,2024-01-18T19:16:54.751Z,"75 km SE of Caburan, Philippines",earthquake,8.53,6.075,0.062,78,reviewed,us,us
2023-01-29T19:57:14.754Z,2.8491,126.9433,42.236,5,mb,66,93,2.106,0.81,us,us6000jk70,2023-04-13T21:53:09.040Z,"171 km NW of Tobelo, Indonesia",earthquake,6.49,6.04,0.062,82,reviewed,us,us
2023-01-29T16:11:02.225Z,2.8896,126.9662,47.576,4.7,mb,56,109,2.141,0.75,us,us6000jk6a,2023-04-13T21:53:08.040Z,"173 km NW of Tobelo, Indonesia",earthquake,8.02,7.103,0.068,65,reviewed,us,us
2023-01-29T15:20:28.798Z,2.9047,126.9938,49.175,4.7,mb,28,126,2.151,0.72,us,us6000jk64,2023-04-13T21:53:08.040Z,"172 km NW of Tobelo, Indonesia",earthquake,13.31,7.745,0.11,25,reviewed,us,us
2023-01-29T05:15:38.885Z,2.7358,127.0428,64.686,4.6,mb,56,108,1.978,0.47,us,us6000jk40,2023-04-13T21:53:08.040Z,"154 km NW of Tobelo, Indonesia",earthquake,8.23,2.587,0.083,49,reviewed,us,us
2023-01-29T04:23:33.367Z,5.5924,125.0567,49.134,4.9,mb,44,93,1.557,0.84,us,us6000jk3r,2023-04-13T21:53:07.040Z,"Mindanao, Philippines",earthquake,8.11,6.475,0.064,77,reviewed,us,us
2023-01-29T03:20:20.797Z,2.8499,126.9825,51.395,4.6,mb,34,116,2.1,0.71,us,us6000jk3i,2023-04-13T21:53:07.040Z,"168 km NW of Tobelo, Indonesia",earthquake,9.02,0.796,0.122,21,reviewed,us,us
2023-01-29T01:45:44.856Z,2.9066,126.8881,48.939,4.5,mb,36,108,2.174,0.66,us,us6000jk36,2023-04-13T21:53:07.040Z,"180 km NW of Tobelo, Indonesia",earthquake,8.53,4.752,0.099,32,reviewed,us,us
2023-01-28T19:15:18.194Z,1.9439,128.255,143.944,5.3,mww,181,24,1.464,0.8,us,us6000jk18,2023-04-11T18:51:39.040Z,"36 km NE of Tobelo, Indonesia",earthquake,6.62,4.266,0.059,28,reviewed,us,us
2023-01-28T15:47:55.289Z,-6.5592,129.8483,164.479,4.8,mww,61,51,2.018,0.72,us,us6000jk04,2024-01-18T19:16:30.471Z,"Banda Sea",earthquake,7.75,5.498,0.098,10,reviewed,us,us
2023-01-28T00:03:31.879Z,3.0504,126.9979,38.508,4.7,mb,45,111,2.293,0.59,us,us6000jjvx,2023-04-11T18:51:37.040Z,"184 km NW of Tobelo, Indonesia",earthquake,8.59,7.352,0.104,28,reviewed,us,us
2023-01-27T18:17:58.994Z,-2.8466,129.6137,11.327,4.7,mb,99,62,2.633,0.67,us,us6000jjsz,2023-04-11T18:51:37.040Z,"Seram, Indonesia",earthquake,5.66,3.917,0.065,81,reviewed,us,us
2023-01-27T02:11:57.833Z,-6.5808,104.0229,50.657,4.5,mb,20,175,2.448,0.29,us,us6000jltk,2023-04-11T18:51:41.040Z,"187 km SW of Bandar Lampung, Indonesia",earthquake,13.11,6.84,0.172,10,reviewed,us,us
2023-01-26T17:25:58.419Z,2.7929,126.8576,34.247,4.6,mb,53,118,2.071,0.91,us,us6000jjik,2023-04-11T18:51:34.040Z,"173 km NW of Tobelo, Indonesia",earthquake,12.64,5.506,0.081,45,reviewed,us,us
2023-01-26T13:11:32.455Z,2.7257,126.7964,38.582,4.5,mb,28,128,2.023,0.59,us,us6000jlzm,2023-04-11T18:51:46.040Z,"Molucca Sea",earthquake,4.66,7.658,0.118,21,reviewed,us,us
2023-01-26T06:33:45.142Z,2.84,127.0684,64.583,4.8,mb,69,108,2.076,0.47,us,us6000jjce,2023-04-11T18:51:33.040Z,"161 km NW of Tobelo, Indonesia",earthquake,7.22,6.661,0.075,67,reviewed,us,us
2023-01-26T04:30:13.337Z,3.3254,128.1163,10,4.7,mb,24,81,2.645,0.84,us,us6000jm0n,2024-01-18T19:15:49.010Z,"north of Halmahera, Indonesia",earthquake,6.05,1.909,0.13,18,reviewed,us,us
2023-01-26T04:23:51.212Z,2.8391,126.9856,35,5.7,mww,107,29,2.088,0.91,us,us6000jjbj,2024-10-09T15:04:54.935Z,"167 km NW of Tobelo, Indonesia",earthquake,6.91,1.768,0.061,26,reviewed,us,us
2023-01-25T19:31:07.519Z,2.8254,127.2766,36.436,4.5,mb,51,145,2.042,0.86,us,us6000jj8q,2023-04-11T18:51:32.040Z,"146 km NW of Tobelo, Indonesia",earthquake,7.65,6.833,0.084,42,reviewed,us,us
2023-01-25T15:51:50.730Z,2.8108,126.9383,43.5,4.6,mb,49,85,2.07,0.82,us,us6000jj7q,2023-04-11T18:51:32.040Z,"168 km NW of Tobelo, Indonesia",earthquake,5.53,7.368,0.09,37,reviewed,us,us
2023-01-25T00:44:54.720Z,3.115,127.0491,35.68,4.5,mb,44,109,2.349,1.09,us,us6000jlu4,2023-04-11T18:51:42.040Z,"Pulau-Pulau Talaud, Indonesia",earthquake,8.93,5.276,0.09,36,reviewed,us,us
2023-01-24T20:17:58.699Z,3.1604,127.0141,35,5.3,mb,167,41,2.399,0.99,us,us6000jj00,2023-04-11T18:51:29.040Z,"193 km NW of Tobelo, Indonesia",earthquake,7.08,1.823,0.042,200,reviewed,us,us
2023-01-24T20:12:55.993Z,2.9423,127.2788,39.689,4.5,mb,47,72,2.158,0.59,us,us6000jizz,2023-04-11T18:51:29.040Z,"156 km NNW of Tobelo, Indonesia",earthquake,6.67,6.978,0.091,41,reviewed,us,us
2023-01-24T16:10:15.984Z,3.555,128.5402,11.012,5.2,mww,74,83,3.003,0.6,us,us6000jiy0,2023-04-11T18:51:28.040Z,"210 km NNE of Tobelo, Indonesia",earthquake,5.77,4.306,0.078,16,reviewed,us,us
2023-01-24T13:11:21.947Z,3.0821,127.016,35.881,5,mb,75,104,2.321,0.68,us,us6000jiwc,2023-04-11T18:51:28.040Z,"186 km NW of Tobelo, Indonesia",earthquake,7.77,4.307,0.062,83,reviewed,us,us
2023-01-24T13:06:37.465Z,2.738,126.8597,50.04,4.5,mb,43,117,2.018,0.69,us,us6000jlv5,2023-04-11T18:51:43.040Z,"169 km NW of Tobelo, Indonesia",earthquake,8.41,1.573,0.104,27,reviewed,us,us
2023-01-24T11:08:10.590Z,2.7706,127.186,42.651,4.6,mb,60,84,1.994,0.58,us,us6000jivy,2023-04-11T18:51:28.040Z,"147 km NW of Tobelo, Indonesia",earthquake,7.53,6.778,0.083,43,reviewed,us,us
2023-01-24T10:17:29.175Z,2.8339,127.0001,46.297,4.7,mb,41,109,2.081,0.74,us,us6000jlv0,2023-04-11T18:51:43.040Z,"Molucca Sea",earthquake,8.07,7.587,0.102,29,reviewed,us,us
2023-01-24T05:35:07.209Z,2.8024,126.9746,51.27,4.5,mb,40,119,2.055,0.55,us,us6000jiuy,2023-04-11T18:51:27.040Z,"165 km NW of Tobelo, Indonesia",earthquake,9.6,7.829,0.1,30,reviewed,us,us
2023-01-24T05:04:39.907Z,2.8419,126.954,52.471,4.5,mb,41,117,2.097,0.37,us,us6000jiuq,2023-04-11T18:51:27.040Z,"Molucca Sea",earthquake,9.71,7.058,0.099,30,reviewed,us,us
2023-01-24T04:13:59.200Z,2.7244,127.1493,35,4.5,mb,30,123,1.952,0.58,us,us6000jiui,2023-04-11T18:51:27.040Z,"145 km NW of Tobelo, Indonesia",earthquake,7.02,1.926,0.121,20,reviewed,us,us
2023-01-24T04:02:54.811Z,2.7818,126.9104,35,4.9,mb,49,109,2.048,0.67,us,us6000jiud,2023-04-11T18:51:27.040Z,"168 km NW of Tobelo, Indonesia",earthquake,6.25,1.853,0.077,53,reviewed,us,us
2023-01-24T03:38:37.121Z,2.9076,127.1653,35,4.5,mb,34,127,2.131,0.69,us,us6000jiua,2023-04-11T18:51:27.040Z,"160 km NW of Tobelo, Indonesia",earthquake,10.78,1.897,0.124,19,reviewed,us,us
2023-01-24T02:53:31.094Z,2.9088,127.1235,35,4.6,mb,41,127,2.137,0.69,us,us6000jiu4,2023-04-11T18:51:27.040Z,"Molucca Sea",earthquake,10.51,1.916,0.101,29,reviewed,us,us
2023-01-24T02:38:32.603Z,2.8856,127.2573,35,4.5,mb,24,117,2.103,0.69,us,us6000jluv,2023-04-11T18:51:43.040Z,"152 km NNW of Tobelo, Indonesia",earthquake,9.33,1.922,0.128,18,reviewed,us,us
2023-01-24T02:37:06.287Z,2.8189,126.8519,35,4.6,mb,52,117,2.097,0.52,us,us6000jluh,2023-04-11T18:51:42.040Z,"176 km NW of Tobelo, Indonesia",earthquake,8.69,1.879,0.097,32,reviewed,us,us
2023-01-24T02:30:04.675Z,2.9043,127.088,35,5.4,mb,113,54,2.137,0.69,us,us6000jitx,2023-04-11T18:51:26.040Z,"165 km NW of Tobelo, Indonesia",earthquake,7.39,1.8,0.044,174,reviewed,us,us
2023-01-24T02:28:53.831Z,2.5213,126.4108,35,4.6,mb,25,110,1.983,0.58,us,us6000jluw,2023-04-11T18:51:43.040Z,"196 km NE of Laikit, Laikit II (Dimembe), Indonesia",earthquake,8.14,1.908,0.128,18,reviewed,us,us
2023-01-24T02:25:23.625Z,2.7746,126.8379,35,4.6,mb,40,124,2.058,0.41,us,us6000jitw,2023-04-11T18:51:26.040Z,"Molucca Sea",earthquake,10.52,1.918,0.117,22,reviewed,us,us
2023-01-24T02:18:28.916Z,2.8282,126.942,35,4.7,mb,23,102,2.086,0.58,us,us6000jluf,2023-04-11T18:51:42.040Z,"169 km NW of Tobelo, Indonesia",earthquake,8.47,1.906,0.195,8,reviewed,us,us
2023-01-24T02:13:14.936Z,2.8182,126.944,35,5.8,mww,131,31,2.076,0.61,us,us6000jitq,2023-04-11T18:51:26.040Z,"169 km NW of Tobelo, Indonesia",earthquake,6.53,1.76,0.058,29,reviewed,us,us
2023-01-24T01:14:31.403Z,2.569,126.3889,35,4.7,mb,23,70,2.035,0.83,us,us6000jlue,2023-04-11T18:51:42.040Z,"197 km NE of Laikit, Laikit II (Dimembe), Indonesia",earthquake,10.87,1.94,0.148,14,reviewed,us,us
2023-01-24T01:10:20.922Z,2.7739,126.9144,18.473,5.1,mww,87,49,2.039,0.8,us,us6000jiti,2023-04-11T18:51:26.040Z,"167 km NW of Tobelo, Indonesia",earthquake,6.93,3.265,0.089,12,reviewed,us,us
2023-01-23T22:55:21.087Z,-5.3099,104.4247,92.48,4.5,mb,75,46,1.741,0.35,us,us6000jit5,2023-04-11T18:51:26.040Z,"73 km SW of Kotabumi, Indonesia",earthquake,6.58,5.589,0.069,62,reviewed,us,us
2023-01-23T19:45:00.460Z,-6.8426,106.9767,10.84,4.5,mb,22,121,0.633,0.52,us,us6000jlxv,2023-04-11T18:51:45.040Z,"10 km NNE of Sukabumi, Indonesia",earthquake,6.2,4.533,0.191,8,reviewed,us,us
2023-01-23T18:17:34.706Z,2.8202,127.0015,9.735,5.5,mww,116,43,2.067,0.94,us,us6000jirz,2023-04-11T18:51:26.040Z,"164 km NW of Tobelo, Indonesia",earthquake,7.61,3.335,0.08,15,reviewed,us,us
2023-01-23T17:06:48.456Z,2.7944,126.899,30.491,5,mb,81,93,2.063,0.69,us,us7000j6e6,2023-04-11T18:51:54.040Z,"170 km NW of Tobelo, Indonesia",earthquake,9.71,4.126,0.069,66,reviewed,us,us
2023-01-23T15:38:35.809Z,2.7568,127.0395,42.887,4.6,mb,70,122,1.999,0.84,us,us7000j6cn,2023-04-11T18:51:54.040Z,"156 km NW of Tobelo, Indonesia",earthquake,9.67,6.313,0.068,64,reviewed,us,us
2023-01-23T14:09:00.252Z,2.9525,127.0088,58.17,4.5,mb,41,85,2.195,0.46,us,us7000j6cd,2023-04-11T18:51:54.040Z,"175 km NW of Tobelo, Indonesia",earthquake,5.72,7.437,0.097,31,reviewed,us,us
2023-01-23T14:01:53.556Z,3.0151,127.0689,35,4.7,mb,90,84,2.248,0.58,us,us7000j6cb,2023-04-11T18:51:54.040Z,"Pulau-Pulau Talaud, Indonesia",earthquake,8.1,1.845,0.069,63,reviewed,us,us
2023-01-23T02:42:58.194Z,2.777,127.1631,51.722,4.6,mb,52,96,2.002,0.44,us,us7000j6aq,2023-04-11T18:51:53.040Z,"149 km NW of Tobelo, Indonesia",earthquake,9.27,7.625,0.091,36,reviewed,us,us
2023-01-22T22:50:51.538Z,2.6826,127.0214,35,4.5,mb,21,137,15.956,0.85,us,us6000jkbx,2023-04-11T18:51:40.040Z,"Molucca Sea",earthquake,15.95,1.806,0.157,12,reviewed,us,us
2023-01-22T18:21:01.698Z,2.8623,127.0919,30.351,4.5,mb,73,115,2.095,0.57,us,us7000j69f,2023-04-11T18:51:52.040Z,"161 km NW of Tobelo, Indonesia",earthquake,9.86,4.679,0.071,59,reviewed,us,us
2023-01-22T17:57:43.070Z,2.729,127.0199,37.868,4.7,mb,63,86,1.975,0.65,us,us7000j69g,2023-04-11T18:51:53.040Z,"156 km NW of Tobelo, Indonesia",earthquake,6.1,6.227,0.075,54,reviewed,us,us
2023-01-22T16:57:12.062Z,-7.353,128.474,159.832,4.5,mb,46,62,2.869,0.62,us,us7000j692,2023-04-11T18:51:52.040Z,"Kepulauan Barat Daya, Indonesia",earthquake,5.08,7.173,0.076,52,reviewed,us,us
2023-01-22T09:44:47.672Z,-2.6019,140.6559,31.651,4.7,mb,57,56,8.403,0.43,us,us7000j67f,2023-04-11T18:51:52.040Z,"2 km ESE of Abepura, Indonesia",earthquake,9.29,4.242,0.086,41,reviewed,us,us
2023-01-22T06:42:05.844Z,2.7381,126.9916,45.562,4.6,mb,70,108,1.989,0.47,us,us7000j66q,2023-04-11T18:51:52.040Z,"159 km NW of Tobelo, Indonesia",earthquake,7.99,5.542,0.074,65,reviewed,us,us
2023-01-22T06:16:02.380Z,-6.5142,129.4789,213.596,4.8,mb,101,57,2.321,0.41,us,us7000j66k,2023-04-11T18:51:52.040Z,"Banda Sea",earthquake,6.43,7.007,0.052,115,reviewed,us,us
2023-01-22T05:39:51.698Z,-2.8969,127.7539,42.674,4.6,mb,47,76,3.665,0.59,us,us7000j66h,2023-04-11T18:51:52.040Z,"100 km NNW of Ambon, Indonesia",earthquake,7.07,6.284,0.086,40,reviewed,us,us
2023-01-22T02:29:04.165Z,2.7978,126.9838,40.742,4.5,mb,35,93,2.049,0.42,us,us7000j65t,2023-04-11T18:51:51.040Z,"164 km NW of Tobelo, Indonesia",earthquake,8.1,3.958,0.115,23,reviewed,us,us
2023-01-21T20:06:50.880Z,2.7214,126.9929,28.931,5.1,mww,127,52,1.972,0.62,us,us7000j646,2023-03-31T19:46:07.040Z,"157 km NW of Tobelo, Indonesia",earthquake,8.49,3.872,0.08,15,reviewed,us,us
2023-01-21T17:24:06.444Z,2.657,126.6547,35,4.5,mb,45,104,2.003,0.48,us,us6000jjqr,2023-03-31T19:43:51.040Z,"182 km NW of Tobelo, Indonesia",earthquake,9.68,1.903,0.096,36,reviewed,us,us
2023-01-21T14:59:14.070Z,5.9755,125.7624,78.819,4.6,mb,36,127,1.102,0.6,us,us7000j631,2023-03-31T19:46:03.040Z,"9 km ESE of Mangili, Philippines",earthquake,9.67,7.941,0.103,28,reviewed,us,us
2023-01-21T13:29:08.389Z,-4.4634,132.8145,10,4.6,mb,18,155,1.635,0.89,us,us7000j62m,2023-03-31T19:46:00.040Z,"129 km N of Tual, Indonesia",earthquake,9.33,1.947,0.146,14,reviewed,us,us
2023-01-21T09:24:40.484Z,2.7651,127.0662,42.036,4.5,mb,39,120,2.003,0.49,us,us7000j61s,2023-03-31T19:45:57.040Z,"155 km NW of Tobelo, Indonesia",earthquake,9.2,8.294,0.097,32,reviewed,us,us
2023-01-21T06:17:08.477Z,2.7842,127.0146,52.582,4.7,mb,42,115,2.03,0.83,us,us7000j610,2023-03-31T19:45:54.040Z,"160 km NW of Tobelo, Indonesia",earthquake,8.88,5.883,0.093,35,reviewed,us,us
2023-01-21T03:58:09.650Z,2.7552,127.054,44.905,5.1,mb,67,80,1.995,0.9,us,us7000j603,2023-03-31T19:45:50.040Z,"155 km NW of Tobelo, Indonesia",earthquake,7.53,5.812,0.059,95,reviewed,us,us
2023-01-21T02:50:36.322Z,3.2514,96.195,46.404,4.5,mb,37,166,2.103,0.65,us,us7000j5zt,2023-03-31T19:45:49.040Z,"87 km NNW of Sinabang, Indonesia",earthquake,9.1,8.087,0.115,23,reviewed,us,us
2023-01-21T01:14:37.658Z,2.3923,126.7277,49.806,4.5,mb,49,105,1.732,0.68,us,us7000j5zi,2023-03-31T19:45:48.040Z,"160 km WNW of Tobelo, Indonesia",earthquake,9.85,7.894,0.086,42,reviewed,us,us
2023-01-20T18:05:06.768Z,-5.2579,101.811,22.008,4.5,mb,51,87,1.448,0.82,us,us7000j5vt,2023-03-31T19:45:44.040Z,"168 km SSW of Bengkulu, Indonesia",earthquake,7.29,2.89,0.1,32,reviewed,us,us
2023-01-20T17:49:34.758Z,2.745,126.9444,24.625,5,mb,130,55,2.005,0.71,us,us7000j5vr,2023-03-31T19:45:44.040Z,"163 km NW of Tobelo, Indonesia",earthquake,7.94,4.577,0.053,122,reviewed,us,us
2023-01-20T10:40:14.498Z,3.0079,127.0761,53.381,4.7,mb,86,107,2.24,0.43,us,us7000j5s7,2023-03-31T19:45:41.040Z,"175 km NW of Tobelo, Indonesia",earthquake,8.58,7.076,0.066,70,reviewed,us,us
2023-01-20T08:58:08.992Z,3.5848,128.5719,11.49,4.9,mb,51,109,3.043,0.85,us,us7000j5qh,2023-03-31T19:45:40.040Z,"214 km NNE of Tobelo, Indonesia",earthquake,3.7,4.396,0.088,40,reviewed,us,us
2023-01-19T20:35:20.072Z,2.7314,127.0244,51.227,4.7,mb,77,99,1.976,0.79,us,us7000j5ls,2023-03-31T19:45:33.040Z,"155 km NW of Tobelo, Indonesia",earthquake,7.38,5.615,0.063,77,reviewed,us,us
2023-01-19T18:51:37.067Z,2.6425,126.8328,54.043,4.5,mb,59,73,1.933,0.83,us,us7000j5kz,2023-03-31T19:45:32.040Z,"165 km NW of Tobelo, Indonesia",earthquake,9.41,6.444,0.082,44,reviewed,us,us
2023-01-19T17:51:31.397Z,2.7314,126.8195,46.251,4.7,mb,54,118,2.022,0.78,us,us7000j5kl,2023-03-31T19:45:31.040Z,"172 km NW of Tobelo, Indonesia",earthquake,8.64,3.96,0.075,54,reviewed,us,us
2023-01-19T15:03:36.418Z,2.7909,127.0919,52.848,4.5,mb,21,108,2.024,1.16,us,us6000jjhq,2023-03-31T19:43:39.040Z,"Molucca Sea",earthquake,7.96,9.043,0.145,16,reviewed,us,us
2023-01-19T13:00:21.304Z,2.9462,127.0475,52.185,4.8,mb,42,116,2.183,0.82,us,us7000j5ht,2023-03-31T19:45:25.040Z,"171 km NW of Tobelo, Indonesia",earthquake,8.55,8.683,0.079,49,reviewed,us,us
2023-01-19T12:29:49.742Z,2.7749,126.987,41.554,4.7,mb,54,93,2.026,0.93,us,us7000j5hq,2023-03-31T19:45:25.040Z,"Molucca Sea",earthquake,9.17,4.904,0.083,44,reviewed,us,us
2023-01-19T11:56:52.189Z,-6.2617,125.4081,552.721,4.9,mb,97,25,3.65,0.81,us,us7000j5hm,2023-03-31T19:45:24.040Z,"Banda Sea",earthquake,10.48,6.435,0.052,118,reviewed,us,us
2023-01-19T11:54:29.352Z,2.8996,126.6652,23.649,4.5,mb,24,108,2.227,0.89,us,us6000jjhe,2023-03-31T19:43:38.040Z,"197 km NW of Tobelo, Indonesia",earthquake,9.75,6.027,0.163,11,reviewed,us,us
2023-01-19T11:04:45.912Z,2.656,127.0019,55.119,4.5,mb,33,114,1.907,0.65,us,us6000jjh9,2023-03-31T19:43:37.040Z,"151 km NW of Tobelo, Indonesia",earthquake,9.34,8.19,0.118,21,reviewed,us,us
2023-01-19T07:38:34.635Z,2.7637,127.012,51.964,4.5,mb,34,140,2.01,0.34,us,us7000j5fk,2023-03-31T19:45:22.040Z,"159 km NW of Tobelo, Indonesia",earthquake,4.95,8.015,0.113,24,reviewed,us,us
2023-01-19T04:54:29.603Z,2.7042,127.0452,35,4.5,mb,19,152,1.946,0.56,us,us6000jjgz,2024-01-18T19:13:16.897Z,"152 km NW of Tobelo, Indonesia",earthquake,9.6,1.939,0.163,11,reviewed,us,us
2023-01-18T20:57:50.626Z,2.7438,126.9974,46.353,4.6,mb,57,84,1.993,0.79,us,us7000j5c1,2024-01-18T19:13:08.505Z,"159 km NW of Tobelo, Indonesia",earthquake,9.66,7.216,0.086,40,reviewed,us,us
2023-01-18T19:55:00.899Z,2.6921,126.8287,51.121,4.8,mb,78,108,1.982,0.87,us,us7000j5bk,2023-03-31T19:45:16.040Z,"169 km NW of Tobelo, Indonesia",earthquake,8.01,6.603,0.064,76,reviewed,us,us
2023-01-18T18:55:38.702Z,2.6451,126.9312,60.838,4.5,mb,61,121,1.911,0.67,us,us7000j5aw,2023-03-31T19:45:14.040Z,"157 km NW of Tobelo, Indonesia",earthquake,8.48,6.276,0.08,46,reviewed,us,us
2023-01-18T18:15:36.473Z,2.6911,126.8984,46.469,4.6,mb,48,110,1.963,0.52,us,us7000j5ak,2023-03-31T19:45:13.040Z,"163 km NW of Tobelo, Indonesia",earthquake,8.04,8.302,0.086,40,reviewed,us,us
2023-01-18T16:27:49.542Z,-10.9587,111.7241,10,5.1,mww,161,39,3.251,0.6,us,us7000j59q,2023-03-31T19:45:12.040Z,"south of Java, Indonesia",earthquake,4.32,1.746,0.071,19,reviewed,us,us
2023-01-18T16:06:40.710Z,2.6606,126.9997,49.952,4.9,mb,103,112,1.912,0.72,us,us7000j59l,2023-03-31T19:45:11.040Z,"Molucca Sea",earthquake,6.87,5.831,0.062,83,reviewed,us,us
2023-01-18T15:43:31.175Z,2.9276,127.0925,35,4.9,mb,104,106,2.159,0.71,us,us7000j59h,2023-03-31T19:45:11.040Z,"167 km NW of Tobelo, Indonesia",earthquake,6.46,1.899,0.062,81,reviewed,us,us
2023-01-18T15:35:24.238Z,-2.6854,139.6674,31.432,4.6,mb,54,50,1.05,0.82,us,us7000j59g,2023-03-31T19:45:10.040Z,"near the north coast of Papua, Indonesia",earthquake,8.17,4.473,0.083,43,reviewed,us,us
2023-01-18T15:14:01.799Z,2.7226,126.9833,46.534,4.6,mb,83,103,1.975,0.71,us,us7000j59c,2023-03-31T19:45:10.040Z,"158 km NW of Tobelo, Indonesia",earthquake,7.29,6.9,0.066,69,reviewed,us,us
2023-01-18T15:04:23.789Z,0.9326,126.1034,47.262,4.6,mb,44,66,1.273,0.81,us,us6000jjew,2023-03-31T19:43:27.040Z,"138 km ESE of Tondano, Indonesia",earthquake,8.68,7.776,0.097,32,reviewed,us,us
2023-01-18T15:03:33.226Z,2.8561,127.2252,54.864,4.5,mb,34,118,2.075,0.52,us,us7000j59b,2023-03-31T19:45:10.040Z,"152 km NW of Tobelo, Indonesia",earthquake,10.06,7.93,0.104,27,reviewed,us,us
2023-01-18T14:21:39.970Z,2.7711,127.0537,56.605,4.6,mb,70,70,2.01,0.62,us,us7000j57n,2023-03-31T19:45:09.040Z,"156 km NW of Tobelo, Indonesia",earthquake,6.61,7.487,0.075,53,reviewed,us,us
2023-01-18T13:55:28.974Z,2.7211,127.1358,48.764,4.5,mb,51,106,1.95,0.63,us,us7000j57p,2023-03-31T19:45:09.040Z,"146 km NW of Tobelo, Indonesia",earthquake,7.73,5.739,0.093,35,reviewed,us,us
2023-01-18T13:39:43.330Z,2.7378,126.9009,30.531,4.8,mb,81,77,2.008,0.59,us,us7000j57i,2023-03-31T19:45:08.040Z,"166 km NW of Tobelo, Indonesia",earthquake,5.87,4.973,0.071,61,reviewed,us,us
2023-01-18T09:39:07.466Z,2.7363,127.079,67.668,4.6,mb,37,109,1.972,0.66,us,us7000j56y,2023-03-31T19:45:07.040Z,"152 km NW of Tobelo, Indonesia",earthquake,7.26,8.261,0.095,33,reviewed,us,us
2023-01-18T08:01:26.536Z,2.6982,127.1349,50.394,5.5,mb,109,31,1.927,0.77,us,us7000j56g,2023-03-31T19:45:06.040Z,"144 km NW of Tobelo, Indonesia",earthquake,6.87,3.8,0.046,163,reviewed,us,us
2023-01-18T07:20:21.826Z,2.8174,127.1375,47.416,4.6,mb,56,99,2.045,0.47,us,us7000j56f,2023-03-31T19:45:06.040Z,"Molucca Sea",earthquake,8.46,5.618,0.088,39,reviewed,us,us
2023-01-18T07:00:33.965Z,2.6154,127.0118,35,4.8,mb,63,101,1.865,0.95,us,us7000j566,2023-03-31T19:45:05.040Z,"148 km NW of Tobelo, Indonesia",earthquake,7.12,1.886,0.077,52,reviewed,us,us
2023-01-18T06:52:05.328Z,2.7108,126.9027,50.398,4.6,mb,48,118,1.981,0.58,us,us6000jjdy,2023-03-31T19:43:23.040Z,"164 km NW of Tobelo, Indonesia",earthquake,6.53,6.642,0.098,31,reviewed,us,us
2023-01-18T06:28:04.620Z,2.7322,126.9106,47.607,4.5,mb,21,88,2,0.57,us,us6000jjdv,2023-03-31T19:43:23.040Z,"165 km NW of Tobelo, Indonesia",earthquake,5.45,10.148,0.163,12,reviewed,us,us
2023-01-18T06:19:13.687Z,2.8239,127.0179,35,5.1,mb,54,115,2.068,0.91,us,us7000j5dp,2023-03-31T19:45:19.040Z,"163 km NW of Tobelo, Indonesia",earthquake,4.85,1.917,0.095,36,reviewed,us,us
2023-01-18T06:06:11.454Z,2.7306,127.0221,29.708,7,mwc,141,21,1.976,0.95,us,us7000j553,2023-10-09T22:58:31.015Z,"156 km NW of Tobelo, Indonesia",earthquake,6.7,3.131,0.027,133,reviewed,us,us
2023-01-18T00:34:45.151Z,-0.0116,123.1998,154,6,mww,303,19,1.109,0.93,us,us7000j511,2023-03-31T19:45:01.040Z,"62 km SSE of Gorontalo, Indonesia",earthquake,6.68,1.815,0.049,40,reviewed,us,us
2023-01-17T15:21:19.356Z,-8.3599,120.4568,10,4.6,mb,27,88,1.783,0.57,us,us7000j4ww,2024-01-18T19:12:46.801Z,"27 km N of Ruteng, Indonesia",earthquake,10.18,1.919,0.129,18,reviewed,us,us
2023-01-17T04:36:12.829Z,-9.0476,112.5383,66.345,5,mb,83,37,1.696,0.94,us,us7000j4u0,2023-03-31T19:44:48.040Z,"95 km SSW of Dampit, Indonesia",earthquake,6.73,3.175,0.069,68,reviewed,us,us
2023-01-17T02:09:35.617Z,-3.9013,128.4635,128.221,4.8,mb,59,70,3.903,0.65,us,us7000j4ti,2023-03-31T19:44:47.040Z,"38 km SE of Ambon, Indonesia",earthquake,8.44,5.353,0.08,48,reviewed,us,us
2023-01-15T22:29:58.940Z,1.9837,97.9979,37,6.1,mww,138,32,0.796,0.52,us,us7000j4kr,2023-03-31T19:44:29.040Z,"40 km SE of Singkil, Indonesia",earthquake,6.09,1.851,0.039,63,reviewed,us,us
2023-01-15T22:25:37.654Z,-6.9566,129.8608,100.657,4.5,mb,21,94,1.753,0.37,us,us7000j4kq,2023-03-31T19:44:29.040Z,"Banda Sea",earthquake,7.48,8.561,0.145,14,reviewed,us,us
2023-01-15T15:59:39.742Z,1.5311,127.2195,137.953,4.8,mb,52,75,0.768,0.86,us,us7000j4jj,2023-03-31T19:44:25.040Z,"83 km NNW of Ternate, Indonesia",earthquake,8.33,4.561,0.07,64,reviewed,us,us
2023-01-15T07:32:17.509Z,1.6709,126.5954,72.437,4.5,mb,33,108,1.18,0.38,us,us7000j4hj,2023-03-31T19:44:21.040Z,"131 km NW of Ternate, Indonesia",earthquake,5.87,8.584,0.112,24,reviewed,us,us
2023-01-14T20:32:18.287Z,-6.2165,106.681,154.129,4.8,mb,67,54,1.106,0.92,us,us7000j4fe,2024-01-18T19:12:06.875Z,"2 km NW of Ciputat, Indonesia",earthquake,4.19,5.077,0.059,91,reviewed,us,us
2023-01-14T06:48:10.719Z,-9.1275,123.3759,91.787,4.5,mb,25,74,1.078,0.7,us,us7000j4cg,2023-03-20T06:03:40.040Z,"67 km NW of Naisano Dua, Indonesia",earthquake,8.4,7.109,0.135,16,reviewed,us,us
2023-01-14T04:10:33.018Z,-7.3104,128.8242,153.937,4.5,mb,55,46,2.542,0.53,us,us7000j4bl,2023-03-20T06:03:39.040Z,"241 km NE of Lospalos, Timor Leste",earthquake,8.68,5.941,0.083,43,reviewed,us,us
2023-01-13T22:41:02.190Z,-5.0128,103.1291,66.413,5.3,mww,125,36,0.671,0.52,us,us7000j4a4,2023-03-20T06:03:38.040Z,"110 km S of Pagar Alam, Indonesia",earthquake,8.12,4.888,0.098,10,reviewed,us,us
2023-01-13T22:25:44.504Z,-6.2506,130.1239,131.283,4.5,mb,49,68,2.079,0.6,us,us7000j4a2,2023-03-20T06:03:38.040Z,"299 km WSW of Tual, Indonesia",earthquake,6.56,8.536,0.091,35,reviewed,us,us
2023-01-13T15:41:43.193Z,-2.803,138.4123,44.478,4.7,mb,47,100,10.89,0.59,us,us7000j47p,2023-03-20T06:03:36.040Z,"247 km W of Abepura, Indonesia",earthquake,6.18,6.69,0.079,49,reviewed,us,us
2023-01-13T12:44:50.662Z,-7.0656,130.2688,86.848,4.6,mb,64,71,1.369,0.52,us,us7000j44s,2024-01-18T19:11:45.004Z,"Pulau Pulau Tanimbar, Indonesia",earthquake,8.14,7.26,0.073,55,reviewed,us,us
2023-01-13T01:19:30.498Z,-0.2267,129.707,10,5,mb,57,57,2.542,0.86,us,us7000j41h,2023-03-20T06:03:32.040Z,"Halmahera, Indonesia",earthquake,7.65,0.971,0.053,114,reviewed,us,us
2023-01-12T21:48:17.382Z,2.1524,125.9305,9.057,4.7,mb,62,98,1.985,0.77,us,us7000j40q,2023-03-20T06:03:31.040Z,"Pulau-Pulau Sangihe, Indonesia",earthquake,7.39,4.31,0.074,55,reviewed,us,us
2023-01-12T20:18:24.805Z,-2.4758,140.6567,10,4.9,mb,54,71,0.061,0.63,us,us7000j3zy,2023-03-20T06:03:31.040Z,"9 km NW of Jayapura, Indonesia",earthquake,4.36,1.867,0.076,54,reviewed,us,us
2023-01-11T20:04:19.497Z,-8.4401,121.5966,10,4.5,mb,15,105,0.663,0.52,us,us7000j3r7,2023-03-20T06:03:23.040Z,"45 km N of Ende, Indonesia",earthquake,4.96,1.953,0.27,4,reviewed,us,us
2023-01-11T19:55:04.251Z,0.0107,123.5461,119.877,4.5,mb,79,44,1.301,0.88,us,us7000j3qy,2023-03-20T06:03:23.040Z,"79 km SE of Gorontalo, Indonesia",earthquake,7.57,3.424,0.066,67,reviewed,us,us
2023-01-11T11:53:25.500Z,-6.7715,131.3913,12.519,5,mb,42,128,1.207,0.64,us,us7000j3mn,2023-03-20T06:03:20.040Z,"196 km SW of Tual, Indonesia",earthquake,7.57,4.793,0.093,37,reviewed,us,us
2023-01-11T07:59:22.117Z,-2.8571,137.0171,68.897,4.8,mb,60,56,3.699,0.95,us,us7000j3kt,2023-03-20T06:03:19.040Z,"177 km ENE of Nabire, Indonesia",earthquake,8.1,6.029,0.064,76,reviewed,us,us
2023-01-10T02:49:33.074Z,-7.0226,129.9937,93.765,4.5,mb,40,97,1.608,0.46,us,us7000j3bv,2023-03-20T06:03:11.040Z,"Kepulauan Babar, Indonesia",earthquake,8.91,6.41,0.101,29,reviewed,us,us
2023-01-09T22:41:28.087Z,-6.2921,104.8324,57.413,4.8,mb,95,130,2.678,0.62,us,us7000j3as,2023-03-20T06:03:10.040Z,"106 km SSW of Bandar Lampung, Indonesia",earthquake,9.71,6.643,0.063,78,reviewed,us,us
2023-01-09T21:25:22.106Z,-7.1707,129.7044,77.896,4.5,mb,21,69,1.775,1.14,us,us7000j3af,2023-03-20T06:03:09.040Z,"Kepulauan Babar, Indonesia",earthquake,9.91,9.5,0.135,16,reviewed,us,us
2023-01-09T18:09:53.907Z,-7.081,130.1162,108.246,5.4,mb,64,64,1.476,0.7,us,us7000j38c,2023-03-20T06:03:08.040Z,"Pulau Pulau Tanimbar, Indonesia",earthquake,8.11,5.266,0.088,44,reviewed,us,us
2023-01-09T17:47:35.037Z,-7.0586,130.009,104.95,7.6,mww,113,21,1.574,0.8,us,us7000j36j,2026-07-23T13:14:12.771Z,"Pulau Pulau Tanimbar, Indonesia",earthquake,6.9,2.259,0.041,58,reviewed,us,us
2023-01-09T12:26:33.947Z,-8.8299,111.1757,67.859,5.3,mww,79,48,1.117,0.71,us,us7000j34c,2023-03-20T06:03:06.040Z,"101 km SW of Trenggalek, Indonesia",earthquake,6.74,5.742,0.086,13,reviewed,us,us
2023-01-07T16:40:25.158Z,-3.8126,133.4759,10,4.8,mb,37,88,1.513,0.8,us,us7000j2tu,2023-03-11T22:51:45.040Z,"Papua, Indonesia",earthquake,4.7,1.849,0.101,30,reviewed,us,us
2023-01-07T08:49:03.793Z,-2.4503,140.5724,27.527,4.6,mb,31,148,8.327,0.46,us,us7000j4xm,2023-03-11T22:51:52.040Z,"17 km NNW of Abepura, Indonesia",earthquake,8.9,5.365,0.125,19,reviewed,us,us
2023-01-07T05:21:56.238Z,4.1528,122.796,581.105,4.5,mb,60,82,3.63,0.61,us,us7000j2qz,2023-03-11T22:51:44.040Z,"230 km SSE of Tabiauan, Philippines",earthquake,11.39,9.052,0.083,43,reviewed,us,us
2023-01-07T03:01:24.860Z,-3.8607,133.3183,10,4.5,mb,22,112,1.419,0.66,us,us7000j2q5,2023-03-11T22:51:44.040Z,"Papua, Indonesia",earthquake,8.31,1.807,0.164,12,reviewed,us,us
2023-01-06T20:47:56.664Z,1.9538,97.841,57.748,4.5,mb,74,108,0.698,0.68,us,us7000j2n0,2023-03-11T22:51:43.040Z,"Nias region, Indonesia",earthquake,5.26,6.69,0.071,63,reviewed,us,us
2023-01-05T01:17:09.844Z,-7.3229,128.6204,124.722,4.5,mb,14,87,2.735,0.55,us,us7000j4qk,2023-03-11T22:51:50.040Z,"222 km NE of Lospalos, Timor Leste",earthquake,8.76,10.741,0.27,4,reviewed,us,us
2023-01-04T18:32:54.581Z,-7.1121,105.1243,35,4.6,mb,27,166,2.488,0.78,us,us7000j479,2023-03-11T22:51:49.040Z,"112 km SW of Labuan, Indonesia",earthquake,8.45,1.936,0.152,13,reviewed,us,us
2023-01-04T12:16:58.315Z,-2.4959,140.7411,19.763,5.1,mww,121,46,8.493,0.59,us,us7000j22n,2023-03-11T22:51:39.040Z,"4 km NNE of Jayapura, Indonesia",earthquake,5.74,4.201,0.078,16,reviewed,us,us
2023-01-04T04:21:05.315Z,-10.7304,113.4073,25.287,4.6,mb,27,122,2.363,0.52,us,us7000j46q,2023-03-11T22:51:49.040Z,"270 km S of Kencong, Indonesia",earthquake,8.93,3.087,0.165,11,reviewed,us,us
2023-01-04T04:04:51.128Z,-2.4665,140.909,12.704,4.6,mb,15,90,0.21,0.7,us,us7000j46p,2023-03-11T22:51:49.040Z,"22 km ENE of Jayapura, Indonesia",earthquake,8.53,4.903,0.272,6,reviewed,us,us
2023-01-04T03:22:07.005Z,-1.0394,98.3047,15.181,4.6,mb,41,93,2.439,0.81,us,us7000j1zs,2023-03-11T22:51:38.040Z,"207 km WSW of Pariaman, Indonesia",earthquake,7.66,4.235,0.141,15,reviewed,us,us
2023-01-04T01:39:41.454Z,-2.4752,140.7244,22.365,4.9,mb,47,56,0.044,0.68,us,us7000j1zc,2023-03-11T22:51:38.040Z,"6 km N of Jayapura, Indonesia",earthquake,10.16,4.802,0.078,52,reviewed,us,us
2023-01-03T17:57:09.220Z,-2.6188,140.5861,25.145,4.6,mb,38,93,0.157,0.49,us,us7000j462,2023-03-11T22:51:48.040Z,"5 km WSW of Abepura, Indonesia",earthquake,9.74,5.124,0.119,24,reviewed,us,us
2023-01-03T17:55:42.723Z,-2.4465,140.7623,14.313,4.9,mb,73,112,0.089,0.6,us,us7000j1vz,2023-03-11T22:51:36.040Z,"10 km NNE of Jayapura, Indonesia",earthquake,10.69,3.562,0.075,63,reviewed,us,us
2023-01-03T15:46:16.396Z,-2.9351,134.2411,10.49,4.6,mb,41,105,1.99,0.66,us,us7000j1um,2023-03-11T22:51:36.040Z,"Near the north coast of Papua, Indonesia",earthquake,8.86,4.188,0.098,31,reviewed,us,us
2023-01-03T15:31:33.174Z,-2.8884,134.2964,9.754,4.6,mb,49,68,2.045,0.64,us,us7000j1ug,2023-03-11T22:51:36.040Z,"143 km WNW of Nabire, Indonesia",earthquake,10.46,4.632,0.09,37,reviewed,us,us
2023-01-03T12:55:30.139Z,-2.4745,140.8809,10,5.1,mww,101,48,0.181,0.53,us,us7000j1tl,2023-03-11T22:51:35.040Z,"19 km ENE of Jayapura, Indonesia",earthquake,9.05,1.844,0.098,10,reviewed,us,us
2023-01-03T12:55:13.275Z,-2.4736,140.8447,10,4.5,mb,38,83,0.146,0.69,us,us7000j46g,2023-03-11T22:51:49.040Z,"15 km ENE of Jayapura, Indonesia",earthquake,6.43,1.752,0.108,25,reviewed,us,us
2023-01-03T09:54:06.098Z,-2.4806,140.8033,25.295,4.6,mb,59,53,8.556,0.67,us,us7000j45m,2023-03-11T22:51:48.040Z,"near the north coast of Papua, Indonesia",earthquake,9.33,4.681,0.089,40,reviewed,us,us
2023-01-03T09:32:25.231Z,-3.9229,133.3247,10,4.9,mb,73,38,1.465,0.57,us,us7000j1sr,2023-03-11T22:51:34.040Z,"199 km NNE of Tual, Indonesia",earthquake,7.51,1.866,0.077,53,reviewed,us,us
2023-01-02T23:55:20.854Z,-8.2412,107.9549,82.842,4.5,mb,64,84,2.564,0.85,us,us7000j1q7,2023-03-11T22:51:33.040Z,"Java, Indonesia",earthquake,9.52,6.363,0.079,47,reviewed,us,us
2023-01-02T21:05:36.655Z,3.5828,127.107,41.675,4.5,mb,37,116,2.804,0.44,us,us7000j44e,2023-03-11T22:51:47.040Z,"228 km NNW of Tobelo, Indonesia",earthquake,8.83,5.81,0.102,28,reviewed,us,us
2023-01-02T16:07:30.960Z,-7.0518,125.3116,489.148,4.5,mb,75,66,2.878,0.56,us,us7000j1mi,2023-03-11T22:51:33.040Z,"169 km N of Dili, Timor Leste",earthquake,11.17,6.06,0.071,58,reviewed,us,us
2023-01-02T10:39:59.466Z,5.4686,97.1178,10,5,mb,56,35,0.293,0.87,us,us7000j1l9,2023-03-11T22:51:32.040Z,"32 km N of Lhokseumawe, Indonesia",earthquake,5.16,1.748,0.107,28,reviewed,us,us
2023-01-01T19:35:38.108Z,-3.4567,131.0209,10,4.5,mb,30,67,1.337,0.61,us,us7000j1gt,2023-03-11T22:51:30.040Z,"233 km E of Amahai, Indonesia",earthquake,4.25,1.823,0.115,22,reviewed,us,us
2023-01-01T18:24:32.306Z,-2.5533,140.8007,30.83,5.5,mww,116,33,0.104,0.59,us,us7000j1g5,2023-03-11T22:51:30.040Z,"9 km ESE of Jayapura, Indonesia",earthquake,7.38,4.07,0.068,21,reviewed,us,us
2022-12-30T12:10:45.211Z,-7.9548,128.8795,35,5,mb,62,56,2.396,0.54,us,us7000j11x,2023-03-07T18:59:59.040Z,"216 km ENE of Lospalos, Timor Leste",earthquake,3.41,1.898,0.067,71,reviewed,us,us
2022-12-30T06:47:45.290Z,-0.1964,97.2636,16.955,4.6,mb,42,190,1.523,0.81,us,us7000j10t,2023-03-07T18:59:59.040Z,"272 km SW of Sibolga, Indonesia",earthquake,9.02,5.639,0.114,26,reviewed,us,us
2022-12-30T04:33:52.652Z,-7.0561,102.806,10,5,mb,49,48,4.537,0.6,us,us7000j0zy,2023-03-07T18:59:59.040Z,"southwest of Sumatra, Indonesia",earthquake,7.32,1.595,0.097,38,reviewed,us,us
2022-12-30T04:16:55.929Z,-0.2207,97.3016,10,5,mb,69,71,1.539,0.67,us,us7000j0zu,2023-03-07T18:59:59.040Z,"272 km SW of Sibolga, Indonesia",earthquake,7.92,1.808,0.07,67,reviewed,us,us
2022-12-30T03:53:25.133Z,3.7425,97.7725,10,4.7,mb,14,126,1.69,0.81,us,us7000j3ns,2024-01-18T19:07:05.421Z,"64 km WSW of Pangkalan Brandan, Indonesia",earthquake,6.02,1.906,0.276,6,reviewed,us,us
2022-12-29T23:26:47.453Z,-0.2127,97.3082,10,5.3,mb,165,40,1.53,0.57,us,us7000j0y6,2023-03-07T18:59:58.040Z,"271 km SW of Sibolga, Indonesia",earthquake,3.61,1.779,0.051,129,reviewed,us,us
2022-12-29T16:52:35.854Z,2.0797,127.1383,104.677,4.9,mb,123,80,1.319,0.9,us,us7000j0va,2023-03-07T18:59:58.040Z,"104 km WNW of Tobelo, Indonesia",earthquake,6.89,5.172,0.055,114,reviewed,us,us
2022-12-29T13:35:53.704Z,-3.0102,127.7636,49.136,4.5,mb,24,63,3.778,0.88,us,us7000j0ub,2023-03-07T18:59:58.040Z,"89 km NNW of Ambon, Indonesia",earthquake,7.79,8.93,0.157,13,reviewed,us,us
2022-12-29T08:07:52.147Z,-7.1715,122.4614,10.067,4.5,mb,34,106,1.472,0.65,us,us7000j0sv,2023-03-07T18:59:57.040Z,"162 km N of Maumere, Indonesia",earthquake,6.62,2.796,0.135,18,reviewed,us,us
2022-12-28T03:49:55.306Z,-3.3841,130.8043,10,5,mb,90,61,1.515,0.67,us,us7000j0kg,2023-03-07T18:59:54.040Z,"209 km E of Amahai, Indonesia",earthquake,7.1,1.814,0.069,66,reviewed,us,us
2022-12-28T03:41:59.825Z,-6.7793,129.5032,161.85,4.7,mb,14,122,2.145,0.83,us,us7000j3fb,2024-01-18T19:06:31.468Z,"Banda Sea",earthquake,6.34,12.383,0.209,7,reviewed,us,us
2022-12-28T01:10:28.551Z,-10.7665,113.3774,10,4.5,mb,14,124,2.406,0.72,us,us7000j3f6,2024-01-18T19:06:26.494Z,"274 km S of Kencong, Indonesia",earthquake,7.33,1.945,0.221,6,reviewed,us,us
2022-12-27T21:50:41.968Z,-2.7057,139.3883,35,4.5,mb,27,72,1.328,0.55,us,us7000j35x,2024-01-18T19:06:22.911Z,"138 km W of Abepura, Indonesia",earthquake,9.13,1.929,0.145,14,reviewed,us,us
2022-12-27T21:45:49.357Z,-4.4278,129.6925,147.891,4.6,mb,76,50,2.959,0.71,us,us7000j0iw,2023-03-07T18:59:54.040Z,"147 km SE of Amahai, Indonesia",earthquake,7.79,6.462,0.068,65,reviewed,us,us
2022-12-27T21:10:02.398Z,-2.6128,139.3007,35,4.5,mb,37,68,1.406,0.75,us,us7000j35u,2023-03-07T19:00:07.040Z,"148 km W of Abepura, Indonesia",earthquake,8.95,1.663,0.1,29,reviewed,us,us
2022-12-27T20:34:01.376Z,-8.1375,120.2127,198.641,4.8,mb,49,70,2.064,1.32,us,us7000j0i7,2023-03-07T18:59:54.040Z,"53 km NE of Labuan Bajo, Indonesia",earthquake,7.12,7.452,0.093,41,reviewed,us,us
2022-12-27T08:00:45.057Z,-5.7154,130.6418,84.565,4.9,mww,74,76,2.345,0.65,us,us6000jbxr,2023-03-07T18:59:52.040Z,"233 km W of Tual, Indonesia",earthquake,7.51,5.069,0.093,11,reviewed,us,us
2022-12-27T02:45:29.573Z,-8.9175,122.3773,124.77,4.5,mb,28,105,0.312,0.73,us,us6000jbwc,2023-03-07T18:59:51.040Z,"37 km SSE of Maumere, Indonesia",earthquake,6.36,4.938,0.131,17,reviewed,us,us
2022-12-26T23:48:11.369Z,-6.081,103.739,35.24,4.6,mb,40,181,1.879,0.46,us,us6000jbvk,2023-03-07T18:59:51.040Z,"southwest of Sumatra, Indonesia",earthquake,5.2,7.622,0.112,24,reviewed,us,us
2022-12-26T20:02:25.258Z,-2.0173,128.2079,37.458,4.5,mb,35,90,2.895,0.65,us,us6000jbv4,2023-03-07T18:59:51.040Z,"166 km NNW of Amahai, Indonesia",earthquake,9.16,7.666,0.113,23,reviewed,us,us
2022-12-24T20:57:34.587Z,-9.1684,109.5722,46.858,5,mb,88,53,1.563,0.71,us,us6000jbha,2023-03-07T18:59:46.040Z,"155 km SSW of Srandakan, Indonesia",earthquake,7.51,3.606,0.058,97,reviewed,us,us
2022-12-24T20:57:17.440Z,-9.2275,109.5294,27.214,4.7,mb,21,131,1.635,1.02,us,us7000j2bt,2023-03-07T19:00:04.040Z,"south of Java, Indonesia",earthquake,10.21,6.265,0.174,13,reviewed,us,us
2022-12-24T19:40:41.056Z,-3.2974,139.885,73.066,4.6,mb,41,85,7.634,0.81,us,us6000jbh2,2023-03-07T18:59:46.040Z,"113 km SW of Abepura, Indonesia",earthquake,10.99,8.047,0.095,33,reviewed,us,us
2022-12-24T00:53:00.482Z,-6.972,129.7701,124.683,4.8,mb,62,89,1.818,0.58,us,us6000jbd3,2024-01-18T17:39:22.377Z,"Banda Sea",earthquake,7.1,5.838,0.08,48,reviewed,us,us
2022-12-23T19:14:10.590Z,-4.4343,129.7292,152.044,4.6,mb,112,31,2.93,0.7,us,us6000jbbx,2023-02-28T23:06:48.040Z,"150 km SE of Amahai, Indonesia",earthquake,6.9,5.595,0.057,100,reviewed,us,us
2022-12-23T00:52:08.089Z,-2.9284,127.6732,35,4.6,mb,56,60,3.688,0.39,us,us6000jb80,2023-02-28T23:06:46.040Z,"102 km NNW of Ambon, Indonesia",earthquake,6.54,1.888,0.093,35,reviewed,us,us
2022-12-20T18:05:47.741Z,-8.5587,112.5433,84.758,4.5,mb,66,31,1.594,0.76,us,us6000jaly,2023-02-28T23:06:35.040Z,"43 km SSW of Gongdanglegi Kulon, Indonesia",earthquake,6.95,5.834,0.079,53,reviewed,us,us
2022-12-20T01:30:13.422Z,-5.3158,131.1447,60.021,4.5,mb,36,111,2.623,0.66,us,us6000jaf7,2023-02-28T23:06:31.040Z,"181 km W of Tual, Indonesia",earthquake,9.47,5.436,0.115,22,reviewed,us,us
2022-12-19T19:04:32.370Z,-6.9179,105.3723,35,4.5,mb,34,159,2.228,0.62,us,us7000j0hp,2023-02-28T23:06:30.040Z,"Sunda Strait, Indonesia",earthquake,7.36,1.924,0.131,17,reviewed,us,us
2022-12-19T05:50:15.217Z,-5.3796,104.6469,109.811,5.1,mb,102,49,1.966,0.47,us,us6000ja8n,2023-02-28T23:06:29.040Z,"66 km SSW of Kotabumi, Indonesia",earthquake,8.43,5.926,0.061,89,reviewed,us,us
2022-12-18T19:07:11.282Z,-2.895,99.3826,10,4.6,mb,67,175,3.852,0.64,us,us6000ja6m,2023-02-28T23:06:27.040Z,"240 km SSW of Padang, Indonesia",earthquake,10.07,1.856,0.086,41,reviewed,us,us
2022-12-18T03:39:18.471Z,-6.5587,129.8526,157.803,4.5,mb,16,101,2.015,0.85,us,us7000j0gt,2023-02-28T23:06:24.040Z,"Banda Sea",earthquake,10.12,11.185,0.22,8,reviewed,us,us
2022-12-17T10:07:02.649Z,2.1638,129.1669,10,4.8,mb,48,76,2.269,0.47,us,us6000j9z7,2023-02-28T23:06:21.040Z,"137 km ENE of Tobelo, Indonesia",earthquake,5.97,1.637,0.079,52,reviewed,us,us
2022-12-17T06:45:49.382Z,-10.1658,118.8581,30.376,4.5,mb,21,90,1.705,0.83,us,us6000j9yh,2023-02-28T23:06:21.040Z,"164 km WSW of Waingapu, Indonesia",earthquake,7.71,7.014,0.204,7,reviewed,us,us
2022-12-16T21:50:49.953Z,-6.2443,105.0176,35,4.9,mb,57,95,2.778,0.73,us,us6000j9uv,2023-02-18T22:04:18.040Z,"91 km W of Labuan, Indonesia",earthquake,8.06,1.898,0.072,60,reviewed,us,us
2022-12-16T17:00:50.744Z,2.2103,129.2958,8.91,4.6,mb,42,112,2.4,0.6,us,us6000j9st,2023-02-18T22:04:17.040Z,"152 km ENE of Tobelo, Indonesia",earthquake,8.66,4.46,0.102,33,reviewed,us,us
2022-12-16T11:19:08.379Z,-9.5724,110.3332,10,4.5,mb,35,124,1.66,0.52,us,us6000j9pl,2023-02-18T22:04:16.040Z,"179 km S of Pundong, Indonesia",earthquake,5.14,1.898,0.127,18,reviewed,us,us
2022-12-16T05:02:15.709Z,-7.1515,129.4308,124.796,4.7,mb,46,80,2.028,0.51,us,us6000j9n2,2023-02-18T22:04:15.040Z,"Kepulauan Babar, Indonesia",earthquake,8.11,1.114,0.089,38,reviewed,us,us
2022-12-16T04:24:44.819Z,2.2456,129.2921,10,4.9,mb,37,116,2.418,0.7,us,us6000j9mi,2023-02-18T22:04:15.040Z,"Halmahera, Indonesia",earthquake,6.73,1.816,0.098,37,reviewed,us,us
2022-12-15T22:47:08.511Z,-6.8594,105.1963,33.415,4.5,mb,40,125,3.337,0.5,us,us6000jakb,2023-02-18T22:04:20.040Z,"87 km SW of Labuan, Indonesia",earthquake,5.07,5.684,0.131,17,reviewed,us,us
2022-12-15T22:42:35.727Z,-4.6199,133.1516,10,4.7,mb,40,46,1.915,0.49,us,us6000j9kq,2023-02-18T22:04:14.040Z,"120 km NNE of Tual, Indonesia",earthquake,4.87,1.87,0.117,22,reviewed,us,us
2022-12-15T06:20:33.635Z,-8.2016,123.8765,176.037,4.5,mb,37,43,1.591,0.53,us,us6000j9cp,2023-02-18T22:04:11.040Z,"123 km NNW of Pante Makasar, Timor Leste",earthquake,8.51,7.669,0.127,19,reviewed,us,us
2022-12-15T03:31:09.951Z,2.8569,127.4994,85.796,4.8,mb,42,117,2.075,0.68,us,us6000j9bm,2023-02-18T22:04:11.040Z,"137 km NNW of Tobelo, Indonesia",earthquake,7.5,5.715,0.103,29,reviewed,us,us
2022-12-14T20:42:58.082Z,4.0868,126.7133,55.036,4.5,mb,40,112,3.171,1.04,us,us6000jacp,2023-02-18T22:04:19.040Z,"201 km SE of Sarangani, Philippines",earthquake,7.54,6.778,0.097,31,reviewed,us,us
2022-12-14T09:14:45.926Z,-2.712,139.596,42.541,4.5,mb,17,150,7.341,0.59,us,us6000jac0,2023-02-18T22:04:19.040Z,"115 km W of Abepura, Indonesia",earthquake,5.8,8.916,0.156,12,reviewed,us,us
2022-12-14T07:40:16.173Z,-8.2852,115.5792,9.992,4.6,mb,19,77,1.424,0.87,us,us6000jacw,2023-02-18T22:04:19.040Z,"18 km N of Amlapura city, Indonesia",earthquake,7.03,5.464,0.223,6,reviewed,us,us
2022-12-13T22:09:26.180Z,-9.5401,120.4798,89.693,4.9,mb,26,109,1.955,0.82,us,us6000j936,2023-02-18T22:04:09.040Z,"26 km ENE of Waingapu, Indonesia",earthquake,7.58,6.736,0.145,15,reviewed,us,us
2022-12-13T14:07:34.679Z,-6.9656,129.4708,133.738,4.7,mb,83,34,2.075,0.49,us,us6000j8zy,2023-02-18T22:04:08.040Z,"Banda Sea",earthquake,8.15,1.126,0.072,60,reviewed,us,us
2022-12-13T11:23:44.336Z,-8.2476,115.7397,10,4.6,mb,40,42,1.586,0.57,us,us6000j8z8,2023-02-18T22:04:08.040Z,"26 km NNE of Amlapura, Indonesia",earthquake,2.97,1.866,0.125,19,reviewed,us,us
2022-12-13T10:38:21.667Z,-8.256,115.6356,10,5.2,mww,83,42,1.483,0.39,us,us6000j8z3,2023-02-18T22:04:08.040Z,"21 km N of Amlapura city, Indonesia",earthquake,4.25,1.813,0.075,17,reviewed,us,us
2022-12-13T09:56:39.254Z,-8.1765,115.6821,10,4.9,mb,71,42,1.542,0.43,us,us6000j8yz,2023-02-18T22:04:08.040Z,"Bali region, Indonesia",earthquake,6.28,1.848,0.086,43,reviewed,us,us
2022-12-12T22:10:03.093Z,-3.3254,129.0412,67.967,4.9,mww,68,55,3.228,0.56,us,us6000j8w8,2023-02-18T22:04:06.040Z,"13 km E of Amahai, Indonesia",earthquake,3.91,6.853,0.093,11,reviewed,us,us
2022-12-12T18:37:11.156Z,-7.0751,124.79,543.453,4.8,mb,107,30,2.713,0.65,us,us6000j8ub,2023-02-18T22:04:06.040Z,"176 km NNW of Maubara, Timor Leste",earthquake,4.68,5.816,0.052,114,reviewed,us,us
2022-12-12T16:57:49.755Z,0.4625,123.7831,214.971,4.5,mb,73,50,1.804,0.65,us,us6000j8tu,2023-02-18T22:04:06.040Z,"80 km E of Gorontalo, Indonesia",earthquake,7.93,3.078,0.073,58,reviewed,us,us
2022-12-11T11:30:20.629Z,-7.8452,104.24,10,4.5,mb,28,150,3.401,0.32,us,us6000j8l3,2023-02-18T22:04:03.040Z,"239 km SW of Labuan, Indonesia",earthquake,10.44,1.932,0.14,15,reviewed,us,us
2022-12-11T02:28:44.271Z,1.5628,128.2056,23.98,4.9,mww,56,83,1.149,1.1,us,us6000j8il,2023-02-18T22:04:02.040Z,"28 km SE of Tobelo, Indonesia",earthquake,7.13,4.732,0.083,14,reviewed,us,us
2022-12-10T20:21:17.210Z,-10.2241,118.7493,40.522,4.6,mb,68,99,1.687,0.6,us,us6000j8gv,2023-02-18T22:04:01.040Z,"177 km WSW of Waingapu, Indonesia",earthquake,5.99,5.873,0.08,46,reviewed,us,us
2022-12-10T18:37:21.296Z,-10.1553,107.5719,10,4.5,mb,40,109,2.677,0.75,us,us6000j8gh,2023-02-18T22:04:01.040Z,"south of Java, Indonesia",earthquake,8.62,1.85,0.102,32,reviewed,us,us
2022-12-10T15:47:54.145Z,-3.0848,137.8113,56.031,4.8,mb,42,113,5.557,0.79,us,us6000j8fu,2023-02-18T22:04:01.040Z,"258 km E of Nabire, Indonesia",earthquake,10.75,7.384,0.073,63,reviewed,us,us
2022-12-10T11:53:15.960Z,-10.7295,113.4056,10,4.8,mb,58,62,2.363,0.45,us,us6000j8ep,2023-02-18T22:04:01.040Z,"270 km S of Kencong, Indonesia",earthquake,7.14,1.807,0.085,45,reviewed,us,us
2022-12-10T08:05:58.494Z,-7.7262,104.3472,10,4.5,mb,42,92,3.285,0.55,us,us6000j8dj,2023-02-18T22:04:00.040Z,"221 km SW of Labuan, Indonesia",earthquake,7.04,1.892,0.106,26,reviewed,us,us
2022-12-09T13:51:27.875Z,4.0615,128.712,10,4.5,mb,33,116,3.533,0.56,us,us6000j84w,2023-02-11T23:03:20.040Z,"269 km NNE of Tobelo, Indonesia",earthquake,9.29,1.9,0.113,23,reviewed,us,us
2022-12-09T06:55:29.709Z,-6.0629,104.1844,69.468,4.6,mb,37,94,2.087,0.78,us,us6000j83r,2023-02-11T23:03:19.040Z,"138 km WSW of Bandar Lampung, Indonesia",earthquake,7.12,7.737,0.122,20,reviewed,us,us
2022-12-09T00:32:26.024Z,0.3988,122.2117,118.012,4.7,mb,69,38,1.537,0.4,us,us6000j820,2023-02-11T23:03:18.040Z,"95 km W of Gorontalo, Indonesia",earthquake,6.9,5.92,0.082,45,reviewed,us,us
2022-12-08T14:51:11.281Z,0.3829,123.884,205.302,4.6,mb,45,64,1.8,0.85,us,us6000j7x0,2023-02-11T23:03:16.040Z,"93 km E of Gorontalo, Indonesia",earthquake,9.09,6.866,0.082,44,reviewed,us,us
2022-12-08T04:58:58.477Z,-2.7657,139.1064,54.934,5,mww,126,18,6.851,0.82,us,us6000j7tx,2023-02-11T23:03:15.040Z,"170 km W of Abepura, Indonesia",earthquake,8.26,4.982,0.098,10,reviewed,us,us
2022-12-08T02:49:14.204Z,-8.9133,110.7498,86.832,4.5,mb,24,52,1.019,0.53,us,us6000j7tj,2023-02-11T23:03:15.040Z,"115 km SSE of Pundong, Indonesia",earthquake,8.64,7.154,0.118,21,reviewed,us,us
2022-12-08T00:50:55.572Z,-6.7109,107.1456,107,5.8,mww,214,17,3.289,0.79,us,us6000j7r0,2023-06-26T12:49:02.534Z,"17 km NW of Ciranjang-hilir, Indonesia",earthquake,7.64,1.888,0.052,35,reviewed,us,us
2022-12-07T12:30:33.149Z,0.7937,125.5433,51.735,4.9,mb,43,63,1.823,1.14,us,us6000j7l3,2023-02-11T23:03:13.040Z,"Molucca Sea",earthquake,8.13,6.066,0.098,33,reviewed,us,us
2022-12-07T06:58:59.609Z,-3.4993,130.9926,10,4.5,mb,27,73,1.38,1.13,us,us6000j8sl,2023-02-11T23:03:23.040Z,"231 km E of Amahai, Indonesia",earthquake,6.92,1.893,0.157,12,reviewed,us,us
2022-12-07T06:53:15.533Z,-3.3975,130.8352,10,5,mb,70,36,1.489,0.87,us,us6000j7jw,2024-01-18T17:32:59.427Z,"170 km WSW of Fakfak, Indonesia",earthquake,5.79,1.783,0.059,91,reviewed,us,us
2022-12-06T10:22:02.960Z,-10.5362,113.448,10,5.3,mww,116,38,2.167,0.29,us,us6000j7b1,2023-02-11T23:03:11.040Z,"249 km SSW of Gambiran Satu, Indonesia",earthquake,6.72,1.838,0.066,22,reviewed,us,us
2022-12-06T08:01:30.669Z,0.0066,123.2081,166.15,5,mb,83,29,2.663,0.83,us,us6000j79p,2023-02-11T23:03:10.040Z,"60 km SSE of Gorontalo, Indonesia",earthquake,6.85,5.423,0.053,116,reviewed,us,us
2022-12-06T06:07:48.037Z,-10.7234,113.386,17,5.9,mww,102,45,2.363,0.4,us,us6000j77l,2023-02-11T23:03:10.040Z,"269 km S of Kencong, Indonesia",earthquake,6.42,1.833,0.056,31,reviewed,us,us
2022-12-06T02:34:49.662Z,-9.1621,123.9568,66.995,4.5,mb,30,110,0.664,0.53,us,us6000j76u,2023-02-11T23:03:10.040Z,"47 km W of Pante Makasar, Timor Leste",earthquake,8.63,8.191,0.121,20,reviewed,us,us
2022-12-04T21:27:06.745Z,0.9864,96.975,10,4.9,mb,51,131,0.678,0.79,us,us6000j6x2,2023-02-11T23:03:07.040Z,"169 km SSW of Singkil, Indonesia",earthquake,6,1.862,0.073,59,reviewed,us,us
2022-12-04T15:02:49.903Z,-6.0729,112.7465,600.749,4.9,mb,86,32,2.488,0.82,us,us6000j6uw,2023-02-11T23:03:06.040Z,"97 km NNE of Paciran, Indonesia",earthquake,9.6,7.594,0.05,125,reviewed,us,us
2022-12-03T09:49:40.213Z,-7.2331,107.6139,120,5.6,mww,126,50,0.231,0.51,us,us6000j6k5,2023-02-11T23:03:03.040Z,"20 km ESE of Banjar, Indonesia",earthquake,8.36,1.857,0.089,12,reviewed,us,us
2022-12-02T12:49:06.836Z,-8.6071,121.6032,183.417,4.5,mb,32,47,0.628,0.48,us,us6000j6aa,2023-02-05T23:26:04.040Z,"26 km NNW of Ende, Indonesia",earthquake,7.62,5.594,0.127,18,reviewed,us,us
2022-12-02T08:55:14.868Z,-0.0397,123.2458,153.6,5,mb,102,44,1.103,0.6,us,us6000j696,2024-01-18T17:30:20.644Z,"67 km SSE of Gorontalo, Indonesia",earthquake,6.23,4.108,0.064,79,reviewed,us,us
2022-12-02T02:47:29.078Z,-1.9805,128.4227,44.529,4.6,mb,36,78,2.931,0.97,us,us6000j67y,2023-02-05T23:25:57.040Z,"160 km NNW of Amahai, Indonesia",earthquake,6.43,7.746,0.132,22,reviewed,us,us
2022-12-01T08:29:42.286Z,-5.0322,100.7331,10,5.1,mww,86,33,2.314,0.5,us,us6000j5z2,2023-02-05T23:25:45.040Z,"southwest of Sumatra, Indonesia",earthquake,7.06,1.847,0.086,13,reviewed,us,us
2022-12-01T03:53:54.543Z,3.5457,126.9551,87.592,4.5,mb,49,86,2.786,0.94,us,us6000j5x9,2023-02-05T23:25:42.040Z,"232 km NNW of Tobelo, Indonesia",earthquake,9.08,7.106,0.098,31,reviewed,us,us
2022-11-30T22:30:36.483Z,5.5812,127.1411,150.253,4.6,mb,103,113,2.144,0.54,us,us6000j5w0,2023-02-05T23:25:39.040Z,"137 km SE of Pondaguitan, Philippines",earthquake,6.82,5.018,0.06,81,reviewed,us,us
2022-11-30T13:36:36.307Z,-2.6839,139.3565,35,4.6,mb,36,52,1.357,0.64,us,us6000j72q,2023-02-05T23:25:34.040Z,"142 km W of Abepura, Indonesia",earthquake,5.6,1.916,0.114,23,reviewed,us,us
2022-11-30T13:30:11.814Z,-2.7789,139.1538,32.328,4.8,mb,101,97,6.898,0.37,us,us6000j5s1,2023-02-05T23:25:33.040Z,"165 km W of Abepura, Indonesia",earthquake,6.85,4.24,0.057,96,reviewed,us,us
2022-11-30T10:57:39.726Z,-7.4257,125.9078,10,4.5,mb,22,46,2.827,0.69,us,us6000j730,2023-02-05T23:25:31.040Z,"120 km N of Manatutu, Timor Leste",earthquake,3.46,1.913,0.18,9,reviewed,us,us
2022-11-29T21:42:09.444Z,4.0359,126.6842,35,4.6,mb,39,120,3.208,0.99,us,us6000j6d4,2023-02-05T23:25:19.040Z,"202 km SE of Sarangani, Philippines",earthquake,9.74,1.919,0.107,26,reviewed,us,us
2022-11-29T14:20:42.144Z,2.2106,96.218,22.532,4.7,mb,42,178,1.629,0.4,us,us7000itaj,2023-02-05T23:25:10.040Z,"34 km SSW of Sinabang, Indonesia",earthquake,8.02,5.96,0.112,26,reviewed,us,us
2022-11-29T10:27:59.981Z,-3.0417,139.3231,37.63,4.7,mb,82,44,1.476,0.41,us,us7000it8y,2023-02-05T23:25:05.040Z,"153 km WSW of Abepura, Indonesia",earthquake,3.74,6.062,0.071,63,reviewed,us,us
2022-11-28T22:26:40.371Z,-2.9475,129.7907,10,5,mb,73,33,2.455,0.57,us,us7000it43,2023-02-05T23:24:51.040Z,"106 km ENE of Amahai, Indonesia",earthquake,6.42,1.74,0.059,91,reviewed,us,us
2022-11-27T02:10:55.208Z,-7.9695,108.2488,76.311,4.5,mb,56,50,0.778,0.67,us,us7000isn0,2023-02-05T23:24:11.040Z,"Java, Indonesia",earthquake,7.03,4.56,0.086,43,reviewed,us,us
2022-11-26T22:39:20.973Z,-5.8769,130.4978,109.736,5.1,mb,132,47,2.238,0.66,us,us7000ism4,2024-01-18T17:27:57.350Z,"251 km W of Tual, Indonesia",earthquake,6.49,4.926,0.054,110,reviewed,us,us
2022-11-24T02:11:25.771Z,-4.3213,100.387,21.979,5.1,mb,94,38,2.562,0.83,us,us7000irz7,2023-01-30T06:01:25.040Z,"216 km WSW of Bengkulu, Indonesia",earthquake,6.88,4.288,0.068,69,reviewed,us,us
2022-11-23T13:27:28.124Z,-9.062,109.8346,31.975,4.7,mb,59,58,1.33,0.46,us,us7000irta,2023-01-30T06:01:14.040Z,"132 km SSW of Srandakan, Indonesia",earthquake,7.44,5.289,0.096,34,reviewed,us,us
2022-11-23T09:54:56.695Z,2.2308,129.0132,10,4.5,mb,31,93,2.193,0.74,us,us7000it11,2023-01-30T06:01:11.040Z,"124 km ENE of Tobelo, Indonesia",earthquake,5.64,1.846,0.121,20,reviewed,us,us
2022-11-23T04:04:52.265Z,5.942,126.1256,93.598,4.8,mb,75,76,1.245,0.47,us,us7000irqs,2023-01-30T06:01:06.040Z,"46 km S of Pondaguitan, Philippines",earthquake,8.79,5.458,0.082,47,reviewed,us,us
2022-11-22T16:24:43.226Z,-5.6417,130.8544,67.15,5.2,mww,89,39,2.367,0.58,us,us7000irjc,2023-01-30T06:00:59.040Z,"210 km W of Tual, Indonesia",earthquake,7.57,5.751,0.093,11,reviewed,us,us
2022-11-22T14:53:59.753Z,-7.9919,106.6302,30.421,4.6,mb,19,117,1.517,0.57,us,us7000isdp,2023-01-30T06:00:58.040Z,"111 km S of Pelabuhanratu, Indonesia",earthquake,6.93,6.389,0.181,9,reviewed,us,us
2022-11-22T05:13:02.263Z,4.984,127.4734,128.003,4.7,mb,71,111,2.8,0.34,us,us7000irge,2024-01-18T17:25:44.220Z,"209 km SE of Pondaguitan, Philippines",earthquake,8.41,7.11,0.047,136,reviewed,us,us
2022-11-21T18:10:43.756Z,-4.6971,130.2515,117.724,4.9,mb,78,81,2.663,0.89,us,us7000ird3,2023-01-30T06:00:38.040Z,"210 km SE of Amahai, Indonesia",earthquake,8.23,5.951,0.065,74,reviewed,us,us
2022-11-21T15:09:25.355Z,-3.3015,127.4439,94.777,4.5,mb,19,57,4.047,0.59,us,us7000isc4,2024-01-18T17:25:29.727Z,"93 km WNW of Ambon, Indonesia",earthquake,5.59,8.822,0.171,12,reviewed,us,us
2022-11-21T14:16:28.834Z,-1.7754,135.8419,29.68,4.9,mb,79,40,3.765,0.78,us,us7000irb2,2023-01-30T06:00:35.040Z,"71 km SSW of Biak, Indonesia",earthquake,8.44,4.616,0.067,73,reviewed,us,us
2022-11-21T06:21:07.066Z,-6.836,106.9968,10,5.6,mww,154,40,0.899,0.37,us,us7000ir9t,2026-04-19T08:38:43.910Z,"11 km NE of Sukabumi, Indonesia",earthquake,5.06,1.803,0.063,24,reviewed,us,us
2022-11-21T01:41:03.683Z,-5.0127,100.7293,21.173,4.9,mb,62,110,2.312,0.4,us,us7000ir8m,2023-01-30T06:00:30.040Z,"southwest of Sumatra, Indonesia",earthquake,5.47,4.275,0.081,48,reviewed,us,us
2022-11-20T22:01:20.971Z,-7.3162,125.8218,377.831,4.5,mb,13,152,2.87,0.56,us,us7000is59,2023-01-30T06:00:28.040Z,"133 km N of Manatutu, Timor Leste",earthquake,14.45,10.949,0.242,5,reviewed,us,us
2022-11-20T18:32:41.090Z,0.931,126.627,10,4.5,mb,27,76,0.756,0.79,us,us7000is51,2023-01-30T06:00:27.040Z,"Molucca Sea",earthquake,7.66,1.893,0.139,17,reviewed,us,us
2022-11-20T13:49:17.463Z,-10.4363,123.7732,10,5.1,mww,78,63,0.833,0.48,us,us7000ir5k,2024-01-18T17:25:16.520Z,"34 km SSE of Kupang, Indonesia",earthquake,5.09,1.846,0.065,23,reviewed,us,us
2022-11-19T18:28:30.196Z,-7.7701,107.9887,69.988,5,mww,179,36,0.454,0.67,us,us7000ir0i,2023-01-30T06:00:13.040Z,"48 km SSW of Singaparna, Indonesia",earthquake,5.84,3.671,0.098,10,reviewed,us,us
2022-11-18T14:07:00.628Z,-4.6015,100.5808,10,5.4,mb,64,106,2.38,0.48,us,us7000iqqs,2023-01-28T19:58:26.040Z,"206 km WSW of Bengkulu, Indonesia",earthquake,5.81,1.857,0.086,46,reviewed,us,us
2022-11-18T13:59:04.743Z,-4.5305,100.5796,10,4.6,mb,23,186,2.375,0.64,us,us7000irup,2023-01-28T19:58:30.040Z,"203 km WSW of Bengkulu, Indonesia",earthquake,9.14,1.939,0.182,9,reviewed,us,us
2022-11-18T13:37:08.687Z,-4.9043,100.7862,25,6.9,mww,99,34,2.229,0.52,us,us7000iqpn,2023-01-28T19:58:26.040Z,"204 km SW of Bengkulu, Indonesia",earthquake,6.86,1.872,0.05,39,reviewed,us,us
2022-11-17T15:41:18.557Z,-5.0899,134.0778,26.452,4.9,mb,105,35,2.825,0.64,us,us7000iqgl,2023-01-28T19:58:23.040Z,"158 km ENE of Tual, Indonesia",earthquake,6.08,4.511,0.057,102,reviewed,us,us
2022-11-16T20:33:25.517Z,-5.1158,133.9924,10,4.7,mb,58,45,2.79,0.7,us,us7000iq7a,2023-01-28T19:58:19.040Z,"Kepulauan Kai, Indonesia",earthquake,3.77,1.802,0.083,47,reviewed,us,us
2022-11-16T18:22:00.975Z,-4.7258,100.8121,10,4.5,mb,41,143,2.168,0.5,us,us7000iq6u,2023-01-28T19:58:19.040Z,"southwest of Sumatra, Indonesia",earthquake,9.44,1.905,0.118,23,reviewed,us,us
2022-11-16T09:22:44.398Z,-5.3485,102.3662,29.808,5.1,mb,76,93,1.144,0.57,us,us7000iq39,2024-01-18T17:23:09.583Z,"171 km S of Bengkulu, Indonesia",earthquake,7.18,5.31,0.079,52,reviewed,us,us
2022-11-16T06:01:32.035Z,-4.7623,100.7623,10,5.5,mww,111,93,2.223,0.85,us,us7000iq2d,2023-01-28T19:58:18.040Z,"197 km WSW of Bengkulu, Indonesia",earthquake,6.61,1.789,0.061,26,reviewed,us,us
2022-11-15T17:22:07.893Z,-6.8267,105.4276,33.901,4.9,mww,109,53,3.472,0.69,us,us7000ipww,2023-01-28T19:58:17.040Z,"66 km SW of Labuan, Indonesia",earthquake,6.9,4.135,0.089,12,reviewed,us,us
2022-11-15T17:21:10.551Z,-7.1106,105.2314,53.004,4.6,mb,90,52,2.383,0.75,us,us7000ipwy,2023-01-28T19:58:17.040Z,"104 km SW of Labuan, Indonesia",earthquake,6.58,4.845,0.07,71,reviewed,us,us
2022-11-15T11:02:36.101Z,0.021,124.3102,75.982,4.6,mb,73,50,1.866,0.35,us,us7000ipur,2023-01-28T19:58:16.040Z,"150 km ESE of Gorontalo, Indonesia",earthquake,4.11,6.916,0.072,57,reviewed,us,us
2022-11-15T07:03:19.008Z,-6.1713,129.0225,256.659,5,mww,102,25,2.888,0.82,us,us7000ipt7,2023-01-28T19:58:16.040Z,"289 km SSE of Ambon, Indonesia",earthquake,7.34,4.79,0.098,10,reviewed,us,us
2022-11-14T01:06:05.037Z,2.2023,129.1942,10.019,4.6,mb,28,102,2.314,0.45,us,us7000iqns,2023-01-28T19:58:25.040Z,"141 km ENE of Tobelo, Indonesia",earthquake,7.72,3.68,0.116,22,reviewed,us,us
2022-11-13T15:10:21.938Z,-8.9501,108.8343,39.775,5.2,mww,70,101,1.963,0.67,us,us7000ipgw,2023-01-28T19:58:12.040Z,"152 km SSW of Kroya, Indonesia",earthquake,8.06,5.81,0.093,11,reviewed,us,us
2022-11-12T13:18:47.398Z,-8.0496,107.418,55.403,5.2,mww,84,54,0.627,0.6,us,us7000ipau,2023-01-28T19:58:09.040Z,"94 km S of Banjar, Indonesia",earthquake,6.35,3.266,0.098,10,reviewed,us,us
2022-11-12T12:29:32.918Z,-8.0937,107.2903,52.975,4.7,mb,66,45,0.721,0.59,us,us7000ipam,2023-01-28T19:58:09.040Z,"100 km S of Banjar, Indonesia",earthquake,7.4,5.557,0.073,57,reviewed,us,us
2022-11-12T11:01:41.672Z,1.2541,123.1887,33.917,4.9,mb,56,71,2.318,0.57,us,us7000ipa5,2023-01-28T19:58:09.040Z,"Minahasa, Sulawesi, Indonesia",earthquake,4.07,5.288,0.082,47,reviewed,us,us
2022-11-12T10:47:59.265Z,2.2271,129.3044,10,5.1,mb,62,52,2.417,0.62,us,us7000ipa1,2023-01-28T19:58:09.040Z,"154 km ENE of Tobelo, Indonesia",earthquake,7.7,1.874,0.071,65,reviewed,us,us
2022-11-11T23:26:22.383Z,-4.982,131.6086,28.935,4.8,mb,60,50,2.146,0.64,us,us7000ip6a,2023-01-21T19:27:24.040Z,"145 km WNW of Tual, Indonesia",earthquake,5.05,4.772,0.089,39,reviewed,us,us
2022-11-11T22:14:10.265Z,-1.6042,137.1347,19.627,4.6,mb,35,75,3.68,0.92,us,us7000ip5u,2023-01-21T19:27:24.040Z,"126 km ESE of Biak, Indonesia",earthquake,5.16,5.176,0.101,29,reviewed,us,us
2022-11-11T15:47:58.362Z,0.0118,124.6601,10.893,4.6,mb,29,51,2.159,0.95,us,us7000ip3n,2023-01-21T19:27:23.040Z,"145 km S of Tomohon, Indonesia",earthquake,7.47,4.886,0.113,23,reviewed,us,us
2022-11-11T11:39:29.162Z,-3.7365,100.5702,10,5,mb,59,72,2.459,0.54,us,us7000ip19,2023-01-21T19:27:21.040Z,"188 km W of Bengkulu, Indonesia",earthquake,8.55,1.875,0.077,54,reviewed,us,us
2022-11-11T10:16:31.851Z,-7.5104,127.8594,157.097,4.6,mb,67,54,3.441,0.51,us,us7000ip0g,2023-01-21T19:27:21.040Z,"146 km NE of Lospalos, Timor Leste",earthquake,6.63,5.604,0.085,41,reviewed,us,us
2022-11-10T05:56:27.677Z,4.2318,96.4225,11.74,4.5,mb,48,46,1.12,0.43,us,us7000inqi,2023-01-21T19:27:18.040Z,"northern Sumatra, Indonesia",earthquake,6.5,4.323,0.097,34,reviewed,us,us
2022-11-10T03:47:56.747Z,-6.4943,129.8708,159.907,4.5,mb,16,96,2.048,0.91,us,us7000ipvk,2024-01-18T17:20:41.585Z,"Banda Sea",earthquake,9.44,6.821,0.205,7,reviewed,us,us
2022-11-09T17:41:46.563Z,-10.9543,113.3845,10,4.8,mb,45,56,2.582,0.97,us,us7000inma,2023-01-21T19:27:16.040Z,"295 km SSW of Gambiran Satu, Indonesia",earthquake,7.25,1.537,0.089,39,reviewed,us,us
2022-11-09T03:51:54.598Z,2.8811,128.6623,35,5,mb,77,86,2.463,0.46,us,us7000inf3,2023-01-21T19:27:15.040Z,"Halmahera, Indonesia",earthquake,9.31,1.884,0.075,56,reviewed,us,us
2022-11-08T02:27:35.266Z,-6.4341,129.6721,158.285,4.5,mb,16,121,2.23,0.49,us,us7000ip2z,2023-01-21T19:27:23.040Z,"Banda Sea",earthquake,9.43,6.899,0.15,13,reviewed,us,us
2022-11-07T18:12:06.629Z,-7.2349,119.7709,567.27,4.5,mb,26,74,2.206,1.03,us,us7000ip2i,2023-01-21T19:27:22.040Z,"140 km N of Labuan Bajo, Indonesia",earthquake,13.41,10.011,0.243,5,reviewed,us,us
2022-11-06T18:40:52.744Z,1.9343,128.8469,9.844,4.9,mb,91,72,1.877,0.49,us,us7000imxv,2023-01-21T19:27:10.040Z,"95 km ENE of Tobelo, Indonesia",earthquake,7.43,4.147,0.058,93,reviewed,us,us
2022-11-06T00:03:12.098Z,2.5867,124.6644,231,5.6,mww,310,13,3.247,0.88,us,us7000imsg,2023-01-21T19:27:09.040Z,"124 km N of Manado, Indonesia",earthquake,7.18,1.833,0.05,38,reviewed,us,us
2022-11-05T19:41:29.603Z,0.1648,127.3152,153.382,4.7,mb,98,87,0.605,0.54,us,us7000imrl,2023-01-21T19:27:09.040Z,"68 km SSW of Sofifi, Indonesia",earthquake,8.25,5.37,0.062,79,reviewed,us,us
2022-11-05T15:35:07.648Z,3.6718,126.8508,28.805,5.1,mww,85,44,2.926,0.85,us,us7000imqc,2023-01-21T19:27:08.040Z,"245 km SE of Sarangani, Philippines",earthquake,5.94,4.086,0.075,17,reviewed,us,us
2022-11-05T07:42:10.539Z,4.1071,126.2033,88.998,5,mb,98,87,3.008,0.89,us,us7000imnc,2023-01-21T19:27:08.040Z,"165 km SSE of Sarangani, Philippines",earthquake,7.01,6.704,0.059,91,reviewed,us,us
2022-11-05T06:49:29.650Z,-2.6682,128.8439,10,4.6,mb,35,67,3.41,0.78,us,us7000imn9,2023-01-21T19:27:08.040Z,"74 km N of Amahai, Indonesia",earthquake,6.53,1.893,0.113,23,reviewed,us,us
2022-11-04T16:58:29.586Z,3.0532,128.5682,221.88,4.6,mb,46,73,2.565,0.66,us,us7000imjp,2024-01-18T17:18:51.311Z,"159 km NNE of Tobelo, Indonesia",earthquake,11.31,7.199,0.08,46,reviewed,us,us
2022-11-04T02:58:38.922Z,1.9835,127.1244,72.203,4.9,mb,63,60,1.228,0.56,us,us7000imdx,2023-01-12T23:11:23.040Z,"102 km WNW of Tobelo, Indonesia",earthquake,5.04,5.182,0.05,127,reviewed,us,us
2022-11-03T21:29:49.148Z,0.5425,126.6999,66.213,4.9,mb,100,36,0.705,0.58,us,us7000imb1,2023-01-12T23:11:21.040Z,"Molucca Sea",earthquake,6.16,4.905,0.048,138,reviewed,us,us
2022-11-03T18:46:44.634Z,-6.565,130.5014,79.224,5.3,mww,142,16,1.615,0.97,us,us7000im9n,2023-01-12T23:11:19.040Z,"Banda Sea",earthquake,6.54,4.204,0.098,10,reviewed,us,us
2022-11-03T03:54:01.478Z,0.7271,125.3078,95.407,4.5,mb,28,48,2.059,0.58,us,us7000im3u,2023-01-12T23:11:07.040Z,"Molucca Sea",earthquake,7.2,6.159,0.136,16,reviewed,us,us
2022-11-02T04:25:45.785Z,1.6723,99.5751,174.048,4.5,mb,22,109,1.206,0.48,us,us7000in3n,2023-01-12T23:11:36.040Z,"46 km SSW of Bandar, Indonesia",earthquake,8.37,8.298,0.171,10,reviewed,us,us
2022-11-01T12:56:31.623Z,1.6404,126.9788,121.777,4.9,mb,84,77,0.946,0.68,us,us7000ilpb,2023-01-12T23:10:55.040Z,"104 km NNW of Ternate, Indonesia",earthquake,7.12,5.763,0.067,71,reviewed,us,us
2022-10-31T03:05:58.882Z,-7.3962,107.0816,69.253,4.9,mb,59,42,0.568,0.5,us,us7000ileq,2023-01-12T23:10:43.040Z,"44 km WSW of Banjar, Indonesia",earthquake,8.95,4.936,0.063,80,reviewed,us,us
2022-10-30T22:21:34.605Z,1.8439,99.5189,179.876,5.2,mww,128,49,1.033,0.68,us,us7000ildh,2023-01-12T23:10:42.040Z,"34 km SW of Bandar, Indonesia",earthquake,6.86,3.945,0.068,21,reviewed,us,us
2022-10-30T21:53:17.389Z,0.4791,126.4109,48.723,4.9,mb,33,50,0.999,0.46,us,us7000ildg,2024-01-18T17:17:16.624Z,"113 km WSW of Ternate, Indonesia",earthquake,7.05,5.624,0.11,26,reviewed,us,us
2022-10-30T16:12:11.271Z,-6.7834,129.6895,138.863,4.6,mb,46,63,1.992,0.42,us,us7000ilcb,2023-01-12T23:10:39.040Z,"Banda Sea",earthquake,9.27,7.168,0.092,38,reviewed,us,us
2022-10-30T15:23:28.194Z,-2.5693,134.3824,14.534,4.5,mb,20,135,2.161,0.6,us,us7000im91,2023-01-12T23:11:19.040Z,"151 km NW of Nabire, Indonesia",earthquake,9.97,3.328,0.192,11,reviewed,us,us
2022-10-30T11:08:52.824Z,0.3198,121.5564,206.271,4.6,mb,59,58,1.104,0.56,us,us7000ilbc,2023-01-12T23:10:37.040Z,"169 km W of Gorontalo, Indonesia",earthquake,8.06,6.497,0.081,45,reviewed,us,us
2022-10-30T01:49:59.771Z,2.1785,128.9953,10,4.6,mb,22,119,2.145,0.55,us,us7000im84,2023-01-12T23:11:16.040Z,"Halmahera, Indonesia",earthquake,5.62,1.902,0.165,12,reviewed,us,us
2022-10-29T16:48:23.100Z,1.3636,126.256,40.741,4.6,mb,53,89,1.256,0.74,us,us7000il6s,2023-01-12T23:10:31.040Z,"140 km WNW of Ternate, Indonesia",earthquake,9.79,7.53,0.086,41,reviewed,us,us
2022-10-29T16:16:37.447Z,-0.2956,129.661,10,4.5,mb,34,80,2.527,0.8,us,us7000il6n,2023-01-12T23:10:30.040Z,"189 km WNW of Sorong, Indonesia",earthquake,5.61,1.806,0.105,27,reviewed,us,us
2022-10-28T21:42:52.337Z,-2.7512,139.4067,29.962,4.5,mb,44,73,1.317,0.95,us,us7000il25,2023-01-03T15:23:48.040Z,"137 km W of Abepura, Indonesia",earthquake,5.81,5.264,0.095,32,reviewed,us,us
2022-10-28T03:27:33.686Z,2.2031,124.7403,205.935,4.5,mb,30,93,2.986,0.86,us,us7000ikuq,2023-01-03T15:23:44.040Z,"80 km N of Manado, Indonesia",earthquake,9.36,7.876,0.118,21,reviewed,us,us
2022-10-27T21:30:12.243Z,-10.8125,119.3419,10,4.5,mb,40,104,2.504,0.67,us,us7000iktg,2023-01-03T15:23:44.040Z,"162 km SW of Waingapu, Indonesia",earthquake,7.26,1.886,0.116,22,reviewed,us,us
2022-10-27T18:51:15.839Z,2.1717,128.9647,10.694,4.8,mb,52,86,2.118,0.58,us,us7000iks3,2023-01-03T15:23:43.040Z,"117 km ENE of Tobelo, Indonesia",earthquake,8.94,4.357,0.094,35,reviewed,us,us
2022-10-27T17:36:19.132Z,-7.2159,121.2322,10,4.6,mb,32,114,1.727,1.35,us,us7000ikrn,2023-01-03T15:23:43.040Z,"176 km NNE of Ruteng, Indonesia",earthquake,6.76,1.856,0.119,21,reviewed,us,us
2022-10-25T23:54:19.737Z,2.7339,128.3889,213.146,4.5,mb,42,114,2.2,0.73,us,us7000ikde,2023-01-03T15:23:40.040Z,"Halmahera, Indonesia",earthquake,4.61,7.874,0.095,33,reviewed,us,us
2022-10-24T16:06:25.252Z,-7.491,128.599,140.135,4.7,mb,69,51,2.72,0.57,us,us6000iw40,2023-01-03T15:23:36.040Z,"210 km ENE of Lospalos, Timor Leste",earthquake,8.01,6.414,0.078,55,reviewed,us,us
2022-10-24T01:18:32.707Z,4.8039,124.1536,9.717,4.6,mb,27,104,2.66,0.59,us,us6000ivzw,2023-01-03T15:23:35.040Z,"140 km SSW of Tambilil, Philippines",earthquake,10.04,3.499,0.111,24,reviewed,us,us
2022-10-23T02:15:40.557Z,2.7602,128.569,231.665,5.1,mb,101,59,2.312,0.67,us,us6000ivus,2023-01-03T15:23:34.040Z,"Halmahera, Indonesia",earthquake,7.84,5.592,0.046,152,reviewed,us,us
2022-10-22T15:17:02.777Z,-1.0415,133.8499,33.367,4.5,mb,35,93,2.457,1.04,us,us6000ivs1,2023-01-03T15:23:33.040Z,"30 km SW of Manokwari, Indonesia",earthquake,9.74,5.873,0.11,24,reviewed,us,us
2022-10-21T22:04:04.492Z,-6.3063,103.6375,21.569,4.6,mb,64,104,2.049,0.6,us,us6000ivms,2022-12-31T23:03:48.040Z,"204 km WSW of Bandar Lampung, Indonesia",earthquake,7.57,4.832,0.084,42,reviewed,us,us
2022-10-21T18:23:44.486Z,2.5112,127.8156,86.534,4.6,mb,56,112,1.785,0.75,us,us6000ivkw,2022-12-31T23:03:48.040Z,"Molucca Sea",earthquake,6.69,7.25,0.08,50,reviewed,us,us
2022-10-21T17:57:07.212Z,-6.9509,129.5696,143.955,4.9,mb,82,50,1.998,0.63,us,us6000ivkt,2022-12-31T23:03:48.040Z,"Banda Sea",earthquake,6.38,4.647,0.07,68,reviewed,us,us
2022-10-20T22:59:07.930Z,-0.8263,121.5723,11.03,4.9,mb,75,47,1.218,0.68,us,us6000ivdu,2022-12-31T23:03:45.040Z,"110 km NE of Poso, Indonesia",earthquake,4.94,1.302,0.081,48,reviewed,us,us
2022-10-20T07:15:19.207Z,4.978,126.4278,77.164,4.5,mb,50,78,2.243,0.57,us,us6000iv3r,2022-12-31T23:03:40.040Z,"Pulau-Pulau Talaud, Indonesia",earthquake,8.33,7.368,0.095,36,reviewed,us,us
2022-10-20T02:26:44.371Z,-5.1643,102.4005,35,4.6,mb,45,94,0.971,0.68,us,us6000iv1l,2022-12-31T23:03:40.040Z,"151 km S of Bengkulu, Indonesia",earthquake,6.89,1.909,0.116,22,reviewed,us,us
2022-10-19T23:15:28.201Z,-9.0026,123.7407,113.567,4.6,mb,58,86,0.911,0.68,us,us6000iuzj,2022-12-31T23:03:40.040Z,"65 km N of Naisano Dua, Indonesia",earthquake,6.93,6.355,0.08,47,reviewed,us,us
2022-10-19T04:19:10.177Z,2.1377,128.421,68.269,5.1,mb,100,56,1.718,0.77,us,us6000iurl,2022-12-31T23:03:38.040Z,"64 km NE of Tobelo, Indonesia",earthquake,6.77,5.042,0.049,133,reviewed,us,us
2022-10-18T17:14:00.705Z,3.2116,128.0122,71.968,4.6,mb,86,108,2.508,0.81,us,us6000iuks,2022-12-31T23:03:38.040Z,"164 km N of Tobelo, Indonesia",earthquake,7.76,6.168,0.068,69,reviewed,us,us
2022-10-18T11:46:04.527Z,-4.3646,125.3462,459.85,5,mb,131,26,4.184,0.4,us,us6000iuib,2022-12-31T23:03:38.040Z,"Banda Sea",earthquake,6.92,6.27,0.042,184,reviewed,us,us
2022-10-18T01:51:06.041Z,-7.4961,127.7187,122.072,4.5,mb,18,94,6.287,0.5,us,us6000ivj2,2022-12-31T23:03:47.040Z,"138 km NE of Lospalos, Timor Leste",earthquake,9.79,9.366,0.191,8,reviewed,us,us
2022-10-17T13:12:46.076Z,0.0157,123.4561,140.893,5,mww,82,46,1.254,0.58,us,us6000iuaa,2022-12-31T23:03:36.040Z,"72 km SE of Gorontalo, Indonesia",earthquake,6.69,3.061,0.098,10,reviewed,us,us
2022-10-17T08:13:46.328Z,-3.0965,130.4648,10,5,mb,101,27,1.79,0.57,us,us6000iu94,2022-12-31T23:03:36.040Z,"173 km E of Amahai, Indonesia",earthquake,2.19,1.787,0.063,82,reviewed,us,us
2022-10-15T21:22:48.512Z,-8.5202,118.8494,140.174,4.9,mb,133,44,1.104,0.77,us,us6000iu0d,2022-12-31T23:03:34.040Z,"15 km ESE of Bima, Indonesia",earthquake,6.88,5.132,0.054,108,reviewed,us,us
2022-10-15T18:31:01.065Z,-7.3364,128.8389,165.26,5.2,mww,180,18,2.521,0.64,us,us6000itze,2022-12-31T23:03:33.040Z,"241 km ENE of Lospalos, Timor Leste",earthquake,6.36,2.487,0.057,30,reviewed,us,us
2022-10-13T18:16:56.763Z,5.4352,126.4183,40.243,4.6,mb,59,67,1.826,0.92,us,us6000itet,2022-12-17T22:54:03.040Z,"101 km ESE of Caburan, Philippines",earthquake,7.79,4.556,0.068,65,reviewed,us,us
2022-10-13T01:55:50.621Z,2.3236,95.9024,10,4.5,mb,57,95,1.955,0.42,us,us6000it79,2022-12-17T22:53:59.040Z,"55 km WSW of Sinabang, Indonesia",earthquake,3.66,1.807,0.097,31,reviewed,us,us
2022-10-12T23:51:30.910Z,2.1022,128.912,9.739,4.7,mb,65,109,2.033,0.74,us,us6000iuk0,2022-12-17T22:54:20.040Z,"108 km ENE of Tobelo, Indonesia",earthquake,6.02,3.201,0.081,46,reviewed,us,us
2022-10-12T17:00:09.616Z,-8.8845,126.6451,21.173,4.5,mb,33,59,2.501,0.69,us,us6000it2v,2022-12-17T22:53:58.040Z,"30 km E of Viqueque, Timor Leste",earthquake,7.37,5.394,0.118,21,reviewed,us,us
2022-10-12T13:14:05.469Z,-7.4496,128.3137,157.806,5,mww,111,59,3.005,0.53,us,us6000it0x,2022-12-17T22:53:57.040Z,"Kepulauan Barat Daya, Indonesia",earthquake,5.11,5.376,0.073,18,reviewed,us,us
2022-10-12T08:50:03.066Z,-3.0903,136.9143,51.014,5.1,mww,49,54,3.829,0.85,us,us6000isyg,2022-12-17T22:53:56.040Z,"159 km E of Nabire, Indonesia",earthquake,7.27,5.241,0.098,10,reviewed,us,us
2022-10-12T05:05:38.416Z,-7.4068,128.4542,145.6,4.5,mb,27,61,2.877,1.14,us,us6000iujh,2022-12-17T22:54:19.040Z,"202 km NE of Lospalos, Timor Leste",earthquake,7.01,8.128,0.18,9,reviewed,us,us
2022-10-12T02:09:28.040Z,-6.1514,131.4772,69.863,4.5,mb,39,55,1.828,0.69,us,us6000iswc,2022-12-17T22:53:55.040Z,"152 km WSW of Tual, Indonesia",earthquake,7.64,1.538,0.115,22,reviewed,us,us
2022-10-11T13:22:36.292Z,-2.7753,140.1303,5.238,4.7,mb,38,84,0.629,0.66,us,us6000iuce,2022-12-17T22:54:17.040Z,"59 km WSW of Abepura, Indonesia",earthquake,4.32,4.709,0.1,30,reviewed,us,us
2022-10-11T07:53:24.318Z,0.11,98.6187,49.23,4.8,mb,68,48,1.579,0.75,us,us6000isnr,2022-12-17T22:53:53.040Z,"158 km SSW of Padangsidempuan, Indonesia",earthquake,5.55,5.493,0.082,46,reviewed,us,us
2022-10-10T23:03:34.917Z,3.6195,126.917,45.905,4.5,mb,38,108,6.227,0.46,us,us6000isla,2022-12-17T22:53:52.040Z,"241 km NNW of Tobelo, Indonesia",earthquake,7.73,6.373,0.098,31,reviewed,us,us
2022-10-10T16:42:48.909Z,-7.4924,128.3533,154.26,4.5,mb,44,48,2.959,0.55,us,us6000isik,2022-12-17T22:53:50.040Z,"187 km NE of Lospalos, Timor Leste",earthquake,7.26,4.452,0.102,30,reviewed,us,us
2022-10-10T10:18:38.808Z,1.838,97.8685,59.166,4.8,mb,51,88,0.606,0.72,us,us6000isg3,2022-12-17T22:53:49.040Z,"Nias region, Indonesia",earthquake,6.94,5.942,0.084,44,reviewed,us,us
2022-10-09T15:10:12.018Z,-2.4667,140.5871,27.539,4.6,mb,38,81,0.126,0.37,us,us6000itlh,2022-12-17T22:54:06.040Z,"15 km NNW of Abepura, Indonesia",earthquake,7.11,5.323,0.112,26,reviewed,us,us
2022-10-09T10:33:16.524Z,-3.2249,130.4429,17.699,4.5,mb,45,53,1.829,0.55,us,us6000is99,2022-12-17T22:53:46.040Z,"Seram, Indonesia",earthquake,6.75,4.269,0.102,28,reviewed,us,us
2022-10-09T10:02:46.959Z,-6.8688,106.1694,62.714,4.9,mb,72,72,1.583,0.7,us,us6000is90,2024-01-18T16:59:33.240Z,"44 km WNW of Pelabuhanratu, Indonesia",earthquake,7.25,5.985,0.074,57,reviewed,us,us
2022-10-09T09:55:51.177Z,3.7831,127.0223,44.743,4.9,mb,67,107,3.011,0.43,us,us6000is8z,2022-12-17T22:53:46.040Z,"Pulau-Pulau Talaud, Indonesia",earthquake,5.29,6.642,0.061,85,reviewed,us,us
2022-10-08T21:12:30.877Z,-1.1306,128.8154,10,4.9,mb,87,56,2.381,0.58,us,us6000is50,2022-12-17T22:53:43.040Z,"244 km N of Amahai, Indonesia",earthquake,4.29,1.749,0.071,62,reviewed,us,us
2022-10-08T17:34:31.513Z,-7.5067,126.3676,13.579,5.1,mb,20,105,3.05,1.01,us,us6000itd5,2022-12-17T22:54:02.040Z,"Kepulauan Barat Daya, Indonesia",earthquake,7.05,4.736,0.171,11,reviewed,us,us
2022-10-08T00:07:09.875Z,-6.4551,131.3449,35,4.5,mb,23,54,1.518,0.44,us,us6000itc8,2022-12-17T22:54:01.040Z,"180 km WSW of Tual, Indonesia",earthquake,7.97,1.916,0.163,11,reviewed,us,us
2022-10-07T22:51:01.749Z,-5.1562,130.3529,10,4.6,mb,59,64,2.918,0.65,us,us6000irzj,2022-12-10T22:53:57.040Z,"256 km SE of Amahai, Indonesia",earthquake,5.48,1.843,0.09,37,reviewed,us,us
2022-10-07T13:06:25.460Z,3.5144,125.9949,84.903,4.7,mb,60,107,3.05,0.48,us,us6000iruf,2022-12-10T22:53:48.040Z,"217 km SSE of Sarangani, Philippines",earthquake,9.13,7.734,0.068,66,reviewed,us,us
2022-10-06T20:00:38.582Z,1.9232,98.8702,3.604,4.9,mb,106,51,0.767,0.72,us,us6000irme,2022-12-10T22:53:36.040Z,"22 km NNE of Sibolga, Indonesia",earthquake,6.85,3.677,0.058,94,reviewed,us,us
2022-10-06T05:20:32.198Z,0.7755,126.2203,45.874,4.5,mb,33,63,1.146,0.31,us,us6000ircy,2022-12-10T22:53:22.040Z,"129 km W of Ternate, Indonesia",earthquake,4.9,8.159,0.118,22,reviewed,us,us
2022-10-04T22:11:48.863Z,-7.6935,130.0542,28.783,5.1,mb,73,52,1.266,0.53,us,us6000iqvx,2022-12-10T22:53:11.040Z,"Pulau Pulau Tanimbar, Indonesia",earthquake,6.79,0.956,0.062,84,reviewed,us,us
2022-10-04T04:52:13.409Z,-8.0698,120.5649,10,4.6,mb,33,52,1.748,0.53,us,us6000iqm9,2022-12-10T22:53:04.040Z,"Flores region, Indonesia",earthquake,6.34,1.855,0.125,19,reviewed,us,us
2022-10-03T13:26:29.006Z,4.3179,125.8257,88.272,4.5,mb,20,118,2.745,0.58,us,us6000irv1,2024-01-18T16:57:44.904Z,"126 km SSE of Sarangani, Philippines",earthquake,7.37,8.6,0.144,14,reviewed,us,us
2022-10-02T21:03:01.038Z,4.6515,126.0376,69.936,4.9,mb,85,82,2.445,0.59,us,us6000iqa2,2022-12-10T22:52:50.040Z,"104 km SE of Sarangani, Philippines",earthquake,8.23,5.099,0.052,116,reviewed,us,us
2022-10-02T20:19:38.393Z,-5.4564,129.1504,253.362,4.5,mb,65,54,3.294,0.38,us,us6000iq9t,2022-12-10T22:52:49.040Z,"222 km SSE of Ambon, Indonesia",earthquake,8.9,7.006,0.073,57,reviewed,us,us
2022-10-02T01:35:35.272Z,1.6399,128.3477,70.112,5,mb,74,76,1.306,0.67,us,us6000iq43,2022-12-10T22:52:39.040Z,"38 km ESE of Tobelo, Indonesia",earthquake,7.12,5.204,0.053,114,reviewed,us,us
2022-10-01T19:41:35.833Z,-6.7575,129.8913,126.728,4.6,mb,78,37,1.852,0.55,us,us6000iq2c,2022-12-10T22:52:36.040Z,"Banda Sea",earthquake,7.68,6.414,0.072,57,reviewed,us,us
2022-10-01T13:50:16.128Z,-3.83,101.8367,59.88,4.9,mb,58,95,1.234,0.71,us,us6000ipzr,2022-12-10T22:52:32.040Z,"47 km W of Bengkulu, Indonesia",earthquake,8.23,7.378,0.094,39,reviewed,us,us
2022-09-30T21:44:22.922Z,2.0807,129.0767,10,4.8,mb,79,89,2.148,0.61,us,us6000ipsr,2022-12-03T22:02:54.040Z,"124 km ENE of Tobelo, Indonesia",earthquake,5.93,1.744,0.055,104,reviewed,us,us
2022-09-30T20:37:38.689Z,2.0209,98.9447,10.098,5,mb,114,50,0.669,0.54,us,us6000ips6,2022-12-03T22:02:54.040Z,"35 km NNE of Sibolga, Indonesia",earthquake,4.32,2.971,0.058,104,reviewed,us,us
2022-09-30T19:54:28.175Z,2.0517,99.0688,10,4.6,mb,73,53,0.654,0.48,us,us6000irib,2022-12-03T22:03:15.040Z,"47 km NE of Sibolga, Indonesia",earthquake,4.73,1.049,0.084,46,reviewed,us,us
2022-09-30T19:50:35.495Z,2.2054,98.89,20.955,5,mb,120,45,0.486,0.82,us,us6000iprr,2022-12-03T22:02:54.040Z,"49 km S of Tomok Bolon, Indonesia",earthquake,5.41,3.939,0.058,100,reviewed,us,us
2022-09-30T19:47:54.118Z,2.0779,98.9937,12.802,4.6,mb,19,103,0.616,1.09,us,us6000irih,2022-12-03T22:03:16.040Z,"44 km NNE of Sibolga, Indonesia",earthquake,3.3,4.768,0.223,6,reviewed,us,us
2022-09-30T19:28:40.152Z,2.1277,98.9004,18.363,5.9,mww,211,32,0.563,0.8,us,us6000ipri,2025-12-29T08:39:51.327Z,"41 km NNE of Sibolga, Indonesia",earthquake,4.59,1.394,0.052,35,reviewed,us,us
2022-09-30T12:57:31.622Z,-6.6378,104.6916,42.829,4.5,mb,28,80,2.847,0.48,us,us6000irhy,2022-12-03T22:03:15.040Z,"129 km WSW of Labuan, Indonesia",earthquake,9.13,7.994,0.124,19,reviewed,us,us
2022-09-29T15:14:40.370Z,2.7648,128.4528,221.295,4.5,mb,113,79,2.258,0.99,us,us6000ipdf,2022-12-03T22:02:41.040Z,"124 km NNE of Tobelo, Indonesia",earthquake,7.9,6.478,0.058,97,reviewed,us,us
2022-09-29T12:56:31.636Z,-5.4438,102.676,36.993,4.5,mb,35,173,1.112,0.74,us,us6000ipc0,2022-12-03T22:02:39.040Z,"169 km SSW of Pagar Alam, Indonesia",earthquake,8.7,8.484,0.124,19,reviewed,us,us
2022-09-29T11:34:44.644Z,-2.4346,139.9549,26.41,5.4,mb,100,25,7.713,1.22,us,us6000ipap,2022-12-03T22:02:39.040Z,"near the north coast of Papua, Indonesia",earthquake,7.29,4.09,0.045,164,reviewed,us,us
2022-09-28T11:41:39.151Z,2.7319,128.1508,73.152,4.6,mb,31,115,2.099,0.67,us,us6000inyi,2022-12-03T22:02:35.040Z,"112 km N of Tobelo, Indonesia",earthquake,9.18,4.702,0.116,22,reviewed,us,us
2022-09-28T04:20:57.791Z,2.9893,126.1825,55.746,4.6,mb,30,123,2.501,0.49,us,us6000inwi,2022-12-03T22:02:33.040Z,"213 km NE of Laikit, Laikit II (Dimembe), Indonesia",earthquake,8.6,5.574,0.136,16,reviewed,us,us
2022-09-28T03:46:33.689Z,0.1323,99.9509,10,4.5,mb,38,110,1.106,0.79,us,us6000iqr8,2024-01-18T16:55:24.076Z,"67 km NW of Bukittinggi, Indonesia",earthquake,6.22,1.825,0.157,12,reviewed,us,us
2022-09-28T03:43:28.470Z,3.2277,126.8959,35,4.5,mb,14,140,2.484,0.51,us,us6000iqr1,2022-12-03T22:03:01.040Z,"206 km NW of Tobelo, Indonesia",earthquake,9.37,1.939,0.27,4,reviewed,us,us
2022-09-27T17:58:02.812Z,-5.1642,125.6773,10,4.5,mb,34,74,4.771,0.56,us,us6000iqh3,2022-12-03T22:02:58.040Z,"Banda Sea",earthquake,7.41,1.886,0.15,14,reviewed,us,us
2022-09-26T23:17:35.311Z,-10.999,113.343,10,4.6,mb,36,122,2.636,0.57,us,us6000inh7,2022-12-03T22:02:25.040Z,"south of Java, Indonesia",earthquake,7.68,1.92,0.105,27,reviewed,us,us
2022-09-25T19:43:21.697Z,-1.949,118.8751,10,4.7,mb,37,108,2.14,0.94,us,us7000iaze,2022-12-03T22:03:23.040Z,"Makassar Strait, Indonesia",earthquake,7.42,1.549,0.092,36,reviewed,us,us
2022-09-25T12:13:37.379Z,-6.5073,129.8361,157.984,4.6,mb,40,90,2.062,0.68,us,us7000iaxd,2022-12-03T22:03:22.040Z,"Banda Sea",earthquake,7.57,7.928,0.1,30,reviewed,us,us
2022-09-25T11:16:31.404Z,4.3182,126.072,133.398,5.1,mww,116,50,2.777,0.77,us,us7000iax1,2022-12-03T22:03:22.040Z,"137 km SSE of Sarangani, Philippines",earthquake,7.22,4.993,0.062,25,reviewed,us,us
2022-09-24T21:11:42.254Z,3.9812,125.8702,155.494,4.5,mb,25,118,3.082,0.57,us,us7000iatf,2022-12-03T22:03:21.040Z,"163 km SSE of Sarangani, Philippines",earthquake,9.78,7.828,0.139,15,reviewed,us,us
2022-09-24T20:32:30.096Z,-9.3953,114.3631,74.072,4.9,mb,107,38,0.943,0.75,us,us7000iat5,2022-12-03T22:03:21.040Z,"106 km S of Muncar, Indonesia",earthquake,7.1,4.836,0.062,83,reviewed,us,us
2022-09-24T17:19:52.120Z,-7.5005,121.7427,11.362,4.5,mb,23,111,1.23,0.93,us,us6000ipd4,2022-12-03T22:02:41.040Z,"Flores Sea",earthquake,6.28,4.123,0.17,10,reviewed,us,us
2022-09-23T21:52:10.007Z,-5.2253,125.6891,10,4.6,mb,19,74,4.716,0.57,us,us6000ipbf,2022-11-26T20:57:23.040Z,"Banda Sea",earthquake,6.15,1.917,0.272,4,reviewed,us,us
2022-09-23T21:39:21.905Z,-5.266,125.6908,10,4.7,mb,32,47,4.678,0.63,us,us7000ialh,2022-11-26T20:58:00.040Z,"Banda Sea",earthquake,7.51,1.858,0.142,15,reviewed,us,us
2022-09-23T21:20:07.700Z,-5.2434,125.6584,10,4.7,mb,42,72,4.69,0.68,us,us7000ial8,2022-11-26T20:58:00.040Z,"Banda Sea",earthquake,6,1.743,0.106,27,reviewed,us,us
2022-09-23T21:11:50.334Z,-5.2304,125.5654,10,4.6,mb,25,56,4.676,0.65,us,us6000ipbh,2022-11-26T20:57:24.040Z,"Banda Sea",earthquake,3.24,1.928,0.206,7,reviewed,us,us
2022-09-23T20:52:58.398Z,3.8109,96.0514,42.181,6.2,mww,197,20,1.668,0.73,us,us7000iaka,2022-11-26T20:58:00.040Z,"37 km SSW of Meulaboh, Indonesia",earthquake,6.54,3.541,0.059,28,reviewed,us,us
2022-09-23T20:51:24.600Z,-5.1545,125.5667,10,5.2,mww,109,26,4.749,0.78,us,us7000iak8,2022-11-26T20:57:59.040Z,"Banda Sea",earthquake,6.1,1.812,0.086,13,reviewed,us,us
2022-09-23T09:50:16.584Z,0.1761,123.5657,168.865,5,mb,132,46,1.447,0.64,us,us7000iae6,2022-11-26T20:57:55.040Z,"68 km SE of Gorontalo, Indonesia",earthquake,7.37,5.811,0.045,157,reviewed,us,us
2022-09-23T03:05:34.722Z,-8.5894,119.2589,129.819,4.5,mb,43,62,1.484,1.11,us,us7000iact,2022-11-26T20:57:55.040Z,"25 km W of Komodo, Indonesia",earthquake,5.35,6.492,0.121,22,reviewed,us,us
2022-09-22T19:36:19.908Z,4.4236,96.5454,9.746,4.8,mb,62,43,0.894,0.96,us,us7000iaa2,2022-11-26T20:57:54.040Z,"55 km ENE of Meulaboh, Indonesia",earthquake,5.72,3.663,0.082,46,reviewed,us,us
2022-09-21T11:57:51.761Z,-6.0609,131.0137,60.969,5,mb,80,102,1.93,0.82,us,us7000i9w7,2022-11-26T20:57:49.040Z,"198 km WSW of Tual, Indonesia",earthquake,6.55,6.563,0.07,65,reviewed,us,us
2022-09-20T22:25:01.390Z,-1.1959,98.5697,19.227,5,mb,70,80,2.675,0.62,us,us7000i9n5,2022-11-26T20:57:47.040Z,"183 km WSW of Pariaman, Indonesia",earthquake,7.3,3.79,0.075,57,reviewed,us,us
2022-09-19T23:34:33.850Z,2.3732,126.9378,53.116,4.5,mb,34,100,1.647,0.67,us,us7000ib5d,2022-11-26T20:58:01.040Z,"Molucca Sea",earthquake,6.41,6.783,0.113,23,reviewed,us,us
2022-09-19T13:06:59.321Z,5.9725,125.8383,154.564,4.5,mb,57,90,1.12,0.47,us,us7000i99d,2022-11-26T20:57:42.040Z,"17 km ESE of Mangili, Philippines",earthquake,7.85,6.743,0.076,53,reviewed,us,us
2022-09-18T20:05:14.324Z,-4.5312,124.0754,9.865,4.7,mb,22,83,3.703,0.96,us,us7000iahf,2024-01-18T16:51:58.977Z,"153 km ENE of Katobu, Indonesia",earthquake,6.9,4.393,0.138,16,reviewed,us,us
2022-09-17T06:24:59.047Z,-7.16,105.1422,24.613,5,mb,39,119,2.506,0.9,us,us7000i8rv,2024-01-18T16:51:24.645Z,"115 km SW of Labuan, Indonesia",earthquake,6.22,5.189,0.113,25,reviewed,us,us
2022-09-16T11:45:35.212Z,3.1481,126.052,101.318,4.6,mb,44,116,2.701,0.66,us,us7000i8i8,2022-11-19T23:03:23.040Z,"219 km NNE of Laikit, Laikit II (Dimembe), Indonesia",earthquake,4.28,8.541,0.1,31,reviewed,us,us
2022-09-16T08:17:02.647Z,-0.0155,124.4445,67.564,4.5,mb,40,42,1.959,0.99,us,us7000i8hm,2022-11-19T23:03:22.040Z,"152 km SSW of Tomohon, Indonesia",earthquake,8.03,7.099,0.109,25,reviewed,us,us
2022-09-15T15:24:48.972Z,-2.0533,99.6071,19.034,4.8,mww,131,51,2.764,0.71,us,us7000i8az,2022-11-19T23:03:18.040Z,"147 km SW of Padang, Indonesia",earthquake,7.74,3.638,0.103,9,reviewed,us,us
2022-09-14T08:55:00.915Z,5.8983,127.0242,51.644,4.5,mb,35,122,1.848,0.72,us,us7000i9wr,2022-11-19T23:03:46.040Z,"Philippine Islands region",earthquake,9.95,8.033,0.124,21,reviewed,us,us
2022-09-14T06:48:44.363Z,4.0975,126.5121,35,4.5,mb,39,103,3.412,0.8,us,us7000i7vf,2022-11-19T23:03:08.040Z,"185 km SE of Sarangani, Philippines",earthquake,9.4,1.918,0.104,27,reviewed,us,us
2022-09-13T11:18:03.156Z,-5.5784,104.241,92.148,4.9,mb,85,57,1.762,0.43,us,us7000i7lh,2022-11-19T23:02:54.040Z,"109 km SW of Kotabumi, Indonesia",earthquake,8.19,6.548,0.07,65,reviewed,us,us
2022-09-13T09:31:44.279Z,-5.5597,124.8978,10,4.7,mb,33,37,4.038,0.29,us,us7000i7l7,2022-11-19T23:02:54.040Z,"272 km ESE of Katabu, Indonesia",earthquake,7.48,1.879,0.127,21,reviewed,us,us
2022-09-13T01:09:20.279Z,-1.82,138.9137,29.589,4.6,mb,37,100,6.748,0.83,us,us7000i7ih,2022-11-19T23:02:51.040Z,"209 km WNW of Abepura, Indonesia",earthquake,11.59,2.84,0.112,24,reviewed,us,us
2022-09-12T19:50:31.708Z,-2.3975,138.131,10,4.8,mb,48,65,2.574,0.95,us,us7000i7gm,2022-11-19T23:02:50.040Z,"264 km ESE of Biak, Indonesia",earthquake,7.55,1.816,0.069,65,reviewed,us,us
2022-09-12T10:19:42.370Z,4.0375,127.816,128.031,4.5,mb,31,113,3.275,0.49,us,us7000i9gu,2022-11-19T23:03:38.040Z,"256 km N of Tobelo, Indonesia",earthquake,11.85,8.402,0.128,18,reviewed,us,us
2022-09-11T19:32:37.934Z,-2.2821,138.0883,10,4.5,mb,18,127,5.868,0.77,us,us7000i78e,2022-11-19T23:02:40.040Z,"254 km ESE of Biak, Indonesia",earthquake,14.48,1.929,0.14,15,reviewed,us,us
2022-09-11T18:24:01.404Z,-1.251,98.5818,18.095,4.9,mb,57,118,2.73,0.56,us,us7000i77x,2022-11-19T23:02:40.040Z,"184 km WSW of Pariaman, Indonesia",earthquake,5.24,4.102,0.073,62,reviewed,us,us
2022-09-11T17:14:47.879Z,-5.2081,125.6671,10,4.7,mb,39,106,4.815,0.73,us,us7000i77n,2022-11-19T23:02:40.040Z,"Banda Sea",earthquake,8.13,1.88,0.098,32,reviewed,us,us
2022-09-11T16:21:44.585Z,-2.306,138.1672,10,4.8,mb,77,53,2.543,0.68,us,us7000i77k,2022-11-19T23:02:40.040Z,"263 km ESE of Biak, Indonesia",earthquake,6.14,1.788,0.062,85,reviewed,us,us
2022-09-11T16:15:10.525Z,-5.1876,125.6867,9.979,4.5,mb,45,44,4.751,0.49,us,us7000i77i,2022-11-19T23:02:39.040Z,"Banda Sea",earthquake,6.95,4.019,0.104,29,reviewed,us,us
2022-09-11T15:35:29.327Z,3.6825,96.8103,90.991,4.6,mb,26,74,1.542,0.37,us,us7000i9a8,2022-11-19T23:03:35.040Z,"91 km SE of Meulaboh, Indonesia",earthquake,7.2,7.377,0.165,12,reviewed,us,us
2022-09-11T12:50:23.775Z,0.5152,98.4895,57.869,4.5,mb,52,93,1.204,0.48,us,us7000i76v,2022-11-19T23:02:37.040Z,"129 km SW of Padangsidempuan, Indonesia",earthquake,7.51,7.409,0.087,40,reviewed,us,us
2022-09-11T07:57:28.747Z,-2.2504,138.1701,10,4.7,mb,39,99,5.952,0.43,us,us7000i75v,2022-11-19T23:02:36.040Z,"260 km ESE of Biak, Indonesia",earthquake,9.14,1.84,0.093,35,reviewed,us,us
2022-09-11T05:44:46.108Z,-5.2755,132.5262,10,4.5,mb,38,80,2.357,0.64,us,us7000i75i,2022-11-19T23:02:36.040Z,"46 km NNW of Tual, Indonesia",earthquake,6.06,1.903,0.118,27,reviewed,us,us
2022-09-11T00:27:22.893Z,0.121,129.6265,17.425,4.8,mb,37,93,1.912,0.49,us,us7000i99i,2022-11-19T23:03:32.040Z,"212 km WNW of Sorong, Indonesia",earthquake,6.17,2.947,0.118,22,reviewed,us,us
2022-09-10T23:24:00.499Z,-1.2041,98.618,10,5.7,mb,224,20,2.701,0.67,us,us6000iisl,2022-11-19T23:02:16.040Z,"179 km WSW of Pariaman, Indonesia",earthquake,7.25,1.758,0.043,189,reviewed,us,us
2022-09-10T23:12:48.567Z,-8.5663,128.5022,23.086,4.6,mb,14,72,2.828,0.93,us,us7000i8lm,2024-01-18T16:49:24.737Z,"165 km E of Lospalos, Timor Leste",earthquake,8.51,6.206,0.183,9,reviewed,us,us
2022-09-10T23:10:43.721Z,-1.149,98.654,20,6,mww,268,18,2.664,0.61,us,us6000iisb,2022-11-19T23:02:15.040Z,"173 km WSW of Pariaman, Indonesia",earthquake,6.9,1.696,0.05,39,reviewed,us,us
2022-09-10T17:55:06.102Z,-6.1523,127.5723,408.356,4.5,mb,138,25,4.121,0.64,us,us6000iiqz,2022-11-19T23:02:14.040Z,"269 km NNE of Lospalos, Timor Leste",earthquake,7.86,6.714,0.053,117,reviewed,us,us
2022-09-10T13:49:28.974Z,-2.2478,138.1065,10,4.9,mb,99,78,5.89,0.51,us,us6000iiq2,2022-11-19T23:02:13.040Z,"254 km ESE of Biak, Indonesia",earthquake,8.81,1.847,0.057,107,reviewed,us,us
2022-09-10T11:15:18.117Z,-2.1919,138.1615,10,4.7,mb,62,77,5.951,0.61,us,us6000iinv,2022-11-19T23:02:13.040Z,"257 km ESE of Biak, Indonesia",earthquake,3.44,1.863,0.067,67,reviewed,us,us
2022-09-10T06:03:13.955Z,-2.3603,100.6472,50.366,4.6,mb,51,126,2.697,0.49,us,us6000iimq,2024-01-18T16:49:15.229Z,"89 km WSW of Sungai Penuh, Indonesia",earthquake,8.14,7.544,0.098,32,reviewed,us,us
2022-09-10T01:27:13.356Z,-2.2376,138.1849,10,4.6,mb,43,53,5.969,0.72,us,us6000iili,2022-11-19T23:02:12.040Z,"261 km ESE of Biak, Indonesia",earthquake,9.98,1.831,0.108,27,reviewed,us,us
2022-09-10T00:27:06.538Z,-2.2451,138.2228,10,4.6,mb,49,126,6.005,0.54,us,us7000i8k3,2022-11-19T23:03:25.040Z,"265 km ESE of Biak, Indonesia",earthquake,10.56,1.891,0.089,38,reviewed,us,us
2022-09-10T00:15:44.446Z,-2.5544,138.5726,10,4.6,mb,28,73,6.327,0.47,us,us7000i8k2,2022-11-19T23:03:25.040Z,"229 km W of Abepura, Indonesia",earthquake,12.46,1.889,0.146,14,reviewed,us,us
2022-09-10T00:05:12.947Z,-2.2313,138.1784,21,6.2,mww,150,24,5.963,0.62,us,us6000iikp,2022-11-19T23:02:11.040Z,"260 km ESE of Biak, Indonesia",earthquake,7.75,1.788,0.046,45,reviewed,us,us
2022-09-09T23:51:20.410Z,-2.1841,138.2058,10,5,mb,61,58,5.996,0.64,us,us7000i8je,2022-11-15T19:06:20.040Z,"261 km ESE of Biak, Indonesia",earthquake,7.01,1.774,0.076,55,reviewed,us,us
2022-09-09T23:44:11.525Z,-2.2644,138.1792,30,5.9,mww,136,21,5.96,0.71,us,us6000iikc,2022-11-15T19:05:55.040Z,"262 km ESE of Biak, Indonesia",earthquake,6.98,1.709,0.063,24,reviewed,us,us
2022-09-09T23:31:47.409Z,-2.2492,138.1979,18,6.2,mww,142,15,5.98,0.64,us,us6000iika,2022-11-15T19:05:55.040Z,"Papua, Indonesia",earthquake,3.4,1.711,0.047,43,reviewed,us,us
2022-09-09T21:38:01.015Z,-6.9493,129.5525,150.44,4.9,mww,96,40,2.013,0.74,us,us6000iijs,2022-11-15T19:05:54.040Z,"Banda Sea",earthquake,7.34,4.868,0.083,14,reviewed,us,us
2022-09-09T18:26:24.107Z,2.2893,129.1298,10,4.6,mb,49,115,2.319,0.63,us,us7000i8jb,2022-11-15T19:06:20.040Z,"139 km ENE of Tobelo, Indonesia",earthquake,7.27,1.881,0.095,35,reviewed,us,us
2022-09-09T17:25:02.142Z,1.9809,126.5514,56.678,4.6,mb,81,74,1.451,0.91,us,us7000i8j7,2022-11-15T19:06:20.040Z,"160 km NW of Ternate, Indonesia",earthquake,6.58,6.843,0.07,68,reviewed,us,us
2022-09-09T17:20:17.763Z,2.0788,126.5726,36.724,5.2,mww,211,42,1.522,0.77,us,us6000iih9,2022-11-15T19:05:53.040Z,"164 km WNW of Tobelo, Indonesia",earthquake,5.89,4.069,0.08,15,reviewed,us,us
2022-09-09T09:17:32.820Z,-8.9419,127.1237,10,5,mww,88,36,2.933,0.46,us,us6000iidi,2022-11-15T19:05:51.040Z,"48 km SSE of Lospalos, Timor Leste",earthquake,6.01,1.487,0.066,22,reviewed,us,us
2022-09-08T21:37:01.185Z,-0.1716,124.2793,8.703,4.6,mb,38,39,1.738,0.48,us,us6000iia2,2022-11-15T19:05:50.040Z,"156 km ESE of Gorontalo, Indonesia",earthquake,5.53,4.527,0.103,28,reviewed,us,us
2022-09-08T17:52:49.321Z,-4.2333,102.2088,56.123,4.8,mb,71,48,0.755,0.74,us,us6000ii8h,2022-11-15T19:05:49.040Z,"48 km S of Bengkulu, Indonesia",earthquake,6.01,4.604,0.071,62,reviewed,us,us
2022-09-08T07:58:52.813Z,1.4012,96.967,10,5.1,mww,136,45,0.616,0.49,us,us6000ii32,2022-11-15T19:05:48.040Z,"133 km SW of Singkil, Indonesia",earthquake,4.72,1.78,0.093,11,reviewed,us,us
2022-09-08T07:01:18.996Z,-10.6237,109.6425,10,4.9,mb,47,92,2.831,0.45,us,us6000ii2m,2022-11-15T19:05:48.040Z,"south of Java, Indonesia",earthquake,5.87,1.59,0.106,28,reviewed,us,us
2022-09-07T22:26:32.756Z,1.3503,96.8708,10,4.7,mb,80,129,0.706,0.63,us,us6000ihzq,2022-11-15T19:05:47.040Z,"136 km SSE of Sinabang, Indonesia",earthquake,5.65,1.86,0.07,62,reviewed,us,us
2022-09-07T20:11:12.186Z,0.0276,123.1881,159.254,4.6,mb,69,67,1.141,0.85,us,us6000ihz2,2022-11-15T19:05:46.040Z,"58 km SSE of Gorontalo, Indonesia",earthquake,8.24,2.991,0.064,73,reviewed,us,us
2022-09-07T18:11:39.945Z,0.0294,123.7649,141.792,5.1,mb,118,28,1.455,0.82,us,us6000ihx9,2022-11-15T19:05:46.040Z,"96 km SE of Gorontalo, Indonesia",earthquake,5.89,2.528,0.044,177,reviewed,us,us
2022-09-07T18:09:35.437Z,-3.19,101.4217,34,5.4,mww,137,39,1.922,0.82,us,us6000ihx6,2022-11-15T19:05:46.040Z,"115 km NW of Bengkulu, Indonesia",earthquake,7.53,1.761,0.093,11,reviewed,us,us
2022-09-07T15:50:05.485Z,-7.5967,127.7492,166.161,4.8,mb,76,55,3.538,0.71,us,us7000i61x,2022-11-15T19:06:14.040Z,"131 km NE of Lospalos, Timor Leste",earthquake,8.63,4.506,0.067,69,reviewed,us,us
2022-09-07T07:35:57.368Z,1.7848,127.4448,122.271,4.5,mb,43,71,1.009,0.55,us,us7000i5y8,2022-11-15T19:06:13.040Z,"63 km W of Tobelo, Indonesia",earthquake,9.01,6.418,0.101,29,reviewed,us,us
2022-09-06T19:11:39.416Z,0.3467,121.9111,185.226,4.5,mb,86,36,1.361,0.68,us,us7000i5st,2022-11-15T19:06:11.040Z,"129 km W of Gorontalo, Indonesia",earthquake,7.01,6.256,0.07,66,reviewed,us,us
2022-09-05T11:51:27.350Z,-6.7701,129.5623,158.462,4.6,mb,51,88,2.102,0.37,us,us7000i5cq,2024-01-18T16:47:22.296Z,"Banda Sea",earthquake,7.22,5.009,0.082,44,reviewed,us,us
2022-09-05T10:53:24.827Z,1.6377,128.7865,10.161,4.5,mb,20,109,1.66,1.38,us,us7000i7mq,2022-11-15T19:06:15.040Z,"87 km E of Tobelo, Indonesia",earthquake,6.06,4.67,0.145,14,reviewed,us,us
2022-09-05T03:17:26.691Z,-5.9231,103.7173,55.951,4.8,mb,33,105,1.728,0.31,us,us7000i596,2022-11-15T19:06:07.040Z,"177 km SW of Kotabumi, Indonesia",earthquake,8.4,5.14,0.107,27,reviewed,us,us
2022-09-04T17:21:51.112Z,-3.3085,135.8008,10,4.5,mb,22,160,3.568,1.13,us,us7000i7e1,2022-11-15T19:06:15.040Z,"33 km E of Nabire, Indonesia",earthquake,11.02,1.974,0.136,20,reviewed,us,us
2022-09-04T08:52:13.492Z,-5.0652,102.8928,55.021,5.1,mb,99,35,0.703,0.55,us,us7000i531,2022-11-15T19:06:04.040Z,"121 km SSW of Pagar Alam, Indonesia",earthquake,6.03,5.87,0.053,114,reviewed,us,us
2022-09-03T23:12:35.490Z,-7.3047,128.5511,146.386,4.6,mb,70,52,2.806,0.54,us,us7000i519,2022-11-15T19:06:04.040Z,"217 km NE of Lospalos, Timor Leste",earthquake,6.09,5.192,0.082,44,reviewed,us,us
2022-09-03T20:22:29.050Z,-4.0064,133.7802,15.042,4.5,mb,25,80,1.872,0.7,us,us6000iigp,2022-11-15T19:05:53.040Z,"204 km WSW of Nabire, Indonesia",earthquake,4.32,5.339,0.139,15,reviewed,us,us
2022-09-03T09:19:07.400Z,-0.0487,126.6531,56.655,4.6,mb,57,75,1.083,0.58,us,us7000i4wl,2022-11-15T19:06:02.040Z,"Molucca Sea",earthquake,6.95,7.216,0.09,42,reviewed,us,us
2022-09-02T17:44:14.520Z,-7.1405,129.3638,129.365,4.7,mb,109,54,2.093,0.57,us,us7000i4qt,2022-11-06T04:35:52.040Z,"Kepulauan Babar, Indonesia",earthquake,6.62,5.326,0.061,91,reviewed,us,us
2022-09-02T15:47:12.537Z,-7.316,128.7766,129.75,4.5,mb,23,66,2.586,0.65,us,us7000i4pz,2022-11-06T04:35:55.040Z,"237 km NE of Lospalos, Timor Leste",earthquake,9.14,9.555,0.15,13,reviewed,us,us
2022-09-02T03:59:55.497Z,-7.5588,127.672,164.906,4.5,mb,35,56,3.618,0.41,us,us7000i4jc,2022-11-06T04:36:07.040Z,"129 km NE of Lospalos, Timor Leste",earthquake,7.63,6.113,0.131,20,reviewed,us,us
2022-09-02T03:34:23.588Z,2.0763,97.8361,60.247,4.7,mb,42,113,0.81,0.59,us,us7000i4j9,2022-11-06T04:36:08.040Z,"23 km SSE of Singkil, Indonesia",earthquake,6.53,7.601,0.089,38,reviewed,us,us
2022-09-01T16:23:42.935Z,-7.1999,128.9407,151.223,5.1,mww,164,29,2.464,0.61,us,us7000i4d5,2022-11-06T04:36:16.040Z,"259 km NE of Lospalos, Timor Leste",earthquake,5.63,4.599,0.061,26,reviewed,us,us
2022-08-31T00:39:21.127Z,-2.119,139.1948,28.49,4.6,mb,55,30,6.985,0.52,us,us7000i3vf,2022-11-06T04:37:12.040Z,"168 km WNW of Abepura, Indonesia",earthquake,10.13,4.388,0.094,34,reviewed,us,us
2022-08-30T19:06:19.515Z,-3.7326,128.8572,126.249,4.5,mb,29,62,3.481,1.02,us,us7000i3ry,2022-11-06T04:37:20.040Z,"43 km S of Amahai, Indonesia",earthquake,7.74,8.003,0.131,17,reviewed,us,us
2022-08-30T04:33:16.174Z,-0.1006,123.2121,162.233,4.5,mb,37,66,1.033,0.65,us,us7000i3lf,2022-11-06T04:37:43.040Z,"72 km SSE of Gorontalo, Indonesia",earthquake,6.96,3.649,0.115,22,reviewed,us,us
2022-08-30T04:32:52.681Z,-5.8439,127.7807,401.077,4.5,mb,23,63,6.043,0.59,us,us7000i618,2022-11-06T04:37:43.040Z,"241 km S of Ambon, Indonesia",earthquake,10,9.242,0.136,16,reviewed,us,us
2022-08-29T14:04:02.179Z,0.4786,122.1097,193.176,4.5,mb,21,66,1.469,0.99,us,us7000i5q9,2022-11-06T04:38:01.040Z,"106 km W of Gorontalo, Indonesia",earthquake,9.32,5.13,0.156,15,reviewed,us,us
2022-08-29T13:09:53.874Z,-0.9764,98.6319,20.899,4.6,mb,25,169,2.499,0.43,us,us7000i5q8,2022-11-06T04:38:02.040Z,"170 km WSW of Pariaman, Indonesia",earthquake,9.28,6.225,0.172,12,reviewed,us,us
2022-08-29T12:44:19.407Z,-1.1345,98.5391,18.54,4.6,mb,33,151,2.607,0.55,us,us7000i3cc,2022-11-06T04:38:04.040Z,"184 km WSW of Pariaman, Indonesia",earthquake,7.76,5.162,0.136,17,reviewed,us,us
2022-08-29T11:11:48.945Z,-1.0575,98.6699,20.596,4.6,mb,40,125,2.588,0.35,us,us7000i3bw,2022-11-06T04:38:07.040Z,"168 km WSW of Pariaman, Indonesia",earthquake,7.15,5.853,0.117,22,reviewed,us,us
2022-08-29T11:01:11.830Z,-1.018,98.6831,20.73,4.5,mb,38,173,2.559,0.4,us,us7000i3bu,2022-11-06T04:38:09.040Z,"165 km WSW of Pariaman, Indonesia",earthquake,8.04,6.262,0.116,22,reviewed,us,us
2022-08-29T10:58:37.359Z,0.07,123.8441,103.906,4.8,mb,50,33,1.539,0.75,us,us7000i3bt,2022-11-06T04:38:09.040Z,"101 km ESE of Gorontalo, Indonesia",earthquake,6.44,5.433,0.09,38,reviewed,us,us
2022-08-29T03:35:42.369Z,-1.0508,98.5875,17.567,4.7,mb,19,200,2.548,1.02,us,us7000i5ps,2022-11-06T04:38:21.040Z,"177 km WSW of Pariaman, Indonesia",earthquake,9.07,5.607,0.277,5,reviewed,us,us
2022-08-29T03:29:13.691Z,-0.988,98.6046,17,6.2,mww,118,23,2.498,0.64,us,us7000i38s,2023-03-16T05:38:40.641Z,"173 km WSW of Pariaman, Indonesia",earthquake,6.77,1.603,0.06,27,reviewed,us,us
2022-08-28T22:34:37.140Z,-1.0173,98.6652,43,5.7,mww,107,26,2.55,0.59,us,us7000i37c,2022-11-06T04:38:30.040Z,"Kepulauan Mentawai region, Indonesia",earthquake,7.34,1.88,0.08,15,reviewed,us,us
2022-08-28T17:04:39.757Z,-1.0764,98.5483,16.793,4.9,mb,62,47,2.557,0.66,us,us7000i34y,2022-11-06T04:38:41.040Z,"182 km WSW of Pariaman, Indonesia",earthquake,7.58,4.205,0.069,67,reviewed,us,us
2022-08-28T07:32:52.633Z,-9.532,112.8708,35,4.5,mb,51,80,1.648,0.82,us,us7000i32l,2022-11-06T04:38:55.040Z,"146 km S of Dampit, Indonesia",earthquake,6.67,1.898,0.094,38,reviewed,us,us
2022-08-28T04:58:54.283Z,5.2774,125.3273,186.011,4.8,mb,76,70,1.798,0.9,us,us7000i31d,2022-11-06T04:38:58.040Z,"Mindanao, Philippines",earthquake,7.99,5.542,0.04,195,reviewed,us,us
2022-08-27T20:49:51.251Z,-10.4482,109.5031,10,4.6,mb,68,71,2.713,0.66,us,us7000i2yv,2022-11-06T04:39:15.040Z,"289 km SSW of Bambanglipuro, Indonesia",earthquake,7.1,1.843,0.078,50,reviewed,us,us
2022-08-26T12:24:17.367Z,-0.0089,125.2439,58.23,4.5,mb,40,65,2.26,0.37,us,us7000i4nu,2022-11-01T15:14:47.040Z,"149 km SSE of Tondano, Indonesia",earthquake,4.61,8.15,0.111,24,reviewed,us,us
2022-08-26T03:36:55.032Z,-5.1341,130.5138,108.107,4.6,mb,18,114,2.799,0.73,us,us7000i4ng,2022-11-01T15:14:46.040Z,"254 km WNW of Tual, Indonesia",earthquake,12.46,9.129,0.182,9,reviewed,us,us
2022-08-25T23:13:56.510Z,5.1037,127.2002,8.991,5,mb,68,55,2.532,0.83,us,us7000i4mr,2022-11-01T15:14:45.040Z,"179 km SE of Pondaguitan, Philippines",earthquake,7.57,4.245,0.078,52,reviewed,us,us
2022-08-25T09:46:15.427Z,-6.0996,130.4781,133.532,4.7,mb,55,41,2.04,0.93,us,us7000i2a4,2022-11-01T15:14:08.040Z,"257 km WSW of Tual, Indonesia",earthquake,8.03,6.709,0.066,69,reviewed,us,us
2022-08-25T03:21:30.680Z,-4.7217,101.7512,35,5,mb,70,66,1.253,0.73,us,us7000i285,2022-11-01T15:14:07.040Z,"116 km SSW of Bengkulu, Indonesia",earthquake,6.41,1.809,0.074,59,reviewed,us,us
2022-08-24T20:10:51.593Z,3.5265,127.0736,40.383,4.9,mb,74,52,2.752,1.15,us,us7000i255,2022-11-01T15:14:05.040Z,"224 km NNW of Tobelo, Indonesia",earthquake,6.74,5.646,0.052,116,reviewed,us,us
2022-08-24T02:41:30.529Z,-5.2295,102.9363,57.472,4.7,mb,39,175,0.864,0.45,us,us7000i1xc,2022-11-01T15:13:59.040Z,"137 km SSW of Pagar Alam, Indonesia",earthquake,8.1,7.215,0.129,18,reviewed,us,us
2022-08-23T19:46:51.333Z,-6.2272,103.8061,25.585,5.1,mb,152,36,2.039,0.82,us,us7000i1uy,2022-11-01T15:13:56.040Z,"183 km WSW of Bandar Lampung, Indonesia",earthquake,7.57,3.867,0.056,117,reviewed,us,us
2022-08-23T16:45:10.247Z,3.9797,95.8875,68.048,4.6,mb,63,98,1.63,0.34,us,us6000id55,2024-01-18T16:44:38.760Z,"32 km SW of Meulaboh, Indonesia",earthquake,8.62,6.83,0.084,45,reviewed,us,us
2022-08-23T14:31:39.374Z,-5.0926,103.079,45.258,6.2,mww,115,42,0.738,0.72,us,us6000id0t,2023-06-19T04:44:31.103Z,"119 km S of Pagar Alam, Indonesia",earthquake,5.19,3.158,0.046,46,reviewed,us,us
2022-08-23T13:39:12.191Z,-5.4006,131.3864,87.85,5,mww,58,48,2.567,0.64,us,us6000id0n,2022-11-01T15:13:02.040Z,"153 km W of Tual, Indonesia",earthquake,7.48,7.299,0.093,11,reviewed,us,us
2022-08-23T10:33:10.608Z,-0.173,132.2951,10,4.5,mb,25,125,1.24,0.58,us,us7000i41n,2022-11-01T15:14:35.040Z,"139 km NE of Sorong, Indonesia",earthquake,8.3,1.915,0.144,14,reviewed,us,us
2022-08-22T11:09:34.876Z,-0.5079,123.4515,10.143,4.5,mb,29,42,0.862,0.43,us,us6000icqz,2022-11-01T15:12:49.040Z,"88 km ENE of Luwuk, Indonesia",earthquake,4.22,5.109,0.124,19,reviewed,us,us
2022-08-22T09:26:53.591Z,-1.1438,100.2556,90.795,4.6,mb,33,132,1.657,0.66,us,us7000i400,2022-11-01T15:14:32.040Z,"24 km SSW of Padang, Indonesia",earthquake,4.82,7.154,0.146,14,reviewed,us,us
2022-08-22T08:36:32.698Z,-8.9212,115.696,128,5.4,mww,144,42,1.591,0.87,us,us6000icp4,2026-01-10T09:49:53.269Z,"Bali region, Indonesia",earthquake,8.48,1.89,0.059,28,reviewed,us,us
2022-08-21T07:33:59.150Z,3.1415,126.3533,60.893,4.7,mb,58,107,2.563,0.56,us,us6000ichr,2022-11-01T15:12:40.040Z,"238 km NE of Laikit, Laikit II (Dimembe), Indonesia",earthquake,8.33,5.203,0.083,44,reviewed,us,us
2022-08-21T05:08:33.762Z,-0.2037,125.2294,51.274,4.9,mb,93,45,2.347,0.6,us,us6000ich5,2022-11-01T15:12:38.040Z,"170 km SSE of Tondano, Indonesia",earthquake,6.76,6.982,0.054,107,reviewed,us,us
2022-08-19T18:17:31.094Z,-8.8581,119.3007,119.511,4.5,mb,73,53,1.507,1.06,us,us6000ic76,2022-10-28T02:27:10.040Z,"Flores region, Indonesia",earthquake,6.22,1.927,0.073,59,reviewed,us,us
2022-08-19T12:47:51.671Z,2.5844,132.8355,10,4.5,mb,39,146,5.498,0.62,us,us7000i2pb,2022-10-28T02:28:15.040Z,"196 km ESE of Tobi Village, Palau",earthquake,10.23,1.896,0.101,29,reviewed,us,us
2022-08-18T18:20:39.573Z,4.2861,125.8045,102.101,4.5,mb,60,81,2.774,0.87,us,us7000i2ml,2022-10-28T02:28:08.040Z,"Pulau-Pulau Sangihe, Indonesia",earthquake,3.82,6.245,0.077,50,reviewed,us,us
2022-08-18T12:32:29.377Z,-6.7405,129.7153,139.18,4.5,mb,14,127,1.997,0.74,us,us7000i2md,2022-10-28T02:28:06.040Z,"Banda Sea",earthquake,7.25,12.164,0.242,5,reviewed,us,us
2022-08-18T07:46:27.625Z,0.3574,124.3718,173.104,5.5,mww,111,47,2.119,0.6,us,us6000ibtm,2022-10-28T02:26:56.040Z,"Minahasa, Sulawesi, Indonesia",earthquake,7.75,5.362,0.059,28,reviewed,us,us
2022-08-17T16:11:28.460Z,-0.2636,129.7504,10,4.9,mb,63,53,1.631,0.57,us,us6000ibmm,2024-01-18T16:43:54.886Z,"84 km W of Waisai, Indonesia",earthquake,5.96,1.852,0.078,51,reviewed,us,us
2022-08-17T15:55:41.880Z,-0.317,129.6944,19.012,4.5,mb,24,109,1.665,0.77,us,us7000i2li,2022-10-28T02:28:02.040Z,"185 km WNW of Sorong, Indonesia",earthquake,4.15,4.606,0.145,14,reviewed,us,us
2022-08-17T12:56:31.898Z,-7.0024,125.4656,480.972,5.5,mww,169,29,2.981,0.7,us,us6000ibju,2022-10-28T02:26:45.040Z,"171 km N of Metinaro, Timor Leste",earthquake,9.73,4.45,0.063,24,reviewed,us,us
2022-08-17T05:38:18.516Z,-4.9731,102.803,58.212,4.5,mb,40,102,0.627,0.8,us,us6000ibif,2022-10-28T02:26:40.040Z,"115 km SSW of Pagar Alam, Indonesia",earthquake,7.77,5.564,0.105,27,reviewed,us,us
2022-08-16T18:14:10.341Z,-8.1936,127.8271,56.552,4.5,mb,30,46,3.444,0.96,us,us6000ibe6,2022-10-28T02:26:30.040Z,"98 km ENE of Lospalos, Timor Leste",earthquake,3.36,7.961,0.124,20,reviewed,us,us
2022-08-16T16:35:28.165Z,1.7313,126.2283,13.261,4.6,mb,33,77,1.484,0.5,us,us7000i2bz,2022-10-28T02:27:54.040Z,"142 km E of Laikit, Laikit II (Dimembe), Indonesia",earthquake,10.26,5.239,0.122,22,reviewed,us,us
2022-08-16T15:48:54.414Z,-7.699,129.2703,61.961,4.5,mb,18,111,2.029,0.81,us,us7000i2by,2022-10-28T02:27:53.040Z,"Kepulauan Babar, Indonesia",earthquake,9.25,8.692,0.204,8,reviewed,us,us
2022-08-16T07:02:29.316Z,2.6937,95.6204,24.75,4.6,mb,34,188,2.392,0.53,us,us6000ib8q,2022-10-28T02:26:19.040Z,"87 km WNW of Sinabang, Indonesia",earthquake,9.26,6.293,0.141,15,reviewed,us,us
2022-08-15T17:57:39.816Z,0.8703,126.3915,42.93,4.7,mb,19,85,0.98,0.42,us,us7000i22n,2022-10-28T02:27:48.040Z,"110 km W of Ternate, Indonesia",earthquake,8.03,7.253,0.183,9,reviewed,us,us
2022-08-15T16:35:12.292Z,0.1257,96.586,10,4.9,mb,63,35,1.532,0.87,us,us6000ib44,2022-10-28T02:26:10.040Z,"Nias region, Indonesia",earthquake,6.76,1.082,0.074,58,reviewed,us,us
2022-08-15T15:07:26.248Z,1.7941,126.3844,39.693,4.7,mb,66,82,1.413,0.65,us,us6000ib2g,2022-10-28T02:26:09.040Z,"157 km NW of Ternate, Indonesia",earthquake,6.02,5.937,0.067,67,reviewed,us,us
2022-08-15T13:12:47.294Z,5.8963,137.0488,10,4.5,mb,20,122,9.983,0.37,us,us7000i22h,2024-01-18T16:43:38.460Z,"Palau region",earthquake,8.61,1.885,0.156,14,reviewed,us,us
2022-08-15T11:10:05.682Z,-5.707,110.3692,552.772,4.8,mb,97,26,1.335,0.59,us,us6000iaz4,2022-10-28T02:26:07.040Z,"93 km NNW of Batang, Indonesia",earthquake,9.52,6.388,0.048,134,reviewed,us,us
2022-08-15T04:34:48.816Z,2.4926,128.2388,153.973,4.6,mb,65,104,1.919,0.6,us,us6000iaxa,2022-10-28T02:26:03.040Z,"88 km NNE of Tobelo, Indonesia",earthquake,7.43,4.785,0.068,64,reviewed,us,us
2022-08-15T02:01:38.052Z,-3.311,100.7772,38.021,4.8,mb,66,134,2.411,0.67,us,us6000iawk,2022-10-28T02:26:02.040Z,"154 km SSW of Sungai Penuh, Indonesia",earthquake,5.98,5.764,0.079,49,reviewed,us,us
2022-08-14T13:04:36.750Z,4.3848,126.3899,66.457,4.7,mb,77,49,2.787,0.66,us,us6000iasb,2022-10-28T02:25:54.040Z,"152 km SE of Sarangani, Philippines",earthquake,7.53,5.906,0.072,61,reviewed,us,us
2022-08-14T03:17:55.261Z,1.9578,126.5123,47.448,4.5,mb,17,175,1.455,0.88,us,us7000i20t,2022-10-28T02:27:39.040Z,"161 km NW of Ternate, Indonesia",earthquake,10.53,3.384,0.18,11,reviewed,us,us
2022-08-14T02:47:46.891Z,1.7974,126.3859,30,5.7,mww,116,32,1.414,1.02,us,us6000iamw,2022-10-28T02:25:47.040Z,"157 km NW of Ternate, Indonesia",earthquake,6.05,1.765,0.062,25,reviewed,us,us
2022-08-12T04:03:18.189Z,-6.598,127.9587,370.929,4.5,mb,23,70,3.587,0.71,us,us6000ics7,2022-10-21T23:20:49.040Z,"237 km NNE of Lospalos, Timor Leste",earthquake,9.03,9.324,0.205,7,reviewed,us,us
2022-08-12T03:13:01.987Z,-1.9584,137.3046,35.541,4.6,mb,37,120,5.141,1.01,us,us6000ia3g,2024-01-18T16:43:17.091Z,"161 km ESE of Biak, Indonesia",earthquake,9.36,5.243,0.092,38,reviewed,us,us
2022-08-10T10:07:48.119Z,-2.9683,138.3862,37.475,4.5,mb,19,127,6.129,0.97,us,us6000ic4l,2022-10-21T23:20:07.040Z,"253 km W of Abepura, Indonesia",earthquake,9.28,8.511,0.156,13,reviewed,us,us
2022-08-09T16:28:53.481Z,-10.4484,116.4799,21.334,4.5,mb,38,98,2.056,0.93,us,us6000ibw2,2022-10-21T23:19:48.040Z,"194 km S of Praya, Indonesia",earthquake,7.91,6.385,0.124,19,reviewed,us,us
2022-08-09T13:04:40.594Z,-8.301,117.1131,11.134,4.8,mb,21,66,0.839,0.61,us,us7000i7sa,2022-10-21T23:19:44.040Z,"39 km WNW of Sumbawa Besar, Indonesia",earthquake,5.36,1.52,0.154,16,reviewed,us,us
2022-08-09T12:59:40.550Z,-6.7235,129.9544,149,5.6,mww,102,30,1.828,0.6,us,us6000i9cd,2022-10-21T23:19:44.040Z,"Banda Sea",earthquake,3.21,1.928,0.04,59,reviewed,us,us
2022-08-09T06:36:07.940Z,-8.3276,117.1056,10,4.6,mb,41,50,0.829,0.62,us,us6000i9ap,2024-01-18T16:42:56.639Z,"39 km WNW of Sumbawa Besar, Indonesia",earthquake,6.41,1.853,0.102,29,reviewed,us,us
2022-08-09T04:41:10.213Z,-1.9832,100.2649,35,4.7,mb,56,64,2.421,0.67,us,us6000i9a8,2022-10-21T23:19:32.040Z,"114 km S of Padang, Indonesia",earthquake,6.37,1.832,0.104,28,reviewed,us,us
2022-08-08T23:15:04.692Z,-6.5499,104.1423,35,4.7,mb,55,39,2.475,0.84,us,us6000i97s,2022-10-21T23:19:25.040Z,"175 km SW of Bandar Lampung, Indonesia",earthquake,5.06,1.875,0.089,39,reviewed,us,us
2022-08-08T20:00:44.130Z,-0.809,99.7163,70.495,4.5,mb,27,130,1.739,0.62,us,us6000ibm0,2022-10-21T23:19:19.040Z,"49 km WSW of Pariaman, Indonesia",earthquake,9.47,4.763,0.15,13,reviewed,us,us
2022-08-08T10:18:41.920Z,-6.2972,130.1656,155.096,4.5,mb,38,69,2.017,0.71,us,us6000i91l,2022-10-21T23:19:11.040Z,"295 km WSW of Tual, Indonesia",earthquake,8.07,6.952,0.121,20,reviewed,us,us
2022-08-07T02:28:25.440Z,-4.3081,102.1657,52.321,4.9,mb,65,70,0.79,0.6,us,us6000i8st,2026-08-26T00:45:27.301Z,"57 km S of Bengkulu, Indonesia",earthquake,6.28,5.555,0.082,49,reviewed,us,us
2022-08-06T02:38:44.809Z,-4.5014,138.3543,10,4.8,mb,45,69,6.292,1.15,us,us6000i8km,2022-10-21T23:18:19.040Z,"Papua, Indonesia",earthquake,11,1.817,0.083,47,reviewed,us,us
2022-08-05T21:44:16.013Z,-6.1925,133.3257,10,4.6,mb,42,103,2.685,0.42,us,us6000i8j1,2022-10-12T14:51:00.040Z,"Kepulauan Aru region, Indonesia",earthquake,2.98,1.878,0.105,27,reviewed,us,us
2022-08-05T19:15:35.671Z,-7.5432,126.7669,10,4.5,mb,46,65,4.512,0.96,us,us6000i8hu,2022-10-12T14:50:57.040Z,"108 km NNE of Baukau, Timor Leste",earthquake,8.34,1.806,0.101,33,reviewed,us,us
2022-08-05T11:57:48.008Z,-6.4521,129.8673,142.137,4.5,mb,35,91,2.081,0.51,us,us6000i8d9,2022-10-12T14:50:53.040Z,"Banda Sea",earthquake,7.79,4.802,0.107,26,reviewed,us,us
2022-08-05T09:23:09.522Z,-7.7031,104.8884,10,4.9,mb,77,53,2.748,0.39,us,us6000i8bg,2022-10-12T14:50:50.040Z,"179 km SW of Labuan, Indonesia",earthquake,6.48,1.838,0.07,64,reviewed,us,us
2022-08-04T17:39:31.516Z,-1.0555,97.3562,10,4.9,mb,103,52,2.354,0.7,us,us6000i83c,2022-10-12T14:50:38.040Z,"southwest of Sumatra, Indonesia",earthquake,4.77,1.81,0.059,93,reviewed,us,us
2022-08-03T09:39:58.663Z,0.2913,122.027,187.04,4.6,mb,58,55,1.488,0.73,us,us6000i7q4,2022-10-12T14:50:12.040Z,"118 km WSW of Gorontalo, Indonesia",earthquake,7.83,6.471,0.086,40,reviewed,us,us
2022-08-03T07:51:54.888Z,-9.0299,124.2016,70.561,4.9,mb,76,39,0.724,1,us,us6000i7ph,2022-10-12T14:50:11.040Z,"27 km NW of Pante Makasar, Timor Leste",earthquake,7.55,5.764,0.067,71,reviewed,us,us
2022-08-02T13:14:38.939Z,-7.0778,107.5539,133.358,4.5,mb,46,76,0.394,0.61,us,us6000i7g1,2022-10-12T14:49:55.040Z,"5 km SW of Banjaran, Indonesia",earthquake,7.65,3.245,0.115,25,reviewed,us,us
2022-08-02T11:23:53.821Z,-7.7208,128.2165,10,4.5,mb,20,77,3.065,0.45,us,us6000ia7e,2022-10-12T14:51:24.040Z,"160 km ENE of Lospalos, Timor Leste",earthquake,8.49,1.9,0.18,10,reviewed,us,us
2022-08-02T10:19:29.673Z,1.6942,99.5329,182.797,4.5,mb,102,60,1.165,0.57,us,us6000i7ev,2022-10-12T14:49:52.040Z,"45 km NE of Padangsidempuan, Indonesia",earthquake,6.03,5.961,0.063,76,reviewed,us,us
2022-08-01T21:17:11.128Z,1.4936,98.9049,111.125,4.6,mb,62,60,1.192,0.55,us,us6000i7ag,2022-10-12T14:49:41.040Z,"30 km SSE of Sibolga, Indonesia",earthquake,5.37,3.995,0.072,57,reviewed,us,us
2022-07-31T13:36:44.361Z,-6.6984,129.952,146.872,4.8,mb,53,37,1.847,0.58,us,us6000i6yx,2022-10-12T14:49:13.040Z,"Banda Sea",earthquake,6.9,5.984,0.1,35,reviewed,us,us
2022-07-31T03:03:15.061Z,4.2739,95.7593,74.145,5.1,mb,105,52,1.517,0.72,us,us6000i6vy,2022-10-12T14:49:02.040Z,"43 km WNW of Meulaboh, Indonesia",earthquake,7.48,4.349,0.047,144,reviewed,us,us
2022-07-30T05:49:40.354Z,-6.1907,128.598,329.055,4.5,mb,57,75,3.218,0.5,us,us6000i6qm,2022-10-12T14:48:44.040Z,"279 km S of Ambon, Indonesia",earthquake,6.51,8.232,0.085,40,reviewed,us,us
2022-07-29T20:26:28.533Z,-2.4009,122.6693,10,4.5,mb,46,48,3.901,0.9,us,us6000i6n0,2022-10-01T22:09:31.040Z,"160 km S of Luwuk, Indonesia",earthquake,6.68,1.882,0.108,25,reviewed,us,us
2022-07-29T16:31:15.162Z,-2.3978,122.7069,10,4.9,mb,42,37,3.931,1.22,us,us6000i6jy,2022-10-01T22:09:30.040Z,"160 km S of Luwuk, Indonesia",earthquake,7.16,1.867,0.091,42,reviewed,us,us
2022-07-29T13:20:05.052Z,0.3985,126.4193,43.552,4.6,mb,35,94,1.017,0.7,us,us6000i943,2022-10-01T22:09:39.040Z,"115 km WSW of Ternate, Indonesia",earthquake,4.19,8.019,0.125,21,reviewed,us,us
2022-07-28T19:28:17.057Z,-6.8553,129.286,168.046,4.5,mb,13,111,2.289,0.64,us,us6000i8gj,2022-10-01T22:09:38.040Z,"Banda Sea",earthquake,9.79,17.582,0.242,7,reviewed,us,us
2022-07-28T01:14:26.189Z,-0.0178,125.6688,49.127,4.7,mb,21,120,1.87,0.85,us,us6000i8fz,2022-10-01T22:09:37.040Z,"168 km SSE of Tondano, Indonesia",earthquake,5.88,9.442,0.158,12,reviewed,us,us
2022-07-27T16:47:03.703Z,0.4342,126.3982,49.556,4.7,mb,67,37,1.025,0.67,us,us6000i5yf,2022-10-01T22:09:24.040Z,"116 km WSW of Ternate, Indonesia",earthquake,6.3,6.407,0.063,77,reviewed,us,us
2022-07-26T04:19:37.107Z,2.842,126.7378,53.099,4.6,mb,57,103,2.15,0.77,us,us7000htgy,2022-10-01T22:09:52.040Z,"Molucca Sea",earthquake,6.79,7.171,0.098,31,reviewed,us,us
2022-07-24T12:43:06.009Z,-7.671,122.3684,10,4.5,mb,50,71,0.967,0.53,us,us7000ht4r,2022-10-01T22:09:47.040Z,"106 km N of Maumere, Indonesia",earthquake,6.32,1.865,0.093,34,reviewed,us,us
2022-07-24T06:46:38.903Z,0.4649,126.2882,10.83,5.3,mww,137,26,1.121,0.41,us,us7000ht2x,2022-10-01T22:09:47.040Z,"127 km WSW of Ternate, Indonesia",earthquake,3.24,4.074,0.071,19,reviewed,us,us
2022-07-23T07:35:44.890Z,-7.5885,122.3837,10,5.4,mww,144,39,1.05,0.61,us,us7000hswx,2022-10-01T22:09:44.040Z,"115 km N of Maumere, Indonesia",earthquake,3.83,1.826,0.071,19,reviewed,us,us
2022-07-23T06:45:03.072Z,-7.584,122.3242,10,4.7,mb,30,115,1.048,0.41,us,us7000hswr,2022-10-01T22:09:44.040Z,"115 km N of Maumere, Indonesia",earthquake,6.98,1.886,0.12,21,reviewed,us,us
2022-07-23T06:34:26.914Z,-7.5851,122.3931,10,4.5,mb,16,136,1.055,0.33,us,us7000hswm,2024-01-18T16:41:08.003Z,"116 km N of Maumere, Indonesia",earthquake,5.76,1.919,0.18,9,reviewed,us,us
2022-07-23T06:09:15.535Z,-7.5962,122.4103,10,5.4,mww,101,59,1.047,0.61,us,us7000hswf,2022-10-01T22:09:44.040Z,"115 km N of Maumere, Indonesia",earthquake,5.18,1.766,0.073,18,reviewed,us,us
2022-07-21T21:41:04.655Z,0.291,98.3067,35,4.9,mb,92,35,1.243,0.88,us,us7000hsiu,2022-09-27T16:57:13.040Z,"161 km SW of Padangsidempuan, Indonesia",earthquake,6.8,1.9,0.053,113,reviewed,us,us
2022-07-21T16:38:45.814Z,4.8884,126.4244,96.632,4.6,mb,69,104,2.324,0.69,us,us6000i6ja,2022-09-27T16:57:06.040Z,"120 km ESE of Sarangani, Philippines",earthquake,7.47,6.508,0.08,49,reviewed,us,us
2022-07-21T14:32:29.037Z,-2.7021,128.5737,10,4.9,mww,91,60,3.656,0.83,us,us7000hsea,2022-09-27T16:57:12.040Z,"80 km NNW of Amahai, Indonesia",earthquake,6.66,1.848,0.086,13,reviewed,us,us
2022-07-20T05:31:35.601Z,-0.1477,122.8355,92.814,4.6,mb,65,35,0.89,1.05,us,us7000hs1j,2022-09-27T16:57:09.040Z,"79 km SSW of Gorontalo, Indonesia",earthquake,5.28,5.134,0.068,64,reviewed,us,us
2022-07-20T05:18:41.898Z,5.7596,126.8398,129.259,4.8,mb,87,108,1.807,0.76,us,us7000hs1f,2022-09-27T16:57:09.040Z,"98 km SE of Pondaguitan, Philippines",earthquake,7.47,2.014,0.047,143,reviewed,us,us
2022-07-19T23:46:50.701Z,-4.1438,102.1383,52,5.3,mww,161,26,0.843,0.69,us,us7000hrxy,2022-09-27T16:57:08.040Z,"southern Sumatra, Indonesia",earthquake,7.34,1.873,0.098,10,reviewed,us,us
2022-07-19T13:40:26.791Z,-4.4779,134.5625,10,4.9,mb,56,42,2.779,0.55,us,us6000i3mi,2022-09-27T16:57:02.040Z,"161 km SW of Nabire, Indonesia",earthquake,5.4,1.9,0.076,58,reviewed,us,us
2022-07-18T02:54:22.015Z,-4.9894,129.5866,10,4.8,mb,56,75,3.359,0.62,us,us6000i3ck,2022-09-27T16:56:58.040Z,"196 km SSE of Amahai, Indonesia",earthquake,4.3,1.88,0.084,44,reviewed,us,us
2022-07-17T12:58:36.202Z,-0.0306,123.0885,112.11,5.2,mww,103,25,1.053,0.81,us,us6000i38n,2022-09-27T16:56:57.040Z,"62 km S of Gorontalo, Indonesia",earthquake,5.1,4.6,0.057,30,reviewed,us,us
2022-07-17T12:20:15.559Z,-5.3504,103.1414,44.33,4.5,mb,25,97,1,0.51,us,us7000htjz,2022-09-27T16:57:18.040Z,"147 km S of Pagar Alam, Indonesia",earthquake,8.2,4.2,0.15,13,reviewed,us,us
2022-07-17T09:13:03.363Z,-9.2537,110.8097,37.06,5.1,mb,81,58,1.362,0.47,us,us6000i37a,2022-09-27T16:56:56.040Z,"152 km SSE of Pundong, Indonesia",earthquake,5.4,5.8,0.072,62,reviewed,us,us
2022-07-16T15:05:16.482Z,-8.0051,107.843,64.42,4.5,mb,35,57,0.571,1,us,us6000i31w,2022-09-27T16:56:53.040Z,"Java, Indonesia",earthquake,7.1,6,0.104,27,reviewed,us,us
2022-07-16T13:43:09.244Z,-6.9415,129.3262,197.302,4.7,mb,37,49,2.213,0.6,us,us6000i31j,2022-09-27T16:56:53.040Z,"Banda Sea",earthquake,8.19,5.094,0.11,25,reviewed,us,us
2022-07-16T02:43:27.085Z,-0.9868,126.8799,10,4.5,mb,20,89,1.813,1.21,us,us7000htcd,2022-09-27T16:57:16.040Z,"204 km SSW of Ternate, Indonesia",earthquake,4.1,1.9,0.204,8,reviewed,us,us
2022-07-16T01:08:24.171Z,-5.9407,128.4044,368.74,4.5,mb,15,100,3.517,0.46,us,us7000htca,2022-09-27T16:57:16.040Z,"249 km S of Ambon, Indonesia",earthquake,7.9,11.4,0.272,5,reviewed,us,us
2022-07-14T13:55:41.057Z,3.08,127.1646,36.017,4.7,mb,50,82,2.302,1.03,us,us6000i2dy,2022-09-24T21:25:39.040Z,"176 km NNW of Tobelo, Indonesia",earthquake,8.17,6.815,0.07,61,reviewed,us,us
2022-07-14T12:36:43.291Z,3.0437,127.1552,46.798,4.5,mb,45,107,2.267,0.94,us,us6000i2dd,2022-09-24T21:25:39.040Z,"173 km NNW of Tobelo, Indonesia",earthquake,8.82,7.263,0.091,35,reviewed,us,us
2022-07-14T12:08:19.444Z,3.1004,127.1621,35.565,5,mb,86,41,2.322,0.88,us,us6000i2d7,2022-09-24T21:25:40.040Z,"178 km NNW of Tobelo, Indonesia",earthquake,5.36,5.403,0.048,139,reviewed,us,us
2022-07-14T04:58:11.501Z,1.3193,126.9273,95.695,4.6,mb,13,117,0.699,0.45,us,us7000hsp0,2022-09-24T21:25:41.040Z,"77 km NW of Ternate, Indonesia",earthquake,9.42,5.667,0.193,8,reviewed,us,us
2022-07-14T02:58:49.570Z,-0.0199,124.3389,78.452,4.9,mww,79,37,3.128,0.63,us,us6000i2af,2022-09-24T21:25:41.040Z,"154 km ESE of Gorontalo, Indonesia",earthquake,7.73,5.586,0.098,10,reviewed,us,us
2022-07-12T20:41:24.596Z,3.0359,127.1272,58.139,4.5,mb,50,103,2.262,0.81,us,us7000hs4q,2024-01-18T16:40:08.685Z,"174 km NW of Tobelo, Indonesia",earthquake,5.1,7.317,0.087,39,reviewed,us,us
2022-07-12T17:23:25.068Z,1.6584,126.5086,35.924,4.6,mb,82,36,1.229,0.79,us,us6000i1vn,2022-09-24T21:25:50.040Z,"136 km NW of Ternate, Indonesia",earthquake,6.78,6.022,0.069,70,reviewed,us,us
2022-07-12T13:06:51.317Z,-6.892,129.4527,154.08,4.6,mb,17,85,2.127,0.53,us,us7000hs4j,2022-09-24T21:25:51.040Z,"Banda Sea",earthquake,10,1.6,0.182,9,reviewed,us,us
2022-07-12T06:44:23.577Z,3.1621,127.1927,46.1,4.7,mb,80,80,2.38,0.63,us,us6000i1ri,2022-09-24T21:25:52.040Z,"Pulau-Pulau Talaud, Indonesia",earthquake,7.5,6.7,0.061,81,reviewed,us,us
2022-07-12T04:54:31.034Z,3.0813,127.1502,35,4.9,mb,69,59,2.304,0.83,us,us6000i1r7,2022-09-24T21:25:52.040Z,"177 km NNW of Tobelo, Indonesia",earthquake,2.55,1.845,0.06,87,reviewed,us,us
2022-07-12T02:52:08.931Z,-5.9998,104.3005,51.01,5,mb,63,57,2.108,0.59,us,us6000i1qa,2023-03-25T00:04:55.719Z,"123 km WSW of Bandar Lampung, Indonesia",earthquake,3.7,5.8,0.063,80,reviewed,us,us
2022-07-11T20:37:57.702Z,-0.2502,123.0551,79.54,4.5,mb,45,59,0.835,1.09,us,us6000i1mg,2022-09-24T21:25:55.040Z,"83 km NNE of Luwuk, Indonesia",earthquake,7.9,7.4,0.098,31,reviewed,us,us
2022-07-11T04:43:32.333Z,-9.4413,112.978,56.13,4.6,mb,46,110,1.508,0.71,us,us6000i1ia,2022-09-24T21:25:58.040Z,"135 km SSW of Kencong, Indonesia",earthquake,8.6,7,0.102,29,reviewed,us,us
2022-07-11T03:46:19.515Z,-9.41,112.9832,58.95,4.6,mb,39,118,1.485,0.62,us,us6000i1i6,2022-09-24T21:25:58.040Z,"131 km SSW of Kencong, Indonesia",earthquake,5.4,8.5,0.105,27,reviewed,us,us
2022-07-11T03:05:26.644Z,-9.531,112.8824,41.411,4.5,mb,26,148,1.638,0.63,us,us6000i1hz,2022-09-24T21:25:58.040Z,"146 km S of Dampit, Indonesia",earthquake,11.27,7.171,0.128,18,reviewed,us,us
2022-07-10T07:49:43.282Z,-6.1524,122.9868,9.475,4.8,mb,61,46,2.577,0.55,us,us6000i1cp,2022-09-24T21:26:03.040Z,"Flores Sea",earthquake,6.61,3.942,0.096,41,reviewed,us,us
2022-07-10T01:11:01.712Z,-8.5519,129.9524,10,4.6,mb,16,77,1.447,0.41,us,us6000i3g6,2022-09-24T21:26:04.040Z,"Kepulauan Babar, Indonesia",earthquake,5.5,1.9,0.273,5,reviewed,us,us
2022-07-09T20:40:16.336Z,-9.4791,112.9275,60.075,4.5,mb,44,142,1.571,0.68,us,us6000i1a3,2024-01-18T16:39:49.732Z,"140 km SSW of Kencong, Indonesia",earthquake,6.85,8.224,0.103,28,reviewed,us,us
2022-07-09T15:44:44.473Z,-9.7314,112.952,41.888,4.9,mb,49,67,1.725,0.72,us,us6000i18m,2022-09-24T21:26:06.040Z,"south of Java, Indonesia",earthquake,7.39,7.196,0.084,44,reviewed,us,us
2022-07-09T14:35:04.883Z,-9.5229,112.9112,60.493,4.6,mb,37,45,1.611,0.87,us,us6000i188,2022-09-24T21:26:06.040Z,"145 km SSW of Kencong, Indonesia",earthquake,8.39,7.016,0.101,29,reviewed,us,us
2022-07-09T14:07:07.679Z,-9.49,112.8346,47.788,4.7,mb,39,65,1.649,0.84,us,us6000i184,2022-09-24T21:26:06.040Z,"141 km S of Dampit, Indonesia",earthquake,5.83,7.1,0.088,39,reviewed,us,us
2022-07-09T03:06:04.245Z,-2.8773,138.9288,45.906,5,mb,56,65,6.672,0.66,us,us6000i14j,2022-09-24T21:26:09.040Z,"191 km W of Abepura, Indonesia",earthquake,10.76,5.172,0.054,113,reviewed,us,us
2022-07-09T02:53:46.615Z,-9.3644,112.9398,56.35,5.1,mb,77,38,1.491,0.8,us,us6000i14h,2022-09-24T21:26:09.040Z,"128 km SSW of Kencong, Indonesia",earthquake,7.22,1.027,0.065,80,reviewed,us,us
2022-07-09T01:08:41.505Z,5.5852,126.585,62.182,4.9,mb,65,108,1.782,0.7,us,us6000i13t,2022-09-24T21:26:10.040Z,"96 km SSE of Pondaguitan, Philippines",earthquake,8.49,6.504,0.049,136,reviewed,us,us
2022-07-08T22:50:17.678Z,-9.4455,112.9616,51.27,4.9,mb,81,46,1.524,0.77,us,us6000i11u,2022-09-13T06:25:44.040Z,"south of Java, Indonesia",earthquake,3,6.8,0.067,69,reviewed,us,us
2022-07-08T20:38:42.182Z,-9.9439,113.0943,27.627,4.5,mb,26,131,1.799,1.36,us,us6000i2ph,2022-09-13T06:26:26.040Z,"186 km S of Kencong, Indonesia",earthquake,7.29,6.256,0.156,13,reviewed,us,us
2022-07-08T20:27:08.850Z,-9.4648,112.9197,41.048,5.2,mww,162,27,1.568,0.87,us,us6000i10m,2022-09-13T06:25:39.040Z,"139 km SSW of Kencong, Indonesia",earthquake,6.14,3.808,0.098,10,reviewed,us,us
2022-07-08T19:28:04.004Z,-9.4225,112.9567,56.626,4.8,mb,69,59,1.513,0.77,us,us6000i0zw,2022-09-13T06:25:37.040Z,"133 km SSW of Kencong, Indonesia",earthquake,6.6,6.123,0.075,59,reviewed,us,us
2022-07-06T05:10:17.576Z,-5.1633,101.0026,7.409,5.2,mb,88,41,2.103,0.88,us,us6000i071,2022-09-13T06:22:56.040Z,"205 km SW of Bengkulu, Indonesia",earthquake,7.19,3.583,0.068,70,reviewed,us,us
2022-07-06T01:34:36.411Z,-2.241,100.7961,55.32,4.7,mb,75,60,2.561,0.59,us,us6000i06d,2022-09-13T06:22:54.040Z,"69 km WSW of Sungai Penuh, Indonesia",earthquake,7.3,6,0.078,50,reviewed,us,us
2022-07-05T23:27:08.075Z,0.771,126.8437,30.2,4.9,mb,85,36,0.523,0.59,us,us6000i05i,2022-09-13T06:22:48.040Z,"Molucca Sea",earthquake,7.57,3.857,0.057,97,reviewed,us,us
2022-07-05T15:47:55.165Z,-6.7036,130.3632,78.37,4.5,mb,41,53,1.573,0.27,us,us6000i00r,2022-09-13T06:22:42.040Z,"289 km WSW of Tual, Indonesia",earthquake,6.9,7.2,0.085,44,reviewed,us,us
2022-07-05T14:56:25.779Z,-5.3863,130.9605,64.56,4.6,mb,56,67,2.601,0.65,us,us6000i00c,2022-09-13T06:22:41.040Z,"200 km W of Tual, Indonesia",earthquake,8.5,7.5,0.08,49,reviewed,us,us
2022-07-05T06:44:50.347Z,4.9714,127.2228,114.6,4.6,mb,86,108,2.649,0.5,us,us6000hzxv,2024-01-18T16:39:10.208Z,"192 km SE of Pondaguitan, Philippines",earthquake,8.1,6.1,0.064,73,reviewed,us,us
2022-07-04T21:41:56.826Z,0.5232,126.2021,51.802,4.5,mb,32,51,1.19,0.55,us,us6000i0w7,2022-09-13T06:24:48.040Z,"134 km WSW of Ternate, Indonesia",earthquake,6.6,7.023,0.11,24,reviewed,us,us
2022-07-03T17:55:47.225Z,-7.4809,127.8024,169.19,4.5,mb,52,54,3.5,1.05,us,us6000hzkl,2022-09-13T06:21:37.040Z,"145 km NE of Lospalos, Timor Leste",earthquake,8.1,6.8,0.075,52,reviewed,us,us
2022-07-03T14:51:10.748Z,-8.2032,119.5642,179.26,4.6,mb,70,41,1.873,0.88,us,us6000hzjv,2022-09-13T06:21:34.040Z,"43 km N of Komodo, Indonesia",earthquake,6.4,4.1,0.066,72,reviewed,us,us
2022-07-03T00:11:05.317Z,4.4521,96.473,5.55,4.9,mb,85,56,0.904,0.79,us,us6000hzh9,2022-09-13T06:21:22.040Z,"51 km NE of Meulaboh, Indonesia",earthquake,4.5,4.2,0.072,63,reviewed,us,us
2022-07-02T23:49:12.457Z,0.9953,126.0371,21.222,5.3,mww,190,42,1.348,0.71,us,us6000hzgi,2022-09-13T06:21:15.040Z,"129 km ESE of Tondano, Indonesia",earthquake,6.33,3.838,0.083,14,reviewed,us,us
2022-07-02T19:05:25.824Z,-7.9554,116.822,9.04,4.5,mb,17,88,1.282,0.6,us,us6000i0ki,2022-09-13T06:23:42.040Z,"62 km NNE of Labuan Lombok, Indonesia",earthquake,5.79,3.457,0.181,9,reviewed,us,us
2022-07-01T12:56:38.997Z,2.765,128.9386,26.88,4.8,mb,71,116,2.527,0.26,us,us6000hz3h,2022-09-03T21:03:25.040Z,"154 km NE of Tobelo, Indonesia",earthquake,8.4,2.8,0.053,112,reviewed,us,us
2022-06-30T18:03:51.596Z,4.2346,127.7499,135.28,4.5,mb,66,114,3.46,0.61,us,us6000hyw7,2022-09-03T21:03:23.040Z,"278 km N of Tobelo, Indonesia",earthquake,9.3,7.5,0.075,52,reviewed,us,us
2022-06-30T17:40:12.290Z,-7.9825,128.6932,35,4.7,mb,37,56,2.58,0.81,us,us6000hyw3,2022-09-03T21:03:22.040Z,"196 km ENE of Lospalos, Timor Leste",earthquake,5.9,1.9,0.085,42,reviewed,us,us
2022-06-30T08:57:44.429Z,1.3876,125.9681,91.49,4.5,mb,35,140,1.526,0.47,us,us6000hyr9,2022-09-03T21:03:20.040Z,"111 km E of Laikit, Laikit II (Dimembe), Indonesia",earthquake,6.5,8.2,0.113,24,reviewed,us,us
2022-06-29T03:43:40.868Z,-2.7851,129.5211,10,4.5,mb,22,72,2.581,0.68,us,us6000hzsn,2022-09-03T21:03:28.040Z,"Seram, Indonesia",earthquake,4.3,1.9,0.172,10,reviewed,us,us
2022-06-29T00:41:33.994Z,0.7837,124.8766,43.93,4.9,mb,37,62,2.489,0.66,us,us7000hkzw,2022-09-03T21:03:47.040Z,"Minahasa, Sulawesi, Indonesia",earthquake,3.1,7.6,0.104,29,reviewed,us,us
2022-06-28T15:52:13.188Z,-9.1986,123.6014,102.45,5,mb,85,40,1.459,0.71,us,us7000hkva,2022-09-03T21:03:46.040Z,"47 km NNW of Naisano Dua, Indonesia",earthquake,7.6,5.7,0.059,94,reviewed,us,us
2022-06-28T15:16:28.648Z,-2.8609,129.5096,10,4.7,mb,39,58,2.736,0.83,us,us7000hkv0,2022-09-03T21:03:46.040Z,"84 km NE of Amahai, Indonesia",earthquake,3.4,1.9,0.089,40,reviewed,us,us
2022-06-24T18:56:34.197Z,-1.8368,100.4097,50.54,5.1,mb,142,51,2.238,0.88,us,us7000hk0k,2022-08-28T03:21:12.040Z,"98 km S of Padang, Indonesia",earthquake,7,4.9,0.047,150,reviewed,us,us
2022-06-24T13:41:54.970Z,4.6305,125.898,166.76,4.5,mb,74,76,2.443,0.58,us,us7000hjwp,2022-08-28T03:21:06.040Z,"Pulau-Pulau Sangihe, Indonesia",earthquake,8.8,6.8,0.047,131,reviewed,us,us
2022-06-23T22:23:50.624Z,-2.8496,130.1134,10,4.5,mb,12,69,2.133,0.44,us,us7000hkwm,2022-08-28T03:20:45.040Z,"143 km ENE of Amahai, Indonesia",earthquake,6.3,1.6,0.243,5,reviewed,us,us
2022-06-23T17:13:09.229Z,-2.8954,130.0212,10,4.5,mb,21,70,2.225,0.78,us,us7000hkwe,2022-08-28T03:20:38.040Z,"131 km ENE of Amahai, Indonesia",earthquake,6.2,1.9,0.181,9,reviewed,us,us
2022-06-23T14:58:56.221Z,-6.354,130.1561,152.43,4.9,mb,55,53,1.975,0.73,us,us7000hjm6,2022-08-28T03:20:34.040Z,"298 km WSW of Tual, Indonesia",earthquake,3.4,7.1,0.063,78,reviewed,us,us
2022-06-23T01:36:45.425Z,2.6381,128.7539,39.15,4.5,mb,54,114,2.315,0.56,us,us7000hjg8,2022-08-28T03:20:20.040Z,"130 km NE of Tobelo, Indonesia",earthquake,8.3,7.3,0.094,33,reviewed,us,us
2022-06-22T15:34:13.095Z,-7.5385,127.8496,163.51,4.5,mb,45,50,3.446,0.93,us,us7000hjb3,2022-08-28T03:20:15.040Z,"143 km NE of Lospalos, Timor Leste",earthquake,8.3,7.8,0.09,36,reviewed,us,us
2022-06-22T06:49:14.006Z,2.6438,128.7591,52.11,4.8,mb,50,81,2.322,0.83,us,us7000hj8t,2022-08-28T03:20:06.040Z,"131 km NE of Tobelo, Indonesia",earthquake,8.3,6.5,0.061,82,reviewed,us,us
2022-06-22T06:48:07.428Z,2.0718,96.4335,10,4.9,mb,49,97,1.372,0.5,us,us7000hj8s,2022-08-28T03:20:05.040Z,"45 km S of Sinabang, Indonesia",earthquake,7.6,1.9,0.091,38,reviewed,us,us
2022-06-22T05:01:19.152Z,-7.3221,120.4333,499.8,5.6,mww,129,40,2.212,0.95,us,us7000hj75,2022-08-28T03:20:03.040Z,"142 km N of Ruteng, Indonesia",earthquake,7.7,3.5,0.059,28,reviewed,us,us
2022-06-21T20:45:29.564Z,-7.6517,128.087,143.321,4.5,mb,14,144,3.199,0.72,us,us7000hjza,2022-08-28T03:19:50.040Z,"153 km NE of Lospalos, Timor Leste",earthquake,7.46,16.767,0.221,6,reviewed,us,us
2022-06-21T19:08:15.930Z,2.0127,96.4059,10,5,mww,136,43,1.365,0.75,us,us7000hj2w,2022-08-28T03:19:48.040Z,"Simeulue, Indonesia",earthquake,6.51,1.741,0.083,14,reviewed,us,us
2022-06-21T07:16:51.747Z,-6.4664,130.5767,88.05,4.6,mb,28,64,1.668,0.89,us,us7000hjyq,2022-08-28T03:19:34.040Z,"258 km WSW of Tual, Indonesia",earthquake,4.3,8.1,0.146,14,reviewed,us,us
2022-06-21T01:54:13.680Z,1.97,126.8761,42.2,4.6,mb,61,94,1.287,0.7,us,us7000hivx,2022-08-28T03:19:29.040Z,"128 km WNW of Tobelo, Indonesia",earthquake,9.4,7,0.083,43,reviewed,us,us
2022-06-20T05:39:12.368Z,2.5709,128.278,162.57,4.6,mb,115,93,2.005,0.43,us,us7000hing,2022-08-28T03:19:10.040Z,"97 km NNE of Tobelo, Indonesia",earthquake,8.4,5.7,0.048,127,reviewed,us,us
2022-06-20T05:01:39.694Z,2.2873,96.376,34.92,4.6,mb,68,177,1.546,0.37,us,us7000hin8,2022-08-28T03:19:08.040Z,"Simeulue, Indonesia",earthquake,5.6,5.3,0.078,51,reviewed,us,us
2022-06-18T15:55:01.331Z,-10.9897,115.3475,10,4.5,mb,34,62,2.767,0.76,us,us7000hie4,2022-08-28T03:18:27.040Z,"242 km S of Nusa Dua, Indonesia",earthquake,8.71,1.878,0.104,27,reviewed,us,us
2022-06-18T11:22:18.692Z,-4.9018,103.0305,66.86,5.3,mww,136,46,0.542,0.54,us,us7000hic1,2022-08-28T03:18:23.040Z,"99 km SSW of Pagar Alam, Indonesia",earthquake,7.8,5.4,0.098,10,reviewed,us,us
2022-06-18T02:38:31.475Z,-7.1075,124.706,546.167,4.6,mb,22,71,2.666,0.6,us,us7000hjkq,2022-08-28T03:18:16.040Z,"175 km NNW of Maubara, Timor Leste",earthquake,10.82,7.864,0.172,10,reviewed,us,us
2022-06-17T19:11:56.712Z,-5.5736,128.8508,306.82,4.7,mb,157,24,3.411,0.72,us,us7000hi7q,2022-08-21T00:18:21.040Z,"220 km SSE of Ambon, Indonesia",earthquake,7.3,5.1,0.05,133,reviewed,us,us
2022-06-17T16:45:01.188Z,-7.1744,129.3148,141.55,5,mb,67,55,2.124,0.69,us,us7000hi6l,2022-08-21T00:18:18.040Z,"295 km ENE of Lospalos, Timor Leste",earthquake,7.8,5.7,0.044,165,reviewed,us,us
2022-06-16T09:15:06.280Z,0.0136,123.3297,133.91,4.8,mb,71,47,1.187,0.96,us,us7000hhr8,2022-08-21T00:17:52.040Z,"65 km SSE of Gorontalo, Indonesia",earthquake,6,5.7,0.051,119,reviewed,us,us
2022-06-14T05:23:37.928Z,-7.3158,125.8323,487.13,4.6,mb,43,38,2.875,0.57,us,us7000hh8j,2022-08-21T00:17:02.040Z,"133 km N of Manatutu, Timor Leste",earthquake,11.4,7.9,0.107,26,reviewed,us,us
2022-06-13T15:08:27.135Z,1.4739,128.4233,46.04,4.5,mb,22,95,1.265,0.21,us,us7000hi4l,2022-08-21T00:16:49.040Z,"53 km ESE of Tobelo, Indonesia",earthquake,8.7,9.5,0.151,14,reviewed,us,us
2022-06-13T14:47:02.379Z,-6.2008,130.5857,130.93,4.7,mb,13,106,1.906,0.48,us,us7000hi4k,2022-08-21T00:16:48.040Z,"248 km WSW of Tual, Indonesia",earthquake,10.9,9.7,0.274,6,reviewed,us,us
2022-06-12T22:34:04.175Z,-7.3104,120.1483,562.2,4.8,mb,111,37,2.315,0.79,us,us7000hgzp,2022-08-21T00:16:37.040Z,"134 km NNE of Labuan Bajo, Indonesia",earthquake,8.9,5.4,0.051,117,reviewed,us,us
2022-06-12T18:01:11.125Z,-6.2117,103.836,44.66,4.5,mb,32,132,2.037,1,us,us7000hgyn,2022-08-21T00:16:31.040Z,"179 km WSW of Bandar Lampung, Indonesia",earthquake,8.8,8.2,0.099,30,reviewed,us,us
2022-06-12T17:45:26.319Z,5.2885,95.5874,117.11,4.7,mb,40,158,1.355,0.8,us,us7000hgyj,2022-08-21T00:16:30.040Z,"39 km SE of Banda Aceh, Indonesia",earthquake,9.4,7.5,0.11,25,reviewed,us,us
2022-06-12T13:12:20.450Z,2.5639,127.2297,69.06,4.6,mb,39,50,1.785,0.46,us,us7000hhvu,2022-08-21T00:16:27.040Z,"126 km NW of Tobelo, Indonesia",earthquake,4.4,7.7,0.114,25,reviewed,us,us
2022-06-12T10:20:12.721Z,-8.3576,117.2265,10,4.6,mb,33,68,3.043,0.62,us,us7000hhvq,2022-08-21T00:16:23.040Z,"26 km NW of Sumbawa Besar, Indonesia",earthquake,6.9,1.9,0.122,20,reviewed,us,us
2022-06-12T03:25:26.578Z,-9.8285,119.0955,29.77,4.6,mb,34,42,3.32,1.09,us,us7000hhvj,2022-08-21T00:16:16.040Z,"129 km W of Waingapu, Indonesia",earthquake,8.4,5.2,0.146,16,reviewed,us,us
2022-06-11T23:55:32.018Z,-8.2905,111.4594,108.58,5,mb,166,44,1,0.68,us,us7000hgtm,2022-08-21T00:16:11.040Z,"36 km SW of Trenggalek, Indonesia",earthquake,3.1,4.7,0.048,141,reviewed,us,us
2022-06-11T09:31:32.923Z,-0.1684,124.9705,63.27,4.5,mb,34,47,2.363,0.39,us,us7000hht2,2022-08-21T00:15:57.040Z,"163 km S of Tondano, Indonesia",earthquake,8,1.4,0.118,22,reviewed,us,us
2022-06-10T12:08:01.796Z,-0.1738,122.8943,87.38,4.7,mb,72,50,0.87,0.6,us,us7000hgga,2022-08-13T21:51:51.040Z,"80 km SSW of Gorontalo, Indonesia",earthquake,6.6,7.1,0.069,63,reviewed,us,us
2022-06-10T00:12:36.423Z,-2.9751,129.5341,10,4.6,mb,61,49,2.711,0.78,us,us7000hgcd,2022-08-13T21:52:27.040Z,"79 km ENE of Amahai, Indonesia",earthquake,5.9,1.1,0.076,52,reviewed,us,us
2022-06-09T11:33:32.354Z,-9.1928,125.1822,10,4.5,mb,43,42,1.061,0.76,us,us7000hg5q,2022-08-13T21:51:45.040Z,"15 km NNW of Suai, Timor Leste",earthquake,6.2,0.7,0.124,22,reviewed,us,us
2022-06-09T06:35:11.009Z,-3.1302,129.7446,18.915,4.5,mb,35,83,2.51,0.6,us,us7000hhbx,2022-08-13T21:52:07.040Z,"94 km ENE of Amahai, Indonesia",earthquake,2.86,4.65,0.113,26,reviewed,us,us
2022-06-09T04:17:29.450Z,-6.4962,130.3115,98.16,4.7,mb,31,78,1.772,0.61,us,us7000hg49,2022-08-13T21:53:17.040Z,"286 km WSW of Tual, Indonesia",earthquake,8.1,2.7,0.123,20,reviewed,us,us
2022-06-08T12:47:59.296Z,-2.7602,118.5321,10,4.5,mb,30,101,2.311,0.82,us,us7000hhag,2022-08-13T21:51:56.040Z,"40 km WSW of Mamuju, Indonesia",earthquake,5.4,1.9,0.121,20,reviewed,us,us
2022-06-08T09:24:46.812Z,-8.1651,118.6713,177.27,4.5,mb,24,80,3.309,1.08,us,us7000hfw2,2022-08-13T21:51:42.040Z,"33 km N of Bima, Indonesia",earthquake,8.4,6.6,0.15,13,reviewed,us,us
2022-06-08T05:32:37.927Z,-2.7693,118.5386,23.58,5.8,mww,127,25,2.321,0.85,us,us7000hfu0,2022-08-13T21:52:24.040Z,"39 km WSW of Mamuju, Indonesia",earthquake,5.9,3.1,0.063,24,reviewed,us,us
2022-06-07T13:24:13.974Z,0.1487,123.6638,131.78,5.6,mww,123,22,1.481,0.77,us,us7000hfjt,2022-08-13T21:52:42.040Z,"79 km ESE of Gorontalo, Indonesia",earthquake,6.3,3.9,0.038,65,reviewed,us,us
2022-06-07T09:37:17.409Z,-6.4376,129.997,131.25,4.8,mb,43,74,2.006,0.55,us,us7000hfiv,2022-08-13T21:51:38.040Z,"Banda Sea",earthquake,5.3,7.2,0.101,30,reviewed,us,us
2022-06-07T06:03:11.821Z,-8.1791,117.3926,10,4.8,mb,57,42,3.219,0.48,us,us7000hfi9,2022-08-13T21:51:37.040Z,"27 km NNW of Pototano, Indonesia",earthquake,7.4,1.9,0.086,41,reviewed,us,us
2022-06-07T02:13:39.355Z,4.6586,95.0522,69.54,4.5,mb,55,162,1.971,0.69,us,us7000hfhh,2022-08-13T21:52:58.040Z,"102 km SSW of Banda Aceh, Indonesia",earthquake,6.8,7.6,0.094,33,reviewed,us,us
2022-06-06T23:56:45.555Z,-4.6372,133.5985,10,4.5,mb,43,107,2.173,0.57,us,us7000hfgi,2022-08-13T21:52:27.040Z,"144 km NE of Tual, Indonesia",earthquake,8.4,1.9,0.102,28,reviewed,us,us
2022-06-06T19:45:06.132Z,-8.0548,120.2683,200.02,4.5,mb,53,41,2.032,0.83,us,us7000hfeu,2022-08-13T21:52:00.040Z,"64 km NE of Labuan Bajo, Indonesia",earthquake,8.1,1.8,0.093,34,reviewed,us,us
2022-06-06T15:38:05.657Z,-7.5004,129.1713,149.62,4.5,mb,19,50,2.162,0.49,us,us7000hggz,2022-08-13T21:51:52.040Z,"264 km ENE of Lospalos, Timor Leste",earthquake,7.8,9.8,0.204,9,reviewed,us,us
2022-06-06T13:57:06.675Z,-8.0888,119.9603,189.95,4.5,mb,26,110,2.318,0.78,us,us7000hfb6,2022-08-13T21:51:36.040Z,"45 km N of Labuan Bajo, Indonesia",earthquake,9,8.1,0.14,16,reviewed,us,us
2022-06-06T09:26:16.411Z,-2.7444,139.2464,39,4.7,mb,53,54,1.474,1.16,us,us7000hfap,2022-08-13T21:52:57.040Z,"154 km W of Abepura, Indonesia",earthquake,7.56,6.373,0.083,44,reviewed,us,us
2022-06-06T08:29:09.876Z,-2.803,139.2418,23.75,5.2,mb,143,23,1.488,0.39,us,us7000hfaj,2022-08-13T21:52:45.040Z,"156 km W of Abepura, Indonesia",earthquake,6.3,3.8,0.046,154,reviewed,us,us
2022-06-06T03:44:37.252Z,-8.5741,118.3114,129.72,4.8,mb,49,46,3.814,1.04,us,us7000hf9e,2022-08-13T21:52:58.040Z,"17 km WSW of Dompu, Indonesia",earthquake,7.7,6.1,0.099,31,reviewed,us,us
2022-06-06T00:22:57.054Z,-6.0462,130.3079,96.94,4.5,mb,25,61,2.16,0.55,us,us7000hgh4,2022-08-13T21:52:25.040Z,"274 km W of Tual, Indonesia",earthquake,8.6,3.1,0.15,13,reviewed,us,us
2022-06-06T00:14:42.353Z,-2.8423,139.1838,35,4.6,mb,46,126,6.926,0.77,us,us7000hggk,2022-08-13T21:52:10.040Z,"163 km W of Abepura, Indonesia",earthquake,9.8,2,0.093,35,reviewed,us,us
2022-06-04T23:10:29.672Z,-7.9048,104.4863,10,4.5,mb,37,64,2.793,0.74,us,us7000hg7h,2022-08-13T21:52:07.040Z,"224 km SW of Labuan, Indonesia",earthquake,6.8,1.5,0.111,24,reviewed,us,us
2022-06-04T00:55:25.923Z,5.5645,126.7926,10,4.5,mb,9,149,29.88,0.63,us,us7000hg6s,2022-08-13T21:52:11.040Z,"111 km SE of Pondaguitan, Philippines",earthquake,19.71,1.825,0.381,2,reviewed,us,us
2022-06-03T19:59:33.087Z,-7.0258,129.4581,108.23,4.6,mb,105,68,2.057,0.77,us,us7000herc,2022-08-06T22:13:26.040Z,"Kepulauan Babar, Indonesia",earthquake,6.7,5.9,0.057,103,reviewed,us,us
2022-06-03T16:35:10.685Z,-7.5121,127.5597,166.81,4.8,mb,53,52,3.734,0.62,us,us7000hepr,2022-08-06T22:13:26.040Z,"127 km NNE of Lospalos, Timor Leste",earthquake,7.2,7.1,0.093,42,reviewed,us,us
2022-06-03T15:57:03.638Z,5.6361,127.3916,10.362,4.5,mb,30,128,2.296,0.83,us,us7000hfxl,2022-08-06T22:13:31.040Z,"156 km ESE of Pondaguitan, Philippines",earthquake,9.28,4.89,0.131,17,reviewed,us,us
2022-06-03T15:16:35.608Z,5.4793,127.5037,10,4.5,mb,36,119,2.481,0.72,us,us7000hfxi,2022-08-06T22:13:31.040Z,"176 km ESE of Pondaguitan, Philippines",earthquake,8.8,1.9,0.106,26,reviewed,us,us
2022-06-02T19:19:56.032Z,-0.4093,124.2737,60.61,5,mb,100,31,3.308,1.26,us,us7000heg7,2022-08-06T22:13:20.040Z,"170 km SE of Gorontalo, Indonesia",earthquake,7.2,2.5,0.041,189,reviewed,us,us
2022-06-02T17:31:26.745Z,-2.1391,120.4875,10,4.8,mb,65,88,2.948,1.12,us,us7000hefa,2022-08-06T22:13:19.040Z,"87 km SSW of Poso, Indonesia",earthquake,6.6,1.8,0.078,50,reviewed,us,us
2022-06-02T07:11:54.122Z,-4.5835,102.6593,60.75,4.5,mb,43,159,0.369,0.43,us,us7000he9z,2022-08-06T22:13:16.040Z,"89 km SW of Pagar Alam, Indonesia",earthquake,8.3,6.4,0.111,25,reviewed,us,us
2022-06-01T22:55:43.766Z,-1.1333,127.1976,8.02,5,mb,129,50,1.899,0.53,us,us7000he7m,2022-08-06T22:13:14.040Z,"210 km S of Sofifi, Indonesia",earthquake,6.1,4,0.055,108,reviewed,us,us
2022-05-31T13:39:35.513Z,-8.666,123.0604,150.17,4.9,mb,80,66,0.814,0.68,us,us7000hdt7,2022-08-06T22:13:10.040Z,"93 km E of Maumere, Indonesia",earthquake,7.1,6,0.074,60,reviewed,us,us
2022-05-31T07:10:09.517Z,-5.84,104.3485,61.05,5.2,mww,122,42,2.021,1.09,us,us7000hdqr,2024-01-18T16:36:51.700Z,"110 km WSW of Bandar Lampung, Indonesia",earthquake,7.7,4.6,0.093,11,reviewed,us,us
2022-05-31T00:52:05.876Z,-3.6685,131.3329,10,5,mb,87,43,1.179,0.68,us,us7000hdpm,2022-08-06T22:13:08.040Z,"Ceram Sea, Indonesia",earthquake,5.9,1.8,0.051,121,reviewed,us,us
2022-05-30T09:49:44.967Z,1.7204,99.5287,173.51,4.6,mb,55,54,1.14,0.66,us,us7000hdk7,2022-08-06T22:13:06.040Z,"43 km SW of Bandar, Indonesia",earthquake,5,5.1,0.082,44,reviewed,us,us
2022-05-29T21:13:24.762Z,3.9028,126.7607,43.69,4.9,mb,156,80,3.168,0.37,us,us7000hdhk,2022-08-06T22:13:05.040Z,"219 km SE of Sarangani, Philippines",earthquake,5.2,6.3,0.05,125,reviewed,us,us
2022-05-27T22:51:14.762Z,-3.167,139.9018,35,4.6,mb,65,65,1.031,0.61,us,us7000hd6t,2022-08-02T19:51:02.040Z,"102 km SW of Abepura, Indonesia",earthquake,4.16,1.864,0.06,83,reviewed,us,us
2022-05-27T02:36:05.556Z,-8.2572,127.2079,49,6.2,mww,118,19,3.264,1.32,us,us7000hcwg,2022-08-02T19:50:56.040Z,"37 km NE of Lospalos, Timor Leste",earthquake,6.9,1.8,0.075,17,reviewed,us,us
2022-05-26T22:53:05.810Z,-8.4323,128.2986,10,4.5,mb,18,121,4.192,0.55,us,us7000hdv5,2022-08-02T19:51:05.040Z,"143 km E of Lospalos, Timor Leste",earthquake,5.6,1.8,0.191,8,reviewed,us,us
2022-05-26T08:32:54.836Z,-4.3963,134.0509,10,4.5,mb,21,111,2.321,0.52,us,us7000hduj,2022-08-02T19:51:04.040Z,"197 km SW of Nabire, Indonesia",earthquake,11.5,1.9,0.127,18,reviewed,us,us
2022-05-24T21:18:18.614Z,-5.5503,103.8782,54.49,4.9,mb,112,53,1.497,0.67,us,us7000hcal,2023-04-23T07:34:40.722Z,"137 km SW of Kotabumi, Indonesia",earthquake,8.6,5.4,0.062,82,reviewed,us,us
2022-05-23T23:11:45.574Z,3.7223,128.1473,149.94,4.7,mb,80,105,3.032,0.57,us,us7000hc2a,2022-08-02T19:50:46.040Z,"221 km N of Tobelo, Indonesia",earthquake,7.4,6.2,0.068,65,reviewed,us,us
2022-05-23T16:45:39.686Z,1.7199,127.2709,63.78,4.5,mb,69,69,0.946,0.57,us,us7000hbz1,2022-08-02T19:50:44.040Z,"82 km W of Tobelo, Indonesia",earthquake,7.3,6.2,0.066,69,reviewed,us,us
2022-05-23T12:32:00.150Z,-4.7307,102.6334,58.6,4.9,mb,82,41,0.488,0.53,us,us6000hn9z,2022-08-02T19:50:43.040Z,"103 km SW of Pagar Alam, Indonesia",earthquake,5.3,5.7,0.061,86,reviewed,us,us
2022-05-23T05:37:51.144Z,4.2742,127.1542,51.77,4.6,mb,60,107,3.188,0.7,us,us6000hn7n,2022-08-02T19:50:42.040Z,"225 km ESE of Sarangani, Philippines",earthquake,6.2,7.6,0.084,42,reviewed,us,us
2022-05-22T17:38:15.566Z,-0.4777,99.6588,81.85,4.6,mb,49,70,1.595,0.63,us,us6000hn51,2022-08-02T19:50:41.040Z,"53 km WNW of Pariaman, Indonesia",earthquake,4,6.5,0.078,49,reviewed,us,us
2022-05-21T21:28:30.201Z,0.9516,125.404,72.69,4.6,mb,64,61,1.97,1.01,us,us6000hmz6,2022-08-02T19:50:38.040Z,"67 km SE of Tondano, Indonesia",earthquake,7.2,6.8,0.079,47,reviewed,us,us
2022-05-21T08:29:15.282Z,-4.698,102.6699,59.12,4.8,mb,71,90,0.44,0.71,us,us6000hmvl,2022-08-02T19:50:37.040Z,"98 km SW of Pagar Alam, Indonesia",earthquake,7.7,6.4,0.079,49,reviewed,us,us
2022-05-20T12:31:06.120Z,4.3248,126.2774,87.18,4.6,mb,51,56,2.814,0.39,us,us6000hmlc,2022-07-24T02:40:36.040Z,"149 km SE of Sarangani, Philippines",earthquake,4.3,7.4,0.086,41,reviewed,us,us
2022-05-19T15:29:15.118Z,1.7136,126.4084,18.59,5.2,mww,215,31,1.339,0.96,us,us6000hmci,2022-07-24T02:40:22.040Z,"149 km NW of Ternate, Indonesia",earthquake,5.7,3,0.093,11,reviewed,us,us
2022-05-17T21:26:20.144Z,-8.4841,128.2283,10,5,mb,59,58,4.11,1.17,us,us6000hlvk,2022-07-24T02:39:37.040Z,"135 km E of Lospalos, Timor Leste",earthquake,7.4,1.8,0.06,89,reviewed,us,us
2022-05-17T13:17:46.955Z,-6.5759,131.0137,35,4.6,mb,16,141,3.835,0.39,us,us6000hnbp,2022-07-24T02:39:29.040Z,"Pulau Pulau Tanimbar, Indonesia",earthquake,6.5,2,0.193,9,reviewed,us,us
2022-05-17T12:44:26.781Z,-8.5168,128.2645,10,4.5,mb,24,111,4.134,0.31,us,us6000hnbn,2022-07-24T02:39:28.040Z,"139 km E of Lospalos, Timor Leste",earthquake,8.3,1.9,0.145,14,reviewed,us,us
2022-05-17T12:41:06.656Z,-8.4255,128.3344,10,4.9,mb,61,68,4.228,0.4,us,us6000hlrp,2022-07-24T02:39:28.040Z,"147 km E of Lospalos, Timor Leste",earthquake,7.2,1.8,0.061,84,reviewed,us,us
2022-05-17T07:11:29.896Z,-3.5778,140.1923,96.62,4.6,mb,54,100,1.173,0.9,us,us6000hlql,2022-07-24T02:39:24.040Z,"119 km SSW of Abepura, Indonesia",earthquake,8.5,6,0.084,42,reviewed,us,us
2022-05-16T18:58:25.037Z,-5.2399,102.0088,23,5.8,mww,143,31,1.286,0.85,us,us6000hljt,2024-01-18T16:35:41.545Z,"161 km S of Bengkulu, Indonesia",earthquake,7.4,1.8,0.06,27,reviewed,us,us
2022-05-16T11:43:26.050Z,-0.7598,133.2306,33.6,4.9,mb,78,69,2.358,0.51,us,us6000hlg1,2022-07-24T02:39:07.040Z,"93 km W of Manokwari, Indonesia",earthquake,7.9,5.3,0.062,82,reviewed,us,us
2022-05-16T11:22:59.307Z,-7.4815,128.6038,121.4,4.6,mb,38,34,2.716,0.58,us,us6000hlfv,2022-07-24T02:39:06.040Z,"211 km ENE of Lospalos, Timor Leste",earthquake,6.6,6.8,0.116,22,reviewed,us,us
2022-05-16T10:13:47.898Z,0.6246,122.154,95.41,4.9,mb,67,60,1.454,0.98,us,us6000hlfk,2022-07-24T02:39:04.040Z,"101 km W of Gorontalo, Indonesia",earthquake,5.5,2.7,0.078,51,reviewed,us,us
2022-05-14T02:25:21.720Z,-3.0804,139.7286,90.55,5.1,mww,70,40,7.471,0.91,us,us6000hl1d,2022-07-24T02:38:22.040Z,"113 km WSW of Abepura, Indonesia",earthquake,9.7,2.6,0.086,13,reviewed,us,us
2022-05-12T07:22:11.773Z,-0.0355,123.3797,128.76,5.1,mww,122,44,1.169,0.68,us,us6000hki3,2022-07-22T18:30:51.040Z,"72 km SSE of Gorontalo, Indonesia",earthquake,6.6,5.1,0.057,30,reviewed,us,us
2022-05-12T01:59:35.809Z,1.6973,127.3013,67.11,4.5,mb,33,99,0.921,0.51,us,us6000hm1j,2022-07-22T18:30:59.040Z,"78 km W of Tobelo, Indonesia",earthquake,4.8,8.7,0.124,22,reviewed,us,us
2022-05-11T19:12:56.271Z,5.4117,126.0284,138.12,4.6,mb,95,84,1.706,0.82,us,us6000hkf7,2022-07-22T18:30:50.040Z,"62 km E of Sarangani, Philippines",earthquake,8,5.2,0.053,104,reviewed,us,us
2022-05-11T17:27:41.475Z,4.6896,95.0484,58.82,4.9,mww,255,39,4.204,0.64,us,us7000h8nd,2022-07-22T18:31:13.040Z,"99 km SSW of Banda Aceh, Indonesia",earthquake,7.4,4.7,0.098,10,reviewed,us,us
2022-05-11T16:20:09.282Z,3.746,126.6456,20.53,5,mb,97,79,3.04,0.87,us,us7000h8n2,2022-07-22T18:31:13.040Z,"225 km SE of Sarangani, Philippines",earthquake,7.3,4.3,0.055,107,reviewed,us,us
2022-05-11T14:08:47.702Z,-6.4811,130.1454,143.49,5,mww,90,31,1.88,0.47,us,us7000h8ld,2022-07-22T18:31:13.040Z,"Banda Sea",earthquake,7.7,6.4,0.093,11,reviewed,us,us
2022-05-11T11:52:39.056Z,1.3033,124.5322,179.24,4.5,mb,44,78,2.882,0.73,us,us7000h8kk,2022-07-22T18:31:13.040Z,"30 km W of Tomohon, Indonesia",earthquake,8.9,8.5,0.1,32,reviewed,us,us
2022-05-10T08:28:40.291Z,2.9382,128.332,55.97,4.5,mb,40,100,2.358,0.79,us,us6000hlt7,2022-07-22T18:30:58.040Z,"138 km NNE of Tobelo, Indonesia",earthquake,7.3,7.6,0.111,24,reviewed,us,us
2022-05-10T03:43:22.435Z,-5.8751,128.29,347.36,5,mb,98,27,3.647,0.64,us,us7000h88u,2022-07-22T18:31:10.040Z,"241 km S of Ambon, Indonesia",earthquake,8,5.1,0.042,178,reviewed,us,us
2022-05-10T03:21:54.851Z,-3.9011,135.9913,10,4.7,mb,27,115,3.861,0.64,us,us6000hlsw,2022-07-22T18:30:57.040Z,"80 km SE of Nabire, Indonesia",earthquake,4.9,1.9,0.142,15,reviewed,us,us
2022-05-09T20:54:11.298Z,0.5985,122.1405,98.32,4.6,mb,83,41,1.45,0.96,us,us7000h86l,2022-07-22T18:31:09.040Z,"102 km W of Gorontalo, Indonesia",earthquake,6.7,5.3,0.069,63,reviewed,us,us
2022-05-09T11:34:56.854Z,-6.1014,130.3403,113.3,4.5,mb,23,51,2.097,0.47,us,us6000hlhv,2022-07-22T18:30:57.040Z,"272 km W of Tual, Indonesia",earthquake,5.9,8.5,0.145,15,reviewed,us,us
2022-05-09T09:27:31.259Z,4.0473,126.4755,10,4.5,mb,42,110,3.132,1.03,us,us6000hlhn,2022-07-22T18:30:56.040Z,"187 km SE of Sarangani, Philippines",earthquake,7.4,1,0.11,24,reviewed,us,us
2022-05-09T01:57:51.216Z,-0.2948,132.1742,10,4.5,mb,23,116,1.072,0.97,us,us6000hlhb,2022-07-22T18:30:56.040Z,"120 km ENE of Sorong, Indonesia",earthquake,8.9,1.9,0.136,16,reviewed,us,us
2022-05-08T21:51:39.714Z,1.8437,127.2017,39.28,5.6,mww,131,36,1.077,1.01,us,us7000h803,2022-07-22T18:31:07.040Z,"90 km W of Tobelo, Indonesia",earthquake,6.4,3.6,0.068,21,reviewed,us,us
2022-05-08T16:34:28.943Z,3.6704,126.8744,39.16,4.6,mb,60,95,2.921,0.53,us,us7000h7yt,2022-07-22T18:31:07.040Z,"247 km SE of Sarangani, Philippines",earthquake,7.6,7.4,0.083,45,reviewed,us,us
2022-05-08T12:17:27.769Z,3.6504,126.9739,18.84,5,mb,80,98,2.886,0.54,us,us7000h7x9,2022-07-22T18:31:06.040Z,"241 km NNW of Tobelo, Indonesia",earthquake,7.5,4.5,0.054,110,reviewed,us,us
2022-05-08T02:28:59.589Z,3.6971,126.9085,10,5.2,mww,83,76,2.941,0.8,us,us7000h7vi,2022-07-22T18:31:06.040Z,"247 km SE of Sarangani, Philippines",earthquake,7.4,1.8,0.086,13,reviewed,us,us
2022-05-08T02:18:52.938Z,3.8111,126.9625,10,5,mb,61,105,3.045,0.96,us,us7000h7vg,2022-07-22T18:31:05.040Z,"242 km SE of Sarangani, Philippines",earthquake,5,1.9,0.065,78,reviewed,us,us
2022-05-08T02:12:43.237Z,3.7289,126.9366,10,5.1,mb,61,104,2.968,0.74,us,us7000h7ve,2024-01-18T16:35:12.217Z,"246 km SE of Sarangani, Philippines",earthquake,6.4,1.3,0.059,96,reviewed,us,us
2022-05-07T18:56:53.564Z,3.8366,126.8713,21.31,4.5,mb,64,102,3.084,1,us,us6000hkvm,2022-07-22T18:30:54.040Z,"233 km SE of Sarangani, Philippines",earthquake,7.1,5.4,0.083,46,reviewed,us,us
2022-05-06T04:17:02.995Z,-8.4014,121.4857,10,4.5,mb,18,132,0.779,0.77,us,us6000hkts,2022-07-09T21:40:06.040Z,"52 km NNW of Ende, Indonesia",earthquake,5.9,1.6,0.191,9,reviewed,us,us
2022-05-05T13:43:33.583Z,-7.5655,127.7857,174.01,4.5,mb,29,54,3.505,1.11,us,us7000h79r,2022-07-09T21:40:03.040Z,"136 km NE of Lospalos, Timor Leste",earthquake,8.8,8.6,0.127,18,reviewed,us,us
2022-05-05T07:14:21.185Z,-7.0474,105.3421,58.56,4.5,mb,35,138,2.326,0.63,us,us6000hkl8,2022-07-09T21:40:02.040Z,"91 km SW of Labuan, Indonesia",earthquake,7.9,7.9,0.136,19,reviewed,us,us
2022-05-05T01:55:53.813Z,2.846,126.3832,50.77,4.5,mb,22,83,4.271,0.77,us,us6000hkl7,2022-07-09T21:40:01.040Z,"217 km NE of Laikit, Laikit II (Dimembe), Indonesia",earthquake,8.4,7.7,0.156,14,reviewed,us,us
2022-05-03T08:48:28.031Z,0.5046,126.5861,62.22,4.6,mb,44,44,0.824,0.83,us,us7000h6s5,2022-07-09T21:39:54.040Z,"94 km WSW of Ternate, Indonesia",earthquake,6.1,6.2,0.098,31,reviewed,us,us
2022-05-02T21:51:46.528Z,2.4234,128.5183,57.04,4.7,mb,83,112,2.004,0.84,us,us7000h6q1,2022-07-09T21:39:52.040Z,"95 km NE of Tobelo, Indonesia",earthquake,6.9,6.4,0.07,61,reviewed,us,us
2022-04-30T13:04:59.052Z,-6.7011,120.6922,10,4.8,mb,47,52,1.919,0.87,us,us7000h62q,2022-07-09T21:39:43.040Z,"181 km SSE of Sinjai, Indonesia",earthquake,5.6,1.9,0.103,29,reviewed,us,us
2022-04-30T08:14:45.780Z,-6.5737,103.5839,10,4.7,mb,47,117,2.285,0.68,us,us7000h61c,2022-07-09T21:39:42.040Z,"224 km SW of Bandar Lampung, Indonesia",earthquake,3.1,1.9,0.106,27,reviewed,us,us
2022-04-30T03:24:53.978Z,2.7886,126.5388,68.95,4.9,mb,66,78,2.167,1.16,us,us7000h5zj,2022-07-09T21:39:42.040Z,"201 km NW of Tobelo, Indonesia",earthquake,5.7,5,0.058,94,reviewed,us,us
2022-04-29T21:42:01.631Z,-0.3149,124.5139,46.1,4.9,mww,122,35,1.885,0.96,us,us7000h5xr,2022-07-05T03:42:13.040Z,"183 km S of Tomohon, Indonesia",earthquake,5.6,3.4,0.098,10,reviewed,us,us
2022-04-29T18:25:26.679Z,-9.7003,116.2793,43.81,4.9,mb,97,59,1.713,0.77,us,us7000h5vv,2022-07-05T03:42:08.040Z,"110 km SSE of Lembar, Indonesia",earthquake,6.5,3,0.064,84,reviewed,us,us
2022-04-29T06:12:28.090Z,0.3035,126.3493,38.33,4.5,mb,24,98,1.118,0.92,us,us7000h7i9,2022-07-05T03:41:53.040Z,"127 km WSW of Ternate, Indonesia",earthquake,6.3,9.1,0.157,12,reviewed,us,us
2022-04-28T23:15:47.614Z,-10.185,116.7053,35,4.7,mb,44,48,1.713,0.66,us,us7000h7b6,2022-07-05T03:41:49.040Z,"170 km SSE of Praya, Indonesia",earthquake,3.5,2,0.104,28,reviewed,us,us
2022-04-28T03:44:20.389Z,-7.0497,129.7722,83.06,4.5,mb,20,76,1.774,0.8,us,us7000h7ak,2022-07-05T03:41:34.040Z,"Kepulauan Babar, Indonesia",earthquake,7.4,9.5,0.181,9,reviewed,us,us
2022-04-28T00:01:07.630Z,-4.3905,129.1791,155.04,4.8,mb,90,48,3.394,0.69,us,us7000h5i6,2022-07-05T03:41:30.040Z,"119 km SSE of Amahai, Indonesia",earthquake,2.9,6.3,0.071,61,reviewed,us,us
2022-04-27T12:36:13.301Z,-7.4858,121.6714,10,4.6,mb,25,92,1.272,0.85,us,us7000h717,2022-07-05T03:41:22.040Z,"138 km NNW of Maumere, Indonesia",earthquake,5.4,1.7,0.157,12,reviewed,us,us
2022-04-27T04:41:59.641Z,-10.3684,123.5296,10,4.5,mb,22,81,0.948,0.89,us,us7000h70t,2022-07-05T03:41:15.040Z,"23 km SSW of Kupang, Indonesia",earthquake,5.2,1.9,0.171,10,reviewed,us,us
2022-04-26T21:54:27.408Z,1.5182,128.8698,18.91,4.5,mb,49,81,1.675,0.8,us,us7000h6pf,2022-07-05T03:41:08.040Z,"98 km ESE of Tobelo, Indonesia",earthquake,8.1,5,0.089,37,reviewed,us,us
2022-04-25T17:01:04.793Z,-7.3268,106.5702,59.24,4.5,mb,65,108,1.079,1.25,us,us6000hg9g,2022-07-05T03:40:41.040Z,"37 km S of Pelabuhanratu, Indonesia",earthquake,6.1,5.8,0.084,44,reviewed,us,us
2022-04-24T23:50:32.178Z,-3.7975,140.3996,58.15,5.1,mww,103,19,7.172,0.7,us,us6000hg4t,2022-07-05T03:40:24.040Z,"135 km S of Abepura, Indonesia",earthquake,3.7,5,0.089,12,reviewed,us,us
2022-04-24T18:25:12.089Z,-6.4905,130.2665,104.93,4.6,mb,46,56,1.801,0.66,us,us6000hg2y,2022-07-05T03:40:15.040Z,"291 km WSW of Tual, Indonesia",earthquake,7.1,7.9,0.079,47,reviewed,us,us
2022-04-23T23:44:05.628Z,-2.6417,101.4213,88.38,4.6,mb,51,126,2.293,0.57,us,us6000hfyd,2022-07-05T03:39:52.040Z,"64 km S of Sungai Penuh, Indonesia",earthquake,8.8,7.8,0.098,31,reviewed,us,us
2022-04-23T20:50:58.427Z,1.4451,127.267,150.18,4.6,mb,107,69,0.676,0.7,us,us6000hfx5,2022-07-05T03:39:49.040Z,"73 km N of Ternate, Indonesia",earthquake,7.4,4.6,0.061,79,reviewed,us,us
2022-04-23T05:54:34.310Z,-9.7659,113.0206,35.58,4.6,mb,49,67,1.704,0.77,us,us6000hfsu,2022-07-05T03:39:33.040Z,"168 km SSW of Kencong, Indonesia",earthquake,6.5,7.7,0.107,26,reviewed,us,us
2022-04-22T19:49:27.032Z,-2.7461,122.2738,10,4.6,mb,,49,1.764,0.66,us,us6000hfqc,2022-06-26T01:21:00.040Z,"138 km N of Kendari, Indonesia",earthquake,5.1,1.9,0.105,27,reviewed,us,us
2022-04-22T19:46:18.341Z,-5.8322,130.0961,186.81,4.6,mb,,114,2.447,0.81,us,us7000h6jm,2022-06-26T01:20:59.040Z,"295 km W of Tual, Indonesia",earthquake,9.1,8.4,0.119,21,reviewed,us,us
2022-04-21T20:23:35.317Z,0.4487,96.7619,10,4.9,mb,,53,1.176,0.9,us,us6000hfes,2022-06-26T01:20:40.040Z,"228 km S of Sinabang, Indonesia",earthquake,8,1.8,0.073,59,reviewed,us,us
2022-04-21T20:01:47.363Z,-3.3134,136.1527,10,4.8,mb,,63,3.917,1.17,us,us6000hfeg,2022-06-26T01:20:39.040Z,"72 km E of Nabire, Indonesia",earthquake,9.7,1.9,0.06,86,reviewed,us,us
2022-04-21T12:28:04.099Z,2.0143,97.8363,48,4.9,mb,,72,0.752,0.79,us,us6000hf95,2022-06-26T01:20:32.040Z,"30 km S of Singkil, Indonesia",earthquake,5.7,5.3,0.071,63,reviewed,us,us
2022-04-20T22:02:46.636Z,4.0869,126.6063,42.06,5.2,mb,,49,3.134,1,us,us7000h6hc,2022-06-26T01:20:16.040Z,"193 km SE of Sarangani, Philippines",earthquake,7.4,5,0.059,96,reviewed,us,us
2022-04-20T11:20:23.293Z,2.1947,126.6327,59.72,4.6,mb,,95,1.592,0.7,us,us7000h6gd,2022-06-26T01:20:03.040Z,"161 km WNW of Tobelo, Indonesia",earthquake,9.5,10.8,0.141,15,reviewed,us,us
2022-04-20T10:21:48.315Z,-1.8324,122.5521,10,4.7,mb,,56,0.815,0.79,us,us7000h3it,2022-06-26T01:20:01.040Z,"100 km SSW of Luwuk, Indonesia",earthquake,4,1.9,0.129,18,reviewed,us,us
2022-04-19T21:19:59.873Z,3.6598,126.6402,9.68,5.1,mww,,36,2.959,0.95,us,us7000h3ff,2022-06-26T01:19:51.040Z,"Pulau-Pulau Talaud, Indonesia",earthquake,7.1,3.3,0.086,13,reviewed,us,us
2022-04-19T17:22:14.481Z,1.6338,126.5752,31.42,4.5,mb,,58,1.165,0.71,us,us6000hfmf,2022-06-26T01:19:46.040Z,"129 km NW of Ternate, Indonesia",earthquake,5.8,5.4,0.11,27,reviewed,us,us
2022-04-18T15:38:22.520Z,4.9483,126.751,47.5,4.5,mb,,117,4.194,0.32,us,us6000hfns,2022-06-26T01:19:15.040Z,"151 km ESE of Sarangani, Philippines",earthquake,11.3,8.7,0.163,12,reviewed,us,us
2022-04-18T06:13:53.281Z,4.1597,126.5683,53.79,4.6,mb,,83,3.053,0.32,us,us7000h30s,2022-06-26T01:19:08.040Z,"184 km SE of Sarangani, Philippines",earthquake,7.5,5.7,0.074,55,reviewed,us,us
2022-04-18T05:46:45.350Z,-1.3329,120.4219,10,4.5,mb,,83,2.367,0.29,us,us6000hfn5,2022-06-26T01:19:07.040Z,"37 km W of Poso, Indonesia",earthquake,6.4,1.8,0.205,7,reviewed,us,us
2022-04-18T03:04:59.507Z,1.8361,127.7496,19.47,5,mww,,40,1.124,0.66,us,us7000h307,2022-06-26T01:19:06.040Z,"31 km WNW of Tobelo, Indonesia",earthquake,6.1,3.4,0.093,11,reviewed,us,us
2022-04-18T02:42:20.353Z,-6.0885,125.1256,543.52,4.5,mb,,41,3.741,0.65,us,us7000h302,2022-06-26T01:19:05.040Z,"277 km N of Likisá, Timor Leste",earthquake,10.8,6.5,0.067,66,reviewed,us,us
2022-04-17T20:37:18.484Z,0.0565,123.7063,118.3,4.8,mb,,52,1.436,1.01,us,us7000h2yi,2022-06-26T01:19:00.040Z,"89 km SE of Gorontalo, Indonesia",earthquake,4.1,6.1,0.055,103,reviewed,us,us
2022-04-17T20:16:27.924Z,0.583,97.209,10,4.5,mb,,110,0.804,0.77,us,us6000hfkq,2022-06-26T01:18:59.040Z,"199 km SSW of Singkil, Indonesia",earthquake,6.1,1.9,0.113,25,reviewed,us,us
2022-04-17T12:19:39.793Z,5.3486,126.2807,86.23,4.5,mb,,45,1.846,0.49,us,us7000h2wb,2022-06-26T01:18:52.040Z,"Mindanao, Philippines",earthquake,5.9,7.5,0.083,42,reviewed,us,us
2022-04-17T11:32:34.225Z,-1.5103,136.9604,30.56,4.6,mb,,64,4.911,0.48,us,us7000h2w1,2022-06-26T01:18:51.040Z,"104 km ESE of Biak, Indonesia",earthquake,8.2,3.6,0.061,81,reviewed,us,us
2022-04-17T11:17:44.414Z,-1.345,136.8908,33.22,4.9,mb,,61,4.895,0.54,us,us7000h2vy,2022-06-26T01:18:50.040Z,"91 km ESE of Biak, Indonesia",earthquake,8.4,4.6,0.055,105,reviewed,us,us
2022-04-17T10:23:11.790Z,2.1718,128.7965,9.86,4.5,mb,,92,1.994,0.43,us,us7000h2vu,2022-06-26T01:18:50.040Z,"100 km ENE of Tobelo, Indonesia",earthquake,8.2,5.2,0.09,36,reviewed,us,us
2022-04-17T10:04:10.368Z,-9.9577,117.9017,48.36,5.1,mb,,42,3.985,0.56,us,us7000h2vg,2022-06-26T01:18:49.040Z,"168 km SSW of Dompu, Indonesia",earthquake,7.3,5.8,0.055,108,reviewed,us,us
2022-04-17T09:32:41.466Z,-1.1621,137.2574,10,4.5,mb,,123,5.3,0.5,us,us7000h2v7,2022-06-26T01:18:48.040Z,"130 km E of Biak, Indonesia",earthquake,6.3,1.9,0.094,33,reviewed,us,us
2022-04-17T05:49:29.667Z,-1.3714,136.9275,18.49,5.4,mww,,53,4.921,0.46,us,us7000h2ti,2022-06-26T01:18:43.040Z,"96 km ESE of Biak, Indonesia",earthquake,7.6,4.2,0.086,13,reviewed,us,us
2022-04-17T03:53:35.240Z,-5.7422,103.3018,44.01,4.5,mb,,94,1.415,0.89,us,us7000h2sr,2022-06-26T01:18:42.040Z,"189 km S of Pagar Alam, Indonesia",earthquake,8.1,7.1,0.139,16,reviewed,us,us
2022-04-16T11:45:12.605Z,-4.5792,125.2265,460.04,4.6,mb,,43,4.284,0.79,us,us7000h2nw,2022-06-26T01:18:24.040Z,"Banda Sea",earthquake,10.8,7.3,0.052,112,reviewed,us,us
2022-04-16T07:00:58.150Z,-7.7214,118.7929,10,4.6,mb,,77,2.853,0.44,us,us6000hfbi,2022-06-26T01:18:21.040Z,"82 km N of Bima, Indonesia",earthquake,6.2,1.9,0.151,13,reviewed,us,us
2022-04-15T23:58:53.307Z,0.674,97.02,10,4.6,mb,,91,0.836,0.58,us,us7000h2ld,2022-06-20T22:08:33.040Z,"197 km SSW of Singkil, Indonesia",earthquake,10.4,1.9,0.132,17,reviewed,us,us
2022-04-15T21:17:09.977Z,0.6184,97.0596,10,4.7,mb,,127,0.854,0.69,us,us7000h2kq,2022-06-20T22:08:32.040Z,"201 km SSW of Singkil, Indonesia",earthquake,6.9,1.9,0.06,85,reviewed,us,us
2022-04-15T11:27:28.880Z,4.1434,95.9414,58.46,4.9,mb,,29,3.258,0.7,us,us7000h2gq,2022-06-20T22:08:30.040Z,"northern Sumatra, Indonesia",earthquake,7.4,5.8,0.061,84,reviewed,us,us
2022-04-13T21:51:48.436Z,-9.645,111.5779,10,4.6,mb,,93,2.012,0.86,us,us7000h1zs,2022-06-20T22:08:09.040Z,"172 km SSW of Boyolangu, Indonesia",earthquake,6.1,1.9,0.114,24,reviewed,us,us
2022-04-12T15:46:49.329Z,2.6357,128.3209,96.21,4.5,mb,,109,2.082,0.74,us,us7000h1hj,2022-06-20T22:07:57.040Z,"106 km NNE of Tobelo, Indonesia",earthquake,8.6,6.3,0.083,45,reviewed,us,us
2022-04-11T12:29:31.147Z,-9.7978,111.5511,10,4.7,mb,,101,2.131,0.69,us,us7000h19l,2022-06-20T22:07:49.040Z,"189 km SSW of Boyolangu, Indonesia",earthquake,7.6,1.9,0.088,39,reviewed,us,us
2022-04-10T20:56:48.970Z,1.8634,127.4362,122.15,4.8,mb,,82,5.484,0.95,us,us7000h15q,2022-06-20T22:07:44.040Z,"65 km WNW of Tobelo, Indonesia",earthquake,4.6,6.2,0.052,115,reviewed,us,us
2022-04-10T20:42:34.267Z,-0.6736,135.6272,10,4.5,mb,,61,4.046,0.78,us,us7000h25b,2022-06-20T22:08:15.040Z,"68 km NW of Insrom, Indonesia",earthquake,10.2,1.9,0.113,23,reviewed,us,us
2022-04-09T21:22:12.153Z,-3.1605,139.8304,40.12,5.3,mww,,13,1.083,0.69,us,us7000h0yv,2022-06-20T22:07:37.040Z,"108 km SW of Abepura, Indonesia",earthquake,7.4,4.5,0.093,11,reviewed,us,us
2022-04-09T20:00:03.963Z,-0.038,123.6812,129.32,4.8,mb,,40,1.349,0.83,us,us7000h0ya,2022-06-20T22:07:36.040Z,"93 km SE of Gorontalo, Indonesia",earthquake,6.4,5.2,0.05,127,reviewed,us,us
2022-04-09T09:41:04.610Z,-8.6323,114.7912,101.14,4.6,mb,,53,0.652,0.58,us,us7000h0vq,2022-06-20T22:07:33.040Z,"35 km SSE of Negara, Indonesia",earthquake,7.2,4.6,0.089,44,reviewed,us,us
2022-04-08T21:51:39.594Z,5.3417,126.3534,44.36,4.5,mb,,75,1.881,0.71,us,us7000h0tr,2022-06-11T20:21:17.040Z,"98 km E of Sarangani, Philippines",earthquake,7.7,6.7,0.073,55,reviewed,us,us
2022-04-08T12:32:11.233Z,-3.2917,138.9904,57.91,5,mb,,54,6.741,0.65,us,us7000h0mt,2022-06-11T20:21:14.040Z,"198 km WSW of Abepura, Indonesia",earthquake,8.3,5.5,0.051,124,reviewed,us,us
2022-04-08T00:30:54.867Z,-7.4547,126.8906,275.02,4.6,mb,,42,3.457,0.7,us,us7000h0k6,2022-06-11T20:21:14.040Z,"118 km N of Lospalos, Timor Leste",earthquake,4.7,5.9,0.076,52,reviewed,us,us
2022-04-07T06:36:40.955Z,-3.9805,102.165,83.02,4.6,mb,,58,0.874,0.42,us,us7000h0b8,2022-06-11T20:21:09.040Z,"22 km SSW of Bengkulu, Indonesia",earthquake,6.7,4.8,0.082,44,reviewed,us,us
2022-04-07T00:03:47.989Z,-9.6715,111.5877,10,4.6,mb,,93,2.04,0.71,us,us7000h09j,2022-06-11T20:21:08.040Z,"175 km S of Boyolangu, Indonesia",earthquake,7.5,1.9,0.125,19,reviewed,us,us
2022-04-06T18:03:36.962Z,0.762,97.008,10,4.8,mb,,48,0.782,0.96,us,us7000h078,2022-06-11T20:21:08.040Z,"189 km SSW of Singkil, Indonesia",earthquake,7.2,1.8,0.07,63,reviewed,us,us
2022-04-06T06:56:00.457Z,-0.0569,126.6886,59.08,4.7,mb,,78,1.066,0.76,us,us7000h03u,2022-06-11T20:21:07.040Z,"121 km SW of Ternate, Indonesia",earthquake,7.1,6,0.072,58,reviewed,us,us
2022-04-06T03:03:34.078Z,-7.9136,110.574,149.95,4.8,mb,,50,0.05,0.7,us,us7000h02k,2022-06-11T20:21:06.040Z,"18 km S of Wedi, Indonesia",earthquake,7.4,3.3,0.061,82,reviewed,us,us
2022-04-05T05:52:13.510Z,2.0646,126.9352,31.93,4.6,mb,,132,1.354,0.61,us,us7000h0qk,2022-06-11T20:21:16.040Z,"125 km WNW of Tobelo, Indonesia",earthquake,6.6,5.8,0.125,19,reviewed,us,us
2022-04-05T01:44:08.299Z,1.9361,126.8713,36,5.9,mww,,28,1.258,0.92,us,us7000gzq8,2022-06-11T20:21:04.040Z,"128 km W of Tobelo, Indonesia",earthquake,6.4,1.9,0.063,24,reviewed,us,us
2022-04-04T09:58:55.143Z,-8.0099,117.6339,167.14,4.6,mb,,74,3.476,1.13,us,us7000gzj6,2022-06-11T20:21:02.040Z,"47 km NNE of Pototano, Indonesia",earthquake,4.3,10.5,0.223,6,reviewed,us,us
2022-04-03T22:40:46.108Z,-10.6583,124.493,10,4.5,mb,,123,0.924,0.56,us,us7000h0gp,2022-06-11T20:21:13.040Z,"91 km SSE of Soe, Indonesia",earthquake,7.2,1.9,0.181,9,reviewed,us,us
2022-04-03T00:52:48.821Z,5.421,126.8353,40.01,5.1,mb,,55,2.059,0.56,us,us7000gzaa,2022-06-11T20:20:59.040Z,"126 km SE of Pondaguitan, Philippines",earthquake,7.5,4.5,0.048,142,reviewed,us,us
2022-04-01T15:40:08.077Z,0.7573,126.3369,45.7,4.7,mb,,68,1.029,0.82,us,us7000h06i,2022-06-04T20:42:35.040Z,"116 km W of Ternate, Indonesia",earthquake,7.3,8,0.102,29,reviewed,us,us
2022-04-01T11:54:34.106Z,1.9541,99.1119,140.88,4.8,mb,,60,0.758,0.5,us,us7000gyyr,2022-06-04T20:42:34.040Z,"43 km ENE of Sibolga, Indonesia",earthquake,6.1,5.6,0.056,98,reviewed,us,us
2022-04-01T07:20:12.347Z,-7.0005,105.9354,17.26,4.6,mb,,117,1.762,0.91,us,us7000h061,2022-06-04T20:42:33.040Z,"68 km W of Pelabuhanratu, Indonesia",earthquake,7.1,5.5,0.157,12,reviewed,us,us
2022-04-01T07:14:12.495Z,-7.2524,106.0683,18.52,5.3,mww,,34,1.582,0.94,us,us7000gywf,2022-06-04T20:42:33.040Z,"60 km WSW of Pelabuhanratu, Indonesia",earthquake,6.4,4.2,0.083,14,reviewed,us,us
2022-04-01T04:54:16.244Z,-7.3312,105.8945,10,4.8,mww,,128,1.746,1.17,us,us7000gyvl,2022-06-04T20:42:32.040Z,"81 km WSW of Pelabuhanratu, Indonesia",earthquake,7.4,1.8,0.098,10,reviewed,us,us
2022-03-31T23:18:16.617Z,-4.8078,139.4267,10,5.2,mb,,20,7.403,0.79,us,us7000gyu7,2022-06-04T20:42:32.040Z,"252 km NW of Kiunga, Papua New Guinea",earthquake,7.2,1.8,0.047,148,reviewed,us,us
2022-03-31T02:34:42.719Z,-6.4984,129.9065,124.94,4.5,mb,,92,2.02,0.82,us,us7000gzve,2022-06-04T20:42:26.040Z,"Banda Sea",earthquake,8.5,10.9,0.18,9,reviewed,us,us
2022-03-30T08:06:20.529Z,-4.8686,133.8035,10,4.8,mb,,45,2.481,0.96,us,us7000gycq,2022-06-04T20:42:23.040Z,"143 km NE of Tual, Indonesia",earthquake,3.9,1.8,0.085,43,reviewed,us,us
2022-03-30T07:44:38.251Z,-6.0266,104.4366,44.61,5,mww,,39,2.216,1.01,us,us7000gyc2,2023-03-15T07:42:33.312Z,"112 km SW of Bandar Lampung, Indonesia",earthquake,7,4.7,0.098,10,reviewed,us,us
2022-03-30T04:36:27.308Z,3.3652,126.6133,35,4.6,mb,,108,2.683,0.86,us,us7000gyaj,2022-06-04T20:42:22.040Z,"238 km NW of Tobelo, Indonesia",earthquake,10.7,1.9,0.101,29,reviewed,us,us
2022-03-30T03:21:42.604Z,0.0755,124.4342,77.15,4.5,mb,,54,1.998,0.61,us,us7000gya8,2022-06-04T20:42:22.040Z,"143 km SSW of Tomohon, Indonesia",earthquake,6.1,8.5,0.131,17,reviewed,us,us
2022-03-29T08:24:36.278Z,-5.6804,132.6989,10,4.5,mb,,78,2.676,1.1,us,us7000gy1v,2023-01-07T03:27:39.644Z,"8 km SW of Tual, Indonesia",earthquake,6.2,1.9,0.15,13,reviewed,us,us
2022-03-27T17:18:34.066Z,2.197,128.3245,66.88,4.6,mb,,56,1.709,0.97,us,us7000gyrt,2022-06-04T20:42:10.040Z,"Halmahera, Indonesia",earthquake,3.8,8.5,0.107,28,reviewed,us,us
2022-03-27T16:34:59.018Z,-1.2154,120.7692,10,4.5,mb,,74,2.009,1.19,us,us7000gxpn,2022-06-04T20:42:10.040Z,"20 km N of Poso, Indonesia",earthquake,6,1.9,0.131,19,reviewed,us,us
2022-03-26T14:18:33.735Z,-7.5757,121.7252,10,4.7,mb,,50,1.169,0.98,us,us7000gxhz,2022-06-04T20:42:06.040Z,"127 km NNW of Maumere, Indonesia",earthquake,6.1,1.8,0.093,35,reviewed,us,us
2022-03-26T13:55:20.078Z,-3.8311,122.6602,10,4.6,mb,,98,2.773,0.79,us,us7000gyqh,2022-06-04T20:42:06.040Z,"22 km NE of Kendari, Indonesia",earthquake,8.7,1.9,0.164,14,reviewed,us,us
2022-03-26T13:16:53.368Z,-3.8229,122.8165,10,4.7,mb,,40,2.762,0.95,us,us7000gxjn,2022-06-04T20:42:06.040Z,"37 km ENE of Kendari, Indonesia",earthquake,2.8,1.9,0.1,30,reviewed,us,us
2022-03-26T09:54:30.120Z,-3.8303,122.683,10,4.5,mb,,66,2.771,0.33,us,us7000gxh1,2022-06-04T20:42:05.040Z,"24 km NE of Kendari, Indonesia",earthquake,6.2,1.9,0.18,9,reviewed,us,us
2022-03-26T04:01:39.564Z,3.5504,126.9205,58.62,4.9,mb,,70,2.795,0.93,us,us7000gxfd,2022-06-04T20:42:04.040Z,"235 km NNW of Tobelo, Indonesia",earthquake,9.1,5.8,0.052,118,reviewed,us,us
2022-03-25T15:59:01.614Z,-0.7365,133.5832,28.14,4.5,mb,,89,2.545,0.93,us,us7000gx8j,2022-05-28T18:35:36.040Z,"55 km WNW of Manokwari, Indonesia",earthquake,9.4,2.2,0.101,29,reviewed,us,us
2022-03-25T13:20:14.200Z,-3.8019,122.7814,10,4.9,mb,,53,2.741,0.82,us,us7000gx7f,2022-05-28T18:35:36.040Z,"35 km ENE of Kendari, Indonesia",earthquake,3.1,1.9,0.086,42,reviewed,us,us
2022-03-25T02:29:38.177Z,-5.9345,130.6734,124.23,4.5,mb,,44,2.127,0.73,us,us7000gx4b,2022-05-28T18:35:35.040Z,"232 km W of Tual, Indonesia",earthquake,8.2,6,0.103,30,reviewed,us,us
2022-03-24T21:15:32.063Z,-6.1929,130.3266,142.61,4.7,mb,,87,2.023,0.82,us,us7000gwzw,2022-05-28T18:35:34.040Z,"275 km WSW of Tual, Indonesia",earthquake,7.6,7.1,0.071,60,reviewed,us,us
2022-03-24T18:28:57.549Z,-10.9593,114.5379,10,4.8,mb,,62,2.502,0.67,us,us7000gwxb,2022-05-28T18:35:32.040Z,"249 km SSW of Jimbaran, Indonesia",earthquake,8.2,1.8,0.086,45,reviewed,us,us
2022-03-24T13:51:55.937Z,-3.3625,128.5005,44.4,4.7,mb,,56,3.768,1,us,us7000gwvs,2022-05-28T18:35:32.040Z,"46 km W of Amahai, Indonesia",earthquake,5.2,6.5,0.084,43,reviewed,us,us
2022-03-24T02:26:53.119Z,-6.9376,129.5539,129.73,4.7,mb,,87,2.017,0.77,us,us7000gy62,2022-05-28T18:35:42.040Z,"Banda Sea",earthquake,8.7,9.7,0.275,7,reviewed,us,us
2022-03-23T23:54:45.554Z,-0.7104,133.5353,29.41,4.8,mb,,87,2.543,0.44,us,us7000gwqh,2022-05-28T18:35:28.040Z,"61 km WNW of Manokwari, Indonesia",earthquake,8.6,4.9,0.071,60,reviewed,us,us
2022-03-23T16:29:35.171Z,1.8424,127.3138,119.66,4.8,mb,,48,1.064,0.63,us,us6000h6y6,2022-05-28T18:35:27.040Z,"78 km W of Tobelo, Indonesia",earthquake,7.3,5.2,0.054,105,reviewed,us,us
2022-03-23T10:10:40.909Z,-0.7656,133.5126,34.59,5.2,mb,,81,2.484,0.69,us,us6000h6wg,2022-05-28T18:35:26.040Z,"62 km W of Manokwari, Indonesia",earthquake,7.9,3.8,0.071,66,reviewed,us,us
2022-03-22T13:28:00.252Z,1.762,127.0673,68.1,4.5,mb,,80,1.028,0.27,us,us7000gxbs,2022-05-28T18:35:38.040Z,"104 km W of Tobelo, Indonesia",earthquake,6.4,7.5,0.088,38,reviewed,us,us
2022-03-22T06:27:13.611Z,0.431,97.07,10,4.8,mb,,89,1.003,0.57,us,us6000h6l1,2022-05-28T18:35:24.040Z,"220 km SSW of Singkil, Indonesia",earthquake,6.4,1.9,0.076,54,reviewed,us,us
2022-03-21T19:26:19.102Z,-8.245,119.7792,10,4.6,mb,,82,2.462,0.95,us,us6000h6i0,2022-05-28T18:35:23.040Z,"30 km NNW of Labuan Bajo, Indonesia",earthquake,6.1,1.8,0.091,36,reviewed,us,us
2022-03-19T16:32:25.580Z,-6.5762,131.8574,10,4.7,mb,,67,1.503,0.96,us,us6000h61w,2022-05-28T18:35:18.040Z,"144 km SW of Tual, Indonesia",earthquake,4.2,1.9,0.106,29,reviewed,us,us
2022-03-19T14:10:18.127Z,-6.8543,105.3922,35,4.6,mb,,48,2.32,0.73,us,us6000h615,2022-05-28T18:35:18.040Z,"71 km SW of Labuan, Indonesia",earthquake,7.9,1.9,0.093,34,reviewed,us,us
2022-03-19T06:31:23.125Z,-1.1471,129.6988,10,4.6,mb,,122,3.011,0.87,us,us7000gwts,2022-05-28T18:35:30.040Z,"176 km W of Sorong, Indonesia",earthquake,8.7,1.9,0.244,5,reviewed,us,us
2022-03-19T04:26:26.157Z,-1.8744,133.3083,25.98,5,mww,,38,1.482,0.73,us,us6000h5y7,2022-05-28T18:35:17.040Z,"139 km SW of Manokwari, Indonesia",earthquake,2.7,3.8,0.098,10,reviewed,us,us
2022-03-19T01:03:40.204Z,-3.314,102.171,98.76,4.5,mb,,98,1.301,0.72,us,us6000h5x3,2022-05-28T18:35:17.040Z,"42 km WNW of Curup, Indonesia",earthquake,6.7,6.8,0.124,23,reviewed,us,us
2022-03-18T15:04:01.911Z,-8.1649,106.7877,25.19,4.8,mb,,77,1.103,0.98,us,us6000h5q7,2022-05-27T14:55:36.040Z,"128 km SSW of Banjar, Indonesia",earthquake,5.9,5,0.07,63,reviewed,us,us
2022-03-17T20:53:30.403Z,-6.2991,106.4256,149.6,4.6,mb,,46,1.29,1.09,us,us6000h5jd,2022-05-27T14:55:34.040Z,"11 km SW of Cikupa, Indonesia",earthquake,8.4,4.9,0.066,69,reviewed,us,us
2022-03-17T15:10:28.559Z,-0.0838,96.8272,10,4.5,mb,,133,1.568,0.78,us,us6000h6qv,2022-05-27T14:55:43.040Z,"283 km SSW of Singkil, Indonesia",earthquake,8,1.9,0.082,48,reviewed,us,us
2022-03-17T02:19:55.564Z,-7.5421,128.9368,95.05,4.5,mb,,106,2.381,0.49,us,us6000h6pt,2022-05-27T14:55:42.040Z,"239 km ENE of Lospalos, Timor Leste",earthquake,6.3,9.8,0.191,12,reviewed,us,us
2022-03-16T04:06:42.148Z,-7.8224,106.8659,35,4.5,mb,,107,0.855,0.81,us,us6000h6fx,2022-05-27T14:55:40.040Z,"93 km SW of Banjar, Indonesia",earthquake,5.3,1.8,0.205,7,reviewed,us,us
2022-03-16T03:00:40.280Z,-2.7655,137.2816,35,4.5,mb,,55,3.428,0.64,us,us6000h6g2,2022-05-27T14:55:40.040Z,"208 km ENE of Nabire, Indonesia",earthquake,5.5,2,0.243,8,reviewed,us,us
2022-03-16T03:00:03.847Z,-7.6341,107.0324,50.19,5.3,mww,,51,0.635,0.91,us,us6000h4xf,2023-03-16T11:10:49.614Z,"65 km SW of Banjar, Indonesia",earthquake,7,5.3,0.078,16,reviewed,us,us
2022-03-15T14:19:34.941Z,0.276,125.6528,39.59,4.8,mb,,52,1.783,0.63,us,us6000h5t7,2022-05-27T14:55:38.040Z,"140 km SE of Tondano, Indonesia",earthquake,8,7.6,0.107,30,reviewed,us,us
2022-03-15T14:18:02.145Z,0.4166,125.8515,34.02,5,mb,,52,1.555,0.61,us,us6000h4qh,2022-05-27T14:55:26.040Z,"143 km SE of Tondano, Indonesia",earthquake,6.6,5.1,0.06,92,reviewed,us,us
2022-03-15T12:12:32.092Z,-0.5284,98.5948,43.75,5.2,mww,,47,2.086,0.54,us,us6000h4p4,2022-05-27T14:55:26.040Z,"170 km W of Pariaman, Indonesia",earthquake,4.7,6.3,0.075,17,reviewed,us,us
2022-03-15T09:08:50.021Z,2.4181,96.1621,10,4.7,mb,,184,1.794,0.65,us,us6000h4nc,2022-05-27T14:55:26.040Z,"25 km WSW of Sinabang, Indonesia",earthquake,5.5,1.9,0.106,27,reviewed,us,us
2022-03-14T14:12:10.077Z,-0.5434,98.5566,25.09,5.3,mww,,46,2.08,0.64,us,us6000h4ff,2022-05-27T14:55:24.040Z,"174 km W of Pariaman, Indonesia",earthquake,5.6,2.9,0.069,20,reviewed,us,us
2022-03-14T03:08:47.634Z,0.037,126.7294,53.15,4.7,mb,,64,0.969,0.94,us,us6000h4cc,2022-05-27T14:55:23.040Z,"110 km SW of Ternate, Indonesia",earthquake,5.7,5.1,0.075,54,reviewed,us,us
2022-03-13T21:38:43.829Z,-0.6087,98.5291,29.19,5.6,mww,,35,2.125,0.64,us,us6000h49u,2022-05-27T14:55:22.040Z,"177 km W of Pariaman, Indonesia",earthquake,4,3,0.093,11,reviewed,us,us
2022-03-13T21:37:17.781Z,-0.3635,97.893,10,4.5,mb,,103,1.686,0.52,us,us6000h5hq,2022-05-27T14:55:34.040Z,"246 km SW of Padangsidempuan, Indonesia",earthquake,5.7,1.9,0.18,11,reviewed,us,us
2022-03-13T21:24:11.939Z,-0.8236,98.3589,19.77,4.6,mb,,67,2.253,0.66,us,us6000h5hf,2022-05-27T14:55:34.040Z,"197 km W of Pariaman, Indonesia",earthquake,5.7,4.6,0.126,19,reviewed,us,us
2022-03-13T21:09:22.258Z,-0.6294,98.6259,28,6.7,mww,,43,2.188,0.92,us,us6000h48e,2022-05-27T14:55:19.040Z,"166 km W of Pariaman, Indonesia",earthquake,5.2,1.8,0.062,25,reviewed,us,us
2022-03-13T11:32:31.397Z,-4.1284,103.106,117.86,4.5,mb,,89,0.275,0.66,us,us6000h464,2022-05-27T14:55:21.040Z,"19 km SW of Pagar Alam, Indonesia",earthquake,6.5,3.1,0.118,21,reviewed,us,us
2022-03-13T07:38:28.810Z,-2.2143,100.0686,44.55,4.5,mb,,96,2.703,0.65,us,us6000h45f,2022-05-27T14:55:21.040Z,"143 km SSW of Padang, Indonesia",earthquake,7.1,6.5,0.088,41,reviewed,us,us
2022-03-12T22:11:00.278Z,5.0401,127.0089,56.26,4.5,mb,,112,2.467,0.56,us,us6000h43d,2022-05-27T14:55:20.040Z,"172 km SSE of Pondaguitan, Philippines",earthquake,6.9,5.8,0.076,50,reviewed,us,us
2022-03-12T05:31:11.226Z,-7.3172,106.0704,42.31,5.3,mww,,54,1.573,1.02,us,us6000h3ys,2022-05-27T14:55:19.040Z,"64 km SW of Pelabuhanratu, Indonesia",earthquake,6.6,6.6,0.075,17,reviewed,us,us
2022-03-12T02:00:45.933Z,-8.0436,120.6916,10,4.8,mb,,88,1.639,0.82,us,us6000h3xy,2022-05-27T14:55:19.040Z,"67 km NNE of Ruteng, Indonesia",earthquake,6.5,1.9,0.119,23,reviewed,us,us
2022-03-11T17:34:06.966Z,0.3198,125.7684,10,4.6,mb,,41,1.66,0.9,us,us6000h3v6,2022-05-14T21:52:34.040Z,"144 km SE of Tondano, Indonesia",earthquake,6.9,1.8,0.069,73,reviewed,us,us
2022-03-11T17:00:37.932Z,0.5475,126.2999,8.11,5.1,mb,,44,1.089,0.79,us,us6000h3ux,2022-05-14T21:52:34.040Z,"123 km WSW of Ternate, Indonesia",earthquake,5.7,4.2,0.045,176,reviewed,us,us
2022-03-11T07:09:52.969Z,-3.8071,138.6175,91.91,4.6,mb,,113,6.418,0.57,us,us6000h3qz,2022-05-14T21:52:31.040Z,"260 km WSW of Abepura, Indonesia",earthquake,10.7,7.7,0.084,42,reviewed,us,us
2022-03-10T04:26:53.730Z,3.9185,95.9105,48.02,5.1,mb,,27,3.084,0.86,us,us6000h3h3,2022-05-14T21:52:27.040Z,"34 km SW of Meulaboh, Indonesia",earthquake,6.9,4.3,0.05,132,reviewed,us,us
2022-03-10T03:25:14.050Z,-6.5278,129.579,146.96,4.5,mb,,94,2.236,0.9,us,us6000h53w,2022-05-14T21:52:36.040Z,"Banda Sea",earthquake,7.4,9.8,0.151,13,reviewed,us,us
2022-03-09T01:49:18.677Z,2.585,128.4029,40.47,5.1,mb,,46,2.077,0.82,us,us6000h37b,2022-05-14T21:52:24.040Z,"104 km NNE of Tobelo, Indonesia",earthquake,7.3,4.7,0.052,120,reviewed,us,us
2022-03-08T02:45:43.526Z,-7.7046,129.0643,44.81,4.6,mb,,71,2.231,0.47,us,us6000h3tz,2022-05-14T21:52:33.040Z,"244 km ENE of Lospalos, Timor Leste",earthquake,8.1,10.2,0.172,10,reviewed,us,us
2022-03-07T18:13:14.982Z,2.7042,125.7943,96.11,5.3,mww,,32,2.48,1.2,us,us6000h2u5,2022-05-14T21:52:21.040Z,"162 km NE of Laikit, Laikit II (Dimembe), Indonesia",earthquake,6.6,2.7,0.071,19,reviewed,us,us
2022-03-07T17:23:49.318Z,-5.9284,130.6123,128.34,4.9,mb,,36,2.151,0.79,us,us6000h2sf,2022-05-14T21:52:21.040Z,"239 km W of Tual, Indonesia",earthquake,7.7,5.5,0.066,74,reviewed,us,us
2022-03-07T03:47:21.956Z,-8.0592,122.4012,10,4.5,mb,,132,0.595,1.07,us,us6000h2qs,2022-05-14T21:52:20.040Z,"65 km NNE of Maumere, Indonesia",earthquake,4.5,1.9,0.221,7,reviewed,us,us
2022-03-05T22:40:27.361Z,3.5884,126.03,80.73,4.9,mb,,54,3.1,0.72,us,us6000h2g3,2022-05-14T21:52:17.040Z,"210 km SSE of Sarangani, Philippines",earthquake,7.6,6.7,0.063,80,reviewed,us,us
2022-03-05T15:25:43.268Z,1.3748,127.1328,125.64,4.8,mb,,87,0.643,0.89,us,us6000h2dv,2022-05-14T21:52:17.040Z,"70 km NNW of Ternate, Indonesia",earthquake,7.9,5.3,0.061,82,reviewed,us,us
2022-03-05T13:33:23.386Z,2.6827,99.0301,148.95,5,mb,,35,1.997,0.79,us,us6000h2cv,2022-05-14T21:52:17.040Z,"10 km ENE of Parapat, Indonesia",earthquake,6.8,5,0.044,163,reviewed,us,us
2022-03-05T12:02:41.150Z,4.6517,95.0249,42,5.5,mww,,56,4.188,0.61,us,us6000h2an,2022-05-14T21:52:17.040Z,"northern Sumatra, Indonesia",earthquake,7.1,1.9,0.056,31,reviewed,us,us
2022-03-04T23:46:31.996Z,-6.9415,130.6296,98.41,4.7,mb,,33,1.228,0.54,us,us6000h27l,2022-05-07T21:32:54.040Z,"276 km WSW of Tual, Indonesia",earthquake,6.3,7.3,0.067,68,reviewed,us,us
2022-03-04T21:53:42.050Z,-7.4769,121.1446,10,4.5,mb,,46,1.58,1.24,us,us6000h3cl,2022-05-07T21:32:57.040Z,"146 km NNE of Ruteng, Indonesia",earthquake,6.4,1.8,0.075,52,reviewed,us,us
2022-03-04T15:01:40.043Z,-7.3962,128.4929,152.45,4.9,mb,,30,2.841,1.04,us,us6000h21i,2022-05-07T21:32:51.040Z,"Kepulauan Barat Daya, Indonesia",earthquake,8.1,5.8,0.062,82,reviewed,us,us
2022-03-04T07:08:34.319Z,0.0329,96.6044,10,4.6,mb,,194,1.592,0.54,us,us6000h1zl,2022-05-07T21:32:50.040Z,"271 km S of Sinabang, Indonesia",earthquake,10.7,1.9,0.102,29,reviewed,us,us
2022-03-03T21:19:29.452Z,-7.5399,121.5478,10,4.5,mb,,65,1.285,0.92,us,us6000h335,2022-05-07T21:32:56.040Z,"140 km NNW of Maumere, Indonesia",earthquake,6.7,1.9,0.093,34,reviewed,us,us
2022-03-03T06:37:03.223Z,0.0636,100.0026,10,4.5,mb,,49,1.069,0.42,us,us6000h1n6,2022-05-07T21:32:45.040Z,"58 km NW of Bukittinggi, Indonesia",earthquake,5.6,1.2,0.096,32,reviewed,us,us
2022-03-03T04:20:55.234Z,0.0199,123.6145,156.2,4.6,mb,,56,1.35,0.66,us,us6000h1mj,2022-05-07T21:32:44.040Z,"83 km SE of Gorontalo, Indonesia",earthquake,6.4,8.8,0.125,19,reviewed,us,us
2022-03-02T23:25:19.969Z,-0.6131,131.3754,10,5,mb,,88,2.451,0.63,us,us6000h1k6,2022-05-07T21:32:44.040Z,"32 km NNE of Sorong, Indonesia",earthquake,8.7,1.9,0.07,66,reviewed,us,us
2022-03-02T19:14:39.941Z,-3.6867,135.5213,10,4.5,mb,,42,3.354,1.09,us,us6000h1ht,2022-05-07T21:32:43.040Z,"36 km S of Nabire, Indonesia",earthquake,7.4,1.9,0.092,35,reviewed,us,us
2022-03-02T07:56:00.509Z,-6.2724,129.9649,109.81,4.5,mb,,37,2.153,0.77,us,us6000h1bn,2022-05-07T21:32:42.040Z,"Banda Sea",earthquake,7.1,6.4,0.108,33,reviewed,us,us
2022-03-02T06:40:39.175Z,-3.2219,139.1318,60.23,4.9,mb,,61,1.72,0.81,us,us6000h1c7,2022-05-07T21:32:42.040Z,"180 km WSW of Abepura, Indonesia",earthquake,7.5,2.6,0.06,88,reviewed,us,us
2022-03-01T15:37:06.152Z,-0.4295,99.1239,66.53,4.5,mb,,135,2.315,1.11,us,us6000h243,2022-05-07T21:32:53.040Z,"112 km W of Pariaman, Indonesia",earthquake,10.9,8,0.144,17,reviewed,us,us
2022-03-01T15:12:27.163Z,-8.3929,107.6412,65.6,4.9,mb,,78,0.924,0.89,us,us6000h13s,2022-08-06T09:33:44.651Z,"126 km SSW of Singaparna, Indonesia",earthquake,6.4,5.8,0.075,58,reviewed,us,us
2022-03-01T11:04:09.575Z,4.0892,95.9931,41.55,5.2,mww,,59,3.186,0.58,us,us6000h11t,2022-05-07T21:32:40.040Z,"16 km WSW of Meulaboh, Indonesia",earthquake,7.2,2.8,0.083,14,reviewed,us,us
2022-03-01T04:18:30.935Z,-6.8247,130.7828,95.68,4.5,mb,,114,1.259,0.49,us,us6000h0zz,2022-05-07T21:32:39.040Z,"254 km WSW of Tual, Indonesia",earthquake,6.1,7.5,0.135,16,reviewed,us,us
2022-02-28T23:21:45.775Z,2.4275,126.2063,76.7,4.7,mb,,73,2.012,0.81,us,us6000h0x6,2022-05-07T21:32:38.040Z,"171 km NE of Laikit, Laikit II (Dimembe), Indonesia",earthquake,6.9,7.3,0.08,47,reviewed,us,us
2022-02-28T17:10:39.705Z,-8.119,120.4814,10,4.6,mb,,64,1.811,0.65,us,us6000h0sw,2022-05-07T21:32:38.040Z,"54 km N of Ruteng, Indonesia",earthquake,6.8,1.9,0.109,25,reviewed,us,us
2022-02-28T15:38:09.418Z,-7.4239,105.9484,53,4.6,mb,,116,1.687,1,us,us6000h0sh,2022-05-07T21:32:37.040Z,"Java, Indonesia",earthquake,8.4,9,0.094,37,reviewed,us,us
2022-02-28T14:42:31.359Z,-8.2009,120.5444,10,4.6,mb,,79,1.73,0.99,us,us6000h0s1,2022-05-07T21:32:37.040Z,"46 km N of Ruteng, Indonesia",earthquake,4,1.8,0.108,29,reviewed,us,us
2022-02-28T14:16:56.257Z,-8.1431,120.5028,10,4.8,mb,,39,1.784,0.75,us,us6000h0rx,2022-05-07T21:32:37.040Z,"51 km N of Ruteng, Indonesia",earthquake,6.2,1.8,0.128,22,reviewed,us,us
2022-02-27T20:25:18.606Z,-7.6606,121.2254,10,4.5,mb,,82,1.393,0.8,us,us6000h1tn,2022-05-07T21:32:48.040Z,"134 km NE of Ruteng, Indonesia",earthquake,4.5,1.9,0.124,19,reviewed,us,us
2022-02-27T20:17:11.419Z,-8.2224,120.493,10,4.7,mb,,76,1.774,0.74,us,us6000h1tm,2022-05-07T21:32:48.040Z,"43 km N of Ruteng, Indonesia",earthquake,5.6,1.9,0.183,12,reviewed,us,us
2022-02-27T20:11:55.185Z,-8.0745,120.658,10,4.6,mb,,68,1.659,1.12,us,us6000h1tl,2022-05-07T21:32:48.040Z,"63 km NNE of Ruteng, Indonesia",earthquake,6.7,1.1,0.119,23,reviewed,us,us
2022-02-26T21:55:48.490Z,-2.5455,126.2791,10,4.9,mb,,66,3.469,0.55,us,us6000h0eu,2022-05-07T21:32:34.040Z,"246 km WNW of Ambon, Indonesia",earthquake,7.1,1.9,0.069,66,reviewed,us,us
2022-02-26T19:08:15.534Z,0.1069,99.8773,5.13,4.7,mb,,61,1.182,0.61,us,us6000h0e9,2022-05-07T21:32:33.040Z,"71 km NW of Bukittinggi, Indonesia",earthquake,3.8,4.6,0.067,68,reviewed,us,us
2022-02-26T14:16:43.339Z,-8.5193,124.2411,10,4.5,mb,,87,1.228,0.94,us,us6000h1rj,2022-05-07T21:32:46.040Z,"76 km NNW of Pante Makasar, Timor Leste",earthquake,5.7,1.9,0.127,18,reviewed,us,us
2022-02-26T06:15:53.561Z,5.7048,126.2848,119.18,5.2,mww,,48,1.526,1.09,us,us6000h0au,2022-05-07T21:32:33.040Z,"73 km S of Pondaguitan, Philippines",earthquake,5.8,5.1,0.063,24,reviewed,us,us
2022-02-25T23:58:07.819Z,-4.9709,101.7374,35,4.8,mb,,59,1.357,0.66,us,us6000h08t,2022-05-04T13:40:51.040Z,"142 km SSW of Bengkulu, Indonesia",earthquake,5.7,2,0.068,66,reviewed,us,us
2022-02-25T15:17:21.816Z,0.0531,100.0279,10,4.5,mb,,53,1.047,0.75,us,us6000h058,2022-05-04T13:40:43.040Z,"55 km NW of Bukittinggi, Indonesia",earthquake,6.3,1.9,0.111,24,reviewed,us,us
2022-02-25T11:44:57.613Z,-8.055,120.7064,10,4.5,mb,,108,1.621,0.43,us,us6000h1f1,2022-05-04T13:40:40.040Z,"67 km NNE of Ruteng, Indonesia",earthquake,5.8,1.8,0.156,12,reviewed,us,us
2022-02-25T09:22:48.807Z,-8.098,118.6152,180.34,4.8,mb,,22,1.101,0.71,us,us6000h019,2022-05-04T13:40:38.040Z,"41 km NNW of Bima, Indonesia",earthquake,7.2,5.7,0.09,38,reviewed,us,us
2022-02-25T09:02:13.187Z,2.6813,127.3032,80.14,4.5,mb,,114,1.897,0.71,us,us6000h017,2022-05-04T13:40:37.040Z,"131 km NW of Tobelo, Indonesia",earthquake,11.2,9.1,0.139,17,reviewed,us,us
2022-02-25T04:06:36.663Z,0.0316,100.071,10,4.9,mb,,55,1.011,0.76,us,us6000gzzy,2022-05-04T13:40:34.040Z,"50 km NW of Bukittinggi, Indonesia",earthquake,4.4,1.8,0.106,31,reviewed,us,us
2022-02-25T04:02:17.930Z,0.1186,100.0685,10,4.7,mb,,61,0.992,1.12,us,us6000gzzv,2022-05-04T13:40:33.040Z,"58 km NW of Bukittinggi, Indonesia",earthquake,4.8,1.9,0.13,20,reviewed,us,us
2022-02-25T01:42:59.326Z,-0.3419,99.904,10,4.9,mb,,168,1.315,0.94,us,us6000h1eu,2022-05-04T13:40:30.040Z,"38 km NW of Pariaman, Indonesia",earthquake,5.5,1.9,0.251,6,reviewed,us,us
2022-02-25T01:39:26.554Z,0.219,100.1006,4,6.1,mww,,25,0.945,1.37,us,us6000gzyg,2026-01-31T08:46:41.902Z,"65 km NNW of Bukittinggi, Indonesia",earthquake,5.9,1.7,0.052,35,reviewed,us,us
2022-02-25T01:35:50.827Z,0.2493,100.0017,10,5,mb,,36,1.04,1.14,us,us6000gzye,2022-05-04T13:40:29.040Z,"74 km NNW of Bukittinggi, Indonesia",earthquake,4.2,1.8,0.072,63,reviewed,us,us
2022-02-24T22:19:37.721Z,5.9549,126.495,69.5,4.6,mb,,39,1.433,0.57,us,us6000gzwe,2022-05-04T13:40:27.040Z,"57 km SE of Pondaguitan, Philippines",earthquake,7.5,5.8,0.061,81,reviewed,us,us
2022-02-24T15:38:38.957Z,3.2055,128.1906,109.09,4.5,mb,,80,2.553,0.79,us,us6000gztx,2022-05-04T13:40:21.040Z,"164 km N of Tobelo, Indonesia",earthquake,8.6,7.2,0.065,76,reviewed,us,us
2022-02-24T03:30:14.781Z,1.3101,127.6901,135.11,4.6,mb,,118,6.198,0.43,us,us6000h153,2022-05-04T13:40:13.040Z,"58 km SW of Tobelo, Indonesia",earthquake,13.7,8.3,0.146,14,reviewed,us,us
2022-02-23T06:31:49.231Z,-0.2044,125.0415,71.43,4.5,mb,,82,2.417,1.23,us,us6000h0tj,2022-05-04T13:40:00.040Z,"167 km S of Tondano, Indonesia",earthquake,5.1,9,0.144,17,reviewed,us,us
2022-02-23T04:09:57.297Z,0.9131,126.0683,35,4.6,mb,,78,1.305,0.66,us,us6000h0tc,2022-05-04T13:39:58.040Z,"135 km ESE of Tondano, Indonesia",earthquake,7.8,2,0.114,23,reviewed,us,us
2022-02-22T21:10:01.167Z,-8.9831,125.2093,37.35,4.7,mb,,31,1.205,0.69,us,us7000gn1u,2022-05-04T13:39:52.040Z,"1 km NW of Maliana, Timor Leste",earthquake,7,5.8,0.088,39,reviewed,us,us
2022-02-22T17:36:23.843Z,-2.5325,140.179,10,4.5,mb,,68,0.525,0.74,us,us6000h04m,2022-05-04T13:39:49.040Z,"50 km W of Abepura, Indonesia",earthquake,7.8,1.9,0.191,8,reviewed,us,us
2022-02-22T14:23:02.650Z,-8.0338,120.7518,10,4.6,mb,,96,1.587,0.73,us,us6000h04g,2022-05-04T13:39:47.040Z,"Flores region, Indonesia",earthquake,7,1.9,0.164,12,reviewed,us,us
2022-02-22T10:09:35.794Z,-7.9161,120.9161,10,4.5,mb,,62,1.49,0.54,us,us6000h04h,2022-05-04T13:39:42.040Z,"Flores Sea",earthquake,6.3,1.9,0.121,20,reviewed,us,us
2022-02-22T06:18:47.909Z,-8.1001,120.6809,10,4.7,mb,,84,1.629,0.65,us,us7000gmw7,2022-05-04T13:39:39.040Z,"61 km NNE of Ruteng, Indonesia",earthquake,3.6,1.8,0.101,30,reviewed,us,us
2022-02-22T04:49:06.510Z,-6.3173,129.5583,10,4.7,mb,,140,2.391,0.65,us,us6000h048,2022-05-04T13:39:38.040Z,"Banda Sea",earthquake,11.5,1.9,0.195,13,reviewed,us,us
2022-02-22T03:26:00.757Z,-8.0831,120.6949,10,4.6,mb,,87,1.622,0.83,us,us7000gmvd,2022-05-04T13:39:35.040Z,"63 km NNE of Ruteng, Indonesia",earthquake,5.9,1.9,0.193,9,reviewed,us,us
2022-02-21T22:22:48.069Z,-8.1244,120.7407,10,4.7,mb,,67,1.565,0.83,us,us6000h023,2022-05-04T13:39:30.040Z,"61 km NNE of Ruteng, Indonesia",earthquake,6.3,1.8,0.111,25,reviewed,us,us
2022-02-21T22:15:16.740Z,-8.1126,120.7985,10,4.9,mb,,53,1.515,1.05,us,us7000gmtj,2022-05-04T13:39:29.040Z,"66 km NNE of Ruteng, Indonesia",earthquake,3.9,1.9,0.083,49,reviewed,us,us
2022-02-21T21:09:37.998Z,-8.1405,120.6516,10,4.9,mb,,101,1.644,1.16,us,us7000gms4,2022-05-04T13:39:28.040Z,"56 km NNE of Ruteng, Indonesia",earthquake,8.6,1.9,0.125,23,reviewed,us,us
2022-02-21T19:11:41.568Z,-8.085,120.6719,10,4.5,mb,,121,1.643,0.54,us,us6000h01w,2022-05-04T13:39:26.040Z,"62 km NNE of Ruteng, Indonesia",earthquake,7.5,1.6,0.22,6,reviewed,us,us
2022-02-21T19:00:58.713Z,-8.0214,120.7263,10,4.5,mb,,88,1.615,0.64,us,us6000h01v,2022-05-04T13:39:25.040Z,"71 km NNE of Ruteng, Indonesia",earthquake,8.4,1.9,0.242,5,reviewed,us,us
2022-02-21T18:16:53.481Z,-8.1038,120.6142,10,5.2,mww,,46,1.691,1.27,us,us7000gmsb,2022-05-04T13:39:24.040Z,"58 km NNE of Ruteng, Indonesia",earthquake,5.9,1.8,0.083,14,reviewed,us,us
2022-02-21T18:11:03.358Z,-8.0734,120.7439,10,4.5,mb,,122,1.58,1.04,us,us6000h01t,2022-05-04T13:39:24.040Z,"66 km NNE of Ruteng, Indonesia",earthquake,7.4,1.8,0.222,6,reviewed,us,us
2022-02-21T16:56:43.968Z,-8.1031,120.7282,10,4.7,mb,,88,1.584,0.48,us,us7000gmp4,2022-05-04T13:39:22.040Z,"63 km NNE of Ruteng, Indonesia",earthquake,7.5,1.9,0.142,18,reviewed,us,us
2022-02-21T16:31:34.363Z,-8.0852,120.7696,10,4.7,mb,,88,1.552,0.6,us,us7000gmns,2022-05-04T13:39:21.040Z,"67 km NNE of Ruteng, Indonesia",earthquake,5.1,1.9,0.104,33,reviewed,us,us
2022-02-21T16:26:18.566Z,-8.0921,120.8146,10,4.6,mb,,83,1.508,0.23,us,us6000h020,2022-05-04T13:39:21.040Z,"69 km NE of Ruteng, Indonesia",earthquake,7.7,1.9,0.173,11,reviewed,us,us
2022-02-21T16:22:33.830Z,-8.0904,120.7908,10,5.5,mww,,50,1.53,0.83,us,us7000gmnq,2022-05-04T13:39:20.040Z,"67 km NNE of Ruteng, Indonesia",earthquake,5.9,1.8,0.056,31,reviewed,us,us
2022-02-21T15:05:14.218Z,-8.1698,120.7645,10,4.8,mb,,64,1.529,0.64,us,us7000gmna,2022-05-04T13:39:19.040Z,"58 km NE of Ruteng, Indonesia",earthquake,7,1.9,0.107,32,reviewed,us,us
2022-02-21T13:06:53.912Z,-8.1186,120.6733,10,5.3,mww,,41,1.63,0.71,us,us7000gmmj,2022-05-04T13:39:17.040Z,"59 km NNE of Ruteng, Indonesia",earthquake,6.7,1.8,0.089,12,reviewed,us,us
2022-02-21T12:35:58.794Z,-8.2068,120.6211,20,5.7,mww,,39,1.655,0.67,us,us7000gmmb,2022-05-04T13:39:17.040Z,"47 km NNE of Ruteng, Indonesia",earthquake,6.4,1.9,0.063,24,reviewed,us,us
2022-02-20T21:08:08.177Z,5.6265,125.2277,46.89,4.6,mb,,96,1.475,0.72,us,us6000gztn,2022-05-04T13:39:03.040Z,"10 km SW of Pangyan, Philippines",earthquake,8.8,9.5,0.165,11,reviewed,us,us
2022-02-20T12:37:56.295Z,-9.0975,124.7537,34.79,4.5,mb,,52,0.81,0.57,us,us7000gmf4,2022-05-04T13:38:56.040Z,"15 km W of Atambua, Indonesia",earthquake,6.1,7,0.132,17,reviewed,us,us
2022-02-20T04:07:35.358Z,-3.5551,131.4352,39.19,4.5,mb,,62,1.029,0.81,us,us7000gmch,2022-05-04T13:38:47.040Z,"271 km NNW of Tual, Indonesia",earthquake,5.7,7.3,0.136,21,reviewed,us,us
2022-02-20T00:50:03.770Z,-7.6953,117.3562,307.98,4.5,mb,,46,3.264,0.98,us,us7000gmbj,2022-05-04T13:38:45.040Z,"80 km N of Pototano, Indonesia",earthquake,8.1,5.8,0.063,73,reviewed,us,us
2022-02-19T00:44:57.441Z,-6.2792,130.8949,94.54,4.6,mb,,44,1.739,0.93,us,us7000gm4d,2022-05-04T13:38:31.040Z,"217 km WSW of Tual, Indonesia",earthquake,7.5,7.5,0.091,36,reviewed,us,us
2022-02-18T16:19:24.949Z,-0.9408,126.8948,10,4.6,mb,,47,1.765,1.16,us,us7000gn84,2022-04-30T14:18:26.040Z,"199 km SSW of Ternate, Indonesia",earthquake,6.3,1.9,0.152,18,reviewed,us,us
2022-02-18T05:18:54.860Z,-3.6606,131.3756,10,4.5,mb,,90,1.141,0.59,us,us7000glvm,2022-04-30T14:18:25.040Z,"265 km NW of Tual, Indonesia",earthquake,7.2,1.7,0.104,27,reviewed,us,us
2022-02-17T21:55:38.846Z,-10.1481,118.7247,35,4.9,mb,,75,3.778,0.54,us,us7000gn0b,2022-04-30T14:18:23.040Z,"177 km WSW of Waingapu, Indonesia",earthquake,8.3,2,0.117,23,reviewed,us,us
2022-02-17T19:50:58.984Z,-9.3478,107.0103,10,5.1,mww,,42,1.701,0.98,us,us7000glsh,2022-04-30T14:18:23.040Z,"242 km S of Banjar, Indonesia",earthquake,2.2,1.8,0.075,17,reviewed,us,us
2022-02-17T18:42:09.405Z,-7.9896,124.3371,188,4.6,mb,,74,1.755,0.87,us,us7000glry,2022-04-30T14:18:23.040Z,"117 km NW of Maubara, Timor Leste",earthquake,9.2,6,0.078,49,reviewed,us,us
2022-02-17T10:31:41.455Z,2.7608,128.5849,201.23,4.6,mb,,88,2.32,1.08,us,us7000gllr,2022-04-30T14:18:22.040Z,"130 km NNE of Tobelo, Indonesia",earthquake,9.5,8,0.091,36,reviewed,us,us
2022-02-17T02:21:06.560Z,-6.7544,130.0682,66.17,4.6,mb,,102,1.725,0.82,us,us7000gmzh,2022-04-30T14:18:21.040Z,"Banda Sea",earthquake,8.6,6.3,0.173,10,reviewed,us,us
2022-02-16T02:46:49.453Z,-0.0354,123.9463,96.44,4.6,mb,,54,1.542,0.81,us,us7000gl71,2022-04-30T14:18:17.040Z,"117 km ESE of Gorontalo, Indonesia",earthquake,7.3,5.5,0.125,19,reviewed,us,us
2022-02-15T13:05:38.488Z,1.3933,96.9566,10,4.5,mb,,104,0.625,0.71,us,us7000gl1d,2022-04-30T14:18:15.040Z,"135 km SW of Singkil, Indonesia",earthquake,4.4,1.8,0.099,34,reviewed,us,us
2022-02-15T04:20:46.797Z,-6.3519,129.4469,165.41,4.5,mb,,125,4.407,0.95,us,us7000gm0b,2022-04-30T14:18:14.040Z,"Banda Sea",earthquake,11.9,10.6,0.171,10,reviewed,us,us
2022-02-14T23:56:27.331Z,-8.4848,134.8418,10,4.8,mb,,61,3.542,0.73,us,us7000gkx7,2022-04-30T14:18:14.040Z,"Arafura Sea",earthquake,7.4,1.9,0.078,51,reviewed,us,us
2022-02-14T07:37:05.345Z,-4.5205,139.1393,10,4.5,mb,,90,2.532,0.87,us,us7000glz3,2022-04-30T14:18:11.040Z,"269 km SW of Abepura, Indonesia",earthquake,9.9,1.8,0.125,19,reviewed,us,us
2022-02-14T06:16:57.875Z,1.3673,126.4272,10,4.5,mb,,95,1.11,1.03,us,us7000glys,2022-04-30T14:18:10.040Z,"124 km WNW of Ternate, Indonesia",earthquake,7.3,1.9,0.156,12,reviewed,us,us
2022-02-13T10:12:18.645Z,5.9977,125.5927,84.83,4.5,mb,,107,1.065,0.64,us,us7000gkhu,2022-04-30T14:18:06.040Z,"8 km WNW of Culaman, Philippines",earthquake,7.6,7.3,0.062,76,reviewed,us,us
2022-02-13T08:21:47.647Z,0.9313,126.2631,38.1,5.7,mww,,64,1.114,0.67,us,us7000gkgx,2022-04-30T14:18:05.040Z,"125 km W of Ternate, Indonesia",earthquake,6,1.7,0.057,30,reviewed,us,us
2022-02-13T07:59:29.056Z,-7.9474,122.3456,10,4.5,mb,,101,0.692,0.82,us,us7000gkgs,2022-04-30T14:18:05.040Z,"75 km NNE of Maumere, Indonesia",earthquake,4.5,1.4,0.145,16,reviewed,us,us
2022-02-12T09:17:29.432Z,0.3237,96.3796,10,4.5,mb,,121,1.542,0.61,us,us7000glnc,2022-04-30T14:18:01.040Z,"238 km S of Sinabang, Indonesia",earthquake,5.3,1.7,0.205,7,reviewed,us,us
2022-02-12T08:25:10.693Z,3.356,126.6344,35,4.6,mb,,108,2.669,0.92,us,us7000gk8l,2022-04-30T14:18:01.040Z,"236 km NW of Tobelo, Indonesia",earthquake,7.6,2,0.085,42,reviewed,us,us
2022-02-11T14:25:19.513Z,5.8987,124.5212,81.46,4.9,mb,,66,1.568,0.86,us,us7000gjzl,2022-04-19T17:39:55.040Z,"14 km SSW of Nalus, Philippines",earthquake,7.4,7,0.047,141,reviewed,us,us
2022-02-11T11:11:46.251Z,-4.4151,132.89,10,4.5,mb,,67,1.617,0.79,us,us7000gjys,2022-04-19T17:39:53.040Z,"135 km N of Tual, Indonesia",earthquake,5.5,1.9,0.099,30,reviewed,us,us
2022-02-10T14:05:30.115Z,1.8197,127.5204,63.48,4.7,mb,,80,1.052,0.73,us,us7000gl33,2022-04-19T17:40:23.040Z,"55 km W of Tobelo, Indonesia",earthquake,9.2,9.6,0.104,28,reviewed,us,us
2022-02-10T13:20:39.689Z,-6.4125,129.827,156.14,4.7,mb,,41,2.136,1,us,us7000gl32,2022-04-19T17:40:22.040Z,"Banda Sea",earthquake,7.1,9,0.115,23,reviewed,us,us
2022-02-09T21:09:58.850Z,-4.5998,102.6994,64.22,4.6,mb,,82,0.349,0.63,us,us7000gjh6,2022-04-19T17:39:21.040Z,"87 km SW of Pagar Alam, Indonesia",earthquake,7.8,5.4,0.085,41,reviewed,us,us
2022-02-08T00:23:59.266Z,4.6568,127.7491,134.66,4.5,mb,,51,3.225,0.68,us,us7000giys,2022-04-19T17:39:03.040Z,"256 km SE of Pondaguitan, Philippines",earthquake,8.2,4.9,0.055,98,reviewed,us,us
2022-02-07T13:35:53.440Z,5.591,126.6345,76.42,4.5,mb,,88,1.805,0.42,us,us7000gk0s,2022-04-19T17:39:59.040Z,"99 km SSE of Pondaguitan, Philippines",earthquake,10.1,7.5,0.113,23,reviewed,us,us
2022-02-07T08:14:38.248Z,-0.7184,97.1326,10,4.6,mb,,47,2.057,0.35,us,us7000gisq,2022-04-19T17:38:56.040Z,"Kepulauan Batu, Indonesia",earthquake,8,1.8,0.078,49,reviewed,us,us
2022-02-07T00:14:13.968Z,-0.4253,122.0153,18.05,4.5,mb,,56,0.973,0.65,us,us7000gine,2022-04-19T17:38:54.040Z,"103 km NW of Luwuk, Indonesia",earthquake,4.9,5.4,0.125,19,reviewed,us,us
2022-02-06T21:31:19.926Z,0.3452,122.4231,126.02,4.8,mb,,51,1.421,0.91,us,us7000gij9,2022-04-19T17:38:51.040Z,"74 km WSW of Gorontalo, Indonesia",earthquake,4.9,4.8,0.065,72,reviewed,us,us
2022-02-05T22:50:28.114Z,-7.3449,121.3006,10,4.6,mb,,90,1.583,0.54,us,us7000gibg,2022-04-19T17:38:39.040Z,"167 km NNE of Ruteng, Indonesia",earthquake,7.2,1.9,0.132,17,reviewed,us,us
2022-02-05T20:49:02.968Z,-7.3954,121.2078,10,4.6,mb,,58,1.599,0.58,us,us7000giag,2022-04-19T17:38:38.040Z,"157 km NNE of Ruteng, Indonesia",earthquake,5.1,1.9,0.1,30,reviewed,us,us
2022-02-05T20:12:56.834Z,3.7084,126.7462,35,4.7,mb,,103,2.982,0.65,us,us7000gia9,2022-04-19T17:38:37.040Z,"235 km SE of Sarangani, Philippines",earthquake,6.3,1.4,0.07,61,reviewed,us,us
2022-02-05T04:45:46.537Z,5.6047,126.5823,57.17,4.6,mb,,118,1.764,0.65,us,us7000gjnx,2022-04-19T17:39:31.040Z,"94 km SSE of Pondaguitan, Philippines",earthquake,9.3,6.2,0.207,9,reviewed,us,us
2022-02-05T03:20:23.889Z,-8.973,124.0641,105.44,4.7,mb,,97,0.802,0.95,us,us7000gi62,2022-04-19T17:38:32.040Z,"43 km NW of Pante Makasar, Timor Leste",earthquake,8.4,7.2,0.104,30,reviewed,us,us
2022-02-04T16:34:21.172Z,-8.0237,127.3863,80.54,4.5,mb,,74,3.529,0.61,us,us7000gjlq,2022-04-15T17:57:27.040Z,"69 km NE of Lospalos, Timor Leste",earthquake,6.3,9.2,0.121,20,reviewed,us,us
2022-02-04T10:10:46.682Z,-7.2617,105.9667,44.85,5.2,mww,,31,1.681,0.47,us,us7000ghwb,2023-03-16T12:56:03.857Z,"71 km WSW of Pelabuhanratu, Indonesia",earthquake,5,4.1,0.093,11,reviewed,us,us
2022-02-04T07:58:16.682Z,-6.4941,103.4437,10,4.5,mb,,149,2.174,1.03,us,us7000gjle,2022-04-15T17:57:27.040Z,"233 km WSW of Bandar Lampung, Indonesia",earthquake,7.7,1.9,0.163,12,reviewed,us,us
2022-02-04T01:43:53.828Z,2.3828,128.5648,223.8,4.5,mb,,120,1.998,0.95,us,us7000ghsc,2022-04-15T17:57:17.040Z,"95 km NE of Tobelo, Indonesia",earthquake,11,7.4,0.096,36,reviewed,us,us
2022-02-03T17:01:15.013Z,0.3054,126.3326,47.64,4.9,mb,,91,1.133,0.65,us,us7000ghmx,2022-04-15T17:57:16.040Z,"128 km WSW of Ternate, Indonesia",earthquake,4.2,6.9,0.079,55,reviewed,us,us
2022-02-03T15:40:49.326Z,-9.1111,125.7147,10,5.2,mb,,28,1.565,0.89,us,us7000ghm1,2022-08-06T11:59:39.432Z,"13 km SSE of Same, Timor Leste",earthquake,5.8,1.8,0.055,118,reviewed,us,us
2022-02-03T13:24:47.896Z,2.0354,96.5742,40.41,4.7,mb,,82,1.236,0.89,us,us7000gjdn,2022-04-15T17:57:26.040Z,"53 km SSE of Sinabang, Indonesia",earthquake,5,7.9,0.086,41,reviewed,us,us
2022-02-03T11:37:44.312Z,-7.4795,119.6713,10,4.9,mww,,42,2.304,1.03,us,us7000ghl6,2022-04-15T17:57:16.040Z,"114 km NNW of Labuan Bajo, Indonesia",earthquake,5.8,1.8,0.083,14,reviewed,us,us
2022-02-02T19:29:17.235Z,0.7928,98.5208,59.15,4.7,mb,,57,1.072,0.93,us,us7000gheg,2022-04-15T17:57:14.040Z,"105 km SW of Padangsidempuan, Indonesia",earthquake,6.5,6.3,0.091,37,reviewed,us,us
2022-02-02T11:50:27.713Z,4.8819,125.9774,145.17,4.5,mb,,113,2.209,0.64,us,us7000gj40,2022-04-15T17:57:25.040Z,"81 km SE of Sarangani, Philippines",earthquake,9.9,8.7,0.144,14,reviewed,us,us
2022-02-02T07:35:59.289Z,-8.3977,104.021,10,4.6,mb,,64,2.62,0.5,us,us7000gj3t,2022-04-15T17:57:25.040Z,"299 km SW of Labuan, Indonesia",earthquake,6.5,1.9,0.182,9,reviewed,us,us
2022-02-01T23:59:37.722Z,-7.1929,105.0262,31.04,4.5,mb,,142,2.595,1.03,us,us7000giw1,2022-04-15T17:57:24.040Z,"Java, Indonesia",earthquake,7.9,5.1,0.15,13,reviewed,us,us
2022-02-01T19:25:10.031Z,-7.483,128.3132,119,6,mww,,14,3,0.8,us,us7000gh1g,2022-04-15T17:57:11.040Z,"184 km NE of Lospalos, Timor Leste",earthquake,4.3,1.8,0.047,43,reviewed,us,us
2022-02-01T06:06:39.226Z,-0.7594,122.3155,10,4.7,mb,,52,0.535,0.81,us,us7000giv6,2022-04-15T17:57:23.040Z,"56 km WNW of Luwuk, Indonesia",earthquake,3.6,1.9,0.11,25,reviewed,us,us
2022-02-01T03:04:23.542Z,-6.9788,129.3354,114.77,4.6,mb,,81,2.187,0.66,us,us7000giux,2022-04-15T17:57:23.040Z,"Banda Sea",earthquake,7.3,9.3,0.182,9,reviewed,us,us
2022-02-01T00:18:53.742Z,-7.588,127.4968,190.11,4.6,mb,,50,3.787,0.72,us,us7000ggud,2022-04-15T17:57:09.040Z,"116 km NNE of Lospalos, Timor Leste",earthquake,6.9,5.1,0.071,61,reviewed,us,us
2022-01-30T23:45:27.152Z,-7.3041,125.7897,10,4.6,mb,,103,2.863,0.95,us,us7000ghz3,2022-04-15T17:57:21.040Z,"135 km N of Metinaro, Timor Leste",earthquake,7.8,1.8,0.119,21,reviewed,us,us
2022-01-30T21:37:51.062Z,-6.7798,120.5412,10,4.7,mb,,95,1.921,0.48,us,us7000ghz4,2022-04-15T17:57:21.040Z,"185 km S of Sinjai, Indonesia",earthquake,4.2,1.9,0.166,11,reviewed,us,us
2022-01-30T20:22:20.321Z,-10.2091,122.2996,58.58,5,mb,,57,1.564,0.94,us,us7000ggg6,2022-04-15T17:57:06.040Z,"Savu Sea",earthquake,7.4,6.5,0.069,66,reviewed,us,us
2022-01-30T19:43:30.124Z,-4.2784,136.7837,10,4.6,mb,,99,4.723,0.97,us,us7000ghyv,2022-04-15T17:57:21.040Z,"174 km SE of Nabire, Indonesia",earthquake,3.8,1.9,0.103,28,reviewed,us,us
2022-01-30T11:46:41.421Z,-10.2778,117.4855,35,4.5,mb,,74,3.747,0.59,us,us7000gge5,2022-04-15T17:57:05.040Z,"197 km S of Sumbawa Besar, Indonesia",earthquake,7,2,0.157,12,reviewed,us,us
2022-01-30T11:31:33.583Z,-10.0718,117.4746,37.22,4.8,mb,,48,1.271,0.47,us,us7000ggdy,2022-04-15T17:57:05.040Z,"174 km S of Sumbawa Besar, Indonesia",earthquake,5.5,7.8,0.092,37,reviewed,us,us
2022-01-30T03:32:41.102Z,2.7573,128.2346,53.45,4.5,mb,,194,2.154,1.03,us,us7000ghy3,2022-04-15T17:57:20.040Z,"116 km NNE of Tobelo, Indonesia",earthquake,12.3,10.4,0.272,5,reviewed,us,us
2022-01-29T23:08:26.943Z,-2.6656,128.985,10,4.6,mb,,37,3.269,0.65,us,us7000ggav,2022-04-15T17:57:04.040Z,"74 km N of Amahai, Indonesia",earthquake,4.4,1.8,0.07,62,reviewed,us,us
2022-01-29T14:36:08.512Z,3.6424,126.7299,61.21,4.5,mb,,54,2.921,0.75,us,us7000gg8g,2022-04-15T17:57:03.040Z,"240 km SE of Sarangani, Philippines",earthquake,8.5,7.8,0.095,33,reviewed,us,us
2022-01-29T01:39:11.865Z,3.119,127.954,69.79,4.6,mb,,144,2.404,0.83,us,us7000ghtz,2022-04-15T17:57:18.040Z,"153 km N of Tobelo, Indonesia",earthquake,9.9,10.8,0.272,6,reviewed,us,us
2022-01-28T23:38:14.716Z,-5.0608,102.2805,34.42,4.5,mb,,178,0.967,0.59,us,us7000gg2s,2022-04-09T20:19:16.040Z,"139 km S of Bengkulu, Indonesia",earthquake,4.2,5.8,0.09,36,reviewed,us,us
2022-01-28T16:36:00.981Z,-3.0014,126.7213,10,4.5,mb,,94,3.803,0.79,us,us7000ghnr,2022-04-09T20:19:15.040Z,"179 km WNW of Ambon, Indonesia",earthquake,8.6,1.9,0.113,23,reviewed,us,us
2022-01-28T06:53:59.692Z,-0.2022,124.4273,70.5,4.9,mb,,43,1.853,1.05,us,us7000gfsc,2022-04-09T20:19:13.040Z,"172 km ESE of Gorontalo, Indonesia",earthquake,7.7,7.4,0.076,54,reviewed,us,us
2022-01-27T16:03:03.386Z,-8.7278,108.0851,21.15,5,mb,,27,1.328,0.82,us,us7000gfk4,2022-04-09T20:19:11.040Z,"Java, Indonesia",earthquake,2.9,3.8,0.06,94,reviewed,us,us
2022-01-27T13:20:01.274Z,-6.6266,120.7417,10,4.8,mb,,64,1.88,0.91,us,us7000gfj7,2022-04-09T20:19:10.040Z,"174 km SSE of Sinjai, Indonesia",earthquake,6.1,1.9,0.093,36,reviewed,us,us
2022-01-27T06:15:07.849Z,3.1259,127.9629,53.54,5,mb,,86,2.413,0.46,us,us7000gfh8,2022-04-09T20:19:09.040Z,"154 km N of Tobelo, Indonesia",earthquake,7.8,6.2,0.045,158,reviewed,us,us
2022-01-26T18:02:41.475Z,1.5265,126.5478,38.75,4.7,mb,,37,1.11,0.79,us,us7000gfbu,2022-04-09T20:19:08.040Z,"123 km NW of Ternate, Indonesia",earthquake,7.5,5.5,0.056,95,reviewed,us,us
2022-01-26T09:52:43.805Z,4.2576,128.1979,74.08,4.8,mb,,109,3.56,0.6,us,us7000gf85,2022-04-09T20:19:06.040Z,"280 km N of Tobelo, Indonesia",earthquake,9.4,0.8,0.08,48,reviewed,us,us
2022-01-25T23:59:17.439Z,5.3859,126.4274,10,4.5,mb,,115,1.873,1.15,us,us7000gf59,2022-04-09T20:19:04.040Z,"105 km SE of Caburan, Philippines",earthquake,8.2,1.9,0.088,38,reviewed,us,us
2022-01-24T22:03:32.900Z,-2.8591,129.4655,10,4.5,mb,,63,2.78,0.99,us,us7000gepu,2022-04-09T20:18:59.040Z,"80 km NE of Amahai, Indonesia",earthquake,6.1,1.9,0.104,27,reviewed,us,us
2022-01-24T19:23:34.107Z,3.667,126.5586,10,4.9,mb,,51,2.987,0.74,us,us7000gems,2022-04-09T20:18:59.040Z,"227 km SSE of Sarangani, Philippines",earthquake,8.3,1.8,0.064,82,reviewed,us,us
2022-01-24T17:55:08.788Z,-7.5319,127.5941,158.17,4.6,mb,,30,3.698,0.81,us,us7000gem5,2022-04-09T20:18:58.040Z,"127 km NNE of Lospalos, Timor Leste",earthquake,5.2,5.3,0.081,45,reviewed,us,us
2022-01-23T10:13:18.535Z,3.7024,126.9065,22.07,4.5,mb,,70,2.947,0.4,us,us7000ggnv,2022-04-09T20:18:53.040Z,"247 km SE of Sarangani, Philippines",earthquake,6.4,6.3,0.127,18,reviewed,us,us
2022-01-23T01:12:34.661Z,3.6478,126.7218,33.2,4.9,mb,,61,2.928,1.14,us,us7000geaz,2022-04-09T20:18:52.040Z,"239 km SE of Sarangani, Philippines",earthquake,7.6,4.9,0.065,81,reviewed,us,us
2022-01-22T21:12:11.010Z,3.6148,126.6878,34.75,4.5,mb,,83,2.904,0.77,us,us7000gfy1,2022-04-09T20:18:51.040Z,"239 km SE of Sarangani, Philippines",earthquake,7,6,0.086,39,reviewed,us,us
2022-01-22T13:49:48.540Z,2.8577,127.5309,48.45,5,mb,,87,2.078,0.92,us,us7000ge7m,2022-04-09T20:18:49.040Z,"135 km NNW of Tobelo, Indonesia",earthquake,7.1,6.2,0.056,100,reviewed,us,us
2022-01-22T09:01:26.852Z,3.6224,126.7108,10,4.6,mb,,112,2.906,0.42,us,us7000ge6y,2022-04-09T20:18:48.040Z,"240 km SE of Sarangani, Philippines",earthquake,7.3,1.9,0.076,55,reviewed,us,us
2022-01-22T07:08:10.889Z,3.6267,126.6391,10,4.9,mb,,103,2.927,0.53,us,us7000ge6i,2022-04-09T20:18:48.040Z,"235 km SSE of Sarangani, Philippines",earthquake,7.6,1.9,0.096,34,reviewed,us,us
2022-01-22T02:26:13.323Z,3.6724,126.6596,21,6,mww,,34,2.966,0.96,us,us7000ge38,2022-04-09T20:18:46.040Z,"232 km SE of Sarangani, Philippines",earthquake,6,1.8,0.048,42,reviewed,us,us
2022-01-20T21:49:05.701Z,-3.6415,130.9313,10,4.6,mb,,72,1.498,1.27,us,us7000gdnq,2022-04-01T17:40:23.040Z,"225 km E of Amahai, Indonesia",earthquake,6.7,1.9,0.098,31,reviewed,us,us
2022-01-20T10:44:18.392Z,-2.4732,140.0375,35,5.5,mww,,23,7.335,0.91,us,us7000gdi6,2022-04-01T17:40:21.040Z,"67 km WNW of Abepura, Indonesia",earthquake,8.2,1.9,0.098,10,reviewed,us,us
2022-01-19T15:53:28.285Z,-4.5546,124.0364,17.31,4.9,mww,,61,3.71,0.72,us,us7000gd5y,2022-04-01T17:40:19.040Z,"173 km ENE of Katabu, Indonesia",earthquake,5.6,4.5,0.098,10,reviewed,us,us
2022-01-19T15:37:21.754Z,-3.6024,130.452,10,4.6,mb,,89,1.918,0.89,us,us7000gfkz,2022-04-01T17:40:35.040Z,"172 km E of Amahai, Indonesia",earthquake,7.8,1.9,0.103,28,reviewed,us,us
2022-01-19T15:35:53.121Z,-3.5339,131.0149,10,4.5,mb,,75,1.375,1.12,us,us7000gd5w,2022-04-01T17:40:19.040Z,"233 km E of Amahai, Indonesia",earthquake,7,1.9,0.11,24,reviewed,us,us
2022-01-19T14:47:57.382Z,-7.8357,118.4606,10,4.8,mb,,75,3.082,0.42,us,us7000gd5p,2022-04-01T17:40:19.040Z,"75 km NNW of Bima, Indonesia",earthquake,3.8,1.9,0.111,27,reviewed,us,us
2022-01-19T14:29:43.312Z,-3.4837,130.9525,10,5.3,mww,,28,1.41,0.51,us,us7000gd5g,2022-04-01T17:40:19.040Z,"Seram, Indonesia",earthquake,6.3,1.8,0.083,14,reviewed,us,us
2022-01-19T06:00:32.606Z,-0.7122,99.0987,35,4.6,mb,,186,2.516,1.11,us,us7000gfku,2022-04-01T17:40:35.040Z,"114 km W of Pariaman, Indonesia",earthquake,9.6,2,0.194,11,reviewed,us,us
2022-01-18T05:26:27.277Z,1.0159,124.2771,219.24,4.5,mb,,66,2.538,0.7,us,us7000gct1,2022-04-01T17:40:16.040Z,"67 km WSW of Tomohon, Indonesia",earthquake,8.2,6.3,0.079,47,reviewed,us,us
2022-01-18T03:05:54.096Z,-6.186,130.4402,99.2,4.5,mb,,123,1.977,0.94,us,us7000gfa2,2022-04-01T17:40:33.040Z,"263 km WSW of Tual, Indonesia",earthquake,8.8,10.7,0.18,9,reviewed,us,us
2022-01-18T02:08:05.190Z,-7.8383,118.6131,10,4.6,mb,,66,3.025,0.58,us,us7000gf9z,2022-04-01T17:40:33.040Z,"69 km N of Bima, Indonesia",earthquake,7.5,1.9,0.173,10,reviewed,us,us
2022-01-18T00:46:02.840Z,-7.7057,127.8857,180.26,4.5,mb,,122,4.116,0.69,us,us7000gcrl,2022-04-01T17:40:15.040Z,"133 km NE of Lospalos, Timor Leste",earthquake,10,8.3,0.104,27,reviewed,us,us
2022-01-17T19:32:47.996Z,-4.3065,129.6084,117.92,4.5,mb,,90,2.973,0.79,us,us7000gcpp,2022-04-01T17:40:15.040Z,"131 km SE of Amahai, Indonesia",earthquake,5.5,7.8,0.088,38,reviewed,us,us
2022-01-17T00:35:22.130Z,-6.9094,106.0807,32.54,4.5,mb,,140,1.651,0.55,us,us7000gf0i,2022-04-01T17:40:31.040Z,"52 km W of Pelabuhanratu, Indonesia",earthquake,10.5,6.7,0.131,17,reviewed,us,us
2022-01-17T00:25:57.521Z,-7.5134,105.8582,35,5,mww,,52,1.777,1.15,us,us7000gcjn,2022-04-01T17:40:14.040Z,"96 km SW of Pelabuhanratu, Indonesia",earthquake,5.9,1.9,0.098,10,reviewed,us,us
2022-01-16T06:52:32.930Z,3.5064,96.5606,68.91,4.6,mb,,59,1.753,0.63,us,us7000gce3,2022-04-01T17:40:12.040Z,"85 km SE of Meulaboh, Indonesia",earthquake,4.7,7.2,0.069,62,reviewed,us,us
2022-01-15T20:44:55.742Z,-7.762,118.6199,10,4.5,mb,,81,2.952,0.76,us,us7000gewj,2022-04-01T17:40:29.040Z,"78 km N of Bima, Indonesia",earthquake,7.9,1.9,0.22,6,reviewed,us,us
2022-01-15T05:42:26.449Z,-7.0961,105.0679,35,4.6,mb,,153,2.587,0.87,us,us7000gevi,2022-04-01T17:40:28.040Z,"115 km SW of Labuan, Indonesia",earthquake,8.6,2,0.223,6,reviewed,us,us
2022-01-15T02:29:40.234Z,-6.8029,105.2852,51.77,4.8,mb,,63,2.313,1,us,us7000gc5t,2022-04-01T17:40:10.040Z,"76 km SW of Labuan, Indonesia",earthquake,4.3,6.6,0.093,40,reviewed,us,us
2022-01-15T02:24:43.872Z,-7.1047,104.9492,34.08,4.7,mb,,162,2.66,1.36,us,us7000gevr,2022-04-01T17:40:28.040Z,"126 km SW of Labuan, Indonesia",earthquake,8.7,5.8,0.274,5,reviewed,us,us
2022-01-14T20:34:29.081Z,-7.0285,105.2305,46.12,4.6,mb,,50,2.375,1.24,us,us7000gc3e,2022-03-19T22:08:02.040Z,"97 km SW of Labuan, Indonesia",earthquake,6.7,6.2,0.069,70,reviewed,us,us
2022-01-14T18:47:27.016Z,-7.8131,118.5799,10,4.5,mb,,77,3.014,0.46,us,us7000gdy6,2022-03-19T22:08:02.040Z,"73 km NNW of Bima, Indonesia",earthquake,6.4,1.9,0.118,24,reviewed,us,us
2022-01-14T16:43:22.073Z,-7.8364,118.5907,10,5.1,mb,,51,3.031,1.01,us,us7000gc0w,2022-03-19T22:08:02.040Z,"70 km NNW of Bima, Indonesia",earthquake,7.2,1.8,0.078,53,reviewed,us,us
2022-01-14T10:07:33.071Z,-7.5121,128.5875,98.83,4.6,mb,,61,2.727,0.49,us,us7000gbxq,2022-03-19T22:08:01.040Z,"207 km ENE of Lospalos, Timor Leste",earthquake,4.6,7.1,0.072,58,reviewed,us,us
2022-01-14T09:49:20.820Z,-7.0422,105.2063,34.46,5.4,mww,,23,2.4,0.5,us,us7000gbww,2022-03-19T22:08:01.040Z,"100 km SW of Labuan, Indonesia",earthquake,5.6,3.7,0.098,10,reviewed,us,us
2022-01-14T09:05:41.461Z,-6.86,105.2887,33,6.6,mww,,22,2.418,0.54,us,us7000gbu4,2025-01-05T02:11:45.617Z,"80 km SW of Labuan, Indonesia",earthquake,3.5,1.7,0.063,24,reviewed,us,us
2022-01-14T03:59:39.723Z,-7.7968,118.5387,10,4.6,mb,,81,3.015,0.95,us,us7000gbt7,2022-03-19T22:08:00.040Z,"76 km NNW of Bima, Indonesia",earthquake,7.8,1.9,0.164,13,reviewed,us,us
2022-01-13T18:38:28.765Z,-7.3084,127.545,10,4.6,mb,,53,3.78,0.84,us,us7000gbq6,2022-03-19T22:07:59.040Z,"147 km NNE of Lospalos, Timor Leste",earthquake,6.7,1.9,0.097,32,reviewed,us,us
2022-01-13T13:31:59.346Z,-8.4057,118.0713,10,4.6,mb,,87,3.877,0.72,us,us7000gdwj,2022-03-19T22:07:58.040Z,"45 km WNW of Dompu, Indonesia",earthquake,7.6,1.3,0.1,31,reviewed,us,us
2022-01-13T10:01:20.528Z,1.4789,123.0663,10,4.6,mb,,54,2.313,0.92,us,us7000gbkn,2022-03-19T22:07:57.040Z,"104 km N of Gorontalo, Indonesia",earthquake,5.3,1.9,0.133,17,reviewed,us,us
2022-01-13T07:23:21.417Z,-1.4997,127.3595,10,4.8,mb,,79,2.256,0.38,us,us7000gbk1,2022-03-19T22:07:57.040Z,"248 km S of Sofifi, Indonesia",earthquake,7,1.9,0.082,46,reviewed,us,us
2022-01-12T19:32:25.573Z,0.8023,123.7153,270.64,4.5,mb,,67,2.06,0.81,us,us7000gbf7,2022-03-19T22:07:54.040Z,"78 km ENE of Gorontalo, Indonesia",earthquake,2.7,7,0.066,68,reviewed,us,us
2022-01-12T04:54:26.489Z,-4.9044,132.8011,10,4.5,mb,,118,2.047,0.73,us,us7000gdks,2022-03-19T22:07:51.040Z,"80 km N of Tual, Indonesia",earthquake,10.3,1.9,0.241,5,reviewed,us,us
2022-01-12T03:17:41.405Z,0.463,96.8611,10,4.6,mb,,158,1.099,0.71,us,us7000gdky,2022-03-19T22:07:50.040Z,"226 km SSW of Singkil, Indonesia",earthquake,7.5,1.9,0.129,18,reviewed,us,us
2022-01-12T03:06:13.405Z,-3.326,129.1327,10,4.9,mb,,67,3.137,0.87,us,us7000gb7c,2022-03-19T22:07:50.040Z,"23 km E of Amahai, Indonesia",earthquake,5.1,1.8,0.119,24,reviewed,us,us
2022-01-11T22:02:35.722Z,-8.0082,122.3146,10,4.6,mb,,116,0.628,0.6,us,us7000gb3v,2022-03-19T22:07:48.040Z,"68 km N of Maumere, Indonesia",earthquake,4.1,1.9,0.152,15,reviewed,us,us
2022-01-11T06:58:08.932Z,1.3856,126.9357,128.11,4.6,mb,,84,0.746,0.48,us,us7000gau7,2022-03-19T22:07:40.040Z,"82 km NW of Ternate, Indonesia",earthquake,9.1,6.6,0.092,35,reviewed,us,us
2022-01-11T00:26:30.165Z,0.1519,96.7107,10,5.2,mww,,47,1.434,0.81,us,us7000gaqk,2022-03-19T22:07:38.040Z,"260 km S of Sinabang, Indonesia",earthquake,7.1,1.8,0.089,12,reviewed,us,us
2022-01-11T00:21:18.538Z,2.6481,128.9301,10,4.6,mb,,121,2.432,0.6,us,us7000gd8g,2022-03-19T22:07:38.040Z,"144 km NE of Tobelo, Indonesia",earthquake,6.7,1.9,0.244,5,reviewed,us,us
2022-01-10T10:28:14.789Z,-9.1167,112.8001,33.85,4.5,mb,,62,1.482,1.06,us,us7000gain,2022-03-19T22:07:35.040Z,"100 km S of Dampit, Indonesia",earthquake,7,5.7,0.118,21,reviewed,us,us
2022-01-09T23:46:50.040Z,2.7814,128.5213,231.24,4.9,mb,,80,2.305,0.87,us,us7000gag1,2022-03-19T22:07:33.040Z,"129 km NNE of Tobelo, Indonesia",earthquake,7.7,6.4,0.048,139,reviewed,us,us
2022-01-09T21:59:05.789Z,1.4713,127.8516,10,5.4,mww,,50,0.847,0.74,us,us7000gaf4,2022-08-06T14:42:19.988Z,"33 km SSW of Tobelo, Indonesia",earthquake,4.9,1.8,0.093,11,reviewed,us,us
2022-01-09T21:27:50.754Z,1.4538,127.8761,10,5.2,mww,,39,0.847,0.66,us,us7000gaeq,2022-03-19T22:07:33.040Z,"33 km SSW of Tobelo, Indonesia",earthquake,4.5,1.8,0.063,24,reviewed,us,us
2022-01-09T10:09:23.138Z,-7.0726,129.2677,133.73,4.5,mb,,68,2.207,0.72,us,us7000gacn,2022-03-19T22:07:31.040Z,"297 km ENE of Lospalos, Timor Leste",earthquake,6.6,8,0.116,22,reviewed,us,us
2022-01-09T02:35:45.944Z,0.3375,122.0772,199.18,4.8,mb,,45,1.536,1.2,us,us7000gaaa,2022-03-19T22:07:30.040Z,"111 km WSW of Gorontalo, Indonesia",earthquake,7,4.9,0.072,61,reviewed,us,us
2022-01-08T14:20:24.239Z,-4.9014,133.807,10,4.7,mb,,75,2.508,0.97,us,us7000ga6u,2022-03-19T22:07:28.040Z,"Near the south coast of Papua, Indonesia",earthquake,8.1,1.9,0.101,32,reviewed,us,us
2022-01-08T10:30:42.282Z,5.7328,126.9785,107.86,5,mb,,76,1.923,0.6,us,us7000ga61,2022-03-19T22:07:28.040Z,"112 km SE of Pondaguitan, Philippines",earthquake,8.2,5.5,0.042,178,reviewed,us,us
2022-01-08T09:53:41.272Z,1.4233,127.9637,10,5.3,mww,,103,0.88,0.72,us,us7000ga5w,2022-03-19T22:07:27.040Z,"34 km S of Tobelo, Indonesia",earthquake,6.5,1.9,0.071,19,reviewed,us,us
2022-01-06T21:59:29.348Z,-9.2268,113.2424,54.12,4.5,mb,,87,1.171,0.65,us,us7000g9r6,2022-03-12T22:19:13.040Z,"105 km S of Kencong, Indonesia",earthquake,3.2,8,0.116,22,reviewed,us,us
2022-01-06T14:30:46.328Z,-7.2389,105.1142,10,4.5,mb,,74,3.24,0.91,us,us7000gc1k,2022-03-12T22:19:22.040Z,"123 km SW of Labuan, Indonesia",earthquake,5.8,1.9,0.109,27,reviewed,us,us
2022-01-06T12:33:27.014Z,-2.1267,138.2713,33.23,4.9,mb,,54,2.461,0.93,us,us7000g9jg,2022-03-12T22:19:12.040Z,"265 km ESE of Biak, Indonesia",earthquake,7.2,4.9,0.063,79,reviewed,us,us
2022-01-04T20:55:46.858Z,-4.8065,125.0808,544,6,mww,,10,4.393,0.99,us,us7000g90c,2022-03-12T22:19:07.040Z,"284 km E of Katabu, Indonesia",earthquake,7.5,1.9,0.048,42,reviewed,us,us
2022-01-04T13:02:53.499Z,-7.0385,127.7416,298.19,4.5,mb,,59,3.649,0.63,us,us7000g8wi,2022-03-12T22:19:06.040Z,"Kepulauan Barat Daya, Indonesia",earthquake,7.9,1.5,0.08,49,reviewed,us,us
2022-01-04T10:55:40.211Z,-1.5098,99.4714,35,4.5,mb,,198,2.405,0.41,us,us7000gbnx,2022-03-12T22:19:20.040Z,"116 km WSW of Padang, Indonesia",earthquake,10.1,2,0.163,12,reviewed,us,us
2022-01-02T22:44:23.224Z,1.9322,127.3237,93.72,5,mb,,91,1.153,0.58,us,us7000g8js,2022-03-12T22:19:02.040Z,"79 km WNW of Tobelo, Indonesia",earthquake,6.9,4.4,0.056,103,reviewed,us,us
2022-01-02T20:04:52.418Z,-2.884,127.7046,26.4,4.8,mb,,44,3.647,1.02,us,us7000g8id,2022-03-12T22:19:02.040Z,"104 km NNW of Ambon, Indonesia",earthquake,7,5.3,0.071,62,reviewed,us,us
2022-01-01T21:43:14.435Z,3.6089,126.9356,61.38,4.5,mb,,91,2.85,0.52,us,us7000g8de,2022-03-12T22:19:00.040Z,"239 km NNW of Tobelo, Indonesia",earthquake,7.8,7.1,0.071,58,reviewed,us,us
2021-12-31T20:51:07.629Z,-8.4743,130.6294,10,4.6,mb,,87,0.823,0.78,us,us7000gazl,2022-03-05T23:11:13.040Z,"Pulau Pulau Tanimbar, Indonesia",earthquake,5.2,1.9,0.223,6,reviewed,us,us
2021-12-31T05:53:42.198Z,0.0488,120.4338,106.77,5,mww,,48,1.111,1.06,us,us7000g84h,2022-03-05T23:10:59.040Z,"122 km NNE of Palu, Indonesia",earthquake,6.4,5.7,0.098,10,reviewed,us,us
2021-12-31T04:50:46.694Z,-1.5687,127.278,10,4.6,mb,,53,2.326,0.87,us,us7000g843,2022-03-05T23:10:58.040Z,"255 km NNW of Ambon, Indonesia",earthquake,7,1.9,0.132,20,reviewed,us,us
2021-12-31T03:55:39.694Z,-1.5407,127.323,10,4.5,mb,,67,2.297,1.11,us,us7000g83x,2022-03-05T23:10:58.040Z,"253 km S of Sofifi, Indonesia",earthquake,6.5,1.9,0.132,19,reviewed,us,us
2021-12-31T02:31:54.712Z,-7.19,128.9137,10,4.6,mb,,70,2.492,0.9,us,us7000g856,2022-03-05T23:10:59.040Z,"257 km NE of Lospalos, Timor Leste",earthquake,7.2,1.9,0.206,8,reviewed,us,us
2021-12-30T18:31:32.862Z,0.1856,96.6595,10,4.6,mb,,114,1.439,0.85,us,us7000g80u,2022-03-05T23:10:57.040Z,"255 km S of Sinabang, Indonesia",earthquake,5.7,1.7,0.079,47,reviewed,us,us
2021-12-30T16:09:36.142Z,-0.3514,98.7661,42.38,4.6,mb,,104,2.03,0.84,us,us7000g801,2022-03-05T23:10:56.040Z,"153 km W of Pariaman, Indonesia",earthquake,7.1,5.8,0.076,58,reviewed,us,us
2021-12-30T14:56:26.741Z,-2.8413,128.8616,35,4.7,mb,,62,3.384,0.95,us,us7000g7zl,2022-03-05T23:10:56.040Z,"55 km N of Amahai, Indonesia",earthquake,7.3,1.9,0.081,47,reviewed,us,us
2021-12-30T14:27:17.675Z,-7.6509,127.662,172.32,4.5,mb,,57,3.618,1.07,us,us7000g7ze,2022-03-05T23:10:56.040Z,"120 km NE of Lospalos, Timor Leste",earthquake,8.4,7.3,0.091,35,reviewed,us,us
2021-12-30T13:13:17.562Z,-0.0798,125.2498,42,5.5,mww,,42,2.279,1.05,us,us7000g7yh,2025-12-22T22:23:59.485Z,"157 km SSE of Tondano, Indonesia",earthquake,7.1,1.9,0.069,20,reviewed,us,us
2021-12-30T01:35:10.047Z,-4.1255,128.3682,10,4.6,mb,,69,4.054,0.69,us,us7000gawr,2022-03-05T23:11:10.040Z,"51 km SSE of Ambon, Indonesia",earthquake,8.6,1.9,0.223,6,reviewed,us,us
2021-12-29T23:00:35.350Z,-7.6053,127.5433,161.5,4.8,mb,,37,3.74,0.74,us,us7000g7u7,2022-03-05T23:10:54.040Z,"117 km NNE of Lospalos, Timor Leste",earthquake,7.5,5.6,0.069,65,reviewed,us,us
2021-12-29T20:32:52.496Z,-7.5547,127.7579,157.68,5,mb,,31,3.534,0.7,us,us7000g7s9,2022-03-05T23:10:54.040Z,"135 km NE of Lospalos, Timor Leste",earthquake,6.3,5,0.049,135,reviewed,us,us
2021-12-29T19:53:04.354Z,-7.6526,127.8124,176.67,4.6,mb,,51,3.469,0.64,us,us7000g7ru,2022-03-05T23:10:54.040Z,"131 km NE of Lospalos, Timor Leste",earthquake,7.2,6.3,0.074,60,reviewed,us,us
2021-12-29T19:21:12.619Z,-7.5864,127.617,163.86,4.9,mb,,36,3.669,0.76,us,us7000g7rd,2022-03-05T23:10:54.040Z,"123 km NNE of Lospalos, Timor Leste",earthquake,6.7,4,0.052,125,reviewed,us,us
2021-12-29T18:25:51.962Z,-7.5482,127.5773,165.49,7.3,mww,,19,3.713,1.06,us,us7000g7lx,2025-12-22T22:23:56.239Z,"125 km NNE of Lospalos, Timor Leste",earthquake,6.3,3.3,0.052,36,reviewed,us,us
2021-12-29T08:06:33.638Z,5.9565,126.2888,79.12,4.5,mb,,85,1.311,0.97,us,us6000gg2d,2022-03-05T23:10:51.040Z,"Mindanao, Philippines",earthquake,7.7,6.5,0.084,42,reviewed,us,us
2021-12-28T10:51:48.250Z,-7.628,127.6428,159.75,4.9,mb,,29,3.639,0.64,us,us6000gfuc,2022-03-05T23:10:47.040Z,"121 km NE of Lospalos, Timor Leste",earthquake,7.8,7,0.058,93,reviewed,us,us
2021-12-28T07:05:49.232Z,-4.6844,128.9607,10,4.7,mb,,47,3.72,0.82,us,us6000gft5,2022-03-05T23:10:47.040Z,"139 km SE of Ambon, Indonesia",earthquake,4.8,1.8,0.099,31,reviewed,us,us
2021-12-27T08:32:20.435Z,-6.6059,104.2952,34.93,4.9,mb,,36,2.598,0.57,us,us6000gfkq,2022-03-05T23:10:44.040Z,"168 km SW of Bandar Lampung, Indonesia",earthquake,3.1,5,0.073,60,reviewed,us,us
2021-12-26T17:22:04.167Z,-4.8206,130.6682,10,4.6,mb,,43,2.46,0.92,us,us7000g9m8,2022-03-05T23:11:03.040Z,"247 km WNW of Tual, Indonesia",earthquake,4.9,1.8,0.109,25,reviewed,us,us
2021-12-26T16:49:52.275Z,-7.5604,128.5354,157.96,4.6,mb,,62,2.77,0.86,us,us7000g9m7,2022-03-05T23:11:03.040Z,"200 km ENE of Lospalos, Timor Leste",earthquake,8.6,9.8,0.223,6,reviewed,us,us
2021-12-26T16:10:05.264Z,-8.6674,118.3314,122.94,4.5,mb,,56,3.862,0.74,us,us6000gfgm,2022-03-05T23:10:42.040Z,"20 km SW of Dompu, Indonesia",earthquake,7.8,7.6,0.118,24,reviewed,us,us
2021-12-26T15:01:30.799Z,-0.0201,123.4601,107.55,5.4,mww,,28,1.226,0.89,us,us6000gffl,2025-12-22T22:23:41.326Z,"75 km SE of Gorontalo, Indonesia",earthquake,5.7,4,0.047,43,reviewed,us,us
2021-12-26T14:09:13.621Z,-4.5717,102.0135,41.43,4.6,mb,,177,0.962,0.51,us,us6000gfff,2022-03-05T23:10:42.040Z,"89 km SSW of Bengkulu, Indonesia",earthquake,8,7.5,0.093,38,reviewed,us,us
2021-12-26T02:22:53.267Z,2.1321,126.624,26.42,5.3,mww,,40,1.541,1.17,us,us6000gfbr,2025-12-22T22:23:37.947Z,"160 km WNW of Tobelo, Indonesia",earthquake,5.9,2.6,0.093,11,reviewed,us,us
2021-12-25T21:48:54.186Z,-2.8632,129.3935,10,4.8,mb,,45,2.725,0.63,us,us6000gfaq,2022-03-05T23:10:40.040Z,"74 km NE of Amahai, Indonesia",earthquake,6.7,1.9,0.078,51,reviewed,us,us
2021-12-25T18:26:16.892Z,-8.0304,118.839,10,4.6,mb,,61,3.13,0.95,us,us7000g9lb,2022-03-05T23:11:02.040Z,"Sumbawa region, Indonesia",earthquake,6.8,1.9,0.125,19,reviewed,us,us
2021-12-25T12:06:44.948Z,-7.6252,130.2753,32.94,4.6,mb,,59,1.074,0.63,us,us7000g9l3,2022-03-05T23:11:02.040Z,"Pulau Pulau Tanimbar, Indonesia",earthquake,6.5,7,0.141,15,reviewed,us,us
2021-12-25T05:03:49.641Z,-7.2867,128.6205,147.29,4.6,mb,,65,2.743,0.72,us,us6000gf5l,2022-03-05T23:10:38.040Z,"225 km NE of Lospalos, Timor Leste",earthquake,7.9,7.5,0.067,66,reviewed,us,us
2021-12-23T06:33:56.401Z,-7.1983,105.2869,35,4.5,mb,,74,2.358,0.48,us,us6000gerz,2022-03-01T16:39:43.040Z,"108 km SSW of Labuan, Indonesia",earthquake,6.5,1.9,0.087,44,reviewed,us,us
2021-12-22T12:27:37.477Z,2.3776,126.9103,10,4.9,mww,,82,1.659,0.61,us,us6000gehc,2025-12-22T22:23:25.815Z,"141 km WNW of Tobelo, Indonesia",earthquake,7.1,1.8,0.098,10,reviewed,us,us
2021-12-22T12:19:56.738Z,2.446,126.9236,19.06,4.9,mww,,79,1.721,0.88,us,us6000gehb,2025-12-22T22:23:24.712Z,"144 km WNW of Tobelo, Indonesia",earthquake,7,4.4,0.093,11,reviewed,us,us
2021-12-22T03:06:01.610Z,-6.3175,129.8469,118.74,4.7,mb,,62,2.193,0.56,us,us7000g98z,2024-01-17T22:25:08.189Z,"Banda Sea",earthquake,7.6,8.7,0.159,12,reviewed,us,us
2021-12-22T02:54:52.405Z,-8.36,117.4758,10,4.6,mb,,87,3.29,0.89,us,us7000g97z,2022-03-01T16:39:12.040Z,"5 km N of Pototano, Indonesia",earthquake,7.8,1.9,0.206,7,reviewed,us,us
2021-12-22T01:50:44.418Z,-8.3743,105.5173,10,4.7,mb,,103,2.069,0.64,us,us6000gecy,2022-03-01T16:39:10.040Z,"191 km SW of Pelabuhanratu, Indonesia",earthquake,6.3,1.9,0.085,42,reviewed,us,us
2021-12-21T06:59:30.842Z,-3.5944,131.3036,10,4.7,mb,,79,1.157,0.73,us,us6000ge3x,2022-03-01T16:38:48.040Z,"266 km E of Amahai, Indonesia",earthquake,7,1.9,0.071,60,reviewed,us,us
2021-12-21T05:53:26.190Z,-6.0044,122.1332,10,4.9,mb,,71,2.566,0.34,us,us6000ge3l,2022-03-01T16:38:47.040Z,"125 km SSW of Katabu, Indonesia",earthquake,4.9,1.9,0.073,60,reviewed,us,us
2021-12-21T02:55:12.180Z,5.381,126.2414,70.33,5,mb,,109,1.802,0.81,us,us7000g8z1,2022-03-01T16:38:44.040Z,"86 km E of Sarangani, Philippines",earthquake,6.2,7.8,0.141,16,reviewed,us,us
2021-12-21T01:51:04.778Z,-0.603,133.2856,30.17,4.6,mb,,145,2.036,0.79,us,us7000g8yy,2022-03-01T16:38:41.040Z,"91 km WNW of Manokwari, Indonesia",earthquake,9.4,4.8,0.164,11,reviewed,us,us
2021-12-19T15:49:54.974Z,-8.2921,116.3775,11.86,4.6,mb,,99,2.209,0.95,us,us6000gelm,2022-03-01T16:37:58.040Z,"32 km ENE of Pemenang, Indonesia",earthquake,7.8,5.5,0.151,16,reviewed,us,us
2021-12-19T14:34:55.450Z,4.5616,96.2559,10,4.6,mb,,123,3.244,0.6,us,us6000gdls,2022-03-01T16:37:56.040Z,"48 km NNE of Meulaboh, Indonesia",earthquake,8.2,1.9,0.107,29,reviewed,us,us
2021-12-19T11:16:43.248Z,-6.7933,129.6808,174.63,4.6,mb,,93,1.992,0.71,us,us6000gdl3,2022-03-01T16:37:54.040Z,"Banda Sea",earthquake,7.1,8.2,0.075,53,reviewed,us,us
2021-12-18T21:05:59.603Z,-7.9358,119.7205,10,4.5,mb,,105,2.586,0.56,us,us6000gekj,2022-03-01T16:37:41.040Z,"Flores Sea",earthquake,6.8,1.9,0.171,10,reviewed,us,us
2021-12-18T20:27:32.456Z,-7.9869,122.3414,13.47,4.7,mb,,71,0.652,0.65,us,us6000gdh2,2022-03-01T16:37:40.040Z,"71 km NNE of Maumere, Indonesia",earthquake,5.3,5.3,0.108,26,reviewed,us,us
2021-12-18T19:06:09.013Z,-0.8038,131.4824,37.44,4.6,mb,,121,2.236,0.54,us,us6000gdgg,2022-03-01T16:37:37.040Z,"26 km ENE of Sorong, Indonesia",earthquake,7.8,6.2,0.076,55,reviewed,us,us
2021-12-18T18:55:32.978Z,-0.0931,129.8045,40.36,4.6,mb,,85,1.652,0.91,us,us6000gekb,2022-03-01T16:37:37.040Z,"183 km WNW of Sorong, Indonesia",earthquake,8.4,8.2,0.133,19,reviewed,us,us
2021-12-18T18:28:12.894Z,-0.2793,131.7488,10,4.9,mb,,114,2.669,0.54,us,us6000gel2,2022-03-01T16:37:36.040Z,"85 km NE of Sorong, Indonesia",earthquake,9.5,1.7,0.15,14,reviewed,us,us
2021-12-18T18:25:59.198Z,-0.6917,131.5239,10,5.2,mww,,54,2.328,0.65,us,us6000gdfv,2025-12-22T22:23:06.811Z,"Near the north coast of Papua, Indonesia",earthquake,6.9,1.5,0.069,20,reviewed,us,us
2021-12-18T15:05:01.832Z,-7.1882,121.3774,10,4.6,mb,,64,1.671,1.03,us,us6000gek6,2022-03-01T16:37:32.040Z,"183 km NNW of Maumere, Indonesia",earthquake,5.5,1.7,0.1,30,reviewed,us,us
2021-12-18T13:30:58.554Z,-7.4865,128.7057,132.09,4.5,mb,,46,2.616,1.13,us,us6000geka,2022-03-01T16:37:31.040Z,"220 km ENE of Lospalos, Timor Leste",earthquake,8,7.6,0.093,34,reviewed,us,us
2021-12-18T06:41:06.166Z,-7.4528,128.443,167.2,4.8,mb,,60,2.878,0.63,us,us6000gdcw,2025-12-22T22:23:05.799Z,"198 km NE of Lospalos, Timor Leste",earthquake,4.7,8.4,0.1,31,reviewed,us,us
2021-12-18T02:10:42.299Z,-7.2673,121.1441,10,4.8,mb,,95,1.738,1,us,us6000gdb3,2022-03-01T16:37:20.040Z,"166 km NNE of Ruteng, Indonesia",earthquake,6.9,1.9,0.161,14,reviewed,us,us
2021-12-16T13:23:43.876Z,-8.3743,119.4466,172.77,4.9,mb,,33,2.772,1,us,us6000gcrv,2022-02-24T21:01:46.040Z,"24 km NNW of Komodo, Indonesia",earthquake,7.9,7.7,0.101,32,reviewed,us,us
2021-12-16T11:03:30.817Z,-6.1953,127.989,378.62,5.2,mww,,20,3.733,0.91,us,us6000gcqy,2025-12-22T22:22:58.727Z,"277 km S of Ambon, Indonesia",earthquake,7.6,4.8,0.086,13,reviewed,us,us
2021-12-16T04:43:33.481Z,-7.041,128.6696,10,4.5,mb,,57,2.769,0.92,us,us6000gcnt,2022-02-24T21:01:34.040Z,"246 km NE of Lospalos, Timor Leste",earthquake,3.8,1.9,0.131,17,reviewed,us,us
2021-12-16T04:26:06.982Z,-7.0438,128.6847,10,5.6,mww,,30,2.754,0.85,us,us6000gcnj,2025-12-22T22:22:57.663Z,"247 km NE of Lospalos, Timor Leste",earthquake,5.8,1.6,0.073,18,reviewed,us,us
2021-12-15T23:01:33.625Z,-8.4912,113.5508,29.41,4.8,mb,,46,0.595,0.82,us,us6000gckn,2022-02-24T21:01:29.040Z,"30 km SE of Kencong, Indonesia",earthquake,6.3,4.3,0.071,61,reviewed,us,us
2021-12-15T22:24:01.676Z,-7.3634,121.0901,10,4.7,mb,,69,1.699,0.39,us,us6000gckg,2022-02-24T21:01:29.040Z,"154 km NNE of Ruteng, Indonesia",earthquake,5.4,1.9,0.101,30,reviewed,us,us
2021-12-15T17:42:37.740Z,-7.5686,121.6183,10,4.5,mb,,102,1.224,1.08,us,us6000gci2,2024-01-17T22:24:51.849Z,"133 km NNW of Maumere, Indonesia",earthquake,7,1.9,0.11,24,reviewed,us,us
2021-12-15T16:12:41.159Z,-8.3373,116.9203,10,4.5,mb,,85,2.742,1.16,us,us6000gcew,2022-02-24T21:01:11.040Z,"33 km ENE of Labuan Lombok, Indonesia",earthquake,7.6,1.9,0.135,17,reviewed,us,us
2021-12-15T09:14:30.931Z,-7.3961,121.1792,10,4.7,mb,,100,1.617,0.64,us,us6000gcd2,2022-02-24T21:01:04.040Z,"155 km NNE of Ruteng, Indonesia",earthquake,5,1.9,0.13,18,reviewed,us,us
2021-12-15T04:53:10.621Z,-7.8797,121.7611,10,4.9,mb,,110,0.886,0.88,us,us6000gcbz,2022-02-24T21:01:01.040Z,"Flores Sea",earthquake,4.6,1.9,0.115,24,reviewed,us,us
2021-12-15T03:52:35.026Z,-7.1979,121.1629,10,4.5,mb,,89,1.781,1.04,us,us6000gcbr,2022-02-24T21:01:00.040Z,"174 km NNE of Ruteng, Indonesia",earthquake,6.8,1.8,0.15,13,reviewed,us,us
2021-12-14T22:17:06.044Z,-7.6684,122.2948,10,4.8,mb,,84,0.962,0.86,us,us6000gc9w,2022-02-24T21:00:55.040Z,"105 km N of Maumere, Indonesia",earthquake,4.1,1.9,0.168,12,reviewed,us,us
2021-12-14T22:01:43.562Z,-7.5497,121.5705,10,4.9,mb,,62,1.265,1.14,us,us6000gc9r,2022-02-24T21:00:54.040Z,"137 km NNW of Maumere, Indonesia",earthquake,6.8,1.8,0.085,43,reviewed,us,us
2021-12-14T21:29:19.690Z,-9.7532,114.1716,40.42,4.8,mb,,27,1.275,1.19,us,us6000gc9i,2025-12-22T22:22:53.137Z,"147 km S of Muncar, Indonesia",earthquake,6,5.9,0.095,36,reviewed,us,us
2021-12-14T18:41:35.999Z,5.7415,127.1154,61.34,4.9,mb,,95,2.018,0.73,us,us6000gc8k,2022-02-24T21:00:51.040Z,"124 km ESE of Pondaguitan, Philippines",earthquake,7.3,5.8,0.045,166,reviewed,us,us
2021-12-14T08:31:31.397Z,-7.6129,122.3166,10,5.6,mb,,28,1.019,0.86,us,us6000gc4q,2025-12-22T22:22:33.201Z,"111 km N of Maumere, Indonesia",earthquake,6,1.7,0.049,150,reviewed,us,us
2021-12-14T07:44:06.904Z,-7.5367,121.8764,10,4.6,mb,,116,1.149,0.86,us,us6000gd4l,2022-02-24T21:02:14.040Z,"125 km NNW of Maumere, Indonesia",earthquake,6.3,1.7,0.152,13,reviewed,us,us
2021-12-14T05:46:40.534Z,-7.5496,121.7358,10,5,mb,,87,1.188,0.8,us,us6000gc3y,2022-02-24T21:00:42.040Z,"129 km NNW of Maumere, Indonesia",earthquake,6,1.9,0.076,55,reviewed,us,us
2021-12-14T04:34:04.199Z,-7.5638,121.6674,10,4.5,mb,,69,1.205,0.97,us,us6000gc3q,2022-02-24T21:00:41.040Z,"131 km NNW of Maumere, Indonesia",earthquake,4.6,1.9,0.14,15,reviewed,us,us
2021-12-14T04:28:39.107Z,-7.563,122.3039,10,4.5,mb,,68,1.067,0.43,us,us6000gc3l,2022-02-24T21:00:41.040Z,"117 km N of Maumere, Indonesia",earthquake,4.7,1.9,0.151,13,reviewed,us,us
2021-12-14T04:01:31.950Z,-7.9045,121.9476,10,4.5,mb,,151,0.781,0.35,us,us6000gd44,2022-02-24T21:02:11.040Z,"84 km NNW of Maumere, Indonesia",earthquake,7.8,1.3,0.241,5,reviewed,us,us
2021-12-14T03:47:02.526Z,-7.3823,121.7602,10,5.1,mb,,95,1.332,0.78,us,us6000gc3a,2022-02-24T21:00:39.040Z,"145 km NNW of Maumere, Indonesia",earthquake,7,1.8,0.147,15,reviewed,us,us
2021-12-14T03:41:55.460Z,-7.7822,122.4805,9.99,4.5,mb,,77,0.881,0.77,us,us6000gd4n,2022-02-24T21:02:14.040Z,"97 km NNE of Maumere, Indonesia",earthquake,5.4,2.9,0.18,9,reviewed,us,us
2021-12-14T03:38:14.724Z,-7.7145,121.403,10,4.6,mb,,81,1.233,0.58,us,us6000gd4j,2022-02-24T21:02:13.040Z,"128 km NNW of Ende, Indonesia",earthquake,6.9,1.7,0.146,14,reviewed,us,us
2021-12-14T03:25:27.949Z,-7.605,122.2449,10,5.8,mb,,67,1.024,0.7,us,us6000gcaj,2025-12-22T22:22:31.083Z,"112 km N of Maumere, Indonesia",earthquake,4.2,1.8,0.094,41,reviewed,us,us
2021-12-14T03:23:30.443Z,-7.6086,122.2473,10,5.7,mb,,68,1.02,1.22,us,us6000gcdu,2022-02-24T21:01:06.040Z,"111 km N of Maumere, Indonesia",earthquake,5.2,1.9,0.117,26,reviewed,us,us
2021-12-14T03:20:23.809Z,-7.6033,122.2274,14.27,7.3,mww,,32,1.025,0.61,us,us6000gc2a,2025-12-22T22:22:29.941Z,"Flores Sea",earthquake,5.1,2.6,0.055,32,reviewed,us,us
2021-12-14T01:14:23.854Z,5.7194,127.0238,109.49,4.5,mb,,163,1.965,0.85,us,us6000gd40,2022-02-24T21:02:09.040Z,"117 km SE of Pondaguitan, Philippines",earthquake,11.1,7.5,0.135,16,reviewed,us,us
2021-12-13T21:14:06.565Z,0.3669,120.6257,72.86,4.5,mb,,82,0.755,0.94,us,us6000gc07,2022-02-24T21:00:36.040Z,"164 km NNE of Palu, Indonesia",earthquake,4.1,7.7,0.124,19,reviewed,us,us
2021-12-13T05:46:58.852Z,-9.536,113.6533,54.94,5,mb,,56,1.168,0.51,us,us6000gbsu,2022-02-24T21:00:28.040Z,"137 km SSW of Gambiran Satu, Indonesia",earthquake,6.7,3,0.073,61,reviewed,us,us
2021-12-12T22:37:00.619Z,-4.184,101.317,35,4.6,mb,,58,1.643,0.67,us,us6000gbqz,2022-02-24T21:00:24.040Z,"113 km WSW of Bengkulu, Indonesia",earthquake,6.7,1.9,0.08,47,reviewed,us,us
2021-12-12T19:42:22.017Z,-10.6714,120.4521,35,4.5,mb,,61,2.681,1.07,us,us6000gcsy,2022-02-24T21:01:52.040Z,"114 km S of Waingapu, Indonesia",earthquake,4.6,2,0.128,19,reviewed,us,us
2021-12-12T19:34:25.570Z,-10.5158,120.3091,10,4.9,mb,,70,2.666,0.94,us,us6000gbq2,2024-01-17T22:24:40.185Z,"95 km S of Waingapu, Indonesia",earthquake,4.2,1.8,0.07,67,reviewed,us,us
2021-12-12T18:46:35.673Z,-10.6311,120.3859,35,4.6,mb,,38,2.695,1.21,us,us6000gcsw,2022-02-24T21:01:52.040Z,"108 km S of Waingapu, Indonesia",earthquake,3.2,2,0.111,24,reviewed,us,us
2021-12-12T18:22:25.177Z,-10.5685,120.361,49.85,4.5,mb,,69,2.667,1.05,us,us6000gct2,2022-02-24T21:01:53.040Z,"101 km S of Waingapu, Indonesia",earthquake,7.1,6.7,0.087,39,reviewed,us,us
2021-12-12T17:01:37.823Z,1.6289,128.8549,10,4.8,mb,,68,1.714,0.86,us,us6000gbpc,2022-02-24T21:00:18.040Z,"94 km E of Tobelo, Indonesia",earthquake,7.8,1.8,0.08,49,reviewed,us,us
2021-12-11T15:38:55.841Z,-7.3846,128.8994,39.59,4.6,mb,,67,2.451,0.67,us,us6000gchu,2022-02-24T21:01:20.040Z,"244 km ENE of Lospalos, Timor Leste",earthquake,4.5,9.2,0.141,16,reviewed,us,us
2021-12-11T15:29:46.358Z,-7.0422,128.6902,13,5.4,mww,,39,2.75,1.07,us,us6000gbfn,2025-12-22T22:22:18.753Z,"248 km NE of Lospalos, Timor Leste",earthquake,5,1.7,0.098,10,reviewed,us,us
2021-12-11T00:19:22.266Z,4.7201,95.0921,47.19,4.6,mb,,183,4.32,0.47,us,us6000gch5,2022-02-24T21:01:16.040Z,"94 km SSW of Banda Aceh, Indonesia",earthquake,12.4,9.9,0.152,13,reviewed,us,us
2021-12-10T18:39:18.505Z,-0.0345,122.9795,149.56,5,mww,,25,1.021,0.96,us,us6000gb9b,2025-12-22T22:22:15.364Z,"63 km S of Gorontalo, Indonesia",earthquake,6.9,4,0.068,21,reviewed,us,us
2021-12-10T03:14:09.214Z,3.9048,126.6118,50.37,4.5,mb,,118,3.202,0.68,us,us6000gcf6,2022-02-24T21:01:12.040Z,"209 km SE of Sarangani, Philippines",earthquake,10.7,7.1,0.096,35,reviewed,us,us
2021-12-09T19:00:18.371Z,0.6162,126.1533,9.95,4.6,mb,,96,1.223,0.3,us,us6000gc84,2022-02-12T23:07:48.040Z,"138 km W of Ternate, Indonesia",earthquake,7.9,2.8,0.223,6,reviewed,us,us
2021-12-09T14:55:23.706Z,3.6435,126.5577,46.08,4.7,mb,,45,2.964,0.7,us,us6000gaur,2022-02-12T23:07:14.040Z,"229 km SSE of Sarangani, Philippines",earthquake,7.5,6.3,0.072,58,reviewed,us,us
2021-12-08T23:44:45.562Z,-7.5085,119.2729,282.69,4.7,mb,,42,2.523,0.72,us,us6000gap9,2022-02-12T23:07:04.040Z,"121 km NNE of Bima, Indonesia",earthquake,7.4,3.9,0.06,85,reviewed,us,us
2021-12-08T19:00:53.524Z,-7.8031,123.3878,251.92,5.1,mww,,33,1.407,1.17,us,us6000gall,2025-12-22T22:15:12.865Z,"158 km NE of Maumere, Indonesia",earthquake,6.8,4,0.063,24,reviewed,us,us
2021-12-07T16:26:26.987Z,-7.8284,123.086,267.73,5.2,mww,,28,1.161,0.94,us,us6000ga40,2025-12-22T22:21:49.667Z,"130 km NE of Maumere, Indonesia",earthquake,7,4.8,0.093,11,reviewed,us,us
2021-12-06T03:02:56.233Z,-7.4297,127.5573,10,4.5,mb,,65,3.748,0.59,us,us6000g9dv,2022-02-12T23:06:09.040Z,"135 km NNE of Lospalos, Timor Leste",earthquake,8.5,1.9,0.171,13,reviewed,us,us
2021-12-06T02:39:54.280Z,-8.7069,118.3381,10,4.5,mb,,91,3.856,0.92,us,us6000g9dt,2022-02-12T23:06:09.040Z,"23 km SW of Dompu, Indonesia",earthquake,5.8,1.9,0.242,6,reviewed,us,us
2021-12-05T22:05:43.701Z,3.3063,126.9972,91.42,4.6,mb,,110,2.544,0.5,us,us6000gax6,2022-02-12T23:07:20.040Z,"207 km NNW of Tobelo, Indonesia",earthquake,5.2,8.3,0.125,19,reviewed,us,us
2021-12-05T21:33:30.804Z,0.1669,123.7585,118.99,4.5,mb,,60,1.554,0.83,us,us6000g9c0,2022-02-12T23:06:06.040Z,"87 km ESE of Gorontalo, Indonesia",earthquake,5.7,7.8,0.131,17,reviewed,us,us
2021-12-05T01:10:56.959Z,-1.9016,140.5378,12.95,5.3,mww,,26,0.631,0.88,us,us6000g962,2025-12-22T22:21:26.237Z,"72 km NNW of Jayapura, Indonesia",earthquake,6.3,2.4,0.075,17,reviewed,us,us
2021-12-04T23:47:55.581Z,4.0932,128.1359,149,6,mww,,10,3.387,1.04,us,us6000g944,2025-12-22T22:21:25.085Z,"261 km N of Tobelo, Indonesia",earthquake,6.5,1.8,0.045,47,reviewed,us,us
2021-12-04T15:29:33.972Z,2.8699,95.3451,10,4.9,mb,,59,2.718,0.92,us,us6000g916,2022-02-12T23:05:52.040Z,"122 km WNW of Sinabang, Indonesia",earthquake,4.7,1.7,0.069,70,reviewed,us,us
2021-12-04T07:25:21.683Z,-6.6392,130.3563,112.95,4.8,mb,,96,1.629,0.64,us,us6000g8yq,2022-02-12T23:05:48.040Z,"287 km WSW of Tual, Indonesia",earthquake,7.5,7.2,0.093,36,reviewed,us,us
2021-12-04T04:53:45.833Z,-2.8314,129.9486,10,4.5,mb,,104,2.299,0.84,us,us6000gaj9,2022-02-12T23:06:51.040Z,"127 km ENE of Amahai, Indonesia",earthquake,7.5,1.4,0.132,19,reviewed,us,us
2021-12-02T22:16:39.797Z,-9.887,108.2242,10,4.6,mb,,71,2.474,0.52,us,us6000g8ki,2022-02-05T23:03:53.040Z,"272 km SSW of Sidareja, Indonesia",earthquake,5.7,1.3,0.084,42,reviewed,us,us
2021-11-29T23:03:16.056Z,-6.7796,104.223,40.37,4.6,mb,,61,2.714,0.77,us,us6000g7rp,2022-02-05T23:03:27.040Z,"183 km WSW of Labuan, Indonesia",earthquake,5.9,7.2,0.077,51,reviewed,us,us
2021-11-29T15:25:44.797Z,-1.3075,99.7371,49.99,4.6,mb,,77,2.08,0.83,us,us6000g8rl,2022-02-05T23:03:56.040Z,"79 km WSW of Padang, Indonesia",earthquake,7.7,7.2,0.092,35,reviewed,us,us
2021-11-29T15:24:25.907Z,-2.5579,99.5117,10,4.5,mb,,64,3.246,0.62,us,us7000fxzv,2022-02-05T23:04:34.040Z,"201 km SSW of Padang, Indonesia",earthquake,7.5,1.9,0.099,32,reviewed,us,us
2021-11-28T23:34:02.907Z,-3.8564,134.3792,10,4.5,mb,,88,2.321,1.19,us,us6000g8h0,2022-02-05T23:03:52.040Z,"136 km WSW of Nabire, Indonesia",earthquake,5.9,1.9,0.18,9,reviewed,us,us
2021-11-28T20:53:00.986Z,-6.5663,104.3785,41.33,4.5,mb,,52,2.609,1.17,us,us6000g8gv,2022-02-05T23:03:52.040Z,"159 km SW of Bandar Lampung, Indonesia",earthquake,8.6,7.9,0.118,21,reviewed,us,us
2021-11-28T17:27:30.985Z,-2.6072,140.4484,37.08,4.5,mb,,59,6.934,0.66,us,us7000fxt1,2022-02-05T23:04:28.040Z,"20 km W of Abepura, Indonesia",earthquake,10.3,7,0.101,29,reviewed,us,us
2021-11-28T13:51:16.088Z,-6.7714,125.4315,537.93,4.9,mb,,32,3.18,0.75,us,us7000fxr9,2022-02-05T23:04:27.040Z,"197 km N of Metinaro, Timor Leste",earthquake,7.4,5.9,0.052,118,reviewed,us,us
2021-11-27T06:01:53.355Z,4.6874,126.2666,79.98,5.2,mww,,80,2.463,0.89,us,us7000fxf8,2025-12-22T22:20:59.840Z,"Pulau-Pulau Talaud, Indonesia",earthquake,6.8,6.1,0.075,17,reviewed,us,us
2021-11-26T15:53:36.106Z,-8.1316,104.2656,10,4.7,mb,,81,2.698,0.73,us,us6000g889,2022-02-05T23:03:43.040Z,"259 km SW of Labuan, Indonesia",earthquake,5.2,1.9,0.137,16,reviewed,us,us
2021-11-26T00:41:02.500Z,-3.1708,101.6916,88.82,4.6,mb,,184,1.728,0.88,us,us6000g87m,2022-02-05T23:03:41.040Z,"94 km NW of Bengkulu, Indonesia",earthquake,10.5,10,0.114,23,reviewed,us,us
2021-11-25T03:56:01.400Z,3.3164,124.1444,380.31,4.7,mb,,62,3.992,0.8,us,us7000fwxt,2022-01-29T22:55:53.040Z,"217 km NNW of Manado, Indonesia",earthquake,7.6,5.4,0.052,110,reviewed,us,us
2021-11-23T19:59:41.935Z,-0.0837,123.9148,101.07,4.6,mb,,36,1.487,1,us,us7000fwj0,2022-01-29T22:55:34.040Z,"117 km SE of Gorontalo, Indonesia",earthquake,5.8,5.5,0.069,71,reviewed,us,us
2021-11-23T13:20:43.707Z,0.5668,122.879,287.38,4.5,mb,,47,1.601,0.6,us,us7000fwfp,2022-01-29T22:55:31.040Z,"20 km W of Gorontalo, Indonesia",earthquake,6.3,6.2,0.065,73,reviewed,us,us
2021-11-23T04:23:48.311Z,3.6149,126.9506,51.46,4.6,mb,,114,2.854,0.64,us,us7000fxa2,2022-01-29T22:56:05.040Z,"239 km NNW of Tobelo, Indonesia",earthquake,9.7,8.7,0.132,17,reviewed,us,us
2021-11-22T21:13:53.506Z,0.3728,96.6335,10,4.8,mww,,46,1.32,0.73,us,us7000fwac,2022-01-29T22:55:24.040Z,"234 km S of Sinabang, Indonesia",earthquake,5.5,1.8,0.086,13,reviewed,us,us
2021-11-22T15:48:11.152Z,-2.7467,126.6398,10,4.5,mb,,50,3.569,0.64,us,us7000fw7l,2022-01-29T22:55:22.040Z,"201 km WNW of Ambon, Indonesia",earthquake,6.7,1.9,0.113,23,reviewed,us,us
2021-11-22T00:23:41.561Z,-8.0672,104.3692,10,4.5,mb,,161,2.702,0.53,us,us7000fw1m,2022-01-29T22:55:17.040Z,"246 km SW of Labuan, Indonesia",earthquake,4.8,1.9,0.108,25,reviewed,us,us
2021-11-21T18:20:53.742Z,-3.4199,101.4466,65.14,4.5,mb,,60,1.771,1.24,us,us7000fx1j,2022-01-29T22:55:58.040Z,"100 km WNW of Bengkulu, Indonesia",earthquake,7.4,6.5,0.121,20,reviewed,us,us
2021-11-19T11:16:29.708Z,0.2242,96.701,10,4.9,mb,,136,1.383,0.52,us,us7000fvf6,2022-01-29T22:54:59.040Z,"252 km S of Sinabang, Indonesia",earthquake,5.6,1.9,0.068,69,reviewed,us,us
2021-11-19T08:14:16.803Z,-8.0961,122.622,214.86,4.5,mb,,58,0.657,1,us,us7000fvea,2022-01-29T22:54:58.040Z,"73 km NE of Maumere, Indonesia",earthquake,9.1,6.9,0.116,22,reviewed,us,us
2021-11-18T18:50:27.623Z,-10.9476,123.6777,10,4.6,mb,,107,0.736,1.06,us,us7000fv8q,2022-01-22T20:52:07.040Z,"86 km S of Kupang, Indonesia",earthquake,5.6,1.3,0.244,5,reviewed,us,us
2021-11-18T05:48:58.300Z,-7.3783,128.4189,160.3,4.9,mb,,34,2.916,0.53,us,us7000fv0q,2022-01-22T20:52:01.040Z,"201 km NE of Lospalos, Timor Leste",earthquake,7.9,7.3,0.064,76,reviewed,us,us
2021-11-17T03:30:34.980Z,-3.5754,101.5892,59.84,5,mb,,69,1.57,0.93,us,us7000fuqy,2022-01-22T20:51:57.040Z,"79 km WNW of Bengkulu, Indonesia",earthquake,4.2,6.5,0.072,61,reviewed,us,us
2021-11-16T08:10:35.983Z,2.5905,128.405,61.23,4.5,mb,,106,2.083,0.88,us,us7000fvia,2022-01-22T20:52:09.040Z,"104 km NNE of Tobelo, Indonesia",earthquake,8.9,6.8,0.097,31,reviewed,us,us
2021-11-15T20:24:42.861Z,-6.2433,130.2081,151.35,4.8,mb,,39,2.039,0.96,us,us7000fuec,2022-01-22T20:51:54.040Z,"289 km WSW of Tual, Indonesia",earthquake,7.3,7.5,0.071,61,reviewed,us,us
2021-11-15T16:17:50.848Z,5.1451,126.9394,51.05,4.5,mb,,116,2.342,1.01,us,us7000fubu,2022-01-22T20:51:54.040Z,"158 km SSE of Pondaguitan, Philippines",earthquake,7.9,0.7,0.106,29,reviewed,us,us
2021-11-13T13:42:52.450Z,1.6806,127.4421,136.22,4.8,mb,,49,0.905,0.83,us,us7000ftts,2022-01-22T20:51:48.040Z,"63 km W of Tobelo, Indonesia",earthquake,7.9,1.1,0.05,123,reviewed,us,us
2021-11-12T10:44:17.100Z,1.2957,98.8933,91.42,5.1,mww,,45,1.317,0.52,us,us7000ftia,2025-12-22T22:19:56.681Z,"43 km WSW of Padangsidempuan, Indonesia",earthquake,6.2,4.5,0.073,18,reviewed,us,us
2021-11-12T08:32:30.158Z,2.1429,96.2097,10,4.8,mb,,152,1.599,0.63,us,us7000fthq,2022-01-22T20:51:46.040Z,"41 km SSW of Sinabang, Indonesia",earthquake,8.6,1.9,0.092,36,reviewed,us,us
2021-11-12T06:33:23.300Z,0.201,98.5221,41.5,4.6,mb,,138,1.447,0.59,us,us7000fth3,2022-01-22T20:51:46.040Z,"154 km SSW of Padangsidempuan, Indonesia",earthquake,4,8,0.147,14,reviewed,us,us
2021-11-11T03:13:11.831Z,0.5863,96.6701,10,4.6,mb,,181,1.152,0.58,us,us7000fulm,2022-01-15T20:51:53.040Z,"211 km S of Sinabang, Indonesia",earthquake,10.3,2,0.165,11,reviewed,us,us
2021-11-10T17:46:40.379Z,-4.3244,134.1805,10,6,mww,,22,2.38,0.85,us,us7000ft0f,2025-12-22T22:24:26.514Z,"181 km SW of Nabire, Indonesia",earthquake,6.1,1.7,0.049,40,reviewed,us,us
2021-11-10T15:09:48.464Z,2.8491,127.4723,78.13,4.6,mb,,134,2.066,0.87,us,us7000fszj,2022-01-15T20:51:45.040Z,"137 km NNW of Tobelo, Indonesia",earthquake,8.1,7.7,0.083,44,reviewed,us,us
2021-11-10T14:25:17.646Z,1.9401,96.6995,28.47,4.7,mb,,96,1.079,0.46,us,us7000fszd,2022-01-15T20:51:45.040Z,"69 km SSE of Sinabang, Indonesia",earthquake,6.3,2.1,0.065,72,reviewed,us,us
2021-11-10T07:18:16.058Z,0.2491,96.5784,9.8,4.5,mb,,143,1.446,0.61,us,us7000fucj,2022-01-15T20:51:52.040Z,"247 km S of Sinabang, Indonesia",earthquake,7.6,5.1,0.14,15,reviewed,us,us
2021-11-10T02:50:07.762Z,-7.5917,105.8256,21.04,5.1,mb,,45,1.813,0.84,us,us7000fsv8,2022-08-06T19:48:32.675Z,"104 km SW of Pelabuhanratu, Indonesia",earthquake,2.3,4.2,0.062,83,reviewed,us,us
2021-11-09T22:36:35.996Z,5.6747,126.1207,109.49,4.6,mb,,83,1.486,0.95,us,us7000fsty,2022-01-15T20:51:44.040Z,"59 km ESE of Caburan, Philippines",earthquake,7.4,5.9,0.06,82,reviewed,us,us
2021-11-09T02:19:08.209Z,-5.4481,123.1961,10,4.8,mb,,50,3.306,0.41,us,us7000fsj4,2022-01-15T20:51:42.040Z,"94 km SE of Katabu, Indonesia",earthquake,6.4,1.8,0.097,33,reviewed,us,us
2021-11-08T20:07:54.749Z,-0.2326,125.1227,49.72,4.7,mb,,48,2.455,0.93,us,us7000fsgi,2022-01-15T20:51:41.040Z,"171 km S of Tondano, Indonesia",earthquake,5.6,6.6,0.07,62,reviewed,us,us
2021-11-08T05:05:56.449Z,-0.5846,123.5502,10,5.4,mb,,23,0.901,0.84,us,us7000fsbt,2025-12-22T22:19:47.721Z,"Sulawesi, Indonesia",earthquake,4.6,1.7,0.041,201,reviewed,us,us
2021-11-07T16:28:17.088Z,-2.895,129.3895,10,4.7,mb,,45,2.75,0.79,us,us7000fs8b,2022-01-15T20:51:38.040Z,"71 km NE of Amahai, Indonesia",earthquake,6.4,1.8,0.071,63,reviewed,us,us
2021-11-07T03:50:47.121Z,0.9638,119.9714,35,4.5,mb,,146,0.823,0.85,us,us7000ft8w,2022-01-15T20:51:49.040Z,"207 km N of Palu, Indonesia",earthquake,9.6,2,0.221,7,reviewed,us,us
2021-11-06T16:01:56.326Z,-3.4755,134.0315,16.44,4.8,mb,,75,1.863,0.89,us,us7000fs2d,2022-01-15T20:51:37.040Z,"163 km W of Nabire, Indonesia",earthquake,8.9,4.2,0.068,67,reviewed,us,us
2021-11-06T14:37:36.731Z,-0.0451,124.2812,34,6,mww,,20,1.805,1.11,us,us7000fs08,2025-12-22T22:19:42.088Z,"150 km ESE of Gorontalo, Indonesia",earthquake,3.1,1.8,0.06,27,reviewed,us,us
2021-11-06T05:30:22.706Z,-6.1244,130.1761,162.31,4.5,mb,,74,3.795,0.74,us,us7000frxq,2022-01-15T20:51:35.040Z,"290 km W of Tual, Indonesia",earthquake,9.3,7.9,0.094,33,reviewed,us,us
2021-11-06T03:56:19.460Z,-1.3117,120.6152,10,5.1,mww,,35,2.172,1,us,us7000frwy,2025-12-22T22:19:39.825Z,"17 km WNW of Poso, Indonesia",earthquake,4.9,1.8,0.069,20,reviewed,us,us
2021-11-04T14:06:52.449Z,1.2381,126.3902,54.77,4.5,mb,,88,1.08,1.05,us,us7000fre5,2022-01-14T17:58:59.040Z,"121 km WNW of Ternate, Indonesia",earthquake,3.8,6.9,0.11,24,reviewed,us,us
2021-11-04T08:08:32.471Z,0.3836,96.754,10,4.5,mb,,197,1.229,0.65,us,us7000fsqq,2022-01-14T17:59:07.040Z,"235 km S of Sinabang, Indonesia",earthquake,6.6,1.9,0.163,11,reviewed,us,us
2021-11-04T07:56:55.963Z,-6.8176,129.5313,132.21,4.5,mb,,71,4.725,0.54,us,us7000frcn,2022-01-14T17:58:59.040Z,"Banda Sea",earthquake,8.3,8,0.092,39,reviewed,us,us
2021-11-04T02:42:44.032Z,-2.9473,129.3394,18,5.7,mww,,21,2.823,0.78,us,us7000fraj,2025-12-22T22:19:31.966Z,"63 km NE of Amahai, Indonesia",earthquake,5.8,1.7,0.083,14,reviewed,us,us
2021-11-03T14:11:28.591Z,-0.2545,123.9723,66.71,4.9,mww,,22,1.432,0.72,us,us7000fr4t,2022-01-14T17:58:57.040Z,"133 km SE of Gorontalo, Indonesia",earthquake,6.4,6.2,0.089,12,reviewed,us,us
2021-11-03T09:11:19.437Z,1.8567,126.6245,35.67,4.5,mb,,117,1.308,0.52,us,us7000fr2z,2022-01-14T17:58:57.040Z,"145 km NW of Ternate, Indonesia",earthquake,5.6,7.7,0.111,24,reviewed,us,us
2021-11-03T01:30:21.857Z,0.2152,96.6722,10,4.7,mb,,62,1.409,0.75,us,us7000fr0c,2022-01-14T17:58:56.040Z,"252 km S of Sinabang, Indonesia",earthquake,5.6,1.8,0.076,53,reviewed,us,us
2021-11-03T00:50:35.771Z,0.9206,98.5198,64.77,5.1,mb,,50,1.018,1.06,us,us7000fqzz,2022-01-14T17:58:55.040Z,"95 km SSW of Sibolga, Indonesia",earthquake,5,5.2,0.054,114,reviewed,us,us
2021-11-02T16:43:52.813Z,-6.8798,130.4969,94,5.9,mww,,29,4.304,0.82,us,us7000fqve,2025-12-22T22:19:24.258Z,"285 km WSW of Tual, Indonesia",earthquake,6.8,1.9,0.068,21,reviewed,us,us
2021-11-02T14:59:16.825Z,0.1717,96.675,10,4.5,mb,,61,1.44,0.54,us,us7000fqui,2022-01-14T17:58:54.040Z,"257 km S of Sinabang, Indonesia",earthquake,10.3,1.9,0.102,30,reviewed,us,us
2021-11-02T14:47:48.048Z,0.1448,96.6846,10,4.9,mb,,47,1.455,0.96,us,us7000fque,2022-01-14T17:58:54.040Z,"260 km S of Sinabang, Indonesia",earthquake,4.3,1.8,0.06,91,reviewed,us,us
2021-11-02T13:39:16.657Z,0.266,96.6246,10,4.9,mww,,34,1.402,0.82,us,us7000fqu4,2022-01-14T17:58:54.040Z,"246 km S of Sinabang, Indonesia",earthquake,3.1,1.8,0.098,10,reviewed,us,us
2021-11-02T10:04:08.027Z,0.2776,96.6946,10,4.7,mb,,33,1.347,0.47,us,us7000fqt3,2022-01-14T17:58:52.040Z,"246 km S of Sinabang, Indonesia",earthquake,6.9,1.8,0.061,84,reviewed,us,us
2021-11-01T21:47:34.488Z,0.298,96.7281,10,4.7,mb,,114,1.31,1.01,us,us7000fqmg,2022-01-14T17:58:51.040Z,"244 km S of Sinabang, Indonesia",earthquake,3.6,1.8,0.073,57,reviewed,us,us
2021-11-01T18:38:08.475Z,0.2161,96.7256,10,4.7,mb,,187,1.374,1,us,us7000frrc,2022-01-14T17:59:03.040Z,"253 km S of Sinabang, Indonesia",earthquake,8.7,1.9,0.13,18,reviewed,us,us
2021-11-01T18:37:59.930Z,0.2528,96.7126,10,4.6,mb,,115,1.354,0.73,us,us7000fqkn,2022-01-14T17:58:51.040Z,"249 km S of Sinabang, Indonesia",earthquake,10.8,1.8,0.081,45,reviewed,us,us
2021-11-01T17:04:16.557Z,0.2081,96.709,8,6,mww,,17,1.391,1,us,us7000fqjc,2025-12-22T22:15:06.753Z,"253 km S of Sinabang, Indonesia",earthquake,7.2,1.7,0.047,44,reviewed,us,us
2021-11-01T13:30:37.944Z,2.7555,128.605,223.42,4.5,mb,,80,2.326,0.56,us,us7000fqhv,2022-01-14T17:58:50.040Z,"131 km NNE of Tobelo, Indonesia",earthquake,8.1,1.9,0.07,63,reviewed,us,us
2021-11-01T06:19:37.522Z,-4.4267,102.0245,30.88,4.5,mb,,63,0.93,0.48,us,us7000fqgd,2022-01-14T17:58:49.040Z,"74 km SSW of Bengkulu, Indonesia",earthquake,6.6,4.2,0.081,45,reviewed,us,us
2021-10-31T02:06:32.913Z,-7.1565,129.1275,156.34,4.5,mb,,42,2.303,1.27,us,us7000fq7a,2022-01-14T17:58:46.040Z,"279 km ENE of Lospalos, Timor Leste",earthquake,5,8,0.121,21,reviewed,us,us
2021-10-30T11:15:15.345Z,-4.5761,127.047,18.88,4.9,mb,,53,5.321,0.38,us,us7000frf1,2022-01-14T17:59:00.040Z,"159 km SW of Ambon, Indonesia",earthquake,8,4.4,0.066,81,reviewed,us,us
2021-10-30T11:11:42.064Z,-7.7093,125.4591,17.43,5.5,mww,,34,2.349,0.54,us,us7000fq2q,2025-12-22T22:19:11.986Z,"94 km N of Dili, Timor Leste",earthquake,6.4,4,0.065,23,reviewed,us,us
2021-10-29T04:33:31.864Z,5.2665,125.4891,177.31,5.1,mb,,34,1.793,1.16,us,us7000fpmk,2022-01-14T17:58:41.040Z,"15 km S of Sarangani, Philippines",earthquake,7.5,1,0.041,197,reviewed,us,us
2021-10-28T10:00:10.505Z,3.0383,127.9991,81.85,4.5,mb,,112,2.338,0.8,us,us7000fr5b,2022-01-08T17:43:53.040Z,"144 km N of Tobelo, Indonesia",earthquake,4.4,7.2,0.094,37,reviewed,us,us
2021-10-28T07:02:59.810Z,-6.3006,130.2279,116.07,4.5,mb,,55,3.916,0.69,us,us7000fpcy,2022-01-08T17:43:20.040Z,"289 km WSW of Tual, Indonesia",earthquake,8.4,8.5,0.099,31,reviewed,us,us
2021-10-28T04:19:32.352Z,-3.445,135.4228,36.47,4.6,mb,,52,3.211,0.46,us,us7000fr5a,2022-01-08T17:43:53.040Z,"12 km SW of Nabire, Indonesia",earthquake,7,5.5,0.098,31,reviewed,us,us
2021-10-28T02:32:05.662Z,-7.476,128.4376,128.08,5.1,mb,,20,2.879,0.83,us,us7000fpbe,2022-01-08T17:43:18.040Z,"196 km NE of Lospalos, Timor Leste",earthquake,6.7,4.4,0.052,119,reviewed,us,us
2021-10-27T20:41:57.228Z,-5.9849,128.7265,326.18,4.7,mb,,20,3.233,0.93,us,us7000fp9d,2022-01-08T17:43:16.040Z,"260 km SSE of Ambon, Indonesia",earthquake,7.6,5.6,0.047,136,reviewed,us,us
2021-10-27T05:50:44.322Z,-9.5664,124.9568,38.38,4.8,mb,,52,0.705,0.91,us,us7000fp4c,2022-01-08T17:43:09.040Z,"43 km SW of Suai, Timor Leste",earthquake,6.4,7.2,0.105,37,reviewed,us,us
2021-10-26T09:46:07.133Z,1.4439,127.054,127.19,4.8,mww,,65,0.737,0.45,us,us6000fxku,2022-01-08T17:42:39.040Z,"Halmahera, Indonesia",earthquake,4.1,5,0.098,10,reviewed,us,us
2021-10-26T01:44:29.562Z,-2.8611,129.5944,10,4.6,mb,,78,2.589,0.65,us,us7000fpta,2022-01-08T17:43:44.040Z,"91 km NE of Amahai, Indonesia",earthquake,5.3,1.9,0.223,6,reviewed,us,us
2021-10-25T22:05:11.771Z,-3.2153,140.9429,34.98,5.2,mww,,24,0.735,0.91,us,us6000fxhi,2025-12-22T22:18:42.230Z,"71 km SW of Vanimo, Papua New Guinea",earthquake,6.8,4.1,0.078,16,reviewed,us,us
2021-10-25T14:39:10.611Z,2.7926,95.399,10,4.6,mb,,151,2.63,0.53,us,us6000fxea,2022-01-08T17:42:29.040Z,"114 km WNW of Sinabang, Indonesia",earthquake,7.6,1.9,0.075,58,reviewed,us,us
2021-10-25T06:52:04.052Z,-9.3066,107.8227,10,5.1,mb,,29,1.84,0.44,us,us6000fxc9,2022-01-08T17:42:26.040Z,"217 km SSW of Kawalu, Indonesia",earthquake,3.2,1.8,0.062,84,reviewed,us,us
2021-10-25T02:30:47.375Z,0.5444,123.5277,247.4,4.9,mb,,39,1.747,1.11,us,us6000fxb2,2022-01-08T17:42:24.040Z,"51 km E of Gorontalo, Indonesia",earthquake,7,5.1,0.04,198,reviewed,us,us
2021-10-24T21:54:53.514Z,2.9759,128.0103,90.21,4.5,mb,,85,2.281,0.66,us,us6000fx9x,2022-01-08T17:42:22.040Z,"137 km N of Tobelo, Indonesia",earthquake,7.2,7.1,0.091,36,reviewed,us,us
2021-10-24T03:22:10.401Z,1.5454,126.4982,45.93,4.8,mb,,64,1.159,0.89,us,us6000fx4j,2022-01-08T17:42:12.040Z,"129 km NW of Ternate, Indonesia",earthquake,6.9,6.6,0.087,44,reviewed,us,us
2021-10-23T23:34:25.776Z,-4.6852,101.9672,46.53,4.8,mb,,40,1.036,0.53,us,us6000fx3t,2022-01-08T17:42:11.040Z,"103 km SSW of Bengkulu, Indonesia",earthquake,7.9,5.4,0.052,116,reviewed,us,us
2021-10-23T10:32:43.064Z,-6.9048,129.9296,138.24,4.5,mb,,49,1.729,0.57,us,us6000fwzy,2022-01-08T17:42:06.040Z,"Banda Sea",earthquake,8.4,7.5,0.08,46,reviewed,us,us
2021-10-22T02:39:17.295Z,-9.0639,110.4274,30.42,4.5,mb,,53,1.147,1.22,us,us6000fwmw,2022-01-08T17:41:53.040Z,"123 km S of Pundong, Indonesia",earthquake,6.9,2,0.132,18,reviewed,us,us
2021-10-22T02:21:15.739Z,-8.6515,112.5513,72.87,4.9,mww,,29,1.593,1.28,us,us6000fwmg,2025-12-22T22:17:55.533Z,"53 km SSW of Dampit, Indonesia",earthquake,5.2,4.2,0.098,10,reviewed,us,us
2021-10-20T18:53:17.448Z,-7.9008,106.4551,35,4.5,mb,,133,1.261,1.01,us,us6000fxfe,2021-12-25T22:59:01.040Z,"101 km S of Pelabuhanratu, Indonesia",earthquake,8.3,2,0.205,8,reviewed,us,us
2021-10-20T09:21:11.505Z,-8.2559,116.7938,10,4.8,mb,,42,2.622,0.8,us,us6000fw2t,2021-12-25T22:58:51.040Z,"30 km NNE of Labuan Lombok, Indonesia",earthquake,7.3,1.9,0.109,26,reviewed,us,us
2021-10-20T06:10:47.006Z,-2.3088,139.2914,10,5,mb,,52,1.426,1.1,us,us6000fw1u,2021-12-25T22:58:50.040Z,"152 km WNW of Abepura, Indonesia",earthquake,6.7,1.8,0.07,65,reviewed,us,us
2021-10-19T00:37:31.205Z,-3.6304,134.7043,10,4.7,mb,,47,2.551,0.73,us,us6000fvs0,2021-12-25T22:58:47.040Z,"93 km WSW of Nabire, Indonesia",earthquake,3.1,1.9,0.088,39,reviewed,us,us
2021-10-18T16:29:20.688Z,1.0918,128.0997,10,4.5,mb,,93,0.798,0.65,us,us6000fwqm,2021-12-25T22:58:59.040Z,"71 km S of Tobelo, Indonesia",earthquake,4.8,1.9,0.116,23,reviewed,us,us
2021-10-18T07:03:49.081Z,2.8002,128.1005,150.07,4.6,mb,,63,2.144,0.55,us,us6000fvk9,2021-12-25T22:58:45.040Z,"118 km N of Tobelo, Indonesia",earthquake,6.6,4.5,0.054,102,reviewed,us,us
2021-10-18T00:35:54.691Z,1.2807,127.9495,127.95,4.5,mb,,72,0.771,0.62,us,us6000fwq4,2021-12-25T22:58:58.040Z,"49 km S of Tobelo, Indonesia",earthquake,8.7,6.8,0.116,22,reviewed,us,us
2021-10-17T22:04:31.890Z,-2.9323,129.6368,10,4.5,mb,,69,2.608,0.74,us,us6000fwgu,2021-12-25T22:58:57.040Z,"91 km ENE of Amahai, Indonesia",earthquake,7.6,1.9,0.132,17,reviewed,us,us
2021-10-16T10:08:28.275Z,0.8569,126.2687,44.03,4.6,mb,,52,1.101,0.51,us,us6000fv71,2021-12-25T22:58:38.040Z,"124 km W of Ternate, Indonesia",earthquake,6,7.8,0.069,67,reviewed,us,us
2021-10-15T23:17:27.891Z,-4.9203,102.9791,59.39,5,mb,,50,0.556,0.77,us,us6000fv2g,2021-12-25T22:58:36.040Z,"103 km SSW of Pagar Alam, Indonesia",earthquake,6.7,5.9,0.066,73,reviewed,us,us
2021-10-15T20:18:21.008Z,-8.3283,115.4645,10,4.7,mww,,25,1.306,0.99,us,us6000fv0u,2021-12-25T22:58:36.040Z,"18 km NNE of Banjar Wangsian, Indonesia",earthquake,5.6,1.7,0.098,10,reviewed,us,us
2021-10-15T19:48:34.333Z,1.4091,97.0429,28.35,4.5,mb,,167,0.542,0.83,us,us6000fv0h,2021-12-25T22:58:36.040Z,"127 km SW of Singkil, Indonesia",earthquake,4.1,3.7,0.081,48,reviewed,us,us
2021-10-15T17:55:21.189Z,5.4914,127.0086,108.66,4.5,mb,,116,2.116,0.68,us,us6000fuzk,2021-12-25T22:58:36.040Z,"133 km SE of Pondaguitan, Philippines",earthquake,7.5,7.3,0.073,58,reviewed,us,us
2021-10-14T20:49:18.495Z,-7.0946,130.0521,97.67,4.9,mb,,93,1.518,0.56,us,us6000fupd,2021-12-18T19:59:06.040Z,"Pulau Pulau Tanimbar, Indonesia",earthquake,3.1,6.2,0.07,67,reviewed,us,us
2021-10-14T15:16:29.752Z,1.2369,126.1559,41,5.5,mww,,13,1.295,0.93,us,us6000fuke,2025-12-22T22:17:44.446Z,"134 km ESE of Laikit, Laikit II (Dimembe), Indonesia",earthquake,5.4,1.8,0.063,24,reviewed,us,us
2021-10-13T10:51:47.685Z,-7.0998,130.0563,91.46,5,mb,,78,1.512,0.61,us,us6000fu72,2021-12-18T19:59:01.040Z,"Pulau Pulau Tanimbar, Indonesia",earthquake,7.2,6.8,0.076,55,reviewed,us,us
2021-10-13T09:57:27.898Z,-7.1823,129.4314,143.65,4.9,mb,,72,2.014,0.66,us,us6000fu6r,2021-12-18T19:59:01.040Z,"Kepulauan Babar, Indonesia",earthquake,8.1,7.7,0.081,48,reviewed,us,us
2021-10-13T05:00:44.111Z,-8.9377,110.9692,47.25,4.8,mb,,40,1.11,0.69,us,us6000fu52,2021-12-18T19:59:00.040Z,"117 km S of Jatiroto, Indonesia",earthquake,6.2,6.4,0.087,41,reviewed,us,us
2021-10-13T03:28:47.107Z,-0.4206,132.8482,10,4.5,mb,,136,1.643,0.77,us,us6000fu4p,2021-12-18T19:59:00.040Z,"143 km WNW of Manokwari, Indonesia",earthquake,10,1.9,0.15,13,reviewed,us,us
2021-10-13T03:08:46.870Z,-0.4045,132.8551,30.69,4.5,mb,,113,1.654,0.7,us,us6000fu4i,2021-12-18T19:59:00.040Z,"143 km WNW of Manokwari, Indonesia",earthquake,10.6,5.7,0.124,19,reviewed,us,us
2021-10-12T03:53:00.860Z,-6.8356,129.7224,135.54,4.7,mb,,81,4.633,0.57,us,us6000fuy0,2021-12-18T19:58:56.040Z,"Banda Sea",earthquake,6.8,7.2,0.158,12,reviewed,us,us
2021-10-11T17:30:28.146Z,0.8504,126.0913,13,5,mb,,60,1.277,0.77,us,us6000ftrd,2021-12-18T19:58:54.040Z,"140 km ESE of Tondano, Indonesia",earthquake,4.9,4,0.057,103,reviewed,us,us
2021-10-11T15:27:49.065Z,0.8928,126.129,10,5,mb,,33,1.243,0.59,us,us6000ftqr,2025-12-22T22:17:39.306Z,"140 km W of Ternate, Indonesia",earthquake,6.2,1.8,0.053,121,reviewed,us,us
2021-10-11T15:25:54.633Z,5.2029,125.3122,56.96,4.6,mb,,55,1.873,0.59,us,us6000fuwk,2021-12-18T19:58:53.040Z,"27 km SW of Sarangani, Philippines",earthquake,7.8,7.9,0.14,21,reviewed,us,us
2021-10-11T12:34:36.079Z,0.8073,126.2042,36.86,5.7,mww,,58,1.163,0.82,us,us6000ftpp,2025-12-22T22:17:38.711Z,"131 km W of Ternate, Indonesia",earthquake,5.9,6.2,0.071,19,reviewed,us,us
2021-10-11T03:09:54.480Z,-9.0318,122.385,97.92,4.8,mb,,40,0.419,0.75,us,us6000ftlq,2021-12-18T19:58:50.040Z,"49 km SSE of Maumere, Indonesia",earthquake,5.6,4.8,0.083,45,reviewed,us,us
2021-10-10T11:32:36.429Z,3.3745,122.9715,548.36,4.6,mb,,86,3.137,0.7,us,us6000fthq,2021-12-18T19:58:46.040Z,"295 km NW of Manado, Indonesia",earthquake,4.5,9.9,0.071,58,reviewed,us,us
2021-10-09T13:09:05.791Z,-4.0972,133.9719,10,4.5,mb,,88,2.08,1.01,us,us6000ftat,2021-12-18T19:58:42.040Z,"188 km WSW of Nabire, Indonesia",earthquake,8.3,1.8,0.103,28,reviewed,us,us
2021-10-09T05:38:20.459Z,1.1792,121.2694,57.81,4.6,mb,,65,0.492,0.77,us,us6000fujc,2021-12-18T19:58:41.040Z,"211 km WNW of Gorontalo, Indonesia",earthquake,7.1,7.3,0.126,19,reviewed,us,us
2021-10-08T20:11:09.827Z,-7.7581,130.2487,10,4.5,mb,,61,1.063,1.1,us,us6000ft3j,2021-12-18T19:58:39.040Z,"Pulau Pulau Tanimbar, Indonesia",earthquake,6.5,1.9,0.191,9,reviewed,us,us
2021-10-08T10:04:53.362Z,4.4134,95.433,61.14,5.2,mb,,53,1.712,0.57,us,us6000fsxi,2021-12-18T19:58:38.040Z,"82 km WNW of Meulaboh, Indonesia",earthquake,7.4,5.7,0.047,153,reviewed,us,us
2021-10-07T23:02:49.951Z,-1.6624,120.2302,10,4.5,mb,,67,2.614,0.87,us,us6000fu1h,2021-12-10T21:14:25.040Z,"65 km WSW of Poso, Indonesia",earthquake,6.1,1.9,0.136,16,reviewed,us,us
2021-10-07T05:12:59.985Z,-8.2515,119.5495,174.38,4.9,mb,,61,2.686,0.54,us,us6000fsir,2025-12-22T22:17:31.456Z,"37 km N of Komodo, Indonesia",earthquake,7,3.6,0.084,44,reviewed,us,us
2021-10-07T01:05:39.984Z,-6.9193,104.937,35,4.6,mb,,60,2.66,0.87,us,us6000fshw,2021-12-10T21:14:16.040Z,"Sunda Strait, Indonesia",earthquake,6.9,2,0.105,27,reviewed,us,us
2021-10-06T06:20:03.759Z,-5.9742,102.8213,35.48,4.5,mb,,134,1.608,1.13,us,us6000ftyq,2021-12-10T21:14:23.040Z,"220 km SSW of Pagar Alam, Indonesia",earthquake,9.4,5.3,0.163,11,reviewed,us,us
2021-10-06T04:55:34.672Z,4.8508,97.1957,10,4.5,mb,,141,0.449,0.64,us,us6000ftyl,2021-12-10T21:14:23.040Z,"36 km S of Lhokseumawe, Indonesia",earthquake,6,1.9,0.192,8,reviewed,us,us
2021-10-05T20:59:36.028Z,-5.7026,130.9662,101.65,4.5,mb,,57,2.289,0.94,us,us6000fs2q,2021-12-10T21:14:12.040Z,"198 km W of Tual, Indonesia",earthquake,6.3,6.2,0.075,57,reviewed,us,us
2021-10-05T08:51:08.617Z,2.7502,122.2881,543.42,4.5,mb,,66,2.217,0.88,us,us6000frv0,2021-12-10T21:14:10.040Z,"259 km NNW of Gorontalo, Indonesia",earthquake,10.8,8.4,0.082,43,reviewed,us,us
2021-10-05T04:36:12.197Z,-6.7639,129.7259,143.54,4.6,mb,,117,4.572,0.47,us,us6000ft0n,2021-12-10T21:14:22.040Z,"Banda Sea",earthquake,12,11.7,0.194,8,reviewed,us,us
2021-10-05T04:17:51.142Z,3.0575,126.9521,35,4.6,mb,,143,2.307,0.56,us,us6000ft0g,2021-12-10T21:14:22.040Z,"188 km NW of Tobelo, Indonesia",earthquake,7.8,2,0.145,16,reviewed,us,us
2021-10-05T04:11:07.004Z,-6.1647,129.8668,10,4.5,mb,,82,4.004,0.58,us,us6000frsw,2021-12-10T21:14:10.040Z,"Banda Sea",earthquake,6.9,1.5,0.136,16,reviewed,us,us
2021-10-04T14:28:45.431Z,-3.6624,129.5662,21.57,5.1,mww,,43,2.778,0.64,us,us6000frk4,2025-12-22T22:17:26.454Z,"80 km ESE of Amahai, Indonesia",earthquake,6.3,4.4,0.065,23,reviewed,us,us
2021-10-04T10:59:19.190Z,1.0292,126.9197,23.69,4.6,mb,,81,0.515,0.75,us,us6000frj7,2021-12-10T21:14:07.040Z,"58 km WNW of Ternate, Indonesia",earthquake,7.4,4,0.095,33,reviewed,us,us
2021-10-04T10:02:13.731Z,-8.2664,127.7518,10,4.7,mb,,44,3.746,0.71,us,us6000frit,2021-12-10T21:14:07.040Z,"87 km ENE of Lospalos, Timor Leste",earthquake,7,1.9,0.117,22,reviewed,us,us
2021-10-04T00:51:21.949Z,-2.4057,138.4638,45.59,4.6,mb,,35,2.241,0.59,us,us6000fsz3,2021-12-10T21:14:21.040Z,"242 km W of Abepura, Indonesia",earthquake,7.8,7.2,0.078,50,reviewed,us,us
2021-10-03T22:05:50.511Z,5.9709,126.1064,139.27,4.6,mb,,107,1.21,0.85,us,us6000frdy,2021-12-10T21:14:06.040Z,"43 km S of Pondaguitan, Philippines",earthquake,8.2,7,0.096,32,reviewed,us,us
2021-10-02T23:22:18.622Z,2.5465,129.0426,10,4.7,mb,,116,2.431,0.56,us,us6000fr77,2021-12-10T21:14:03.040Z,"146 km NE of Tobelo, Indonesia",earthquake,7.7,1.9,0.067,68,reviewed,us,us
2021-10-01T13:42:43.364Z,-7.5756,127.8417,170.32,4.6,mb,,31,3.449,0.62,us,us6000fqs3,2021-12-10T21:14:01.040Z,"Kepulauan Barat Daya, Indonesia",earthquake,7,7.3,0.075,53,reviewed,us,us
2021-10-01T11:15:47.937Z,-8.1806,118.081,10,5,mb,,45,3.556,0.6,us,us6000fqpx,2021-12-10T21:14:01.040Z,"57 km NW of Dompu, Indonesia",earthquake,6.4,1.8,0.079,51,reviewed,us,us
2021-09-29T16:39:30.870Z,-1.3006,123.7013,10,4.5,mb,,45,0.964,0.94,us,us6000fq6u,2021-12-04T14:28:06.040Z,"108 km ESE of Luwuk, Indonesia",earthquake,5.7,1.9,0.118,21,reviewed,us,us
2021-09-29T15:48:54.825Z,5.5515,124.793,35,4.8,mb,,84,1.698,1.26,us,us6000fq54,2021-12-04T14:28:00.040Z,"37 km SSW of Lumatil, Philippines",earthquake,4.4,2,0.077,52,reviewed,us,us
2021-09-28T06:25:10.969Z,0.5238,126.4454,14.71,5,mww,,41,0.953,0.69,us,us7000ff3y,2025-12-22T22:17:09.209Z,"108 km WSW of Ternate, Indonesia",earthquake,6.1,4.2,0.089,12,reviewed,us,us
2021-09-28T02:49:31.810Z,-2.0352,138.2213,35,4.5,mb,,107,2.526,0.46,us,us6000fqsr,2021-12-04T14:28:48.040Z,"256 km ESE of Biak, Indonesia",earthquake,5.3,1.9,0.156,12,reviewed,us,us
2021-09-26T09:32:49.797Z,-2.3369,119.2425,35,4.6,mb,,64,2.636,0.58,us,us7000fekl,2021-12-04T14:29:43.040Z,"54 km NE of Mamuju, Indonesia",earthquake,6.4,2,0.103,28,reviewed,us,us
2021-09-26T08:59:49.977Z,-2.8568,100.1734,10,4.7,mb,,144,3.153,0.63,us,us7000fekg,2021-12-04T14:29:43.040Z,"161 km WSW of Sungai Penuh, Indonesia",earthquake,7.9,1.9,0.083,47,reviewed,us,us
2021-09-24T11:35:15.210Z,2.8435,127.2407,69.13,4.7,mb,,105,2.061,0.56,us,us7000fe1s,2021-12-04T14:29:17.040Z,"150 km NW of Tobelo, Indonesia",earthquake,8.9,7.2,0.064,74,reviewed,us,us
2021-09-24T06:36:17.020Z,2.1052,126.691,35.78,5.3,mww,,79,1.486,0.67,us,us7000fe0b,2025-12-22T22:24:36.766Z,"152 km WNW of Tobelo, Indonesia",earthquake,5.9,6.3,0.083,14,reviewed,us,us
2021-09-23T03:52:41.032Z,3.5423,122.6034,540.51,4.5,mb,,48,3.023,0.94,us,us7000fdq3,2021-12-03T15:01:52.040Z,"285 km SSE of Tabiauan, Philippines",earthquake,7.4,6.8,0.07,60,reviewed,us,us
2021-09-22T17:30:10.876Z,2.8493,95.4835,10,4.5,mb,,160,2.593,0.81,us,us7000fdk9,2021-12-03T15:01:49.040Z,"107 km WNW of Sinabang, Indonesia",earthquake,8.5,1.8,0.099,30,reviewed,us,us
2021-09-22T12:03:30.086Z,1.8112,126.5903,33.84,5.4,mww,,67,1.291,0.78,us,us7000fdf1,2025-12-22T22:16:49.701Z,"143 km NW of Ternate, Indonesia",earthquake,6.6,5,0.098,10,reviewed,us,us
2021-09-22T07:03:56.011Z,0.0244,123.3239,158.13,4.5,mb,,85,1.194,0.74,us,us7000fdcs,2021-12-03T15:01:45.040Z,"63 km SSE of Gorontalo, Indonesia",earthquake,6.8,6.8,0.121,20,reviewed,us,us
2021-09-21T13:59:55.536Z,4.6105,126.7835,54.08,4.7,mb,,59,2.721,0.56,us,us7000fd4s,2021-12-03T15:01:42.040Z,"170 km ESE of Sarangani, Philippines",earthquake,7.9,7.2,0.075,53,reviewed,us,us
2021-09-21T10:33:26.989Z,-2.4435,140.2447,35,4.6,mb,,43,7.127,0.52,us,us7000fd3k,2021-12-03T15:01:41.040Z,"46 km WNW of Abepura, Indonesia",earthquake,9.2,1.9,0.079,51,reviewed,us,us
2021-09-21T01:20:46.650Z,-3.0307,128.0098,44.07,4.9,mb,,30,3.831,0.67,us,us7000fd1q,2021-12-03T15:01:39.040Z,"76 km NNW of Ambon, Indonesia",earthquake,6.5,6.1,0.066,72,reviewed,us,us
2021-09-20T23:56:57.178Z,1.8003,125.8664,56.37,4.9,mb,,44,1.814,0.8,us,us7000fd1i,2021-12-03T15:01:39.040Z,"105 km ENE of Laikit, Laikit II (Dimembe), Indonesia",earthquake,6.5,6.8,0.056,100,reviewed,us,us
2021-09-20T18:33:39.625Z,-10.0968,117.3875,42.38,4.7,mb,,84,3.579,0.72,us,us7000fcyd,2021-12-03T15:01:38.040Z,"177 km S of Sumbawa Besar, Indonesia",earthquake,5.7,7.6,0.079,48,reviewed,us,us
2021-09-20T15:10:38.133Z,-6.3878,103.6266,35,4.5,mb,,181,2.121,0.68,us,us7000fe3c,2021-12-03T15:02:01.040Z,"209 km WSW of Bandar Lampung, Indonesia",earthquake,5.1,2,0.18,12,reviewed,us,us
2021-09-19T15:14:27.455Z,1.0368,126.3528,10,4.5,mb,,75,1.047,0.5,us,us7000fdum,2021-12-03T15:01:58.040Z,"117 km WNW of Ternate, Indonesia",earthquake,8.8,1.9,0.242,7,reviewed,us,us
2021-09-18T23:38:49.706Z,-7.398,106.6382,68.84,4.6,mb,,45,1.005,1.23,us,us7000fcis,2021-12-03T15:01:30.040Z,"46 km SSE of Pelabuhanratu, Indonesia",earthquake,5.7,6,0.091,36,reviewed,us,us
2021-09-18T21:23:56.385Z,-7.448,104.9669,10,4.6,mb,,140,2.66,0.79,us,us7000fdsh,2021-12-03T15:01:54.040Z,"151 km SW of Labuan, Indonesia",earthquake,7.3,1.9,0.164,11,reviewed,us,us
2021-09-18T18:29:00.797Z,-8.404,127.883,10,4.7,mb,,48,3.407,0.95,us,us7000fcgu,2021-12-03T15:01:30.040Z,"East Timor region",earthquake,6.1,1.4,0.081,46,reviewed,us,us
2021-09-18T03:44:49.130Z,-7.7096,104.2739,10,4.9,mb,,119,3.06,1.01,us,us7000fcav,2021-12-03T15:01:28.040Z,"226 km SW of Labuan, Indonesia",earthquake,7.2,1.9,0.095,38,reviewed,us,us
2021-09-17T12:43:56.319Z,4.9143,126.2628,93.45,4.8,mb,,107,2.246,0.71,us,us7000fc2k,2021-12-03T15:01:25.040Z,"103 km ESE of Sarangani, Philippines",earthquake,7.2,7.2,0.055,101,reviewed,us,us
2021-09-16T19:19:55.482Z,-1.2665,120.5853,10,4.5,mb,,80,2.197,1.26,us,us7000fbwx,2021-11-23T15:13:16.040Z,"Sulawesi, Indonesia",earthquake,4.5,1.9,0.096,32,reviewed,us,us
2021-09-16T11:38:59.567Z,-8.2636,117.2161,10,4.6,mb,,54,3.038,0.92,us,us7000fbru,2021-11-23T15:13:08.040Z,"33 km WNW of Pototano, Indonesia",earthquake,7,1.8,0.132,17,reviewed,us,us
2021-09-16T07:59:23.119Z,-1.2174,120.5922,10,4.8,mb,,58,2.186,0.5,us,us7000fbr3,2021-11-23T15:13:02.040Z,"26 km NW of Poso, Indonesia",earthquake,3.7,1.9,0.078,51,reviewed,us,us
2021-09-16T05:39:33.277Z,-9.265,123.0792,106.89,4.5,mb,,55,1.04,0.72,us,us7000fbq4,2021-11-23T15:12:59.040Z,"84 km WNW of Naisano Dua, Indonesia",earthquake,7.2,3.9,0.108,25,reviewed,us,us
2021-09-16T02:38:12.335Z,-8.2323,128.0769,10,4.6,mb,,104,4.056,0.65,us,us7000fdgp,2021-11-23T15:12:52.040Z,"123 km ENE of Lospalos, Timor Leste",earthquake,10.2,1.9,0.192,8,reviewed,us,us
2021-09-15T04:42:06.840Z,3.1965,126.6683,54.64,4.7,mb,,80,2.507,0.53,us,us7000fbau,2021-11-23T15:12:21.040Z,"220 km NW of Tobelo, Indonesia",earthquake,8.5,6.6,0.058,90,reviewed,us,us
2021-09-15T00:49:49.223Z,1.1565,122.1166,46.37,5.1,mww,,32,1.335,1.18,us,us7000fb83,2025-12-22T22:16:06.481Z,"125 km WNW of Gorontalo, Indonesia",earthquake,5.9,4.9,0.093,11,reviewed,us,us
2021-09-14T21:03:36.125Z,1.1514,128.093,10,4.6,mb,,94,0.818,0.66,us,us7000fcxc,2021-11-23T15:12:06.040Z,"64 km S of Tobelo, Indonesia",earthquake,4.1,1.9,0.165,12,reviewed,us,us
2021-09-14T20:32:03.219Z,1.1076,128.1118,10,4.6,mb,,94,0.816,0.81,us,us7000fcxa,2021-11-23T15:12:05.040Z,"69 km S of Tobelo, Indonesia",earthquake,7.5,1.9,0.165,13,reviewed,us,us
2021-09-14T20:13:55.488Z,2.9309,95.3897,22,5.3,mww,,24,2.717,0.73,us,us7000fb5s,2025-12-22T22:16:05.914Z,"120 km WNW of Sinabang, Indonesia",earthquake,6.6,1.7,0.08,15,reviewed,us,us
2021-09-13T08:36:40.714Z,-0.6488,127.4899,10,4.6,mb,,64,1.416,0.46,us,us7000faq9,2021-11-23T15:11:13.040Z,"153 km S of Sofifi, Indonesia",earthquake,5.5,1.9,0.076,52,reviewed,us,us
2021-09-12T14:14:07.110Z,-6.4688,128.8371,232.85,4.5,mb,,78,2.868,0.2,us,us7000fc3j,2021-11-23T15:10:41.040Z,"Banda Sea",earthquake,9.8,13.8,0.54,1,reviewed,us,us
2021-09-12T13:34:34.651Z,3.7563,128.7363,10,4.7,mb,,107,3.265,0.48,us,us7000fajk,2021-11-23T15:10:39.040Z,"238 km NNE of Tobelo, Indonesia",earthquake,4.1,1.9,0.06,86,reviewed,us,us
2021-09-12T13:10:02.665Z,-8.2688,119.4155,152.87,4.6,mb,,41,2.815,1.07,us,us7000fajb,2021-11-23T15:10:37.040Z,"36 km NNW of Komodo, Indonesia",earthquake,6.6,6.4,0.103,31,reviewed,us,us
2021-09-12T09:02:20.429Z,-0.5281,99.7137,87.02,5,mww,,47,1.574,0.66,us,us7000fahl,2025-12-22T22:15:58.704Z,"46 km WNW of Pariaman, Indonesia",earthquake,5.7,4.6,0.093,11,reviewed,us,us
2021-09-11T20:14:36.755Z,5.526,126.5816,41.28,4.6,mb,,111,1.828,0.89,us,us7000fadk,2021-11-23T15:10:04.040Z,"102 km SSE of Pondaguitan, Philippines",earthquake,8.1,7.6,0.086,40,reviewed,us,us
2021-09-11T19:45:47.189Z,0.9343,125.9976,43.05,4.5,mb,,68,1.378,0.71,us,us7000fade,2021-11-23T15:10:03.040Z,"127 km ESE of Tondano, Indonesia",earthquake,6.4,3.8,0.08,46,reviewed,us,us
2021-09-11T09:40:12.035Z,-6.9777,124.9878,538.69,4.8,mb,,37,2.85,0.53,us,us7000fa9t,2021-11-23T15:09:47.040Z,"182 km NNW of Likisá, Timor Leste",earthquake,10.3,3.2,0.049,131,reviewed,us,us
2021-09-09T05:19:51.742Z,5.8923,126.2337,96.3,4.5,mb,,63,1.338,0.72,us,us7000f9lc,2021-11-17T17:30:35.040Z,"52 km S of Pondaguitan, Philippines",earthquake,7.6,7.6,0.087,39,reviewed,us,us
2021-09-09T02:16:32.628Z,-3.9562,134.9263,16.34,5,mb,,45,2.864,0.6,us,us7000f9j2,2025-12-22T22:15:51.037Z,"91 km SW of Nabire, Indonesia",earthquake,6.3,4.1,0.063,82,reviewed,us,us
2021-09-08T00:12:59.800Z,-7.5145,128.3549,133.36,4.6,mb,,59,2.954,1.3,us,us7000f93a,2021-11-17T17:27:45.040Z,"186 km NE of Lospalos, Timor Leste",earthquake,3.4,6.6,0.088,38,reviewed,us,us
2021-09-07T02:49:59.314Z,-6.2437,103.5474,35,4.8,mb,,81,3.512,0.85,us,us7000f8rm,2021-11-17T17:26:28.040Z,"210 km WSW of Bandar Lampung, Indonesia",earthquake,6.6,1.9,0.111,28,reviewed,us,us
2021-09-07T02:29:30.997Z,5.505,126.7069,44.07,4.9,mb,,56,1.916,0.79,us,us7000f8rg,2025-12-22T22:15:41.249Z,"Mindanao, Philippines",earthquake,6.9,5.3,0.06,91,reviewed,us,us
2021-09-07T01:53:43.126Z,-8.7051,120.4493,125.71,4.6,mb,,88,1.769,0.88,us,us7000f8r2,2021-11-17T17:26:23.040Z,"10 km S of Ruteng, Indonesia",earthquake,9.3,2.9,0.194,8,reviewed,us,us
2021-09-07T00:36:26.767Z,-4.1349,139.9331,71.7,4.6,mb,,48,1.784,0.73,us,us7000f8qn,2021-11-17T17:26:15.040Z,"187 km SSW of Abepura, Indonesia",earthquake,8.4,6.4,0.074,54,reviewed,us,us
2021-09-06T23:53:49.330Z,3.1596,126.8808,39.56,4.7,mb,,83,2.421,0.58,us,us7000f8qf,2021-11-17T17:26:08.040Z,"201 km NW of Tobelo, Indonesia",earthquake,7.2,7,0.067,67,reviewed,us,us
2021-09-06T21:16:25.590Z,5.5296,126.8831,10,4.6,mb,,178,2.005,0.89,us,us7000fb2q,2021-11-17T17:25:56.040Z,"120 km SE of Pondaguitan, Philippines",earthquake,9,1.9,0.125,19,reviewed,us,us
2021-09-06T16:50:16.654Z,5.498,126.707,52.71,4.5,mb,,90,1.922,0.5,us,us7000fb2b,2021-11-17T17:25:40.040Z,"112 km SSE of Pondaguitan, Philippines",earthquake,8,8.1,0.109,25,reviewed,us,us
2021-09-06T10:38:59.105Z,5.5061,126.6961,56.8,4.9,mb,,95,1.909,0.97,us,us7000f8jd,2025-12-22T22:15:39.629Z,"110 km SSE of Pondaguitan, Philippines",earthquake,7.4,6.3,0.061,100,reviewed,us,us
2021-09-06T10:27:24.779Z,5.4654,126.3119,71.67,4.5,mb,,113,1.752,1.1,us,us7000f8jb,2021-11-17T17:25:09.040Z,"89 km SE of Caburan, Philippines",earthquake,8.8,7.5,0.1,29,reviewed,us,us
2021-09-06T03:16:48.397Z,0.3492,125.8924,10,4.6,mb,,80,1.532,0.98,us,us7000fb1f,2021-11-17T17:24:08.040Z,"151 km SE of Tondano, Indonesia",earthquake,6.2,1.9,0.165,11,reviewed,us,us
2021-09-05T23:00:55.264Z,0.3536,126.4122,10,4.5,mb,,91,1.04,0.75,us,us7000fatj,2021-11-17T17:23:52.040Z,"118 km WSW of Ternate, Indonesia",earthquake,5.6,1.9,0.172,10,reviewed,us,us
2021-09-05T15:23:13.732Z,4.1856,126.8558,60.95,4.6,mb,,83,3.134,1.01,us,us7000f8ag,2021-11-17T17:23:24.040Z,"204 km SE of Sarangani, Philippines",earthquake,7.9,7.3,0.072,58,reviewed,us,us
2021-09-05T12:16:55.892Z,-2.5993,127.5086,35,4.7,mb,,74,3.351,0.58,us,us7000f892,2021-11-17T17:23:10.040Z,"142 km NNW of Ambon, Indonesia",earthquake,5.6,2,0.087,40,reviewed,us,us
2021-09-05T01:40:12.152Z,-2.0443,99.68,35,4.9,mb,,118,2.718,1.05,us,us7000f82k,2021-11-17T17:22:07.040Z,"142 km SSW of Padang, Indonesia",earthquake,9.2,2,0.091,40,reviewed,us,us
2021-09-04T15:52:50.463Z,-0.0995,124.3771,61.31,4.7,mb,,75,1.858,1.11,us,us7000f7y6,2021-11-17T17:21:11.040Z,"162 km ESE of Gorontalo, Indonesia",earthquake,6.8,8.4,0.083,44,reviewed,us,us
2021-09-04T07:29:02.581Z,-9.4114,113.0671,50.95,4.9,mb,,90,1.422,0.54,us,us7000f7u8,2021-11-17T17:20:36.040Z,"129 km SSW of Kencong, Indonesia",earthquake,8.4,7.1,0.112,25,reviewed,us,us
2021-09-04T03:46:06.345Z,3.6821,128.794,10,4.8,mb,,81,3.223,1.07,us,us7000f7sh,2021-11-17T17:20:27.040Z,"north of Halmahera, Indonesia",earthquake,5.6,1.8,0.077,57,reviewed,us,us
2021-09-02T14:15:56.336Z,-4.742,102.5258,51.35,4.6,mb,,96,0.572,0.56,us,us7000f73x,2021-11-06T20:28:28.040Z,"108 km SSE of Bengkulu, Indonesia",earthquake,7.9,6.7,0.094,34,reviewed,us,us
2021-09-02T03:12:27.685Z,0.3313,122.0692,182.94,4.7,mb,,98,1.502,0.57,us,us7000f9rk,2021-11-06T20:28:30.040Z,"112 km WSW of Gorontalo, Indonesia",earthquake,10.5,5.4,0.167,11,reviewed,us,us
2021-09-01T07:36:09.481Z,-6.1262,130.628,88.14,4.6,mb,,100,1.96,1.22,us,us7000f6k8,2021-11-06T20:28:33.040Z,"241 km WSW of Tual, Indonesia",earthquake,4.8,7.1,0.082,44,reviewed,us,us
2021-08-31T04:45:03.227Z,-8.9559,124.0437,106.05,4.5,mb,,73,0.824,0.89,us,us7000f62b,2021-11-06T20:28:41.040Z,"46 km NW of Pante Makasar, Timor Leste",earthquake,6.4,5.6,0.099,30,reviewed,us,us
2021-08-31T01:52:26.634Z,-7.6424,128.5482,150.11,4.6,mb,,59,2.746,0.95,us,us7000f9cx,2021-11-06T20:28:43.040Z,"196 km ENE of Lospalos, Timor Leste",earthquake,8,6.2,0.141,15,reviewed,us,us
2021-08-30T21:05:27.432Z,0.0202,124.4406,68.01,4.5,mb,,52,1.974,1.3,us,us7000f5wg,2021-11-06T20:28:44.040Z,"148 km SSW of Tomohon, Indonesia",earthquake,7,6.9,0.088,38,reviewed,us,us
2021-08-30T00:53:30.583Z,-3.5293,140.1077,21.21,4.5,mb,,108,7.869,0.65,us,us7000f98v,2021-11-06T20:28:48.040Z,"118 km SSW of Abepura, Indonesia",earthquake,10,4.8,0.094,33,reviewed,us,us
2021-08-29T13:05:34.622Z,2.8145,98.9905,164.65,4.5,mb,,67,0.137,0.7,us,us7000f5fm,2021-11-06T20:28:51.040Z,"17 km NNE of Parapat, Indonesia",earthquake,5.7,3.8,0.079,47,reviewed,us,us
2021-08-28T21:00:15.500Z,-3.523,140.1925,14.4,4.9,mb,,34,1.124,0.75,us,us7000f5av,2021-11-06T20:28:53.040Z,"113 km SSW of Abepura, Indonesia",earthquake,6.8,4,0.071,62,reviewed,us,us
2021-08-28T12:27:25.795Z,-3.5358,140.0996,30,5.6,mww,,29,7.407,0.46,us,us7000f57q,2025-12-22T22:14:35.295Z,"119 km SSW of Abepura, Indonesia",earthquake,7.7,1.9,0.093,11,reviewed,us,us
2021-08-28T10:41:18.421Z,-9.798,120.1346,69.34,4.6,mb,,76,2.375,0.64,us,us7000f571,2021-11-06T20:28:55.040Z,"21 km SW of Waingapu, Indonesia",earthquake,7.4,7.9,0.083,43,reviewed,us,us
2021-08-28T10:12:33.823Z,-6.6213,129.6753,158.95,4.6,mb,,90,2.103,0.49,us,us7000f56v,2021-11-06T20:28:56.040Z,"Banda Sea",earthquake,7.7,2.5,0.105,31,reviewed,us,us
2021-08-27T22:03:22.575Z,-2.8556,128.1125,10,4.5,mb,,67,3.679,0.77,us,us7000f51p,2021-11-06T20:28:58.040Z,"93 km N of Ambon, Indonesia",earthquake,4.2,1.9,0.118,21,reviewed,us,us
2021-08-27T16:19:27.185Z,-4.7299,136.8674,57.36,4.6,mb,,125,4.946,1.02,us,us7000f4z1,2021-11-06T20:28:59.040Z,"214 km SE of Nabire, Indonesia",earthquake,12.5,6.6,0.117,22,reviewed,us,us
2021-08-27T11:07:03.068Z,5.6457,125.2687,64.63,4.5,mb,,105,1.448,0.52,us,us7000f4mc,2021-11-06T20:29:01.040Z,"6 km SSW of Pangyan, Philippines",earthquake,8.3,7.8,0.085,41,reviewed,us,us
2021-08-27T10:22:26.052Z,5.671,125.0293,54.5,5.6,mww,,35,1.493,0.47,us,us7000f4kz,2025-12-22T22:14:27.365Z,"20 km S of Malbang, Philippines",earthquake,6.1,5.9,0.065,23,reviewed,us,us
2021-08-27T04:04:22.277Z,-7.3943,128.5279,148.5,4.6,mb,,33,2.807,1.03,us,us7000f4hn,2021-11-06T20:29:02.040Z,"209 km NE of Lospalos, Timor Leste",earthquake,7.3,5.5,0.096,32,reviewed,us,us
2021-08-27T03:12:40.950Z,0.272,122.376,155.35,4.5,mb,,158,1.363,1.29,us,us7000f4hg,2021-11-06T20:29:03.040Z,"81 km WSW of Gorontalo, Indonesia",earthquake,9.4,7.8,0.124,19,reviewed,us,us
2021-08-26T20:39:42.722Z,5.5505,126.4967,100.52,4.5,mb,,119,1.763,0.91,us,us7000f4ey,2021-11-02T14:55:32.040Z,"96 km SSE of Pondaguitan, Philippines",earthquake,6.7,7.1,0.101,29,reviewed,us,us
2021-08-26T14:30:12.812Z,4.5452,125.2971,65.31,4.9,mb,,102,2.523,0.9,us,us7000f4aw,2021-11-02T14:55:29.040Z,"96 km S of Sarangani, Philippines",earthquake,7.8,8.2,0.056,98,reviewed,us,us
2021-08-26T12:54:45.072Z,-2.1913,140.6582,28.93,4.9,mb,,62,0.324,0.72,us,us7000f46j,2025-12-22T22:14:23.491Z,"38 km N of Jayapura, Indonesia",earthquake,4.8,4.6,0.063,78,reviewed,us,us
2021-08-26T09:23:14.385Z,5.1995,125.4057,188.59,4.7,mb,,90,1.865,1.01,us,us7000f456,2021-11-02T14:55:27.040Z,"23 km SSW of Sarangani, Philippines",earthquake,8.5,8,0.108,26,reviewed,us,us
2021-08-26T02:32:20.503Z,2.4083,95.1902,10,4.5,mb,,118,2.624,0.32,us,us7000f7hw,2021-11-02T14:56:38.040Z,"132 km W of Sinabang, Indonesia",earthquake,10.9,1.9,0.15,13,reviewed,us,us
2021-08-26T02:14:22.070Z,-0.8389,121.5296,8,5.7,mww,,29,1.258,0.83,us,us7000f3zp,2025-12-22T22:12:30.097Z,"106 km NE of Poso, Indonesia",earthquake,3.7,1.7,0.083,14,reviewed,us,us
2021-08-25T04:29:48.103Z,-10.5589,113.6156,10,4.7,mb,,71,2.141,0.97,us,us7000f7ge,2021-11-02T14:56:30.040Z,"246 km SSW of Gambiran Satu, Indonesia",earthquake,6,1.9,0.147,14,reviewed,us,us
2021-08-25T04:01:11.249Z,-5.8004,125.1454,589.76,4.5,mb,,76,4.024,0.81,us,us7000f3hs,2021-11-02T14:55:07.040Z,"Banda Sea",earthquake,12.6,9.7,0.118,21,reviewed,us,us
2021-08-25T03:32:39.517Z,1.7068,127.1684,113.28,4.5,mb,,131,0.949,0.47,us,us7000f7g7,2021-11-02T14:56:29.040Z,"93 km W of Tobelo, Indonesia",earthquake,8.8,6.6,0.135,16,reviewed,us,us
2021-08-24T18:17:53.172Z,4.1223,126.6662,43.95,4.5,mb,,83,3.121,0.96,us,us7000f3c0,2021-11-02T14:55:00.040Z,"194 km SE of Sarangani, Philippines",earthquake,6.3,7,0.077,54,reviewed,us,us
2021-08-24T17:18:38.792Z,0.2906,96.4971,10,4.8,mb,,54,1.475,0.79,us,us7000f3bg,2021-11-02T14:55:00.040Z,"242 km S of Sinabang, Indonesia",earthquake,6,1.7,0.063,85,reviewed,us,us
2021-08-23T20:59:53.707Z,1.9037,98.5161,80.87,4.7,mb,,47,0.884,0.98,us,us7000f2si,2021-11-02T14:54:46.040Z,"34 km WNW of Sibolga, Indonesia",earthquake,6.8,4.6,0.062,79,reviewed,us,us
2021-08-22T21:13:06.012Z,-8.2075,107.5458,35,4.6,mb,,52,0.747,0.89,us,us6000f9sj,2021-11-02T14:54:29.040Z,"Java, Indonesia",earthquake,5.6,1.9,0.08,47,reviewed,us,us
2021-08-22T11:07:24.580Z,1.3725,120.8244,38.3,4.5,mb,,81,0.263,0.55,us,us6000f9mb,2021-11-02T14:54:18.040Z,"265 km WNW of Gorontalo, Indonesia",earthquake,7.6,6.3,0.11,28,reviewed,us,us
2021-08-22T08:59:48.052Z,1.8858,97.813,57.11,4.5,mb,,114,0.624,0.39,us,us6000f9lm,2021-11-02T14:54:17.040Z,"44 km S of Singkil, Indonesia",earthquake,6.4,7.6,0.093,34,reviewed,us,us
2021-08-21T15:37:21.563Z,1.1851,127.1449,43.53,4.8,mb,,118,0.466,0.82,us,us6000f9cf,2021-11-02T14:54:02.040Z,"51 km NNW of Ternate, Indonesia",earthquake,8,7.2,0.093,36,reviewed,us,us
2021-08-21T03:12:50.858Z,-6.8945,129.5564,152.85,4.5,mb,,88,2.038,0.62,us,us6000f97t,2021-11-02T14:53:53.040Z,"Banda Sea",earthquake,8.5,1.9,0.106,27,reviewed,us,us
2021-08-20T16:45:03.148Z,-9.0759,124.2399,80.44,4.9,mww,,29,0.675,1.23,us,us6000f8vf,2025-12-22T22:14:03.384Z,"20 km NW of Pante Makasar, Timor Leste",earthquake,2.7,5.5,0.093,11,reviewed,us,us
2021-08-20T00:43:49.911Z,-7.7452,118.8657,10,4.5,mb,,75,2.852,0.81,us,us6000f8k5,2021-11-02T14:53:29.040Z,"80 km N of Bima, Indonesia",earthquake,3.3,1.9,0.106,26,reviewed,us,us
2021-08-19T12:51:35.990Z,-1.8693,133.4039,30.83,4.6,mb,,66,1.555,0.94,us,us6000f8bw,2021-10-29T14:46:31.040Z,"133 km SSW of Manokwari, Indonesia",earthquake,6.6,4.8,0.086,40,reviewed,us,us
2021-08-18T04:41:20.042Z,-3.0671,139.1897,50.49,4.5,mb,,75,1.609,0.83,us,us7000f4wu,2021-10-29T14:47:06.040Z,"168 km WSW of Abepura, Indonesia",earthquake,11.4,7.6,0.171,10,reviewed,us,us
2021-08-17T04:49:17.892Z,-8.2116,107.5487,35,4.6,mb,,94,0.75,0.93,us,us7000f4sp,2021-10-29T14:47:02.040Z,"113 km S of Banjar, Indonesia",earthquake,6.5,2,0.157,12,reviewed,us,us
2021-08-16T14:01:02.899Z,-4.187,100.9304,14.99,4.5,mb,,180,2.027,0.4,us,us7000f4ny,2021-10-29T14:46:59.040Z,"154 km WSW of Bengkulu, Indonesia",earthquake,10.8,2.7,0.132,19,reviewed,us,us
2021-08-16T13:16:28.540Z,-6.0137,104.0815,55.97,4.5,mb,,194,1.988,0.46,us,us7000f4nt,2021-10-29T14:46:59.040Z,"145 km WSW of Bandar Lampung, Indonesia",earthquake,9.2,9.2,0.15,13,reviewed,us,us
2021-08-15T17:42:13.950Z,1.3998,97.5867,44.66,4.5,mb,,72,0.095,1.03,us,us6000f6nh,2021-10-29T14:46:18.040Z,"100 km SSW of Singkil, Indonesia",earthquake,8.5,5.4,0.104,27,reviewed,us,us
2021-08-14T18:41:21.747Z,-4.4071,102.5646,61.49,4.9,mb,,58,0.392,0.87,us,us6000f69y,2021-10-29T14:46:13.040Z,"74 km SSE of Bengkulu, Indonesia",earthquake,7.2,5.1,0.061,90,reviewed,us,us
2021-08-13T17:31:23.735Z,5.9209,127.17,65.21,4.5,mb,,86,1.949,0.8,us,us7000f34z,2021-10-29T14:46:39.040Z,"120 km ESE of Pondaguitan, Philippines",earthquake,9.1,8.5,0.072,62,reviewed,us,us
2021-08-13T14:47:48.504Z,-1.5892,133.801,56.96,4.5,mb,,98,2.037,0.77,us,us7000f35j,2021-10-29T14:46:40.040Z,"85 km SSW of Manokwari, Indonesia",earthquake,12.8,1.8,0.121,20,reviewed,us,us
2021-08-13T06:55:51.403Z,5.917,126.7383,92.54,4.5,mb,,129,1.624,0.78,us,us7000f32j,2021-10-29T14:46:36.040Z,"79 km SE of Pondaguitan, Philippines",earthquake,7.3,9.2,0.15,13,reviewed,us,us
2021-08-12T21:14:20.019Z,5.2457,124.8092,18.01,4.7,mb,,79,1.967,0.9,us,us6000f8zy,2021-10-23T15:47:02.040Z,"69 km SSW of Daliao, Philippines",earthquake,6.9,4.7,0.065,72,reviewed,us,us
2021-08-12T21:13:54.611Z,1.2821,128.1885,96.3,5.1,mb,,36,5.821,0.7,us,us6000f8xz,2021-10-23T15:46:58.040Z,"53 km SSE of Tobelo, Indonesia",earthquake,8.8,6.7,0.064,80,reviewed,us,us
2021-08-12T20:17:08.715Z,5.9682,127.1991,54.57,5.2,mb,,76,1.946,1.18,us,us6000f4qs,2021-10-23T15:46:27.040Z,"121 km ESE of Pondaguitan, Philippines",earthquake,7.9,7.3,0.066,77,reviewed,us,us
2021-08-12T13:34:37.772Z,1.5963,126.5888,70.26,4.6,mb,,109,1.129,0.85,us,us6000f4hu,2021-10-23T15:46:11.040Z,"125 km NW of Ternate, Indonesia",earthquake,8.5,7.4,0.107,26,reviewed,us,us
2021-08-12T04:39:09.157Z,-6.2208,131.0432,63.17,4.7,mb,,109,1.768,0.86,us,us6000f8wf,2021-10-23T15:46:56.040Z,"200 km WSW of Tual, Indonesia",earthquake,8.9,9.9,0.174,10,reviewed,us,us
2021-08-11T18:28:22.496Z,5.8294,127.0825,60.81,4.5,mb,,113,1.936,0.94,us,us6000f8uq,2021-10-23T15:46:55.040Z,"116 km ESE of Pondaguitan, Philippines",earthquake,8.6,7.8,0.099,30,reviewed,us,us
2021-08-11T05:19:05.229Z,1.2921,99.3322,10,4.8,mb,,49,1.45,0.89,us,us6000f41n,2021-10-23T15:46:03.040Z,"11 km SE of Padangsidempuan, Indonesia",earthquake,6.7,1.9,0.09,38,reviewed,us,us
2021-08-10T03:59:55.359Z,-2.9285,129.6628,10,4.5,mb,,87,2.582,0.79,us,us6000f8da,2021-10-23T15:46:51.040Z,"94 km ENE of Amahai, Indonesia",earthquake,5,1.8,0.15,13,reviewed,us,us
2021-08-10T02:10:38.478Z,-7.2015,129.267,140.31,4.6,mb,,76,2.158,1,us,us6000f3rk,2021-10-23T15:45:59.040Z,"Kepulauan Babar, Indonesia",earthquake,7.1,8.1,0.152,13,reviewed,us,us
2021-08-09T14:36:01.197Z,-8.0634,108.9836,68.19,4.8,mb,,52,1.45,0.91,us,us6000f3lk,2021-10-23T15:45:58.040Z,"55 km SSW of Kroya, Indonesia",earthquake,7.6,5.9,0.089,44,reviewed,us,us
2021-08-08T13:35:55.842Z,1.6045,127.273,120.31,4.6,mb,,78,0.832,0.66,us,us6000f3dg,2021-10-23T15:45:53.040Z,"83 km W of Tobelo, Indonesia",earthquake,6.8,6.2,0.085,41,reviewed,us,us
2021-08-08T02:02:14.070Z,3.1319,96.1759,52.79,4.5,mb,,144,2.22,0.61,us,us6000f39r,2021-10-23T15:45:51.040Z,"75 km NNW of Sinabang, Indonesia",earthquake,8.6,4.7,0.124,21,reviewed,us,us
2021-08-07T08:07:57.455Z,0.2605,126.4874,47.67,4.5,mb,,99,1.015,0.81,us,us6000f70d,2021-10-23T15:46:45.040Z,"115 km WSW of Ternate, Indonesia",earthquake,5.1,8.7,0.113,23,reviewed,us,us
2021-08-07T06:44:50.510Z,0.4469,126.2614,49.28,4.6,mb,,48,1.151,0.64,us,us6000f705,2021-10-23T15:46:45.040Z,"130 km WSW of Ternate, Indonesia",earthquake,6.6,8,0.109,25,reviewed,us,us
2021-08-06T23:26:32.946Z,2.907,125.9115,56.03,4.5,mb,,64,2.571,0.48,us,us6000f5mv,2021-10-23T15:46:44.040Z,"188 km NNE of Laikit, Laikit II (Dimembe), Indonesia",earthquake,10.4,2.9,0.145,14,reviewed,us,us
2021-08-06T21:17:24.103Z,-0.0454,125.3926,56.94,4.5,mb,,63,2.134,0.59,us,us6000f5ms,2021-10-23T15:46:44.040Z,"158 km SSE of Tondano, Indonesia",earthquake,4.4,9.3,0.156,12,reviewed,us,us
2021-08-06T16:08:58.061Z,4.8347,122.9098,603.23,4.8,mb,,55,3.461,0.98,us,us6000f2wh,2021-10-23T15:45:44.040Z,"173 km SE of Tabiauan, Philippines",earthquake,11,8.9,0.06,87,reviewed,us,us
2021-08-06T11:08:17.950Z,-6.2037,104.6565,54.99,5.2,mww,,34,2.494,0.74,us,us6000f2r4,2025-12-22T22:13:15.440Z,"108 km SW of Bandar Lampung, Indonesia",earthquake,6.6,5.1,0.089,12,reviewed,us,us
2021-08-05T14:24:28.015Z,-6.8174,130.041,117.37,5,mb,,70,1.701,0.8,us,us6000f2hc,2025-12-22T22:13:13.523Z,"Banda Sea",earthquake,7.5,5.7,0.051,120,reviewed,us,us
2021-08-05T05:06:07.763Z,-7.5981,122.8179,540.83,5.4,mww,,32,1.18,0.54,us,us6000f2cv,2025-12-22T22:13:12.454Z,"131 km NNE of Maumere, Indonesia",earthquake,9.4,6.3,0.083,14,reviewed,us,us
2021-08-05T03:29:01.319Z,-9.0821,125.4365,10,4.5,mb,,126,1.333,0.97,us,us6000f5jy,2021-10-14T01:10:28.040Z,"12 km SW of Ainaro, Timor Leste",earthquake,4.5,1.9,0.172,10,reviewed,us,us
2021-08-04T19:11:36.370Z,4.8572,127.5168,96.59,4.9,mb,,27,2.923,0.66,us,us6000f28k,2021-10-14T01:07:14.040Z,"222 km SE of Pondaguitan, Philippines",earthquake,7.2,6.3,0.04,203,reviewed,us,us
2021-08-04T16:56:45.334Z,5.0473,125.2793,38.99,4.9,mb,,42,2.031,1.1,us,us6000f27q,2021-10-14T01:07:11.040Z,"44 km SSW of Sarangani, Philippines",earthquake,6.8,5.7,0.058,93,reviewed,us,us
2021-08-04T04:54:22.079Z,-8.6365,127.4978,10,4.8,mb,,84,3.377,0.62,us,us6000f22v,2022-08-09T06:24:00.439Z,"56 km ESE of Lospalos, Timor Leste",earthquake,6.8,1.9,0.083,45,reviewed,us,us
2021-08-04T04:10:20.455Z,0.2348,126.5396,58.09,4.5,mb,,69,0.984,0.83,us,us6000f4ig,2021-10-14T01:09:24.040Z,"112 km WSW of Ternate, Indonesia",earthquake,7.2,6.9,0.118,21,reviewed,us,us
2021-08-03T19:44:32.190Z,-9.1652,119.2526,82.02,5,mb,,37,2.996,1.25,us,us6000f1yp,2021-10-14T01:06:30.040Z,"68 km SSW of Komodo, Indonesia",earthquake,6.3,6.2,0.066,83,reviewed,us,us
2021-08-03T02:40:52.766Z,5.9946,126.4301,99.96,4.7,mb,,73,1.362,0.53,us,us6000f46p,2021-10-14T01:09:05.040Z,"49 km SE of Pondaguitan, Philippines",earthquake,9.8,6.7,0.13,18,reviewed,us,us
2021-08-03T01:57:47.276Z,-3.4944,99.9948,10,4.6,mb,,123,3.076,0.43,us,us6000f46s,2021-10-14T01:09:06.040Z,"222 km SW of Sungai Penuh, Indonesia",earthquake,7.9,1.9,0.151,13,reviewed,us,us
2021-08-02T23:01:01.149Z,-3.1615,100.4063,10,5.2,mb,,50,2.809,0.87,us,us6000f1ny,2021-10-14T01:05:55.040Z,"164 km SW of Sungai Penuh, Indonesia",earthquake,6.2,1.7,0.058,100,reviewed,us,us
2021-08-02T23:00:40.859Z,-3.2258,100.3198,10,4.7,mb,,113,2.861,0.71,us,us6000f1ph,2021-10-14T01:05:56.040Z,"175 km SW of Sungai Penuh, Indonesia",earthquake,9,1.9,0.093,35,reviewed,us,us
2021-08-02T22:48:50.780Z,-3.2114,100.1976,20,5.8,mww,,41,2.979,0.81,us,us6000f1nr,2025-12-22T22:13:03.066Z,"184 km SW of Sungai Penuh, Indonesia",earthquake,3.5,1.8,0.086,13,reviewed,us,us
2021-08-02T20:35:04.516Z,-3.262,100.1679,10,4.5,mb,,182,2.988,0.84,us,us6000f1lu,2021-10-14T01:05:48.040Z,"190 km SW of Sungai Penuh, Indonesia",earthquake,5.6,1.9,0.102,28,reviewed,us,us
2021-08-02T18:21:13.913Z,-0.2434,129.6404,38.6,4.6,mb,,74,1.74,0.92,us,us6000f3vg,2021-10-14T01:08:46.040Z,"193 km WNW of Sorong, Indonesia",earthquake,6.7,5.6,0.105,27,reviewed,us,us
2021-08-02T15:04:24.709Z,1.841,127.3842,122.48,5.1,mww,,58,1.062,0.93,us,us6000f1hr,2025-12-22T22:13:01.881Z,"70 km W of Tobelo, Indonesia",earthquake,6.5,2.4,0.098,10,reviewed,us,us
2021-08-02T05:01:19.974Z,-4.499,133.958,10,6,mww,,33,2.317,0.41,us,us6000f1ea,2025-12-22T22:13:00.558Z,"182 km NE of Tual, Indonesia",earthquake,6.3,1.8,0.093,11,reviewed,us,us
2021-08-02T04:44:41.698Z,-0.6614,121.9021,10,4.5,mb,,114,0.948,1.13,us,us6000f3uq,2021-10-14T01:08:40.040Z,"103 km WNW of Luwuk, Indonesia",earthquake,8,1.9,0.192,10,reviewed,us,us
2021-08-02T04:41:23.742Z,-0.6027,122.0124,10,4.8,mb,,65,0.875,0.89,us,us6000f1eb,2021-10-14T01:05:24.040Z,"94 km WNW of Luwuk, Indonesia",earthquake,6.1,1.8,0.095,34,reviewed,us,us
2021-08-01T11:39:19.563Z,-0.0804,124.8822,76.78,4.6,mb,,42,2.316,0.96,us,us6000f17x,2021-10-14T01:04:58.040Z,"Molucca Sea",earthquake,8.2,8.4,0.098,31,reviewed,us,us
2021-07-30T17:52:04.667Z,3.9327,127.8582,114.57,4.8,mb,,73,3.178,0.51,us,us6000f0r5,2021-10-14T01:03:53.040Z,"244 km N of Tobelo, Indonesia",earthquake,7.1,6.6,0.077,58,reviewed,us,us
2021-07-28T21:13:48.859Z,1.6963,126.4809,51.69,4.5,mb,,88,1.275,0.72,us,us6000ezz8,2021-10-03T05:22:55.040Z,"141 km NW of Ternate, Indonesia",earthquake,7.2,5.8,0.131,17,reviewed,us,us
2021-07-27T18:32:26.476Z,-0.6623,121.959,10,4.5,mb,,104,0.895,0.66,us,us6000f1jk,2021-10-03T05:24:22.040Z,"97 km WNW of Luwuk, Indonesia",earthquake,5,1.9,0.15,13,reviewed,us,us
2021-07-27T16:21:48.451Z,-8.8588,111.4054,49.62,4.9,mb,,56,1.283,0.9,us,us6000ezjt,2021-10-03T05:22:30.040Z,"92 km SSW of Trenggalek, Indonesia",earthquake,7,6.4,0.074,63,reviewed,us,us
2021-07-26T17:10:10.773Z,-0.6714,121.9339,10,4.7,mb,,68,0.914,0.9,us,us6000ez92,2021-10-03T05:22:15.040Z,"99 km WNW of Luwuk, Indonesia",earthquake,6,1.9,0.11,29,reviewed,us,us
2021-07-26T12:09:06.655Z,-0.7679,121.9083,11,6.3,mww,,18,0.905,1.29,us,us6000ez5x,2025-12-22T22:12:32.373Z,"99 km WNW of Luwuk, Indonesia",earthquake,5,1.7,0.045,47,reviewed,us,us
2021-07-26T03:52:02.270Z,-0.6732,121.9049,9.75,5.8,mww,,16,0.94,1.41,us,us6000ez2l,2025-12-22T22:12:17.054Z,"102 km WNW of Luwuk, Indonesia",earthquake,4.3,2.8,0.069,20,reviewed,us,us
2021-07-25T16:00:25.075Z,-6.9111,117.2418,27.78,4.5,mb,,44,3.127,0.93,us,us6000f0m3,2021-10-03T05:23:56.040Z,"168 km N of Pototano, Indonesia",earthquake,6,5.6,0.124,21,reviewed,us,us
2021-07-25T14:39:39.845Z,-7.195,129.2387,136.12,4.6,mb,,76,2.187,0.92,us,us6000f0m9,2021-10-03T05:23:59.040Z,"287 km ENE of Lospalos, Timor Leste",earthquake,5.8,9.6,0.194,11,reviewed,us,us
2021-07-24T17:12:03.090Z,-6.488,129.8063,144.81,4.5,mb,,72,2.097,0.7,us,us6000eyq8,2021-10-03T05:21:44.040Z,"Banda Sea",earthquake,6,6.2,0.063,81,reviewed,us,us
2021-07-24T13:07:22.389Z,2.8784,126.5971,54.75,5.3,mb,,39,2.229,1.13,us,us6000eyne,2025-12-22T22:12:04.524Z,"202 km NW of Tobelo, Indonesia",earthquake,7.1,5.4,0.046,159,reviewed,us,us
2021-07-22T22:53:08.250Z,1.1875,126.9034,78.02,4.5,mb,,94,0.62,0.75,us,us6000ey4y,2021-09-25T21:08:36.040Z,"69 km NW of Ternate, Indonesia",earthquake,7.2,6.2,0.098,31,reviewed,us,us
2021-07-22T02:04:33.666Z,1.4113,128.3338,35,4.5,mb,,94,1.156,0.5,us,us6000ezrr,2021-09-25T21:08:31.040Z,"50 km SE of Tobelo, Indonesia",earthquake,6.9,2,0.181,9,reviewed,us,us
2021-07-22T01:31:44.655Z,-7.8866,127.7522,140.13,4.7,mb,,51,3.514,0.73,us,us6000ezrq,2021-09-25T21:08:31.040Z,"108 km NE of Lospalos, Timor Leste",earthquake,4.9,9.2,0.143,15,reviewed,us,us
2021-07-21T17:44:01.665Z,-2.9186,119.3918,12.77,5.2,mww,,23,2.112,0.85,us,us6000exq7,2026-07-23T14:03:57.247Z,"56 km W of Rantepao, Indonesia",earthquake,4.1,3.5,0.089,12,reviewed,us,us
2021-07-21T04:33:36.504Z,-7.4139,128.2905,138.41,4.9,mb,,55,3.034,0.61,us,us6000exj7,2021-09-25T21:08:25.040Z,"187 km NE of Lospalos, Timor Leste",earthquake,7.9,6.2,0.104,29,reviewed,us,us
2021-07-21T03:50:42.581Z,2.6702,128.4002,46.91,4.5,mb,,110,2.15,0.73,us,us6000ezhl,2021-09-25T21:08:24.040Z,"112 km NNE of Tobelo, Indonesia",earthquake,10.8,10.5,0.145,14,reviewed,us,us
2021-07-21T03:27:54.273Z,-7.084,129.2064,94.66,4.7,mb,,118,2.258,0.82,us,us6000ezip,2021-09-25T21:08:24.040Z,"290 km ENE of Lospalos, Timor Leste",earthquake,9.8,8.4,0.184,9,reviewed,us,us
2021-07-21T02:18:07.106Z,1.7086,127.404,117.69,4.6,mb,,79,0.931,0.61,us,us6000ezhk,2021-09-25T21:08:23.040Z,"67 km W of Tobelo, Indonesia",earthquake,10.7,8.5,0.141,15,reviewed,us,us
2021-07-20T20:26:46.130Z,5.6101,126.7376,87.68,5.2,mww,,46,1.851,0.79,us,us6000exg0,2025-12-22T19:04:40.937Z,"Mindanao, Philippines",earthquake,6.4,4.2,0.066,22,reviewed,us,us
2021-07-19T18:39:39.285Z,3.6454,126.7215,64.08,4.5,mb,,88,2.926,0.78,us,us7000enhn,2021-09-25T21:08:13.040Z,"239 km SE of Sarangani, Philippines",earthquake,4,8.2,0.09,36,reviewed,us,us
2021-07-19T05:06:17.035Z,1.4753,127.1629,129.64,4.5,mb,,86,0.727,0.34,us,us6000eybp,2021-09-25T21:08:10.040Z,"79 km NNW of Ternate, Indonesia",earthquake,11.5,7.9,0.157,13,reviewed,us,us
2021-07-19T02:38:53.627Z,0.5293,126.5996,50.15,4.6,mb,,42,0.804,0.79,us,us7000enbt,2021-09-25T21:08:09.040Z,"91 km WSW of Ternate, Indonesia",earthquake,4.8,5.9,0.101,29,reviewed,us,us
2021-07-19T00:55:43.821Z,0.0033,123.2252,159.24,5.3,mww,,36,1.132,0.93,us,us7000enan,2025-12-22T19:04:37.865Z,"61 km SSE of Gorontalo, Indonesia",earthquake,6,3.9,0.069,20,reviewed,us,us
2021-07-18T10:40:01.482Z,-0.0056,123.8082,105.07,4.8,mb,,43,1.46,0.71,us,us7000en55,2021-09-25T21:08:05.040Z,"102 km SE of Gorontalo, Indonesia",earthquake,5.7,6.5,0.065,74,reviewed,us,us
2021-07-18T02:25:35.297Z,-6.3991,103.9287,46.18,4.9,mb,,182,2.245,0.59,us,us7000en20,2021-09-25T21:08:02.040Z,"182 km SW of Bandar Lampung, Indonesia",earthquake,10.8,9.5,0.122,21,reviewed,us,us
2021-07-17T12:58:41.953Z,1.6999,127.2472,120.62,4.5,mb,,103,0.929,0.41,us,us7000emxb,2021-09-25T21:07:58.040Z,"84 km W of Tobelo, Indonesia",earthquake,8.8,6.5,0.096,32,reviewed,us,us
2021-07-16T05:26:17.343Z,-8.2935,117.3815,10,4.5,mb,,125,3.2,0.96,us,us6000exzk,2021-09-25T21:07:46.040Z,"17 km NW of Pototano, Indonesia",earthquake,6.3,1.7,0.191,8,reviewed,us,us
2021-07-15T13:00:32.166Z,2.7696,126.7891,58.03,4.5,mb,,104,2.066,0.64,us,us7000em5h,2021-09-17T22:50:40.040Z,"177 km NW of Tobelo, Indonesia",earthquake,8.7,7.8,0.092,35,reviewed,us,us
2021-07-15T03:44:53.332Z,-7.2539,128.5778,150.5,4.6,mb,,65,2.792,0.68,us,us7000em2d,2021-09-17T22:50:37.040Z,"Kepulauan Barat Daya, Indonesia",earthquake,8.8,6.5,0.083,43,reviewed,us,us
2021-07-14T17:52:56.992Z,1.0216,126.1194,10,4.9,mb,,53,1.271,0.66,us,us7000elyj,2021-09-17T22:50:32.040Z,"137 km ESE of Laikit, Laikit II (Dimembe), Indonesia",earthquake,5.7,1.8,0.048,141,reviewed,us,us
2021-07-14T10:13:47.918Z,-4.4074,101.5733,31.28,4.5,mb,,177,1.379,0.27,us,us7000eluq,2021-09-17T22:50:25.040Z,"102 km SW of Bengkulu, Indonesia",earthquake,7.7,7,0.096,37,reviewed,us,us
2021-07-13T19:46:53.131Z,0.7486,126.1773,22.85,4.5,mb,,54,1.189,0.77,us,us7000elnz,2021-09-17T22:50:14.040Z,"134 km W of Ternate, Indonesia",earthquake,4.3,4.8,0.064,79,reviewed,us,us
2021-07-13T12:45:56.600Z,-5.095,130.8794,97.61,4.8,mww,,50,2.556,0.67,us,us7000eli9,2025-12-22T19:04:22.097Z,"215 km WNW of Tual, Indonesia",earthquake,7.1,5.5,0.098,10,reviewed,us,us
2021-07-13T08:30:14.308Z,-6.2785,104.4267,85.59,4.8,mb,,181,2.403,0.71,us,us7000elgs,2021-09-17T22:50:07.040Z,"131 km SW of Bandar Lampung, Indonesia",earthquake,10.8,8.4,0.102,30,reviewed,us,us
2021-07-12T12:51:54.894Z,-3.7045,140.2244,42.36,4.7,mb,,49,1.105,0.98,us,us6000eult,2021-09-17T22:49:51.040Z,"130 km SSW of Abepura, Indonesia",earthquake,7.3,5.6,0.07,61,reviewed,us,us
2021-07-12T10:35:07.854Z,-6.828,129.3222,139.8,4.5,mb,,83,2.271,0.89,us,us6000eukv,2021-09-17T22:49:50.040Z,"Banda Sea",earthquake,4.1,7.4,0.113,23,reviewed,us,us
2021-07-12T06:30:38.589Z,-6.2175,106.1859,140.52,4.7,mb,,62,1.908,0.74,us,us6000eujp,2021-09-17T22:49:48.040Z,"11 km SSE of Serang, Indonesia",earthquake,7.7,4.9,0.068,66,reviewed,us,us
2021-07-12T00:02:48.885Z,3.2509,127.9314,66.61,4.7,mb,,57,1.41,0.81,us,us6000euhm,2021-09-17T22:49:45.040Z,"168 km N of Tobelo, Indonesia",earthquake,6.3,6.8,0.064,73,reviewed,us,us
2021-07-11T16:07:32.778Z,2.9087,126.5959,55.15,4.5,mb,,79,1.094,0.7,us,us6000euek,2021-09-17T22:49:39.040Z,"204 km NW of Tobelo, Indonesia",earthquake,3.4,5,0.085,45,reviewed,us,us
2021-07-11T02:16:31.198Z,0.0131,123.317,129.92,4.6,mb,,49,1.181,1.21,us,us6000eu9t,2021-09-17T22:49:31.040Z,"64 km SSE of Gorontalo, Indonesia",earthquake,6.5,2.6,0.095,35,reviewed,us,us
2021-07-10T11:49:57.901Z,0.5799,123.5653,252.62,4.5,mb,,66,1.795,0.51,us,us6000eu3l,2021-09-17T22:49:21.040Z,"Minahasa, Sulawesi, Indonesia",earthquake,7.6,7.6,0.106,26,reviewed,us,us
2021-07-10T10:06:30.405Z,2.8571,126.6144,55.94,4.8,mb,,101,2.203,0.73,us,us6000eu2l,2025-12-22T19:04:16.215Z,"199 km NW of Tobelo, Indonesia",earthquake,6.6,4.8,0.052,116,reviewed,us,us
2021-07-10T10:04:53.128Z,2.8882,126.7395,52.11,4.5,mb,,112,2.193,0.53,us,us7000em6u,2021-09-17T22:50:45.040Z,"Molucca Sea",earthquake,8.7,9,0.11,27,reviewed,us,us
2021-07-10T03:30:52.786Z,2.8154,126.5768,63.88,4.6,mb,,122,2.178,0.69,us,us6000etzm,2021-09-17T22:49:16.040Z,"199 km NW of Tobelo, Indonesia",earthquake,10.7,8,0.137,16,reviewed,us,us
2021-07-10T02:41:09.501Z,1.8228,96.9785,17.35,5.4,mb,,36,0.788,0.87,us,us6000etz0,2021-09-17T22:49:15.040Z,"98 km SE of Sinabang, Indonesia",earthquake,5.7,3.2,0.041,204,reviewed,us,us
2021-07-10T02:33:37.507Z,2.903,126.6469,69.12,4.6,mb,,130,2.235,0.72,us,us7000em67,2021-09-17T22:50:42.040Z,"199 km NW of Tobelo, Indonesia",earthquake,10.4,6.9,0.151,14,reviewed,us,us
2021-07-10T02:30:59.846Z,2.896,126.6966,77.12,4.6,mb,,105,2.213,1.04,us,us6000etyw,2021-09-17T22:49:15.040Z,"194 km NW of Tobelo, Indonesia",earthquake,4.7,7.9,0.116,22,reviewed,us,us
2021-07-10T02:26:13.976Z,2.8069,126.634,64.68,4.5,mb,,148,2.15,0.8,us,us7000em6f,2021-09-17T22:50:43.040Z,"193 km NW of Tobelo, Indonesia",earthquake,10.9,7.4,0.18,10,reviewed,us,us
2021-07-10T00:58:13.388Z,2.9189,126.5451,51.27,5,mb,,72,1.088,0.86,us,us6000etxx,2021-09-17T22:49:12.040Z,"209 km NW of Tobelo, Indonesia",earthquake,5.6,5.9,0.049,138,reviewed,us,us
2021-07-10T00:51:08.753Z,2.9677,126.5601,42.57,5.5,mb,,32,2.325,0.76,us,us6000etxn,2025-12-22T19:04:14.424Z,"211 km NW of Tobelo, Indonesia",earthquake,6.6,4.1,0.037,258,reviewed,us,us
2021-07-10T00:43:55.986Z,2.9494,126.4984,44.33,6.1,mww,,32,2.33,0.92,us,us6000etxj,2025-12-22T19:04:13.462Z,"215 km NW of Tobelo, Indonesia",earthquake,6.6,3.6,0.065,23,reviewed,us,us
2021-07-09T13:31:09.481Z,0.1413,123.6629,119.63,5.6,mww,,16,1.474,0.92,us,us6000etn1,2025-12-22T19:04:08.660Z,"79 km ESE of Gorontalo, Indonesia",earthquake,6.3,2.9,0.044,49,reviewed,us,us
2021-07-09T12:55:25.057Z,-2.4594,99.729,10,4.6,mb,,177,3.061,0.71,us,us7000elx4,2021-09-17T22:50:30.040Z,"180 km SSW of Padang, Indonesia",earthquake,8.6,1.9,0.181,12,reviewed,us,us
2021-07-09T01:53:32.778Z,-7.2505,126.1701,437.57,4.5,mb,,46,3.12,0.67,us,us6000etfv,2021-09-17T22:48:32.040Z,"139 km NNW of Baukau, Timor Leste",earthquake,4,6.7,0.064,72,reviewed,us,us
2021-07-08T10:09:17.725Z,5.3333,126.4682,24.06,5.2,mww,,68,1.938,1.27,us,us6000et4t,2025-12-22T18:01:13.966Z,"111 km E of Sarangani, Philippines",earthquake,5.4,3.9,0.059,28,reviewed,us,us
2021-07-08T06:19:41.456Z,5.4695,126.5002,47.51,4.5,mb,,114,1.834,0.55,us,us6000et2q,2021-09-10T20:07:44.040Z,"104 km SSE of Pondaguitan, Philippines",earthquake,8.6,6.3,0.09,39,reviewed,us,us
2021-07-08T02:58:50.462Z,-7.6759,127.7728,168.44,4.8,mb,,57,3.506,0.85,us,us6000et1s,2021-09-10T20:07:35.040Z,"126 km NE of Lospalos, Timor Leste",earthquake,5.3,7.7,0.168,11,reviewed,us,us
2021-07-07T12:30:48.861Z,-2.9897,139.5758,116.7,5.1,mb,,44,7.317,0.55,us,us7000ejba,2025-12-22T19:03:49.395Z,"125 km WSW of Abepura, Indonesia",earthquake,7.6,5,0.044,164,reviewed,us,us
2021-07-07T00:38:06.284Z,-9.3987,119.6794,82.2,4.9,mb,,41,1.963,1.29,us,us7000ej8g,2021-09-10T20:07:53.040Z,"70 km WNW of Waingapu, Indonesia",earthquake,7,5.5,0.069,66,reviewed,us,us
2021-07-06T21:35:00.908Z,1.9838,127.6452,10,4.5,mb,,100,1.235,0.67,us,us7000ej7r,2021-09-10T20:07:23.040Z,"49 km NW of Tobelo, Indonesia",earthquake,6.6,1.9,0.095,32,reviewed,us,us
2021-07-05T21:44:56.074Z,-9.8334,121.7992,34.39,4.5,mb,,37,1.266,1.01,us,us7000eiy7,2021-09-10T20:08:17.040Z,"110 km S of Ende, Indonesia",earthquake,4.2,4.6,0.11,24,reviewed,us,us
2021-07-04T16:18:49.678Z,-2.8884,127.9268,10,5,mww,,35,2.108,0.87,us,us7000einr,2025-12-22T19:03:35.425Z,"93 km NNW of Ambon, Indonesia",earthquake,5.9,1.8,0.093,11,reviewed,us,us
2021-07-04T14:29:13.825Z,-6.9629,129.038,193.8,4.5,mb,,76,2.46,0.47,us,us6000et88,2021-09-10T20:06:49.040Z,"283 km NE of Lospalos, Timor Leste",earthquake,9.7,9.2,0.312,7,reviewed,us,us
2021-07-04T01:27:36.359Z,-5.8246,125.1562,555.87,4.9,mb,,72,4.003,0.62,us,us6000et7k,2021-09-10T20:06:49.040Z,"Banda Sea",earthquake,10,11.8,0.229,6,reviewed,us,us
2021-07-03T21:32:52.030Z,-6.8642,129.9353,124.45,4.5,mb,,94,1.75,0.67,us,us7000eiit,2021-09-10T20:06:50.040Z,"Banda Sea",earthquake,6.4,6.4,0.078,49,reviewed,us,us
2021-07-03T13:09:46.425Z,-4.1986,102.4166,56.1,5.1,mww,,52,0.561,1.08,us,us7000eigl,2025-12-22T18:01:11.586Z,"47 km SSE of Bengkulu, Indonesia",earthquake,6.7,4.5,0.098,10,reviewed,us,us
2021-07-01T18:59:55.991Z,-5.4073,104.6978,38.26,4.5,mb,,69,0.592,0.96,us,us7000ei2i,2023-04-15T03:25:25.753Z,"62 km W of Bandar Lampung, Indonesia",earthquake,2.9,6.8,0.11,27,reviewed,us,us
2021-07-01T17:09:00.625Z,1.9406,128.7303,36.38,4.5,mb,,110,1.79,0.72,us,us7000ej42,2021-09-09T22:06:56.040Z,"83 km ENE of Tobelo, Indonesia",earthquake,6.8,7.4,0.118,21,reviewed,us,us
2021-07-01T12:27:31.646Z,-5.4122,104.6531,25.14,4.5,mb,,70,1.987,1.15,us,us7000ej3z,2021-09-09T22:06:55.040Z,"67 km W of Bandar Lampung, Indonesia",earthquake,3.9,5.3,0.135,16,reviewed,us,us
2021-07-01T11:26:04.699Z,0.5456,121.1628,88.53,4.5,mb,,115,0.678,0.8,us,us7000ehzg,2021-09-09T22:06:28.040Z,"211 km W of Gorontalo, Indonesia",earthquake,6.9,6.8,0.132,17,reviewed,us,us
2021-07-01T03:43:34.144Z,-5.3475,104.7493,37.72,4.6,mb,,64,0.494,0.88,us,us7000ehwq,2023-03-15T05:16:06.064Z,"57 km W of Bandar Lampung, Indonesia",earthquake,5.8,6.3,0.129,18,reviewed,us,us
2021-07-01T01:50:10.113Z,-5.4405,104.6491,40.82,4.6,mb,,71,0.639,0.87,us,us7000ehw5,2023-03-27T02:36:43.911Z,"67 km W of Bandar Lampung, Indonesia",earthquake,4.7,7.2,0.133,17,reviewed,us,us
2021-06-30T03:04:25.437Z,-6.954,125.1884,493.72,4.6,mb,,97,2.928,0.68,us,us7000eivg,2021-09-09T22:06:49.040Z,"181 km N of Likisá, Timor Leste",earthquake,14.7,11.7,0.151,13,reviewed,us,us
2021-06-29T23:36:19.458Z,3.9102,125.8904,151.24,4.5,mb,,69,0.424,0.83,us,us6000eqyx,2021-09-09T22:05:57.040Z,"171 km SSE of Sarangani, Philippines",earthquake,6.8,5.1,0.07,59,reviewed,us,us
2021-06-29T21:28:41.256Z,-5.2708,129.4352,259.29,4.6,mb,,67,0.878,0.83,us,us6000eqy7,2021-09-09T22:05:55.040Z,"221 km SSE of Amahai, Indonesia",earthquake,5,5.3,0.078,49,reviewed,us,us
2021-06-29T17:55:36.856Z,0.3063,126.3534,10,4.5,mb,,67,1.113,0.82,us,us7000eiaf,2021-09-09T22:06:47.040Z,"126 km WSW of Ternate, Indonesia",earthquake,4.2,1.9,0.135,21,reviewed,us,us
2021-06-29T14:30:02.863Z,2.5363,128.9963,35,4.6,mb,,92,2.392,0.51,us,us7000eiam,2021-09-09T22:06:48.040Z,"141 km NE of Tobelo, Indonesia",earthquake,9.1,2,0.136,18,reviewed,us,us
2021-06-29T14:24:37.380Z,2.4662,128.8715,35,4.7,mb,,79,2.257,0.75,us,us6000equ7,2021-09-09T22:05:52.040Z,"125 km NE of Tobelo, Indonesia",earthquake,5.1,1.9,0.062,80,reviewed,us,us
2021-06-29T13:40:41.648Z,2.4274,128.9241,35,4.6,mb,,117,2.264,0.79,us,us6000equ0,2021-09-09T22:05:51.040Z,"127 km NE of Tobelo, Indonesia",earthquake,7.2,2,0.075,54,reviewed,us,us
2021-06-29T07:35:28.322Z,3.9761,125.8465,154.42,4.7,mb,,43,3.084,1.01,us,us6000eqs4,2025-12-22T19:03:11.819Z,"163 km SSE of Sarangani, Philippines",earthquake,7.6,6.5,0.052,111,reviewed,us,us
2021-06-29T00:09:18.419Z,-4.4488,133.9968,10,4.6,mb,,64,2.313,1.02,us,us6000eqp1,2021-09-09T22:05:44.040Z,"189 km NE of Tual, Indonesia",earthquake,5,1.8,0.098,31,reviewed,us,us
2021-06-28T01:56:37.517Z,-10.4538,124.0128,10,5,mww,,44,0.737,1.18,us,us6000eqe3,2025-12-22T19:03:08.617Z,"54 km SE of Kupang, Indonesia",earthquake,4.9,0.7,0.093,11,reviewed,us,us
2021-06-27T22:51:22.878Z,1.6049,128.3378,76.06,4.6,mb,,82,1.275,0.4,us,us7000ei6n,2021-09-09T22:06:38.040Z,"39 km ESE of Tobelo, Indonesia",earthquake,7.3,8,0.181,9,reviewed,us,us
2021-06-27T22:15:28.772Z,-8.3453,110.6583,85.47,5.1,mb,,25,0.45,0.98,us,us6000eqc7,2025-12-22T19:03:07.963Z,"55 km SE of Pundong, Indonesia",earthquake,5.6,3.5,0.052,119,reviewed,us,us
2021-06-27T21:19:24.248Z,-7.0002,129.7776,119.81,4.7,mb,,48,1.796,0.66,us,us6000eqbr,2021-09-09T22:05:27.040Z,"Kepulauan Babar, Indonesia",earthquake,4.5,6.1,0.068,65,reviewed,us,us
2021-06-27T21:11:58.539Z,-6.8333,129.3811,206.72,4.5,mb,,85,2.218,0.88,us,us7000ei6q,2021-09-09T22:06:38.040Z,"Banda Sea",earthquake,7,8.9,0.18,9,reviewed,us,us
2021-06-27T15:56:12.192Z,-2.8938,101.0849,40.3,5.1,mb,,55,2.368,0.62,us,us6000eq9y,2021-09-09T22:05:24.040Z,"98 km SSW of Sungai Penuh, Indonesia",earthquake,5.9,4.4,0.055,108,reviewed,us,us
2021-06-25T19:27:36.290Z,-0.1422,123.3974,171.93,4.5,mb,,30,0.919,0.94,us,us6000eptb,2021-09-09T22:04:55.040Z,"83 km SSE of Gorontalo, Indonesia",earthquake,5.7,5.5,0.071,63,reviewed,us,us
2021-06-25T09:06:05.700Z,5.8796,125.7529,67.83,4.5,mb,,119,1.194,0.55,us,us6000epm9,2021-09-09T22:04:50.040Z,"13 km ESE of Caburan, Philippines",earthquake,8.3,7.7,0.118,24,reviewed,us,us
2021-06-24T02:42:01.141Z,-2.5815,127.5455,8.06,4.9,mww,,39,3.335,0.85,us,us6000ep81,2025-12-22T19:02:55.794Z,"142 km NNW of Ambon, Indonesia",earthquake,6.4,3.3,0.089,12,reviewed,us,us
2021-06-24T02:24:55.239Z,-5.9581,128.2804,337,5.7,mww,,16,3.608,0.71,us,us6000ep7f,2025-12-22T19:06:50.129Z,"250 km S of Ambon, Indonesia",earthquake,7.3,1.9,0.058,29,reviewed,us,us
2021-06-23T06:30:26.316Z,-6.0242,127.9255,395.05,4.5,mb,,64,3.872,0.47,us,us6000eqjc,2021-08-27T18:58:33.040Z,"259 km S of Ambon, Indonesia",earthquake,8.9,11.3,0.242,5,reviewed,us,us
2021-06-22T13:25:29.902Z,0.368,126.3833,10,4.9,mb,,36,1.062,0.68,us,us7000ef6y,2021-08-27T18:58:23.040Z,"120 km WSW of Ternate, Indonesia",earthquake,6.3,1.5,0.051,119,reviewed,us,us
2021-06-21T23:22:55.756Z,0.4008,126.3902,10,4.7,mb,,50,1.043,0.82,us,us6000epqg,2021-08-27T18:58:13.040Z,"118 km WSW of Ternate, Indonesia",earthquake,4.7,1.9,0.093,35,reviewed,us,us
2021-06-21T15:17:32.875Z,0.657,126.7573,49.2,4.5,mb,,53,0.619,0.46,us,us7000eexs,2021-08-27T18:58:07.040Z,"71 km WSW of Ternate, Indonesia",earthquake,7.3,8.2,0.128,20,reviewed,us,us
2021-06-21T13:39:35.115Z,-0.2422,124.5301,49.67,4.7,mb,,66,1.929,0.63,us,us7000eex8,2021-08-27T18:58:06.040Z,"175 km S of Tomohon, Indonesia",earthquake,7.4,8.2,0.079,53,reviewed,us,us
2021-06-21T09:08:09.955Z,-0.4385,124.441,76.13,4.6,mb,,74,1.773,0.93,us,us7000eevw,2021-08-27T18:58:04.040Z,"187 km SE of Gorontalo, Indonesia",earthquake,7.9,8.1,0.09,37,reviewed,us,us
2021-06-21T01:56:00.918Z,-8.3866,107.9828,75.42,4.6,mb,,111,0.975,0.95,us,us7000eeua,2021-08-27T18:57:59.040Z,"113 km SSW of Kawalu, Indonesia",earthquake,7.4,5.3,0.093,35,reviewed,us,us
2021-06-21T01:01:37.919Z,-8.2349,108.5288,69.79,4.6,mb,,125,1.16,1.33,us,us6000eppe,2021-08-27T18:57:58.040Z,"87 km SSW of Sidareja, Indonesia",earthquake,8.6,6,0.132,17,reviewed,us,us
2021-06-21T00:36:25.310Z,-1.1153,127.2064,10,4.5,mb,,107,1.881,0.68,us,us6000epqk,2021-08-27T18:57:58.040Z,"208 km S of Sofifi, Indonesia",earthquake,4.7,1.9,0.271,4,reviewed,us,us
2021-06-21T00:34:05.428Z,-10.6864,119.3652,10,4.5,mb,,102,3.489,1.05,us,us6000eppc,2021-08-27T18:57:57.040Z,"150 km SW of Waingapu, Indonesia",earthquake,4.4,1.9,0.271,4,reviewed,us,us
2021-06-20T14:27:44.022Z,-0.2708,97.3968,10,4.6,mb,,55,1.574,0.7,us,us6000epda,2021-08-27T18:57:49.040Z,"270 km SW of Sibolga, Indonesia",earthquake,7.7,1.9,0.136,16,reviewed,us,us
2021-06-20T05:44:41.156Z,-0.0873,125.9893,47.63,4.6,mb,,54,1.62,0.7,us,us7000eekj,2021-08-27T18:57:44.040Z,"183 km WSW of Ternate, Indonesia",earthquake,6.8,7.7,0.079,49,reviewed,us,us
2021-06-20T03:20:54.127Z,5.0525,126.0801,88.83,4.6,mb,,104,2.065,1.11,us,us7000eejr,2021-08-27T18:57:44.040Z,"78 km ESE of Sarangani, Philippines",earthquake,8.4,1.4,0.117,24,reviewed,us,us
2021-06-19T22:09:17.128Z,-6.5563,129.8131,163.01,4.6,mb,,91,2.044,0.45,us,us7000eeik,2021-08-27T18:57:40.040Z,"Banda Sea",earthquake,8.5,8.7,0.132,17,reviewed,us,us
2021-06-19T21:12:15.554Z,-4.56,102.6323,56.2,5.2,mb,,27,0.378,0.57,us,us7000eehm,2021-08-27T18:57:39.040Z,"90 km SW of Pagar Alam, Indonesia",earthquake,6.6,4.5,0.043,176,reviewed,us,us
2021-06-19T08:14:54.446Z,-6.3076,130.4516,43.63,4.8,mb,,75,1.864,0.57,us,us7000eed0,2021-08-27T18:57:33.040Z,"265 km WSW of Tual, Indonesia",earthquake,6.3,5.1,0.09,38,reviewed,us,us
2021-06-18T10:18:06.101Z,2.7818,95.6992,29.48,4.6,mb,,157,2.381,0.49,us,us7000ee38,2021-08-27T18:57:15.040Z,"82 km WNW of Sinabang, Indonesia",earthquake,9,5.4,0.091,36,reviewed,us,us
2021-06-17T21:31:16.591Z,-0.3424,124.0922,74.59,4.6,mb,,47,1.492,1.17,us,us7000edz1,2021-08-26T21:59:31.040Z,"150 km SE of Gorontalo, Indonesia",earthquake,7.3,7.5,0.063,76,reviewed,us,us
2021-06-16T04:43:07.451Z,-3.558,129.5238,7,5.9,mww,,15,2.793,0.58,us,us7000edf6,2025-12-22T19:02:38.272Z,"71 km ESE of Amahai, Indonesia",earthquake,5.7,1.7,0.062,25,reviewed,us,us
2021-06-15T14:16:14.774Z,-4.2753,102.4086,61.49,5.2,mb,,48,0.552,0.66,us,us7000ed89,2021-08-26T21:59:23.040Z,"54 km SSE of Bengkulu, Indonesia",earthquake,5.2,5.4,0.059,100,reviewed,us,us
2021-06-15T14:01:10.758Z,-9.7336,107.8241,10,4.5,mb,,69,2.263,0.73,us,us7000ed84,2021-08-26T21:59:23.040Z,"south of Java, Indonesia",earthquake,3.9,1.9,0.104,29,reviewed,us,us
2021-06-15T13:40:11.795Z,5.0793,125.8756,149.96,4.5,mb,,84,1.999,0.84,us,us7000ed7t,2021-08-26T21:59:22.040Z,"58 km SE of Sarangani, Philippines",earthquake,9.1,5.9,0.124,19,reviewed,us,us
2021-06-15T09:55:27.957Z,-5.177,134.1857,10,4.7,mb,,39,2.96,0.64,us,us7000ed6t,2021-08-26T21:59:22.040Z,"166 km ENE of Tual, Indonesia",earthquake,7.1,1.8,0.075,54,reviewed,us,us
2021-06-15T01:51:23.411Z,-5.1969,133.9729,10,4.7,mb,,71,2.841,0.79,us,us7000ed4e,2021-08-26T21:59:21.040Z,"143 km ENE of Tual, Indonesia",earthquake,5.5,1.9,0.126,19,reviewed,us,us
2021-06-14T18:16:02.435Z,-3.5786,134.7998,24.51,4.8,mb,,51,2.629,0.92,us,us7000ed0s,2021-08-26T21:59:20.040Z,"81 km WSW of Nabire, Indonesia",earthquake,5.8,4.8,0.065,74,reviewed,us,us
2021-06-14T01:22:49.553Z,0.2594,126.3901,10,4.5,mb,,95,1.101,0.87,us,us7000ee3x,2021-08-26T21:59:16.040Z,"125 km WSW of Ternate, Indonesia",earthquake,7,1.8,0.127,18,reviewed,us,us
2021-06-14T01:06:10.297Z,-7.8875,123.2125,240.02,4.5,mb,,61,1.218,0.61,us,us7000ecu4,2021-08-26T21:59:16.040Z,"136 km NE of Maumere, Indonesia",earthquake,7.6,3.9,0.102,28,reviewed,us,us
2021-06-13T01:14:51.824Z,1.364,124.4511,207.89,5,mww,,37,2.92,1.09,us,us7000ecji,2025-12-22T19:02:32.467Z,"39 km W of Tomohon, Indonesia",earthquake,5.1,3.8,0.08,15,reviewed,us,us
2021-06-12T19:35:11.894Z,-8.2563,125.7518,89.13,4.6,mb,,55,2.09,0.72,us,us7000echi,2021-08-26T21:59:12.040Z,"30 km N of Metinaro, Timor Leste",earthquake,7.4,6.8,0.07,61,reviewed,us,us
2021-06-12T11:20:53.174Z,-3.7342,131.4836,10,5,mb,,48,1.113,0.73,us,us7000eceg,2021-08-26T21:59:10.040Z,"252 km NW of Tual, Indonesia",earthquake,3,1.8,0.072,61,reviewed,us,us
2021-06-12T08:56:00.458Z,0.2918,126.339,10,4.5,mb,,53,1.132,0.75,us,us7000ecdq,2021-08-26T21:59:10.040Z,"128 km WSW of Ternate, Indonesia",earthquake,6.8,1.9,0.113,23,reviewed,us,us
2021-06-12T06:16:13.707Z,0.4096,126.4989,10,4.5,mb,,90,0.939,0.49,us,us7000edsy,2021-08-26T21:59:09.040Z,"107 km WSW of Ternate, Indonesia",earthquake,8.2,1.9,0.132,17,reviewed,us,us
2021-06-11T21:37:19.871Z,0.0091,99.9714,10,4.7,mb,,67,1.113,0.52,us,us7000ec8e,2021-08-26T21:59:06.040Z,"56 km NW of Bukittinggi, Indonesia",earthquake,4,1.8,0.065,72,reviewed,us,us
2021-06-11T19:13:47.032Z,3.9818,95.9258,49.18,4.9,mb,,46,1.603,0.95,us,us7000ec6l,2021-08-26T21:59:06.040Z,"28 km SW of Meulaboh, Indonesia",earthquake,6.5,2.9,0.046,163,reviewed,us,us
2021-06-11T02:23:43.042Z,0.0519,124.2976,60.14,5.6,mww,,19,1.873,1.39,us,us7000ebx6,2025-12-22T19:02:29.152Z,"147 km ESE of Gorontalo, Indonesia",earthquake,6.1,3.8,0.073,18,reviewed,us,us
2021-06-10T10:12:47.163Z,-4.8293,102.9678,59.31,5.1,mb,,54,0.465,0.83,us,us7000ebnu,2021-08-24T21:33:43.040Z,"94 km SSW of Pagar Alam, Indonesia",earthquake,6.7,3.1,0.057,102,reviewed,us,us
2021-06-10T09:23:52.409Z,-0.0519,124.3102,77.62,4.5,mb,,47,1.825,1.18,us,us7000ed8s,2021-08-24T21:33:06.040Z,"153 km ESE of Gorontalo, Indonesia",earthquake,5.6,6.8,0.139,18,reviewed,us,us
2021-06-10T02:42:25.419Z,5.8647,126.2193,67.08,4.9,mb,,54,1.355,0.68,us,us7000ebly,2025-12-22T19:02:25.152Z,"55 km S of Pondaguitan, Philippines",earthquake,6.3,5.1,0.049,130,reviewed,us,us
2021-06-09T22:00:32.741Z,3.3856,126.7122,35,4.5,mb,,104,2.677,0.46,us,us7000ebl0,2021-08-24T21:33:47.040Z,"233 km NW of Tobelo, Indonesia",earthquake,3.8,2,0.093,34,reviewed,us,us
2021-06-09T18:49:36.060Z,5.8057,126.221,111.39,4.5,mb,,89,1.408,1.16,us,us7000ebjk,2021-08-24T21:33:50.040Z,"61 km S of Pondaguitan, Philippines",earthquake,7.3,6,0.081,45,reviewed,us,us
2021-06-08T15:27:00.056Z,-0.4302,98.0127,10,4.5,mb,,203,1.777,0.57,us,us7000ec4n,2021-08-24T21:33:13.040Z,"235 km W of Pariaman, Indonesia",earthquake,9.5,1.9,0.127,18,reviewed,us,us
2021-06-08T15:08:02.432Z,0.3537,126.2561,10,4.5,mb,,71,1.185,0.83,us,us7000ec4m,2021-08-24T21:33:14.040Z,"134 km WSW of Ternate, Indonesia",earthquake,8.3,1.9,0.144,17,reviewed,us,us
2021-06-08T15:05:13.562Z,0.4076,126.158,10,4.5,mb,,71,1.261,0.24,us,us7000ec4w,2021-08-24T21:33:12.040Z,"142 km WSW of Ternate, Indonesia",earthquake,6,1.9,0.221,10,reviewed,us,us
2021-06-08T14:58:34.514Z,-5.1032,131.7237,24.05,4.5,mb,,70,2.231,0.4,us,us7000ec4t,2021-08-24T21:33:13.040Z,"127 km WNW of Tual, Indonesia",earthquake,8.8,6.8,0.144,16,reviewed,us,us
2021-06-08T14:25:25.677Z,0.499,126.7065,10,4.5,mb,,59,0.713,0.43,us,us7000ec4j,2021-08-24T21:33:14.040Z,"82 km WSW of Ternate, Indonesia",earthquake,7.4,1.9,0.131,17,reviewed,us,us
2021-06-08T06:40:49.233Z,-6.4036,131.2816,58.46,4.8,mb,,110,1.568,0.77,us,us7000eb1l,2021-08-24T21:34:21.040Z,"183 km WSW of Tual, Indonesia",earthquake,6.2,8.7,0.154,13,reviewed,us,us
2021-06-08T05:00:32.301Z,0.4526,123.6478,196.83,5.3,mww,,30,1.723,0.93,us,us7000eb0g,2025-12-22T18:01:03.752Z,"65 km E of Gorontalo, Indonesia",earthquake,6.6,4.8,0.056,31,reviewed,us,us
2021-06-07T05:15:57.087Z,-4.7382,133.715,10,5.1,mww,,46,2.324,0.55,us,us7000eamd,2025-12-22T19:02:18.121Z,"145 km NE of Tual, Indonesia",earthquake,7.1,1.8,0.066,22,reviewed,us,us
2021-06-06T22:47:48.584Z,-7.3747,130.2357,35,4.6,mb,,90,1.214,0.9,us,us7000eakg,2021-08-24T21:34:43.040Z,"Pulau Pulau Tanimbar, Indonesia",earthquake,7.3,1.9,0.116,22,reviewed,us,us
2021-06-06T10:23:48.575Z,0.2931,126.443,10,4.5,mb,,96,1.038,0.78,us,us7000ebsk,2021-08-24T21:33:31.040Z,"118 km WSW of Ternate, Indonesia",earthquake,4.2,1.9,0.18,9,reviewed,us,us
2021-06-06T09:07:32.015Z,3.0223,126.5824,47.04,5.2,mww,,79,2.368,0.97,us,us7000eae6,2025-12-22T19:02:14.761Z,"213 km NW of Tobelo, Indonesia",earthquake,7.1,5.6,0.086,13,reviewed,us,us
2021-06-06T04:22:53.106Z,0.2863,126.4458,10,4.6,mb,,97,1.039,0.39,us,us7000ebs5,2021-08-24T21:33:33.040Z,"118 km WSW of Ternate, Indonesia",earthquake,5.6,1.9,0.164,13,reviewed,us,us
2021-06-06T04:02:38.480Z,0.2676,126.508,10,4.6,mb,,98,0.994,0.69,us,us7000ebs3,2021-08-24T21:33:34.040Z,"113 km WSW of Ternate, Indonesia",earthquake,7.7,1.7,0.147,16,reviewed,us,us
2021-06-05T23:14:58.417Z,0.2541,126.3151,10,4.5,mb,,130,1.17,0.87,us,us7000ebpu,2021-08-24T21:33:40.040Z,"132 km WSW of Ternate, Indonesia",earthquake,10.8,1.9,0.156,12,reviewed,us,us
2021-06-05T23:13:36.271Z,0.2571,126.5292,10,4.6,mb,,48,0.981,0.71,us,us7000ea7v,2021-08-24T21:35:09.040Z,"111 km WSW of Ternate, Indonesia",earthquake,5.8,1.9,0.093,34,reviewed,us,us
2021-06-05T22:57:38.235Z,0.2466,126.3835,16.26,5.3,mww,,34,1.113,0.75,us,us7000ea7j,2025-12-22T19:02:09.752Z,"126 km WSW of Ternate, Indonesia",earthquake,6,3.4,0.083,14,reviewed,us,us
2021-06-05T21:11:40.205Z,0.2058,126.4529,10,4.8,mb,,55,1.072,0.68,us,us7000ea6p,2021-08-24T21:35:13.040Z,"122 km WSW of Ternate, Indonesia",earthquake,4,1.8,0.066,71,reviewed,us,us
2021-06-05T18:18:26.889Z,-7.5554,107.2005,65.51,4.6,mb,,50,0.455,0.96,us,us7000ea3z,2021-08-24T21:35:18.040Z,"47 km SSW of Banjar, Indonesia",earthquake,7.8,5.4,0.081,51,reviewed,us,us
2021-06-05T13:24:47.452Z,0.2954,126.2445,10,4.5,mb,,74,1.217,0.75,us,us7000ebpi,2021-08-24T21:33:41.040Z,"138 km WSW of Ternate, Indonesia",earthquake,5.2,1.9,0.164,11,reviewed,us,us
2021-06-05T13:02:16.107Z,0.3156,126.4979,10,4.7,mb,,65,0.979,0.92,us,us7000ebph,2021-08-24T21:33:42.040Z,"111 km WSW of Ternate, Indonesia",earthquake,6.9,1.9,0.093,35,reviewed,us,us
2021-06-05T05:09:14.181Z,-0.9857,127.2648,10,4.5,mb,,146,1.748,0.47,us,us7000ebp8,2021-08-24T21:33:42.040Z,"193 km S of Sofifi, Indonesia",earthquake,4.3,2,0.204,7,reviewed,us,us
2021-06-04T15:24:42.249Z,0.1655,126.2436,10,5,mb,,45,1.274,1.11,us,us7000e9r2,2021-08-24T21:35:46.040Z,"144 km WSW of Ternate, Indonesia",earthquake,5.9,1.8,0.05,131,reviewed,us,us
2021-06-04T15:17:44.411Z,0.2918,126.2872,10,4.9,mb,,91,1.18,0.9,us,us7000e9qw,2021-08-24T21:35:46.040Z,"133 km WSW of Ternate, Indonesia",earthquake,5.7,1.9,0.079,53,reviewed,us,us
2021-06-04T14:07:56.903Z,0.2489,126.3269,10,4.8,mb,,69,1.162,1.08,us,us7000e9qb,2021-08-24T21:35:47.040Z,"132 km WSW of Ternate, Indonesia",earthquake,5.8,1.9,0.118,22,reviewed,us,us
2021-06-04T13:45:13.276Z,0.34,126.2897,8.6,5.3,mww,,26,1.159,1,us,us7000e9p4,2025-12-22T19:02:04.606Z,"Molucca Sea",earthquake,5.6,3,0.078,16,reviewed,us,us
2021-06-04T11:47:35.914Z,0.2634,126.4744,39.78,4.6,mb,,58,1.025,0.49,us,us7000e9nm,2021-08-24T21:35:48.040Z,"116 km WSW of Ternate, Indonesia",earthquake,6.1,7.1,0.072,60,reviewed,us,us
2021-06-04T09:25:45.801Z,0.3743,126.2926,10,4.6,mb,,57,1.144,0.74,us,us7000ebhw,2021-08-24T21:33:56.040Z,"129 km WSW of Ternate, Indonesia",earthquake,7.3,1.9,0.119,21,reviewed,us,us
2021-06-04T00:28:38.542Z,-0.4062,135.1664,10,4.7,mb,,52,3.838,0.56,us,us7000e9kg,2021-08-24T21:35:54.040Z,"126 km NW of Insrom, Indonesia",earthquake,10,1.8,0.094,34,reviewed,us,us
2021-06-03T13:53:54.177Z,0.326,126.5274,40.33,4.7,mb,,95,0.948,1.17,us,us7000e9e2,2021-08-07T22:07:36.040Z,"108 km WSW of Ternate, Indonesia",earthquake,7.1,7.1,0.11,25,reviewed,us,us
2021-06-03T12:03:04.593Z,0.2753,126.4149,42.74,4.6,mb,,49,1.071,0.7,us,us7000e9dc,2021-08-07T22:07:34.040Z,"122 km WSW of Ternate, Indonesia",earthquake,7,7.4,0.087,40,reviewed,us,us
2021-06-03T11:19:03.567Z,0.2443,126.4466,47.64,4.8,mb,,43,1.058,1.1,us,us7000e9d6,2021-08-07T22:07:33.040Z,"120 km WSW of Ternate, Indonesia",earthquake,6.4,5,0.079,49,reviewed,us,us
2021-06-03T11:14:15.770Z,0.1799,126.3047,40.33,4.5,mb,,50,1.213,0.82,us,us7000e9d7,2021-08-07T22:07:33.040Z,"137 km WSW of Ternate, Indonesia",earthquake,5.8,8.2,0.111,24,reviewed,us,us
2021-06-03T11:00:32.808Z,-1.5788,134.0883,45.49,4.5,mb,,69,2.269,1.23,us,us7000e9cz,2021-08-07T22:07:32.040Z,"79 km S of Manokwari, Indonesia",earthquake,7.7,6.8,0.135,16,reviewed,us,us
2021-06-03T10:50:15.181Z,0.2779,126.239,32.93,4.6,mb,,67,1.229,0.65,us,us7000eb79,2021-08-07T22:07:32.040Z,"139 km WSW of Ternate, Indonesia",earthquake,8.5,6,0.119,24,reviewed,us,us
2021-06-03T10:28:21.276Z,0.3097,126.2674,41.23,4.7,mb,,49,1.191,1.19,us,us7000e9cy,2021-08-07T22:07:31.040Z,"135 km WSW of Ternate, Indonesia",earthquake,6.4,7.9,0.084,43,reviewed,us,us
2021-06-03T10:24:54.555Z,0.2409,126.1757,44.82,4.6,mb,,71,1.302,0.52,us,us7000eb6e,2021-08-07T22:07:31.040Z,"147 km WSW of Ternate, Indonesia",earthquake,8.7,8.2,0.141,22,reviewed,us,us
2021-06-03T10:23:30.359Z,0.3224,126.293,35,5.1,mb,,34,1.162,1.05,us,us7000e9cj,2021-08-07T22:07:31.040Z,"132 km WSW of Ternate, Indonesia",earthquake,8,1.9,0.069,68,reviewed,us,us
2021-06-03T10:21:59.087Z,0.2635,126.2823,35,4.9,mb,,35,1.196,0.91,us,us7000eb6d,2021-08-07T22:07:30.040Z,"Molucca Sea",earthquake,6.8,1.9,0.086,59,reviewed,us,us
2021-06-03T10:21:40.610Z,0.2075,126.494,51.35,4.8,mb,,50,1.037,1.39,us,us7000e9bm,2021-08-07T22:07:30.040Z,"118 km WSW of Ternate, Indonesia",earthquake,7,9,0.111,27,reviewed,us,us
2021-06-03T10:17:14.896Z,0.2321,126.1275,35,4.9,mb,,75,1.35,0.9,us,us7000eb6b,2021-08-07T22:07:30.040Z,"152 km WSW of Ternate, Indonesia",earthquake,5.9,1.8,0.102,40,reviewed,us,us
2021-06-03T10:09:58.295Z,0.3165,126.2911,26,6.2,mww,,30,1.166,1.24,us,us7000e9bi,2025-12-22T19:01:48.926Z,"132 km WSW of Ternate, Indonesia",earthquake,6,1.8,0.05,38,reviewed,us,us
2021-06-03T04:20:26.610Z,2.8556,127.7203,49.15,4.8,mb,,83,2.099,0.72,us,us7000e99b,2025-12-22T19:01:47.820Z,"128 km NNW of Tobelo, Indonesia",earthquake,7,6.3,0.074,57,reviewed,us,us
2021-06-03T02:31:34.719Z,4.8267,125.9732,76.85,4.9,mb,,66,2.262,0.88,us,us7000e98t,2021-08-07T22:07:23.040Z,"85 km SE of Sarangani, Philippines",earthquake,6.6,4.5,0.043,174,reviewed,us,us
2021-06-02T20:23:33.555Z,0.6683,122.5372,79.6,4.5,mb,,153,1.714,0.43,us,us7000earu,2021-08-07T22:07:19.040Z,"60 km WNW of Gorontalo, Indonesia",earthquake,8.1,11.4,0.18,9,reviewed,us,us
2021-06-02T19:07:01.057Z,-3.7608,129.1236,121.93,4.5,mb,,100,3.23,0.52,us,us7000earq,2021-08-07T22:07:18.040Z,"51 km SSE of Amahai, Indonesia",earthquake,5.9,11.8,0.271,4,reviewed,us,us
2021-06-02T08:38:58.876Z,-7.4354,130.3251,35.29,4.5,mb,,96,1.107,0.93,us,us7000earh,2021-08-07T22:07:10.040Z,"Pulau Pulau Tanimbar, Indonesia",earthquake,7.4,9.4,0.27,5,reviewed,us,us
2021-06-01T15:02:59.244Z,4.9726,127.5311,111.12,4.6,mb,,74,2.847,0.52,us,us6000egn7,2021-08-07T22:06:58.040Z,"214 km SE of Pondaguitan, Philippines",earthquake,6.3,5.5,0.052,114,reviewed,us,us
2021-05-31T02:54:10.760Z,0.2224,126.3126,44.3,4.8,mb,,48,1.186,0.83,us,us6000eg3w,2021-08-07T22:06:28.040Z,"134 km WSW of Ternate, Indonesia",earthquake,6.8,6.3,0.086,41,reviewed,us,us
2021-05-31T02:51:12.018Z,0.3226,126.3256,24.82,4.5,mb,,69,1.132,1.21,us,us7000e9gr,2021-08-07T22:06:28.040Z,"128 km WSW of Ternate, Indonesia",earthquake,8.2,6,0.14,17,reviewed,us,us
2021-05-31T02:43:09.168Z,3.7909,127.9669,102.33,4.6,mb,,103,3.058,0.72,us,us6000eg3u,2021-08-07T22:06:27.040Z,"228 km N of Tobelo, Indonesia",earthquake,7.9,6.3,0.066,69,reviewed,us,us
2021-05-31T00:15:56.653Z,0.1676,121.8892,225.34,4.5,mb,,118,5.572,0.37,us,us6000eg3b,2021-08-07T22:06:25.040Z,"136 km WSW of Gorontalo, Indonesia",earthquake,13,8.1,0.079,47,reviewed,us,us
2021-05-30T16:36:02.829Z,-6.4257,129.9608,137.45,4.8,mb,,68,2.038,0.55,us,us6000eg16,2021-08-07T22:06:19.040Z,"Banda Sea",earthquake,6.7,8,0.186,9,reviewed,us,us
2021-05-29T01:25:14.219Z,1.019,120.0848,17.42,5.1,mww,,21,0.702,0.88,us,us6000efq7,2025-12-22T18:00:59.069Z,"214 km N of Palu, Indonesia",earthquake,4.8,3.3,0.086,13,reviewed,us,us
2021-05-28T22:17:30.688Z,-7.7504,104.6696,10,4.5,mb,,94,2.968,0.73,us,us6000egzy,2021-08-07T22:05:49.040Z,"198 km SW of Labuan, Indonesia",earthquake,6.6,1.8,0.128,18,reviewed,us,us
2021-05-28T18:07:43.218Z,3.6942,122.6288,562.52,4.6,mb,,68,3.16,0.62,us,us6000efm4,2021-08-07T22:05:46.040Z,"270 km SSE of Tabiauan, Philippines",earthquake,11.1,9.6,0.103,30,reviewed,us,us
2021-05-28T13:32:32.300Z,2.1413,96.3353,21.98,4.5,mb,,139,1.492,0.49,us,us6000egzn,2021-08-07T22:05:42.040Z,"37 km S of Sinabang, Indonesia",earthquake,8.4,6.6,0.15,13,reviewed,us,us
2021-05-28T01:08:21.360Z,0.1852,96.4978,10,4.7,mb,,206,1.547,0.74,us,us6000egz4,2021-08-07T22:05:36.040Z,"254 km S of Sinabang, Indonesia",earthquake,10.1,2,0.274,4,reviewed,us,us
2021-05-25T17:26:17.485Z,-3.5622,129.0913,41.58,5.1,mb,,23,3.216,0.6,us,us7000e65n,2021-07-31T22:09:42.040Z,"31 km SE of Amahai, Indonesia",earthquake,6.4,6.1,0.047,153,reviewed,us,us
2021-05-25T01:09:08.902Z,2.3518,128.4655,234.64,4.5,mb,,79,1.915,0.64,us,us7000e5z2,2021-07-31T22:09:27.040Z,"85 km NE of Tobelo, Indonesia",earthquake,6.6,6.1,0.083,43,reviewed,us,us
2021-05-24T19:46:06.102Z,5.7767,125.0384,67.61,4.8,mb,,73,1.392,1.02,us,us7000e5ws,2021-07-31T22:09:22.040Z,"8 km S of Malbang, Philippines",earthquake,6.8,6.6,0.055,101,reviewed,us,us
2021-05-24T16:16:57.825Z,-0.3132,125.8167,51.36,4.6,mb,,68,1.887,0.67,us,us7000e5td,2021-07-31T22:09:20.040Z,"205 km SSE of Tondano, Indonesia",earthquake,7,7.4,0.112,24,reviewed,us,us
2021-05-24T15:05:23.437Z,4.381,95.3504,57.33,4.8,mb,,54,1.8,0.81,us,us7000e5sl,2021-07-31T22:09:18.040Z,"90 km WNW of Meulaboh, Indonesia",earthquake,8.3,5.5,0.08,52,reviewed,us,us
2021-05-23T21:30:44.500Z,1.4183,126.3917,49.73,4.5,mb,,71,1.167,0.34,us,us6000efgu,2021-07-31T22:09:02.040Z,"130 km WNW of Ternate, Indonesia",earthquake,6.6,8.8,0.191,8,reviewed,us,us
2021-05-23T04:33:48.665Z,-6.3991,105.3509,10,4.7,mb,,57,2.287,1.19,us,us7000e5fp,2021-07-31T22:08:46.040Z,"53 km W of Labuan, Indonesia",earthquake,5.2,1.8,0.108,26,reviewed,us,us
2021-05-23T03:52:33.998Z,-6.1451,105.487,10,4.7,mb,,110,2.218,1.11,us,us6000effs,2021-07-31T22:08:45.040Z,"45 km NW of Labuan, Indonesia",earthquake,11.7,1.9,0.246,6,reviewed,us,us
2021-05-23T03:50:49.612Z,-6.2692,105.525,15.95,5.2,mww,,31,2.147,1.07,us,us7000e5fj,2025-12-22T19:00:58.608Z,"35 km WNW of Labuan, Indonesia",earthquake,5.9,3.2,0.098,10,reviewed,us,us
2021-05-23T03:48:11.936Z,-6.3831,105.3483,10,5.1,mb,,48,2.293,1.13,us,us7000e5fh,2021-07-31T22:08:45.040Z,"53 km W of Labuan, Indonesia",earthquake,5.8,1.7,0.062,85,reviewed,us,us
2021-05-23T02:02:08.018Z,4.9536,127.5262,83,5.5,mww,,31,2.858,0.9,us,us7000e5eu,2025-12-22T19:00:59.772Z,"215 km SE of Pondaguitan, Philippines",earthquake,7.5,1.9,0.058,29,reviewed,us,us
2021-05-22T22:42:13.730Z,-4.2875,138.4945,139.53,4.5,mb,,75,2.822,0.98,us,us7000e5dl,2021-07-31T22:08:39.040Z,"Papua, Indonesia",earthquake,8.4,7.1,0.101,29,reviewed,us,us
2021-05-22T08:25:48.262Z,-5.8666,101.7682,10,5,mb,,98,1.907,0.66,us,us7000e5a1,2021-07-31T22:08:28.040Z,"235 km SSW of Bengkulu, Indonesia",earthquake,6.1,1.9,0.078,53,reviewed,us,us
2021-05-21T23:56:16.899Z,5.8868,126.646,10,5.2,mb,,63,5.131,0.78,us,us7000e57i,2021-07-31T22:08:18.040Z,"73 km SE of Pondaguitan, Philippines",earthquake,3.9,1.7,0.048,146,reviewed,us,us
2021-05-21T18:36:48.414Z,-4.9566,102.1795,33.2,4.8,mb,,47,0.974,0.8,us,us7000e551,2021-07-31T22:08:10.040Z,"128 km S of Bengkulu, Indonesia",earthquake,3.4,4.3,0.08,54,reviewed,us,us
2021-05-21T12:09:22.756Z,-8.4206,112.332,106,5.8,mww,,23,1.801,0.65,us,us7000e50p,2025-12-22T19:00:41.913Z,"33 km SSW of Sumberpucung, Indonesia",earthquake,3.6,1.9,0.062,25,reviewed,us,us
2021-05-20T15:27:10.445Z,-7.4027,128.622,163.58,4.9,mb,,34,2.714,0.85,us,us7000e4sn,2021-07-24T21:08:34.040Z,"217 km NE of Lospalos, Timor Leste",earthquake,6.3,6.2,0.052,122,reviewed,us,us
2021-05-20T09:28:42.856Z,-6.8765,125.0565,551.99,4.5,mb,,38,2.965,0.85,us,us7000e4qn,2021-07-24T21:08:33.040Z,"191 km N of Likisá, Timor Leste",earthquake,5.7,7,0.078,49,reviewed,us,us
2021-05-20T09:18:09.221Z,5.8895,126.2085,97.73,4.6,mb,,103,1.328,0.85,us,us7000e4qj,2021-07-24T21:08:32.040Z,"52 km S of Pondaguitan, Philippines",earthquake,7.7,6,0.125,19,reviewed,us,us
2021-05-20T08:02:29.863Z,1.0122,126.2287,10.54,4.6,mb,,87,1.162,0.78,us,us6000eeu2,2021-07-24T21:08:31.040Z,"130 km W of Ternate, Indonesia",earthquake,7.5,4.2,0.128,18,reviewed,us,us
2021-05-20T04:07:20.596Z,-8.8421,118.3918,92.22,4.8,mb,,116,3.807,0.71,us,us6000eetw,2021-07-24T21:08:28.040Z,"34 km SSW of Dompu, Indonesia",earthquake,6.8,10.6,0.185,9,reviewed,us,us
2021-05-17T12:21:56.803Z,0.1293,96.662,10,4.8,mb,,68,1.481,0.55,us,us7000e3s5,2021-07-24T21:07:37.040Z,"Nias region, Indonesia",earthquake,8.4,1.5,0.103,29,reviewed,us,us
2021-05-16T12:31:48.397Z,-6.4488,130.0588,159.8,4.6,mb,,75,1.958,0.82,us,us7000e3jp,2021-07-24T21:07:21.040Z,"Banda Sea",earthquake,9.3,4.1,0.133,17,reviewed,us,us
2021-05-14T18:51:01.508Z,0.0747,96.6191,10,4.5,mb,,69,1.55,0.89,us,us7000e4q8,2021-07-24T21:06:55.040Z,"267 km S of Sinabang, Indonesia",earthquake,7.3,1.8,0.08,45,reviewed,us,us
2021-05-14T09:16:32.748Z,0.0017,96.5608,10,4.9,mb,,113,1.644,0.47,us,us7000e30z,2021-07-24T21:06:50.040Z,"274 km S of Sinabang, Indonesia",earthquake,6.3,1.7,0.07,65,reviewed,us,us
2021-05-14T08:17:45.928Z,4.2049,127.8754,81.24,4.6,mb,,115,3.447,0.55,us,us7000e30l,2021-07-24T21:06:49.040Z,"274 km N of Tobelo, Indonesia",earthquake,8.3,7.7,0.094,34,reviewed,us,us
2021-05-14T07:48:32.063Z,0.5876,96.33,10,4.5,mb,,152,1.434,0.76,us,us7000e30b,2021-07-24T21:06:49.040Z,"209 km S of Sinabang, Indonesia",earthquake,10.7,1.9,0.124,19,reviewed,us,us
2021-05-14T07:16:04.711Z,0.1902,96.6009,10,4.7,mb,,112,1.474,0.9,us,us7000e304,2021-07-24T21:06:48.040Z,"254 km S of Sinabang, Indonesia",earthquake,7.8,1.9,0.084,43,reviewed,us,us
2021-05-14T06:47:48.155Z,0.0136,96.5944,10,4.7,mb,,159,1.614,1.17,us,us7000e4ps,2021-07-24T21:06:47.040Z,"273 km S of Sinabang, Indonesia",earthquake,7.1,1.9,0.194,10,reviewed,us,us
2021-05-14T06:43:17.739Z,-0.1198,96.6681,10,4.7,mb,,144,1.68,0.87,us,us7000e309,2021-07-24T21:06:47.040Z,"289 km S of Sinabang, Indonesia",earthquake,9.2,1.8,0.148,14,reviewed,us,us
2021-05-14T06:33:07.879Z,0.1364,96.6442,11,6.7,mww,,37,1.487,0.69,us,us7000e2zt,2025-12-22T18:00:53.819Z,"260 km S of Sinabang, Indonesia",earthquake,7.7,1.8,0.048,42,reviewed,us,us
2021-05-14T02:49:13.388Z,1.5272,126.7218,65.51,4.8,mb,,78,0.989,1.02,us,us7000e2yp,2022-08-09T05:03:00.304Z,"109 km NW of Ternate, Indonesia",earthquake,7.4,6.5,0.074,58,reviewed,us,us
2021-05-12T18:20:27.994Z,3.9581,128.6424,47.56,5.5,mww,,38,3.412,0.81,us,us7000e2k1,2025-12-22T19:06:33.490Z,"256 km NNE of Tobelo, Indonesia",earthquake,7.1,4.8,0.073,18,reviewed,us,us
2021-05-12T15:45:30.351Z,3.9466,128.6511,45.57,5.2,mb,,84,3.404,0.87,us,us7000e2i6,2021-07-23T18:08:37.040Z,"255 km NNE of Tobelo, Indonesia",earthquake,7,4.4,0.043,181,reviewed,us,us
2021-05-11T20:44:41.855Z,-1.5895,99.3257,27.1,4.9,mb,,102,3.364,0.68,us,us7000e26r,2021-07-23T18:08:33.040Z,"134 km WSW of Padang, Indonesia",earthquake,7.3,5.1,0.069,75,reviewed,us,us
2021-05-11T07:50:21.280Z,3.9382,125.8462,139.88,4.7,mb,,72,3.122,0.79,us,us7000e206,2021-07-23T18:08:31.040Z,"167 km SSE of Sarangani, Philippines",earthquake,8.3,6.8,0.061,81,reviewed,us,us
2021-05-10T20:44:34.066Z,2.3543,96.2094,14.37,4.8,mb,,156,1.718,0.78,us,us7000e1ws,2021-07-23T18:08:30.040Z,"23 km SW of Sinabang, Indonesia",earthquake,8.1,4.7,0.08,48,reviewed,us,us
2021-05-10T17:25:58.755Z,5.7071,126.2283,89.11,5.1,mww,,45,1.499,1.07,us,us7000e1uv,2025-12-22T18:00:47.703Z,"68 km ESE of Mangili, Philippines",earthquake,5.8,4.4,0.058,29,reviewed,us,us
2021-05-10T17:14:01.418Z,-6.5076,129.8988,172.21,4.6,mb,,55,2.019,0.8,us,us7000e1us,2021-07-23T18:08:30.040Z,"Banda Sea",earthquake,7.5,7.8,0.091,36,reviewed,us,us
2021-05-10T08:50:27.290Z,-4.3513,131.3819,20.32,4.5,mb,,84,1.665,0.3,us,us7000e3t6,2021-07-23T18:08:45.040Z,"207 km NW of Tual, Indonesia",earthquake,7.9,3.8,0.145,14,reviewed,us,us
2021-05-09T22:14:11.156Z,-0.3331,131.7737,35,4.5,mb,,145,0.735,0.67,us,us7000e33r,2021-07-23T18:08:44.040Z,"83 km NE of Sorong, Indonesia",earthquake,8.3,2,0.145,14,reviewed,us,us
2021-05-09T09:42:47.905Z,-10.8687,114.9916,10,4.6,mb,,111,2.523,0.82,us,us7000e1jn,2021-07-23T18:08:25.040Z,"230 km S of Nusa Dua, Indonesia",earthquake,6.7,1.4,0.097,32,reviewed,us,us
2021-05-07T07:43:50.544Z,4.4649,127.3974,67.61,4.8,mb,,112,3.157,0.7,us,us7000e0y4,2021-07-23T18:08:16.040Z,"238 km ESE of Sarangani, Philippines",earthquake,9.3,7.8,0.086,42,reviewed,us,us
2021-05-07T02:00:10.413Z,-4.1467,128.8833,10,4.6,mb,,126,3.573,0.51,us,us7000e2gu,2021-07-23T18:08:35.040Z,"89 km S of Amahai, Indonesia",earthquake,4.9,1.9,0.223,6,reviewed,us,us
2021-05-06T13:17:08.622Z,5.3631,126.2808,41.93,4.6,mb,,116,1.833,1.04,us,us7000e0mr,2021-07-10T20:15:41.040Z,"90 km E of Sarangani, Philippines",earthquake,8.8,7.6,0.107,27,reviewed,us,us
2021-05-06T12:11:07.691Z,-7.478,127.8291,149.43,4.9,mb,,29,3.475,1.15,us,us7000e0lt,2021-07-10T20:15:39.040Z,"147 km NE of Lospalos, Timor Leste",earthquake,5.6,5.6,0.069,67,reviewed,us,us
2021-05-06T02:41:28.997Z,-2.1024,139.3264,28.37,4.5,mb,,142,1.436,0.55,us,us7000e2de,2021-07-10T20:16:11.040Z,"155 km WNW of Abepura, Indonesia",earthquake,7.4,6.3,0.144,14,reviewed,us,us
2021-05-05T18:13:32.345Z,-0.1296,123.0573,112.76,5,mb,,46,0.95,1.1,us,us7000e0eb,2021-07-10T20:15:33.040Z,"73 km S of Gorontalo, Indonesia",earthquake,6.2,4.4,0.048,136,reviewed,us,us
2021-05-05T01:24:36.225Z,-1.9554,99.7862,30,5.7,mww,,18,3.92,0.83,us,us7000e07p,2025-12-22T18:58:26.700Z,"127 km SSW of Padang, Indonesia",earthquake,7.3,1.8,0.062,25,reviewed,us,us
2021-05-04T22:59:11.494Z,1.5332,127.3029,148.16,5.2,mww,,26,0.759,0.89,us,us7000e06n,2025-12-22T18:58:24.334Z,"81 km WSW of Tobelo, Indonesia",earthquake,6.8,4.1,0.062,25,reviewed,us,us
2021-05-04T19:50:23.089Z,0.4517,126.2458,43.58,4.5,mb,,47,1.165,1.22,us,us7000e04p,2021-07-10T20:15:23.040Z,"132 km WSW of Ternate, Indonesia",earthquake,6.7,1.8,0.106,30,reviewed,us,us
2021-05-04T14:03:03.436Z,-6.9917,106.7213,72.19,4.5,mb,,174,1.033,0.42,us,us7000e22i,2021-07-10T20:16:05.040Z,"18 km E of Pelabuhanratu, Indonesia",earthquake,9.3,9.1,0.14,15,reviewed,us,us
2021-05-04T05:23:47.994Z,-3.184,135.9087,37.52,4.5,mb,,88,3.664,0.86,us,us7000e226,2021-07-10T20:16:04.040Z,"49 km ENE of Nabire, Indonesia",earthquake,8.2,8,0.106,26,reviewed,us,us
2021-05-03T12:50:33.915Z,1.2206,126.4248,50.31,4.6,mb,,85,1.042,0.98,us,us7000dzph,2021-07-10T20:15:09.040Z,"116 km WNW of Ternate, Indonesia",earthquake,7.2,7.2,0.088,38,reviewed,us,us
2021-05-02T23:24:39.974Z,-3.2226,130.5319,10,4.9,mb,,50,1.74,0.62,us,us7000dzkm,2021-07-10T20:15:05.040Z,"179 km E of Amahai, Indonesia",earthquake,6.5,1.9,0.074,57,reviewed,us,us
2021-05-02T17:46:41.047Z,-2.3244,99.79,21,5.5,mww,,46,2.914,1.09,us,us7000dziv,2025-12-22T18:57:48.205Z,"Kepulauan Mentawai region, Indonesia",earthquake,7.4,1.8,0.066,22,reviewed,us,us
2021-05-02T15:02:02.490Z,-6.3519,129.8574,174.58,4.6,mb,,42,2.161,0.47,us,us7000dzi2,2021-07-10T20:15:01.040Z,"Banda Sea",earthquake,7.6,6,0.076,54,reviewed,us,us
2021-05-02T13:02:17.751Z,4.0461,95.7566,50.03,4.6,mb,,129,1.669,0.86,us,us7000e127,2021-07-10T20:15:57.040Z,"42 km WSW of Meulaboh, Indonesia",earthquake,7.6,8.2,0.136,16,reviewed,us,us
2021-05-02T12:07:31.484Z,-6.0642,103.2476,35,4.9,mb,,81,1.717,0.64,us,us7000dzhk,2021-07-10T20:15:00.040Z,"225 km S of Pagar Alam, Indonesia",earthquake,6.8,7.2,0.073,58,reviewed,us,us
2021-05-02T06:36:04.974Z,-8.8906,119.1979,137.96,4.6,mb,,86,3.015,0.75,us,us7000dzfg,2021-07-10T20:14:58.040Z,"46 km SW of Komodo, Indonesia",earthquake,7.8,6.7,0.087,39,reviewed,us,us
2021-05-01T14:26:45.983Z,4.9715,125.3665,177.14,4.8,mb,,42,2.095,1.11,us,us7000dz9t,2021-07-10T20:14:51.040Z,"48 km SSW of Sarangani, Philippines",earthquake,7.7,6.1,0.046,144,reviewed,us,us
2021-05-01T09:21:58.255Z,-1.5462,120.2745,10,4.6,mb,,89,2.546,0.54,us,us7000dz81,2021-07-10T20:14:49.040Z,"55 km WSW of Poso, Indonesia",earthquake,6.4,1.8,0.113,24,reviewed,us,us
2021-05-01T02:17:06.924Z,5.6587,127.0302,41.85,4.5,mb,,126,2.011,0.62,us,us7000e101,2021-07-10T20:15:51.040Z,"122 km SE of Pondaguitan, Philippines",earthquake,10.6,8.8,0.15,13,reviewed,us,us
2021-05-01T01:47:28.010Z,1.3529,96.904,10,4.5,mb,,169,0.673,0.91,us,us7000e106,2021-07-10T20:15:52.040Z,"137 km SSE of Sinabang, Indonesia",earthquake,6.6,1.9,0.14,15,reviewed,us,us
2021-04-30T19:50:46.998Z,-1.54,120.2267,18.97,4.5,mb,,73,2.592,0.87,us,us7000e0r4,2021-07-10T20:15:45.040Z,"60 km WSW of Poso, Indonesia",earthquake,5.2,1.1,0.108,30,reviewed,us,us
2021-04-29T22:52:50.336Z,-7.2267,131.7123,10,4.7,mb,,149,4.312,0.58,us,us7000e0qe,2021-07-07T18:38:19.040Z,"210 km SSW of Tual, Indonesia",earthquake,9.3,1.9,0.123,20,reviewed,us,us
2021-04-29T22:20:16.938Z,-9.1859,114.127,67.55,4.6,mb,,52,0.711,0.84,us,us7000dys7,2021-07-07T18:38:18.040Z,"86 km SSW of Muncar, Indonesia",earthquake,8.5,7.4,0.114,23,reviewed,us,us
2021-04-29T07:26:34.448Z,-1.8535,134.4255,10,4.7,mb,,66,2.418,0.72,us,us7000dyh4,2021-07-07T18:37:36.040Z,"116 km SSE of Manokwari, Indonesia",earthquake,5.2,1.9,0.083,44,reviewed,us,us
2021-04-29T00:54:59.014Z,2.3632,126.6693,45.77,4.9,mb,,96,1.727,0.71,us,us7000dydm,2021-07-07T18:37:25.040Z,"164 km WNW of Tobelo, Indonesia",earthquake,7,6.7,0.065,74,reviewed,us,us
2021-04-28T11:33:14.749Z,1.0487,96.5251,10,4.7,mb,,95,1.08,0.58,us,us7000dy6t,2021-07-07T18:37:08.040Z,"159 km S of Sinabang, Indonesia",earthquake,6.3,1.9,0.093,35,reviewed,us,us
2021-04-28T02:57:27.473Z,-5.0981,131.9237,57.66,4.6,mb,,113,2.188,0.42,us,us7000dy3u,2021-07-07T18:36:51.040Z,"108 km WNW of Tual, Indonesia",earthquake,4.5,7.5,0.086,41,reviewed,us,us
2021-04-27T16:58:09.389Z,5.2683,126.4644,51.83,4.5,mb,,77,1.994,0.85,us,us7000dxy6,2021-07-07T18:36:29.040Z,"111 km E of Sarangani, Philippines",earthquake,6.9,7,0.076,51,reviewed,us,us
2021-04-27T09:23:39.234Z,-7.4516,106.9425,56.93,5,mb,,35,0.701,0.62,us,us7000dxtl,2025-12-22T18:57:13.668Z,"59 km S of Sukabumi, Indonesia",earthquake,7.9,5,0.053,120,reviewed,us,us
2021-04-27T05:10:26.210Z,-6.2827,130.5669,137.36,4.5,mb,,125,1.838,0.73,us,us7000e028,2021-07-07T18:36:00.040Z,"252 km WSW of Tual, Indonesia",earthquake,11.4,10.7,0.314,3,reviewed,us,us
2021-04-25T18:34:23.843Z,-8.0524,120.5649,10,4.9,mb,,90,3.124,0.92,us,us6000e4qc,2021-07-07T18:35:04.040Z,"62 km N of Ruteng, Indonesia",earthquake,7.2,1.8,0.067,73,reviewed,us,us
2021-04-25T06:33:22.456Z,0.3079,122.2972,132.31,4.5,mb,,55,1.422,0.53,us,us6000e4kn,2021-07-07T18:34:49.040Z,"88 km WSW of Gorontalo, Indonesia",earthquake,6.1,6.3,0.08,47,reviewed,us,us
2021-04-25T01:52:43.450Z,-1.7578,134.3056,10,5,mb,,70,2.356,1.2,us,us6000e4ig,2021-07-07T18:34:44.040Z,"102 km SSE of Manokwari, Indonesia",earthquake,4.6,1.8,0.067,71,reviewed,us,us
2021-04-24T20:19:59.858Z,-2.0166,128.2083,10,4.7,mb,,44,2.894,0.78,us,us6000e4g1,2021-07-07T18:34:38.040Z,"166 km NNW of Amahai, Indonesia",earthquake,6.4,1.9,0.085,42,reviewed,us,us
2021-04-24T08:50:35.294Z,-4.3504,129.5639,111.42,4.8,mb,,47,3.033,0.76,us,us6000e4b2,2021-07-07T18:34:18.040Z,"132 km SSE of Amahai, Indonesia",earthquake,7.9,7.6,0.091,37,reviewed,us,us
2021-04-23T23:09:24.499Z,5.2182,126.4028,55.55,4.5,mb,,113,2.013,0.66,us,us6000e46q,2021-07-07T18:34:06.040Z,"106 km E of Sarangani, Philippines",earthquake,7.5,6.7,0.061,79,reviewed,us,us
2021-04-23T18:45:29.018Z,5.2189,126.4843,27.58,5,mww,,74,2.047,0.66,us,us6000e43x,2025-12-22T18:56:59.468Z,"114 km E of Sarangani, Philippines",earthquake,6,3.7,0.08,15,reviewed,us,us
2021-04-22T18:33:34.847Z,3.1025,125.8242,51.81,4.6,mb,,97,2.781,0.71,us,us6000e3ri,2021-07-03T16:49:19.040Z,"201 km NNE of Laikit, Laikit II (Dimembe), Indonesia",earthquake,7.1,5.7,0.09,42,reviewed,us,us
2021-04-22T16:15:32.007Z,-4.8714,129.5506,189.84,4.5,mb,,80,3.317,1.14,us,us7000dy9n,2021-07-03T16:50:05.040Z,"183 km SSE of Amahai, Indonesia",earthquake,6.4,10.1,0.221,6,reviewed,us,us
2021-04-22T01:14:52.029Z,-5.6703,101.6402,10,4.6,mb,,64,1.846,0.53,us,us6000e3jl,2021-07-03T16:48:58.040Z,"218 km SSW of Bengkulu, Indonesia",earthquake,6.3,1.8,0.119,21,reviewed,us,us
2021-04-20T01:35:32.181Z,-6.1655,130.2536,106.42,4.7,mb,,43,2.082,0.73,us,us6000e31m,2021-07-03T16:48:34.040Z,"282 km WSW of Tual, Indonesia",earthquake,7.9,5.9,0.074,55,reviewed,us,us
2021-04-19T23:58:22.503Z,0.1831,96.5601,9,6.1,mww,,28,1.506,0.97,us,us6000e30x,2025-12-22T18:57:37.465Z,"254 km S of Sinabang, Indonesia",earthquake,6.9,1.6,0.039,64,reviewed,us,us
2021-04-19T07:35:01.886Z,0.729,126.2939,36.96,4.8,mb,,41,1.073,0.48,us,us6000e2tr,2021-07-03T16:48:23.040Z,"121 km W of Ternate, Indonesia",earthquake,4.1,5.2,0.054,107,reviewed,us,us
2021-04-19T07:07:36.433Z,-7.7259,127.7426,76,5.2,mww,,30,3.532,0.68,us,us6000e2tm,2025-12-22T18:57:25.898Z,"120 km NE of Lospalos, Timor Leste",earthquake,7.8,1.9,0.089,12,reviewed,us,us
2021-04-18T20:18:38.693Z,-7.1601,129.3886,131.81,4.8,mb,,79,2.062,0.94,us,us6000e2q2,2021-07-03T16:48:15.040Z,"Kepulauan Babar, Indonesia",earthquake,6.1,5.8,0.055,103,reviewed,us,us
2021-04-18T19:04:37.335Z,1.8112,127.4752,142.63,4.5,mb,,117,1.038,0.56,us,us6000e2pm,2021-07-03T16:48:15.040Z,"60 km W of Tobelo, Indonesia",earthquake,8.6,7.5,0.131,17,reviewed,us,us
2021-04-18T18:26:47.660Z,-5.4215,129.1035,264.09,4.6,mb,,75,3.35,0.69,us,us6000e2pb,2021-07-03T16:48:14.040Z,"216 km SSE of Ambon, Indonesia",earthquake,8.9,5.4,0.126,19,reviewed,us,us
2021-04-18T11:12:50.637Z,1.6917,126.4042,46.34,4.7,mb,,94,1.327,0.75,us,us6000e2ly,2021-07-03T16:48:09.040Z,"147 km NW of Ternate, Indonesia",earthquake,5.7,6.5,0.08,47,reviewed,us,us
2021-04-17T12:33:14.945Z,-4.7999,133.8544,10,4.5,mb,,110,2.461,0.7,us,us6000e3px,2021-07-03T16:49:15.040Z,"152 km NE of Tual, Indonesia",earthquake,10.4,1.9,0.145,15,reviewed,us,us
2021-04-17T01:04:53.576Z,5.1405,95.4554,99.23,5,mww,,50,1.488,0.89,us,us6000e29d,2025-12-22T18:56:31.832Z,"46 km SSE of Banda Aceh, Indonesia",earthquake,7.6,4.7,0.093,11,reviewed,us,us
2021-04-16T20:55:11.524Z,3.5769,126.7347,35,5.4,mww,,32,2.857,0.83,us,us6000e280,2025-12-22T18:56:29.316Z,"246 km SE of Sarangani, Philippines",earthquake,5.8,1.8,0.062,25,reviewed,us,us
2021-04-16T13:48:34.472Z,-5.5671,129.5957,170.94,4.5,mb,,100,2.935,0.61,us,us6000e3n8,2021-07-03T16:49:08.040Z,"257 km SSE of Amahai, Indonesia",earthquake,9.5,10.1,0.18,9,reviewed,us,us
2021-04-16T12:17:53.814Z,4.8044,125.4662,163.69,4.5,mb,,74,2.253,0.64,us,us6000e21i,2021-07-03T16:47:40.040Z,"66 km S of Sarangani, Philippines",earthquake,7.6,5.6,0.068,66,reviewed,us,us
2021-04-16T03:42:05.195Z,-10.2439,116.9849,19.31,5.4,mww,,46,3.304,1.29,us,us6000e1zp,2025-12-22T18:00:36.743Z,"187 km SSE of Praya, Indonesia",earthquake,7.3,3.2,0.075,17,reviewed,us,us
2021-04-15T10:36:22.132Z,-10.4175,117.0405,19,5.4,mww,,46,3.444,1.31,us,us6000e1rc,2025-12-22T18:56:23.050Z,"207 km SSE of Praya, Indonesia",earthquake,6.7,1.6,0.058,29,reviewed,us,us
2021-04-14T10:55:14.687Z,0.1975,96.6432,8.99,5.6,mww,,44,1.441,0.55,us,us6000e1g3,2025-12-22T18:00:36.004Z,"254 km S of Sinabang, Indonesia",earthquake,5.3,2.6,0.065,23,reviewed,us,us
2021-04-14T06:28:42.018Z,-7.0761,106.0265,45.72,5,mb,,65,1.655,0.65,us,us6000e1f0,2022-01-17T04:08:19.635Z,"58 km W of Pelabuhanratu, Indonesia",earthquake,8.3,5.5,0.076,56,reviewed,us,us
2021-04-14T00:25:27.775Z,-0.1311,125.2068,46.5,5.1,mb,,32,2.338,0.99,us,us6000e1d5,2021-06-19T21:25:29.040Z,"162 km SSE of Tondano, Indonesia",earthquake,6.9,5.5,0.049,133,reviewed,us,us
2021-04-13T18:38:48.093Z,5.8655,126.7622,48.96,5,mww,,103,1.677,0.86,us,us6000e1as,2025-12-22T18:56:14.923Z,"84 km SE of Pondaguitan, Philippines",earthquake,6.4,3.8,0.098,10,reviewed,us,us
2021-04-13T15:47:32.921Z,0.612,126.1055,36.34,5.2,mww,,51,1.271,0.71,us,us6000e19r,2025-12-22T18:56:13.721Z,"143 km W of Ternate, Indonesia",earthquake,6.5,5.9,0.086,13,reviewed,us,us
2021-04-13T07:40:51.763Z,-7.5348,128.3849,153.64,4.5,mb,,46,2.921,0.79,us,us6000e15r,2021-06-19T21:25:21.040Z,"187 km NE of Lospalos, Timor Leste",earthquake,7.5,7.4,0.093,34,reviewed,us,us
2021-04-12T13:57:49.637Z,-4.7388,139.5965,10,4.5,mb,,82,7.55,0.61,us,us6000e34z,2021-06-19T21:26:11.040Z,"242 km NW of Kiunga, Papua New Guinea",earthquake,8.6,1.9,0.136,16,reviewed,us,us
2021-04-12T02:26:26.373Z,2.7772,128.598,231.06,5.1,mb,,45,2.341,0.84,us,us6000e0xi,2025-12-22T18:56:10.055Z,"133 km NNE of Tobelo, Indonesia",earthquake,7.3,5.6,0.038,228,reviewed,us,us
2021-04-12T01:52:25.900Z,-5.2063,104.8916,105.48,4.9,mb,,30,2.104,1.22,us,us6000e0xf,2021-06-19T21:25:10.040Z,"42 km S of Kotabumi, Indonesia",earthquake,8.3,4.8,0.064,78,reviewed,us,us
2021-04-11T19:03:37.411Z,-5.1078,101.0724,10,4.5,mb,,89,2.018,1.21,us,us6000e0vp,2021-06-19T21:25:09.040Z,"196 km SW of Bengkulu, Indonesia",earthquake,5.7,1.9,0.221,6,reviewed,us,us
2021-04-11T10:44:46.491Z,-6.2729,104.5961,70.82,5,mb,,81,2.505,0.93,us,us6000e0su,2021-06-19T21:25:04.040Z,"118 km SW of Bandar Lampung, Indonesia",earthquake,8.6,7.6,0.086,43,reviewed,us,us
2021-04-10T23:54:58.852Z,-8.3613,112.469,113.16,5.1,mb,,39,1.668,0.77,us,us6000e0pw,2021-06-19T21:24:59.040Z,"22 km S of Sumberpucung, Indonesia",earthquake,7,4.7,0.052,122,reviewed,us,us
2021-04-10T09:30:43.306Z,4.1322,124.6443,300,6.1,mww,,19,3.062,0.98,us,us6000e0k5,2025-12-22T18:56:06.355Z,"167 km SSW of Sarangani, Philippines",earthquake,7.2,1.9,0.036,73,reviewed,us,us
2021-04-10T07:00:15.485Z,-8.5707,112.5054,67,6,mww,,21,1.631,0.83,us,us6000e0iy,2025-12-22T18:56:02.531Z,"45 km S of Sumberpucung, Indonesia",earthquake,7.3,1.9,0.066,22,reviewed,us,us
2021-04-09T17:55:04.687Z,2.3775,128.4731,228.78,4.5,mb,,105,1.94,0.7,us,us6000e0fa,2021-06-19T21:24:44.040Z,"88 km NE of Tobelo, Indonesia",earthquake,6.4,5.9,0.073,62,reviewed,us,us
2021-04-08T05:26:53.445Z,2.9106,122.3595,542.63,5,mb,,38,2.383,1.02,us,us6000dzxc,2025-12-22T18:55:56.637Z,"273 km NNW of Gorontalo, Indonesia",earthquake,9.9,5.5,0.042,180,reviewed,us,us
2021-04-08T01:49:05.737Z,-6.428,104.6994,44.75,4.6,mb,,79,2.689,0.59,us,us6000e1tf,2021-06-12T21:38:30.040Z,"125 km W of Labuan, Indonesia",earthquake,4.9,7.6,0.11,25,reviewed,us,us
2021-04-08T01:45:00.992Z,2.8304,126.4666,72.13,4.6,mb,,76,2.233,0.65,us,us6000e1um,2021-06-12T21:38:30.040Z,"210 km NW of Tobelo, Indonesia",earthquake,9.3,8.6,0.146,14,reviewed,us,us
2021-04-07T23:50:33.677Z,-6.5465,129.8208,164.82,4.6,mb,,91,2.045,0.66,us,us6000dzvp,2021-06-12T21:38:27.040Z,"Banda Sea",earthquake,8.1,7.2,0.08,46,reviewed,us,us
2021-04-06T20:08:48.001Z,5.9056,126.5496,100.3,5.1,mww,,39,1.505,0.81,us,us6000dzhy,2025-12-22T18:55:47.217Z,"65 km SE of Pondaguitan, Philippines",earthquake,6.5,4.8,0.098,10,reviewed,us,us
2021-04-06T17:40:21.143Z,-3.4909,138.5899,73.34,4.6,mb,,62,6.356,0.84,us,us6000dzha,2021-06-12T21:37:52.040Z,"247 km WSW of Abepura, Indonesia",earthquake,9.2,7.4,0.076,55,reviewed,us,us
2021-04-05T05:40:35.114Z,3.7232,126.8548,10,4.6,mb,,83,2.976,0.62,us,us6000dz33,2021-06-12T21:37:15.040Z,"241 km SE of Sarangani, Philippines",earthquake,8.6,1.8,0.092,38,reviewed,us,us
2021-04-04T00:35:47.845Z,2.2912,97.7959,56.6,4.6,mb,,53,1.005,0.67,us,us6000e0zq,2021-06-12T21:36:58.040Z,"0 km ENE of Singkil, Indonesia",earthquake,5.1,7.8,0.083,43,reviewed,us,us
2021-04-03T18:42:01.078Z,-5.1251,128.1558,326,5.9,mww,,10,4.22,0.91,us,us6000dysl,2025-12-22T18:55:33.049Z,"158 km S of Ambon, Indonesia",earthquake,6.4,1.8,0.039,62,reviewed,us,us
2021-04-01T13:55:09.656Z,1.7776,127.1812,56.13,4.6,mb,,124,1.016,0.6,us,us6000dy9l,2021-06-08T17:59:43.040Z,"92 km W of Tobelo, Indonesia",earthquake,9.5,8.4,0.114,23,reviewed,us,us
2021-04-01T10:12:24.572Z,3.6042,126.7058,40.27,5.4,mb,,53,2.89,1.06,us,us6000dy67,2025-12-22T18:00:32.529Z,"242 km SE of Sarangani, Philippines",earthquake,7.1,4.7,0.042,192,reviewed,us,us
2021-04-01T00:36:33.699Z,-5.9253,131.6357,74.29,4.7,mb,,97,2.071,0.64,us,us6000dy37,2021-06-08T17:59:29.040Z,"127 km WSW of Tual, Indonesia",earthquake,8,7,0.07,61,reviewed,us,us
2021-03-30T20:44:23.218Z,-6.4197,130.0346,121.92,4.5,mb,,96,1.996,0.81,us,us6000dxqm,2021-06-08T17:59:16.040Z,"Banda Sea",earthquake,3.8,8.1,0.093,38,reviewed,us,us
2021-03-30T04:32:52.172Z,-7.6067,128.2664,135.85,4.5,mb,,70,3.027,0.71,us,us6000dxje,2021-06-08T17:59:10.040Z,"172 km NE of Lospalos, Timor Leste",earthquake,7.8,7.7,0.128,18,reviewed,us,us
2021-03-29T04:13:18.616Z,-4.5491,102.6262,59.62,5.2,mb,,59,0.378,0.84,us,us6000dxb7,2025-12-22T18:55:16.230Z,"90 km SW of Pagar Alam, Indonesia",earthquake,7.2,5.2,0.056,106,reviewed,us,us
2021-03-27T10:18:06.664Z,-1.9127,99.442,34.25,4.6,mb,,177,3.7,0.52,us,us6000dwzm,2021-06-08T17:58:46.040Z,"147 km SW of Padang, Indonesia",earthquake,9.3,6,0.085,41,reviewed,us,us
2021-03-27T09:46:13.202Z,1.4979,127.1188,128.21,5.2,mb,,68,0.762,0.72,us,us6000dwzd,2021-06-08T17:58:45.040Z,"83 km NNW of Ternate, Indonesia",earthquake,7.7,5.7,0.06,93,reviewed,us,us
2021-03-27T08:46:41.196Z,2.4741,98.9901,149.07,4.9,mb,,75,0.228,0.63,us,us6000dwyx,2021-06-08T17:58:44.040Z,"21 km SSE of Parapat, Indonesia",earthquake,8.1,5.6,0.077,53,reviewed,us,us
2021-03-27T05:15:54.151Z,-7.0578,129.4414,111.8,4.5,mb,,143,2.058,0.56,us,us6000dyaj,2021-06-08T17:59:46.040Z,"Kepulauan Babar, Indonesia",earthquake,7,9.9,0.204,7,reviewed,us,us
2021-03-26T11:40:41.647Z,-1.9926,139.6131,10,4.7,mb,,61,7.414,0.47,us,us6000dwmf,2021-06-08T17:58:33.040Z,"131 km WNW of Abepura, Indonesia",earthquake,6.3,1.8,0.071,62,reviewed,us,us
2021-03-26T08:59:37.833Z,-1.9874,139.2397,23.68,4.5,mb,,60,7.045,0.72,us,us6000dy8r,2021-06-08T17:59:40.040Z,"168 km WNW of Abepura, Indonesia",earthquake,10.4,6.4,0.127,18,reviewed,us,us
2021-03-25T14:46:48.372Z,-0.4505,124.3655,50.28,4.7,mb,,50,1.698,0.98,us,us6000dwdg,2021-06-02T15:22:51.040Z,"181 km SE of Gorontalo, Indonesia",earthquake,4,7.7,0.09,37,reviewed,us,us
2021-03-24T21:23:03.606Z,1.1027,120.9127,569.34,4.9,mb,,53,0.131,0.78,us,us6000dw6i,2021-06-02T15:22:41.040Z,"247 km WNW of Gorontalo, Indonesia",earthquake,9.2,3.2,0.053,111,reviewed,us,us
2021-03-23T20:52:02.061Z,1.338,125.7094,69.69,4.9,mb,,75,1.749,1.04,us,us6000dvwl,2021-06-02T15:22:26.040Z,"83 km ESE of Laikit, Laikit II (Dimembe), Indonesia",earthquake,5.9,7,0.067,76,reviewed,us,us
2021-03-23T13:01:20.255Z,-2.0477,139.3901,35,4.8,mb,,64,7.186,0.57,us,us6000dvpg,2021-06-02T15:22:21.040Z,"150 km WNW of Abepura, Indonesia",earthquake,7.4,2,0.085,43,reviewed,us,us
2021-03-23T04:53:25.237Z,-6.673,129.2319,127.41,4.5,mb,,84,2.428,0.53,us,us6000dxxq,2021-06-02T15:23:28.040Z,"Banda Sea",earthquake,7.1,8.6,0.242,5,reviewed,us,us
2021-03-23T02:03:27.101Z,0.2052,125.8791,35,4.5,mb,,93,1.59,0.65,us,us6000dxwu,2021-06-02T15:23:23.040Z,"162 km SE of Tondano, Indonesia",earthquake,9,2,0.172,10,reviewed,us,us
2021-03-22T01:34:32.922Z,0.5254,126.2506,44.83,4.6,mb,,44,1.142,0.79,us,us7000dlie,2021-06-02T15:24:25.040Z,"129 km WSW of Ternate, Indonesia",earthquake,6.8,7.1,0.091,36,reviewed,us,us
2021-03-21T16:30:09.294Z,2.3222,127.7186,119.57,4.6,mb,,67,1.579,0.61,us,us7000dlgv,2021-06-02T15:24:22.040Z,"73 km NNW of Tobelo, Indonesia",earthquake,7.6,2.9,0.091,36,reviewed,us,us
2021-03-21T00:45:33.117Z,-7.349,128.4725,173.63,4.9,mb,,35,2.871,0.58,us,us7000dlc7,2021-06-02T15:24:15.040Z,"207 km NE of Lospalos, Timor Leste",earthquake,7.4,6.9,0.059,90,reviewed,us,us
2021-03-20T15:02:30.777Z,0.9715,126.9274,27.09,5.4,mww,,60,0.482,0.84,us,us7000dl8h,2025-12-22T18:54:52.592Z,"54 km WNW of Ternate, Indonesia",earthquake,2.8,4.6,0.098,10,reviewed,us,us
2021-03-20T08:26:02.700Z,-5.9279,130.475,104.6,4.5,mb,,107,2.199,0.43,us,us7000dl6s,2021-06-02T15:24:06.040Z,"254 km W of Tual, Indonesia",earthquake,5.1,8.4,0.118,21,reviewed,us,us
2021-03-19T16:33:14.752Z,-7.7261,118.6996,10,4.7,mb,,79,2.889,0.55,us,us7000dl0y,2021-06-02T15:23:58.040Z,"81 km N of Bima, Indonesia",earthquake,8,1.9,0.12,21,reviewed,us,us
2021-03-19T16:10:45.555Z,-8.2544,117.9107,10,4.6,mb,,74,3.702,1.27,us,us7000dkz7,2021-06-02T15:23:57.040Z,"50 km ENE of Pototano, Indonesia",earthquake,7.5,1.9,0.105,29,reviewed,us,us
2021-03-18T15:59:23.198Z,-4.5026,137.2494,10,4.6,mb,,48,5.232,0.95,us,us7000dkpu,2021-05-26T22:08:57.040Z,"231 km ESE of Nabire, Indonesia",earthquake,8.9,1.9,0.095,35,reviewed,us,us
2021-03-18T07:54:25.859Z,-4.1517,133.9246,10,5.2,mww,,71,2.072,0.56,us,us7000dkhs,2025-12-22T18:54:30.934Z,"195 km WSW of Nabire, Indonesia",earthquake,8,1,0.075,17,reviewed,us,us
2021-03-17T21:23:29.188Z,2.5456,128.4595,202.58,4.8,mb,,72,2.073,0.68,us,us7000dkdl,2021-05-26T22:08:40.040Z,"103 km NNE of Tobelo, Indonesia",earthquake,7,6.2,0.054,105,reviewed,us,us
2021-03-17T18:57:29.824Z,-6.918,129.88,155.7,4.5,mb,,93,1.76,1.11,us,us7000dkc0,2021-05-26T22:08:37.040Z,"Banda Sea",earthquake,4.6,10.4,0.109,25,reviewed,us,us
2021-03-17T17:37:52.923Z,-8.4928,134.9473,10,5,mb,,72,3.646,1.09,us,us7000dkbl,2021-05-26T22:08:35.040Z,"Arafura Sea",earthquake,5.6,1.9,0.094,36,reviewed,us,us
2021-03-17T16:20:49.570Z,2.2695,128.3103,93.57,5,mww,,65,1.761,0.78,us,us7000dkb2,2025-12-22T18:54:24.606Z,"Halmahera, Indonesia",earthquake,7.8,4.8,0.069,20,reviewed,us,us
2021-03-17T02:49:59.583Z,-4.7311,133.8442,10,4.5,mb,,111,2.402,0.78,us,us6000dwdt,2021-05-26T22:08:22.040Z,"156 km NE of Tual, Indonesia",earthquake,9.7,1.9,0.171,10,reviewed,us,us
2021-03-16T19:08:35.153Z,-6.6522,129.6807,153.64,5.1,mb,,29,2.079,0.82,us,us7000djz9,2021-05-26T22:08:12.040Z,"Banda Sea",earthquake,6.8,4.9,0.072,70,reviewed,us,us
2021-03-16T07:47:51.475Z,-6.4041,130.9626,67.55,4.5,mb,,137,1.603,1.1,us,us7000djpl,2021-05-26T22:07:59.040Z,"215 km WSW of Tual, Indonesia",earthquake,5.3,11.9,0.163,11,reviewed,us,us
2021-03-16T06:05:50.158Z,-2.6771,123.1075,10,4.6,mb,,41,1.658,0.53,us,us7000djpb,2021-05-26T22:07:57.040Z,"158 km NNE of Kendari, Indonesia",earthquake,5.7,1.9,0.114,23,reviewed,us,us
2021-03-14T15:08:59.769Z,0.1938,123.4976,160.59,4.6,mb,,48,1.425,0.64,us,us7000djb5,2021-05-26T22:07:14.040Z,"61 km SE of Gorontalo, Indonesia",earthquake,7.4,6.7,0.073,56,reviewed,us,us
2021-03-14T13:17:54.720Z,-9.2541,107.1176,10,4.5,mb,,141,1.856,0.51,us,us6000dvsi,2021-05-26T22:07:11.040Z,"230 km S of Banjar, Indonesia",earthquake,10.5,1.9,0.272,6,reviewed,us,us
2021-03-14T06:07:28.526Z,5.3798,126.1447,87.84,4.6,mb,,79,1.77,0.58,us,us7000dj85,2021-05-26T22:07:01.040Z,"75 km E of Sarangani, Philippines",earthquake,8.6,8.1,0.095,33,reviewed,us,us
2021-03-13T14:29:15.853Z,-0.0029,123.2977,138.4,4.7,mb,,76,1.158,1.12,us,us7000dj3w,2021-05-26T22:06:43.040Z,"65 km SSE of Gorontalo, Indonesia",earthquake,7.8,6.1,0.072,58,reviewed,us,us
2021-03-12T22:31:17.540Z,0.9174,126.1969,35,4.5,mb,,47,1.178,0.82,us,us7000diyr,2021-05-26T22:06:25.040Z,"132 km W of Ternate, Indonesia",earthquake,7.2,2,0.102,28,reviewed,us,us
2021-03-12T20:14:04.639Z,4.9082,126.4194,67.36,5.1,mb,,81,2.304,0.93,us,us7000dixl,2021-05-26T22:06:23.040Z,"119 km ESE of Sarangani, Philippines",earthquake,7.9,6.2,0.05,137,reviewed,us,us
2021-03-12T01:18:22.123Z,-4.7072,138.2909,10,5.2,mb,,52,10.739,0.97,us,us7000dia8,2021-05-26T22:06:04.040Z,"Papua, Indonesia",earthquake,11.4,1.9,0.126,21,reviewed,us,us
2021-03-12T01:16:16.997Z,-4.6982,138.3708,12,5.5,mww,,26,6.358,1,us,us7000dia5,2025-12-22T18:55:07.150Z,"Papua, Indonesia",earthquake,8.2,1.8,0.075,17,reviewed,us,us
2021-03-11T23:19:36.528Z,-6.1692,130.0641,36.97,4.5,mb,,43,2.178,0.68,us,us7000di8r,2021-05-21T19:49:37.040Z,"Banda Sea",earthquake,6.2,5.8,0.104,27,reviewed,us,us
2021-03-10T12:50:01.574Z,0.9633,124.565,22.47,4.6,mb,,71,2.68,0.49,us,us7000dhnh,2021-05-21T19:49:04.040Z,"Minahasa, Sulawesi, Indonesia",earthquake,6.5,4.2,0.103,28,reviewed,us,us
2021-03-10T02:09:56.220Z,4.3302,125.8755,79.15,4.9,mb,,71,2.737,0.74,us,us7000dhkv,2021-05-21T19:48:57.040Z,"127 km SSE of Sarangani, Philippines",earthquake,8.1,7.7,0.083,45,reviewed,us,us
2021-03-09T14:49:46.182Z,-7.4701,128.0409,165.21,4.5,mb,,125,3.268,0.47,us,us7000dkj8,2021-05-21T19:52:40.040Z,"163 km NE of Lospalos, Timor Leste",earthquake,7.8,11.9,0.313,3,reviewed,us,us
2021-03-09T01:20:15.625Z,-6.2359,130.3605,112.84,4.6,mb,,80,1.969,0.6,us,us7000dkie,2021-05-21T19:52:33.040Z,"273 km WSW of Tual, Indonesia",earthquake,9.6,8.5,0.151,13,reviewed,us,us
2021-03-08T20:20:10.489Z,-6.0393,125.1734,572.48,4.5,mb,,70,3.799,0.6,us,us7000dh6y,2021-05-21T19:48:34.040Z,"282 km N of Dili, Timor Leste",earthquake,13.4,10.3,0.136,16,reviewed,us,us
2021-03-08T12:56:34.253Z,-4.4209,101.0083,10,5,mww,,99,1.942,0.67,us,us7000dh3d,2025-12-22T18:53:09.700Z,"155 km WSW of Bengkulu, Indonesia",earthquake,6.7,1.7,0.093,11,reviewed,us,us
2021-03-08T09:39:46.796Z,-7.6944,128.2459,166.94,4.8,mb,,63,3.038,0.55,us,us7000dh2f,2021-05-21T19:48:26.040Z,"165 km ENE of Lospalos, Timor Leste",earthquake,7.4,5.2,0.072,60,reviewed,us,us
2021-03-08T07:13:17.431Z,-5.5754,120.8758,10,4.5,mb,,75,1.25,0.72,us,us7000dk7x,2021-05-21T19:52:19.040Z,"85 km SE of Sinjai, Indonesia",earthquake,6.1,1.6,0.205,7,reviewed,us,us
2021-03-07T17:13:45.381Z,-2.908,129.4519,10,4.7,mb,,64,2.793,1.23,us,us7000dgx2,2021-05-21T19:48:13.040Z,"76 km NE of Amahai, Indonesia",earthquake,7.3,1.9,0.102,29,reviewed,us,us
2021-03-07T04:43:25.580Z,4.6616,125.7506,131.68,4.7,mb,,112,2.398,1,us,us7000dgr5,2021-05-21T19:47:57.040Z,"87 km SSE of Sarangani, Philippines",earthquake,8.3,7.7,0.064,73,reviewed,us,us
2021-03-07T01:22:13.867Z,-5.6896,130.7664,84.1,5.1,mb,,42,2.338,0.76,us,us7000dgpt,2025-12-22T18:52:55.699Z,"220 km W of Tual, Indonesia",earthquake,6,4.8,0.071,65,reviewed,us,us
2021-03-06T03:24:29.003Z,-8.1745,128.9889,10,4.7,mb,,124,2.295,0.89,us,us7000dinx,2021-05-21T19:50:42.040Z,"222 km E of Lospalos, Timor Leste",earthquake,10.1,1.5,0.195,8,reviewed,us,us
2021-03-05T18:56:20.255Z,-3.5477,101.6511,46.08,4.6,mb,,86,1.531,0.9,us,us7000dg4m,2021-05-21T19:46:55.040Z,"73 km WNW of Bengkulu, Indonesia",earthquake,3.8,7.2,0.082,49,reviewed,us,us
2021-03-05T07:32:55.148Z,-1.7567,99.2329,25,5.6,mww,,135,2.746,0.71,us,us7000dfw2,2025-12-22T19:06:03.632Z,"153 km SW of Padang, Indonesia",earthquake,6.6,1.9,0.098,10,reviewed,us,us
2021-03-04T23:36:58.479Z,5.0051,96.0004,10,4.5,mb,,174,0.968,0.97,us,us7000dhub,2021-05-13T22:45:52.040Z,"39 km SW of Reuleuet, Indonesia",earthquake,4.6,1.9,0.145,14,reviewed,us,us
2021-03-03T10:43:22.154Z,-3.4652,100.5011,10,4.7,mb,,197,2.605,0.58,us,us7000dh5u,2021-05-13T22:42:03.040Z,"184 km SSW of Sungai Penuh, Indonesia",earthquake,6.8,1.9,0.108,27,reviewed,us,us
2021-03-03T10:34:29.526Z,-4.7134,103.7169,148.69,4.6,mb,,139,0.835,0.88,us,us7000df43,2021-05-13T22:42:02.040Z,"81 km SW of Baturaja, Indonesia",earthquake,8.9,7,0.095,33,reviewed,us,us
2021-03-02T21:35:08.755Z,-6.0727,130.3036,115.8,4.7,mb,,95,2.139,0.7,us,us7000dez3,2021-05-13T22:41:23.040Z,"275 km W of Tual, Indonesia",earthquake,7.9,0.6,0.088,39,reviewed,us,us
2021-03-02T09:36:54.225Z,-5.1019,134.0806,10,4.6,mb,,71,2.835,0.51,us,us7000dg27,2021-05-13T22:40:32.040Z,"158 km ENE of Tual, Indonesia",earthquake,8.1,1.9,0.141,16,reviewed,us,us
2021-03-02T01:31:48.547Z,-6.7009,132.2263,10,4.5,mb,,100,1.571,0.65,us,us7000dg1q,2021-05-13T22:40:05.040Z,"132 km SSW of Tual, Indonesia",earthquake,5.7,1.9,0.14,15,reviewed,us,us
2021-03-02T00:17:31.382Z,-5.7203,101.6888,10,4.8,mb,,63,1.848,0.6,us,us7000der8,2021-05-13T22:40:03.040Z,"221 km SSW of Bengkulu, Indonesia",earthquake,6.9,1.8,0.072,59,reviewed,us,us
2021-03-01T15:29:13.622Z,4.2261,125.7845,117.99,4.6,mb,,152,3.777,1.25,us,us7000dg0c,2021-05-13T22:39:36.040Z,"134 km SSE of Sarangani, Philippines",earthquake,11.7,9.3,0.157,12,reviewed,us,us
2021-02-28T23:52:34.115Z,-2.6399,102.1121,169.67,4.5,mb,,35,1.905,0.67,us,us7000dfjt,2021-05-13T22:38:29.040Z,"102 km NNW of Curup, Indonesia",earthquake,5.8,6.6,0.078,49,reviewed,us,us
2021-02-28T22:27:20.019Z,-7.2639,129.1561,108.86,4.5,mb,,138,2.24,0.97,us,us7000dfjq,2021-05-13T22:38:23.040Z,"Kepulauan Babar, Indonesia",earthquake,7.7,10.5,0.192,8,reviewed,us,us
2021-02-28T15:50:28.444Z,-5.6636,101.6875,10,4.6,mb,,78,1.808,0.57,us,us7000ded9,2021-05-13T22:37:54.040Z,"215 km SSW of Bengkulu, Indonesia",earthquake,4,1.9,0.129,18,reviewed,us,us
2021-02-28T15:26:06.685Z,-5.4883,102.3197,35,4.5,mb,,134,1.287,0.46,us,us7000dfjc,2021-05-13T22:37:52.040Z,"186 km S of Bengkulu, Indonesia",earthquake,3.8,2,0.163,13,reviewed,us,us
2021-02-27T02:32:53.405Z,4.7198,126.2062,94.18,4.5,mb,,115,2.416,1.11,us,us7000de1z,2021-05-13T22:36:00.040Z,"111 km SE of Sarangani, Philippines",earthquake,8.9,8,0.1,29,reviewed,us,us
2021-02-26T19:44:10.898Z,-0.2537,124.6288,10,4.5,mb,,52,2.015,1.08,us,us7000df6z,2021-05-13T22:35:42.040Z,"174 km S of Tomohon, Indonesia",earthquake,5.4,1.9,0.131,21,reviewed,us,us
2021-02-26T11:02:31.071Z,-0.6146,127.4456,10,5,mww,,40,1.379,0.53,us,us7000ddv4,2026-08-07T23:25:20.897Z,"150 km S of Sofifi, Indonesia",earthquake,5.9,1.6,0.065,23,reviewed,us,us
2021-02-25T19:45:05.036Z,-6.2895,105.8909,76.31,4.9,mb,,58,4.871,0.93,us,us7000ddp4,2021-05-04T14:17:21.040Z,"11 km NE of Labuan, Indonesia",earthquake,10.1,7,0.064,77,reviewed,us,us
2021-02-23T22:25:54.277Z,3.055,127.0363,65.44,5.1,mww,,62,2.291,0.48,us,us6000dkid,2025-12-22T18:00:08.748Z,"182 km NW of Tobelo, Indonesia",earthquake,7.8,5.7,0.098,10,reviewed,us,us
2021-02-23T16:19:17.389Z,4.5569,125.7348,182.27,4.5,mb,,105,2.501,0.69,us,us6000dkfu,2021-05-04T14:16:37.040Z,"98 km SSE of Sarangani, Philippines",earthquake,7.3,7,0.094,33,reviewed,us,us
2021-02-23T14:37:13.167Z,-6.8741,130.0077,124.02,4.5,mb,,100,1.688,0.61,us,us7000ddy1,2021-05-04T14:16:36.040Z,"Banda Sea",earthquake,6.5,10.2,0.191,10,reviewed,us,us
2021-02-23T14:09:09.730Z,-9.3972,115.5374,80.22,4.6,mb,,98,1.649,0.58,us,us7000ddy6,2021-05-04T14:16:35.040Z,"73 km SSE of Nusa Dua, Indonesia",earthquake,8,10.6,0.315,3,reviewed,us,us
2021-02-22T19:22:11.484Z,1.358,121.9096,25,5.8,mww,,37,1.154,1,us,us6000dk70,2025-12-22T18:51:05.818Z,"157 km NW of Gorontalo, Indonesia",earthquake,3.5,1.8,0.059,28,reviewed,us,us
2021-02-22T17:26:15.769Z,0.0771,123.528,136.5,4.9,mb,,36,1.344,1.23,us,us6000dk44,2021-05-04T14:16:21.040Z,"72 km SE of Gorontalo, Indonesia",earthquake,7.4,6,0.051,120,reviewed,us,us
2021-02-22T04:44:59.856Z,-8.8111,123.4503,106.12,5,mb,,31,1.211,1.03,us,us6000dk0b,2021-05-04T14:16:10.040Z,"93 km NNW of Naisano Dua, Indonesia",earthquake,7.2,5.7,0.076,55,reviewed,us,us
2021-02-22T03:50:39.494Z,-6.2283,104.1733,50.63,4.6,mb,,178,2.216,0.65,us,us6000dk02,2021-05-04T14:16:09.040Z,"149 km SW of Bandar Lampung, Indonesia",earthquake,9,6,0.114,23,reviewed,us,us
2021-02-22T03:00:25.362Z,2.3391,127.2602,80.74,5.1,mb,,83,1.56,0.86,us,us6000djzq,2021-05-04T14:16:09.040Z,"107 km NW of Tobelo, Indonesia",earthquake,6.9,6,0.054,113,reviewed,us,us
2021-02-21T23:40:45.119Z,4.9568,127.5152,106.36,4.5,mb,,113,2.848,0.61,us,us6000djyr,2021-05-04T14:16:04.040Z,"214 km SE of Pondaguitan, Philippines",earthquake,9.4,5.4,0.086,40,reviewed,us,us
2021-02-21T21:10:44.275Z,-4.3756,102.1377,47.83,4.9,mb,,97,0.815,0.7,us,us6000djy5,2021-05-04T14:15:59.040Z,"65 km SSW of Bengkulu, Indonesia",earthquake,3.2,7.2,0.071,62,reviewed,us,us
2021-02-21T14:56:33.710Z,-7.3715,106.6916,60.46,4.5,mb,,60,0.954,0.62,us,us7000ddmy,2021-05-04T14:15:53.040Z,"Java, Indonesia",earthquake,7.2,6,0.102,28,reviewed,us,us
2021-02-21T14:01:04.659Z,-8.6867,118.0394,126.19,4.5,mb,,79,3.85,0.66,us,us6000djwd,2021-05-04T14:15:51.040Z,"49 km WSW of Dompu, Indonesia",earthquake,6.3,7,0.096,32,reviewed,us,us
2021-02-20T10:04:31.315Z,-0.7465,131.0217,10,4.5,mb,,100,2.482,0.42,us,us6000djp0,2021-05-04T14:15:22.040Z,"30 km WNW of Sorong, Indonesia",earthquake,5.2,1.9,0.115,23,reviewed,us,us
2021-02-19T15:23:54.678Z,-10.156,126.6991,10,4.6,mb,,89,2.428,1.22,us,us6000diyc,2021-05-04T14:15:00.040Z,"148 km SSE of Viqueque, Timor Leste",earthquake,4.3,1.9,0.193,8,reviewed,us,us
2021-02-19T12:50:25.083Z,1.3665,127.0819,56.63,4.5,mb,,108,0.655,0.74,us,us6000dkrd,2021-05-04T14:14:56.040Z,"72 km NNW of Ternate, Indonesia",earthquake,6.7,6.9,0.106,27,reviewed,us,us
2021-02-19T11:07:23.290Z,2.4518,126.2682,35.16,4.5,mb,,86,1.997,0.44,us,us6000dkr9,2021-05-04T14:14:54.040Z,"179 km NE of Laikit, Laikit II (Dimembe), Indonesia",earthquake,6.9,9.1,0.118,22,reviewed,us,us
2021-02-18T10:43:09.124Z,-4.3303,101.6424,43.3,4.6,mb,,195,1.309,0.38,us,us6000dkpe,2021-04-23T21:04:54.040Z,"90 km SW of Bengkulu, Indonesia",earthquake,11.6,6.2,0.146,14,reviewed,us,us
2021-02-18T10:40:19.645Z,-6.933,129.6535,131.47,4.5,mb,,90,1.936,0.77,us,us6000dims,2021-04-23T21:04:54.040Z,"Banda Sea",earthquake,5.8,9.1,0.113,23,reviewed,us,us
2021-02-17T20:28:53.693Z,-4.2686,133.0545,10,4.8,mb,,114,1.563,1.04,us,us6000digr,2021-04-23T21:04:52.040Z,"154 km NNE of Tual, Indonesia",earthquake,7.4,1.9,0.086,42,reviewed,us,us
2021-02-17T18:20:59.771Z,-6.1315,129.8317,222.92,4.7,mb,,94,3.998,1.13,us,us6000dkf2,2021-04-23T21:04:52.040Z,"Banda Sea",earthquake,12.9,10.9,0.245,5,reviewed,us,us
2021-02-17T09:48:02.213Z,-5.965,101.8498,10,4.5,mb,,127,1.937,0.56,us,us6000dic6,2022-08-09T02:50:57.812Z,"243 km S of Bengkulu, Indonesia",earthquake,8.9,1.9,0.099,30,reviewed,us,us
2021-02-16T19:09:40.907Z,-2.9033,139.2142,46.02,5.3,mww,,16,6.956,0.66,us,usd000eesi,2025-12-22T18:50:25.713Z,"161 km WSW of Abepura, Indonesia",earthquake,7.5,4.5,0.093,11,reviewed,us,us
2021-02-16T08:42:32.484Z,-6.0512,112.1134,593.84,4.8,mb,,56,1.935,0.92,us,us6000dk5v,2021-04-23T21:04:46.040Z,"93 km N of Tuban, Indonesia",earthquake,9.7,6.8,0.09,38,reviewed,us,us
2021-02-16T08:42:11.540Z,-6.0656,112.0975,591.69,5.1,mww,,22,1.914,1.14,us,us6000di0i,2021-04-23T21:04:46.040Z,"92 km N of Tuban, Indonesia",earthquake,7.7,4.7,0.098,10,reviewed,us,us
2021-02-16T05:10:24.476Z,-6.1886,103.6759,44.01,4.8,mb,,93,1.952,0.58,us,us6000dhz0,2021-04-23T21:04:44.040Z,"194 km WSW of Bandar Lampung, Indonesia",earthquake,8.2,7.3,0.073,59,reviewed,us,us
2021-02-16T03:41:05.284Z,1.376,127.0503,10,4.5,mb,,91,4.906,0.78,us,us6000dk5z,2021-04-23T21:04:44.040Z,"74 km NNW of Ternate, Indonesia",earthquake,11,1.9,0.131,17,reviewed,us,us
2021-02-16T01:10:59.090Z,2.4831,97.0361,10,4.5,mb,,131,1.289,0.88,us,us6000dk60,2021-04-23T21:04:43.040Z,"northern Sumatra, Indonesia",earthquake,6.8,1.9,0.15,13,reviewed,us,us
2021-02-15T04:57:13.303Z,1.0728,98.8358,68.92,5,mb,,44,1.28,0.94,us,us6000dhqv,2021-04-23T21:04:38.040Z,"59 km SW of Padangsidempuan, Indonesia",earthquake,5.4,4.5,0.073,61,reviewed,us,us
2021-02-14T22:50:42.981Z,-7.1912,129.3586,127.66,4.6,mb,,78,2.077,0.67,us,us6000dhpa,2021-04-23T21:04:37.040Z,"299 km ENE of Lospalos, Timor Leste",earthquake,8.6,7.4,0.101,29,reviewed,us,us
2021-02-14T15:03:40.630Z,-10.3411,123.2296,10,4.5,mb,,157,1.176,0.83,us,us6000djfs,2021-04-23T21:04:35.040Z,"45 km WSW of Kupang, Indonesia",earthquake,7.8,1.9,0.381,2,reviewed,us,us
2021-02-14T09:44:50.052Z,1.2428,120.2829,49.29,5.1,mb,,70,0.515,0.76,us,us6000dhkm,2025-12-22T18:50:08.396Z,"242 km N of Palu, Indonesia",earthquake,6.4,6.8,0.072,63,reviewed,us,us
2021-02-14T00:37:50.458Z,4.8125,127.088,39.86,4.7,mb,,114,2.698,0.73,us,us6000dhi3,2021-04-23T21:04:32.040Z,"191 km ESE of Sarangani, Philippines",earthquake,7,6.9,0.079,49,reviewed,us,us
2021-02-13T15:19:09.397Z,-10.5255,123.4288,10,4.8,mb,,113,1.125,0.89,us,us6000dhfe,2021-04-23T21:04:29.040Z,"43 km SSW of Kupang, Indonesia",earthquake,3.8,1.9,0.134,17,reviewed,us,us
2021-02-13T14:37:58.374Z,-10.5196,123.3513,10,4.7,mb,,109,1.179,1.2,us,us6000djdc,2021-04-23T21:04:29.040Z,"47 km SW of Kupang, Indonesia",earthquake,7.9,1.9,0.245,5,reviewed,us,us
2021-02-13T12:25:23.350Z,4.7623,126.7112,39.17,4.6,mb,,109,4.017,0.59,us,us6000dhdd,2021-04-23T21:04:29.040Z,"155 km ESE of Sarangani, Philippines",earthquake,8.9,7.8,0.088,38,reviewed,us,us
2021-02-13T05:34:38.839Z,0.4767,97.0187,10,4.9,mb,,184,0.992,0.61,us,us6000djcj,2021-04-23T21:04:27.040Z,"217 km SSW of Singkil, Indonesia",earthquake,4.3,1.9,0.117,23,reviewed,us,us
2021-02-13T04:30:57.157Z,-6.2602,103.6709,35,5.2,mb,,41,2.017,1.15,us,us6000dhae,2025-12-22T18:50:04.441Z,"198 km WSW of Bandar Lampung, Indonesia",earthquake,3.3,1.9,0.065,78,reviewed,us,us
2021-02-13T04:18:26.012Z,-6.3295,103.6081,35,5,mb,,80,2.061,1.01,us,us6000dhab,2021-04-23T21:04:27.040Z,"208 km WSW of Bandar Lampung, Indonesia",earthquake,4.6,1.9,0.09,39,reviewed,us,us
2021-02-12T21:53:43.948Z,-6.4373,130.0207,150.78,4.5,mb,,36,1.991,0.72,us,us6000dh7s,2021-04-23T21:04:25.040Z,"Banda Sea",earthquake,7.2,2.8,0.071,59,reviewed,us,us
2021-02-12T18:27:11.528Z,-7.3574,128.4852,128.54,4.5,mb,,62,2.857,0.63,us,us6000dh57,2021-04-23T21:04:24.040Z,"208 km NE of Lospalos, Timor Leste",earthquake,7.7,8.2,0.077,53,reviewed,us,us
2021-02-12T12:49:37.358Z,-1.0795,131.0703,10,4.6,mb,,88,2.174,0.98,us,us6000dh0x,2021-04-23T21:04:23.040Z,"30 km SW of Sorong, Indonesia",earthquake,5.3,1.9,0.112,24,reviewed,us,us
2021-02-12T05:05:09.763Z,-9.2587,111.1977,59.75,4.5,mb,,151,1.494,0.88,us,us6000dgw2,2021-04-23T21:04:21.040Z,"142 km SSW of Trenggalek, Indonesia",earthquake,7.7,8.7,0.125,19,reviewed,us,us
2021-02-11T15:09:32.380Z,-5.8634,101.799,10,4.9,mb,,64,1.885,0.7,us,us6000dgp7,2021-04-22T21:53:31.040Z,"233 km SSW of Bengkulu, Indonesia",earthquake,6.6,1.8,0.069,71,reviewed,us,us
2021-02-11T12:21:21.128Z,1.0678,126.3346,35,4.9,mb,,77,1.073,0.76,us,us6000dgn7,2021-04-22T21:53:29.040Z,"120 km WNW of Ternate, Indonesia",earthquake,7.1,2,0.08,49,reviewed,us,us
2021-02-10T16:12:58.817Z,-3.3764,139.6124,55.61,4.6,mb,,56,7.366,0.81,us,us6000dgav,2021-04-22T21:52:35.040Z,"142 km SW of Abepura, Indonesia",earthquake,9.5,6.7,0.082,44,reviewed,us,us
2021-02-10T12:52:27.224Z,-5.6856,101.6495,10,6.3,mww,,29,1.851,0.5,us,us6000dg70,2025-12-22T17:59:59.393Z,"219 km SSW of Bengkulu, Indonesia",earthquake,6.7,1.8,0.037,69,reviewed,us,us
2021-02-10T10:21:32.622Z,-5.6388,101.6825,10,5,mb,,83,1.794,0.47,us,us6000dg6b,2021-04-22T21:52:19.040Z,"213 km SSW of Bengkulu, Indonesia",earthquake,7.2,1.8,0.069,68,reviewed,us,us
2021-02-10T10:15:34.561Z,-5.6093,101.6854,10,5.2,mb,,41,1.772,0.59,us,us6000dg6a,2021-04-22T21:52:19.040Z,"210 km SSW of Bengkulu, Indonesia",earthquake,4.8,1.7,0.073,61,reviewed,us,us
2021-02-10T10:03:12.928Z,4.9054,127.3815,108.62,5.1,mb,,108,2.799,0.58,us,us6000dg69,2021-04-22T21:52:18.040Z,"209 km SE of Pondaguitan, Philippines",earthquake,8.6,6,0.054,110,reviewed,us,us
2021-02-09T12:47:32.648Z,-6.4368,129.9436,168.29,4.5,mb,,99,2.041,0.96,us,us6000dfxz,2021-04-22T21:52:01.040Z,"Banda Sea",earthquake,9.3,11.1,0.191,8,reviewed,us,us
2021-02-09T07:24:46.798Z,-6.4061,129.8834,159.52,5.2,mww,,30,2.103,0.93,us,us6000dfuw,2025-12-22T18:49:38.116Z,"Banda Sea",earthquake,7,4.7,0.059,28,reviewed,us,us
2021-02-08T15:28:06.578Z,-10.7214,117.2382,10,4.5,mb,,112,3.777,0.63,us,us6000dh3j,2021-04-22T21:51:34.040Z,"246 km SSE of Praya, Indonesia",earthquake,7.6,1.9,0.145,14,reviewed,us,us
2021-02-08T01:12:28.584Z,-9.286,111.3583,41.73,4.8,mb,,76,1.595,0.72,us,us6000dfh1,2021-04-22T21:51:17.040Z,"139 km SSW of Trenggalek, Indonesia",earthquake,8.5,6.7,0.1,31,reviewed,us,us
2021-02-08T00:00:40.820Z,5.688,127.1064,35.23,5.7,mww,,34,2.046,1.08,us,us6000dfgj,2025-12-22T18:49:33.026Z,"126 km SE of Pondaguitan, Philippines",earthquake,6.2,3.9,0.089,12,reviewed,us,us
2021-02-07T21:57:36.917Z,-3.0894,129.21,10,4.6,mb,,50,3.014,0.65,us,us6000dffn,2021-04-22T21:51:12.040Z,"42 km NE of Amahai, Indonesia",earthquake,6,1.9,0.119,21,reviewed,us,us
2021-02-07T16:48:51.233Z,-3.1656,138.5496,65.5,4.5,mb,,97,6.296,0.6,us,us6000dh26,2021-04-22T21:51:06.040Z,"239 km WSW of Abepura, Indonesia",earthquake,5.9,7.1,0.115,22,reviewed,us,us
2021-02-05T20:34:46.811Z,-0.2129,124.4494,61.74,5.2,mb,,30,1.868,0.98,us,us6000dex7,2021-04-22T21:50:31.040Z,"173 km SSW of Tomohon, Indonesia",earthquake,6.4,5.6,0.041,199,reviewed,us,us
2021-02-05T09:07:57.904Z,-4.4442,102.2095,52.28,4.7,mb,,58,0.748,0.65,us,us6000deml,2021-04-22T21:50:19.040Z,"71 km S of Bengkulu, Indonesia",earthquake,6.7,5.3,0.076,53,reviewed,us,us
2021-02-04T19:32:35.769Z,-4.8647,133.7744,10,4.5,mb,,110,2.459,0.8,us,us6000dgqk,2021-04-16T19:04:18.040Z,"141 km NE of Tual, Indonesia",earthquake,8.2,1.9,0.205,7,reviewed,us,us
2021-02-04T15:35:14.148Z,1.4273,97.7214,50.73,4.5,mb,,92,0.19,0.62,us,us6000dgqh,2021-04-16T19:04:17.040Z,"95 km S of Singkil, Indonesia",earthquake,6,3.8,0.121,25,reviewed,us,us
2021-02-04T01:09:29.605Z,-0.3901,135.3461,10,4.5,mb,,86,3.986,0.71,us,us6000dgqj,2021-04-16T19:04:17.040Z,"113 km NW of Insrom, Indonesia",earthquake,8.7,1.9,0.156,12,reviewed,us,us
2021-02-03T18:33:40.600Z,2.4722,95.9412,10,4.5,mb,,178,2.003,0.69,us,us6000de90,2021-04-16T19:03:16.040Z,"48 km W of Sinabang, Indonesia",earthquake,8.1,1.9,0.087,39,reviewed,us,us
2021-02-03T08:25:38.571Z,-3.0035,118.9307,10,4.9,mb,,33,2.158,0.46,us,us6000de4n,2022-08-09T02:43:41.416Z,"36 km S of Mamuju, Indonesia",earthquake,6.2,1.8,0.08,49,reviewed,us,us
2021-02-02T14:45:00.693Z,4.1327,126.5027,39.89,4.7,mb,,112,3.059,0.82,us,us6000ddx3,2021-04-16T19:03:02.040Z,"181 km SE of Sarangani, Philippines",earthquake,8.5,8.5,0.097,32,reviewed,us,us
2021-02-02T14:37:39.853Z,4.0123,126.4928,45.62,5.2,mww,,62,3.17,0.67,us,us6000ddwl,2025-12-22T18:50:23.109Z,"191 km SE of Sarangani, Philippines",earthquake,7,5.1,0.086,13,reviewed,us,us
2021-02-02T04:35:59.994Z,2.1923,128.308,89.17,4.8,mb,,77,1.696,0.55,us,us6000ddt4,2021-04-16T19:02:59.040Z,"61 km NNE of Tobelo, Indonesia",earthquake,6.7,6.7,0.089,39,reviewed,us,us
2021-02-01T18:32:57.756Z,-4.6544,132.5931,10,4.8,mb,,84,1.757,1.02,us,us6000ddqn,2025-12-22T18:49:13.992Z,"109 km N of Tual, Indonesia",earthquake,5.9,1.8,0.098,32,reviewed,us,us
2021-02-01T17:14:48.534Z,4.9874,127.5422,111.84,4.6,mb,,116,2.844,1.01,us,us6000ddqb,2021-04-16T19:02:52.040Z,"214 km SE of Pondaguitan, Philippines",earthquake,6.3,6.1,0.075,52,reviewed,us,us
2021-02-01T05:31:49.212Z,4.1646,126.5903,49.04,4.5,mb,,117,3.056,0.42,us,us6000ddkj,2021-04-16T19:02:46.040Z,"185 km SE of Sarangani, Philippines",earthquake,5.4,8.5,0.131,17,reviewed,us,us
2021-01-31T19:58:35.348Z,3.9662,126.5332,36.06,4.7,mb,,119,3.28,0.69,us,us6000deuy,2021-04-16T19:03:45.040Z,"198 km SE of Sarangani, Philippines",earthquake,11.6,6.6,0.152,13,reviewed,us,us
2021-01-31T16:42:37.236Z,-9.2887,107.079,10,4.6,mb,,162,1.9,0.45,us,us6000deuu,2021-04-16T19:03:45.040Z,"234 km S of Banjar, Indonesia",earthquake,9.6,2,0.157,13,reviewed,us,us
2021-01-31T09:44:41.934Z,-5.5312,133.7606,10,5.3,mww,,57,3,0.79,us,us6000dddu,2025-12-22T18:49:11.074Z,"112 km E of Tual, Indonesia",earthquake,7.6,1.9,0.056,31,reviewed,us,us
2021-01-31T09:28:50.798Z,-5.558,133.7996,10,4.8,mb,,73,3.043,0.76,us,us6000dddp,2021-04-16T19:02:36.040Z,"116 km E of Tual, Indonesia",earthquake,8.6,1.9,0.155,13,reviewed,us,us
2021-01-30T17:00:58.604Z,0.5312,125.5284,57.12,5,mb,,48,1.853,1.05,us,us6000desd,2021-04-16T19:03:40.040Z,"109 km SE of Tondano, Indonesia",earthquake,6.5,5.8,0.064,87,reviewed,us,us
2021-01-30T10:52:31.473Z,-4.5295,102.5048,54.9,4.9,mww,,31,0.479,0.57,us,us6000dd7l,2025-12-22T17:59:54.792Z,"84 km SSE of Bengkulu, Indonesia",earthquake,6.7,4.5,0.086,13,reviewed,us,us
2021-01-30T09:50:05.528Z,1.5398,121.9731,480.99,4.5,mb,,52,1.264,0.74,us,us6000dd7d,2021-04-16T19:02:28.040Z,"164 km NW of Gorontalo, Indonesia",earthquake,11.4,9.2,0.091,37,reviewed,us,us
2021-01-30T05:17:24.543Z,-3.0905,129.3592,9.32,5.3,mb,,57,2.89,0.66,us,us6000dd64,2025-12-22T18:00:01.692Z,"56 km ENE of Amahai, Indonesia",earthquake,6.8,4.2,0.069,74,reviewed,us,us
2021-01-30T05:17:15.064Z,-2.9159,129.4019,10,4.5,mb,,48,2.757,0.9,us,us6000des0,2021-04-16T19:03:39.040Z,"71 km NE of Amahai, Indonesia",earthquake,6.1,1.9,0.116,22,reviewed,us,us
2021-01-29T19:31:29.314Z,2.593,126.748,20.96,4.6,mb,,97,1.911,0.73,us,us6000dd2d,2021-04-16T19:02:21.040Z,"169 km NW of Tobelo, Indonesia",earthquake,7.7,5.4,0.103,30,reviewed,us,us
2021-01-28T12:03:23.257Z,-2.1082,99.6026,10,4.5,mb,,193,2.812,0.57,us,us6000den8,2021-04-13T17:06:46.040Z,"153 km SSW of Padang, Indonesia",earthquake,6.3,1.9,0.163,11,reviewed,us,us
2021-01-28T07:57:12.908Z,4.9239,127.5029,126.65,4.7,mb,,49,2.864,0.6,us,us6000dclc,2021-04-13T17:06:04.040Z,"216 km SE of Pondaguitan, Philippines",earthquake,4.7,5.9,0.051,119,reviewed,us,us
2021-01-27T16:46:18.251Z,-6.415,129.9443,174,4.6,mb,,37,2.057,0.66,us,us7000d3rp,2021-04-13T17:07:49.040Z,"Banda Sea",earthquake,7.5,7.2,0.085,44,reviewed,us,us
2021-01-27T12:45:27.935Z,-2.8977,138.7334,42.58,4.8,mb,,57,6.476,0.55,us,us7000d3nu,2021-04-13T17:07:46.040Z,"213 km W of Abepura, Indonesia",earthquake,5.6,7.3,0.082,46,reviewed,us,us
2021-01-27T10:40:25.888Z,-5.1167,103.6804,44.46,4.9,mb,,31,1.042,0.71,us,us7000d3n4,2021-04-13T17:07:44.040Z,"121 km SSW of Baturaja, Indonesia",earthquake,4.8,5.8,0.078,51,reviewed,us,us
2021-01-27T04:19:56.888Z,0.0083,123.4695,137.17,5,mb,,34,1.254,0.86,us,us7000d3kp,2021-04-13T17:04:13.040Z,"74 km SE of Gorontalo, Indonesia",earthquake,6.4,4.9,0.061,86,reviewed,us,us
2021-01-27T03:13:22.948Z,-10.5209,123.7781,10,4.9,mb,,64,0.332,0.59,us,us7000d3kg,2021-04-13T17:04:13.040Z,"43 km SSE of Kupang, Indonesia",earthquake,5.3,1.8,0.11,26,reviewed,us,us
2021-01-24T21:49:37.578Z,-4.5958,138.7576,46.69,4.7,mb,,77,2.837,0.86,us,us7000d2zs,2021-04-13T17:04:10.040Z,"Papua, Indonesia",earthquake,5.9,5.3,0.088,39,reviewed,us,us
2021-01-24T18:42:04.857Z,-1.9282,133.5283,10,5.1,mww,,44,1.613,1.18,us,us7000d2yb,2025-12-22T18:48:47.301Z,"132 km SSW of Manokwari, Indonesia",earthquake,7.6,1.9,0.073,18,reviewed,us,us
2021-01-24T13:03:29.349Z,-4.4396,102.533,54.96,5.1,mb,,84,0.428,0.56,us,us7000d2wn,2021-04-13T17:07:24.040Z,"76 km SSE of Bengkulu, Indonesia",earthquake,6.9,4.9,0.067,71,reviewed,us,us
2021-01-24T04:08:40.621Z,2.2161,128.7427,35,4.7,mb,,114,1.987,1.05,us,us7000d2tf,2021-04-13T17:07:19.040Z,"97 km ENE of Tobelo, Indonesia",earthquake,8.1,2,0.099,31,reviewed,us,us
2021-01-22T12:47:02.120Z,4.9756,127.5243,113.3,4.5,mb,,117,2.84,0.64,us,us7000d2cx,2021-04-13T17:07:05.040Z,"213 km SE of Pondaguitan, Philippines",earthquake,5.7,8,0.091,36,reviewed,us,us
2021-01-22T10:45:52.069Z,5.014,127.5214,117.45,4.7,mb,,79,2.811,0.65,us,us7000d2cg,2021-04-13T17:07:05.040Z,"210 km SE of Pondaguitan, Philippines",earthquake,7.8,6.6,0.052,96,reviewed,us,us
2021-01-21T16:37:31.469Z,4.9923,127.4054,100.34,4.6,mb,,108,2.749,0.78,us,us7000d240,2021-03-27T21:05:57.040Z,"203 km SE of Pondaguitan, Philippines",earthquake,8,4.8,0.06,92,reviewed,us,us
2021-01-21T12:38:29.890Z,4.8303,127.184,117.63,4.7,mb,,128,4.035,0.54,us,us6000dcve,2021-03-27T21:04:16.040Z,"201 km ESE of Sarangani, Philippines",earthquake,12.7,7.9,0.183,14,reviewed,us,us
2021-01-21T12:23:04.255Z,4.9931,127.5145,80,7,mww,,15,2.821,0.77,us,us7000d20e,2025-12-22T18:48:43.144Z,"211 km SE of Pondaguitan, Philippines",earthquake,6.3,1.9,0.061,26,reviewed,us,us
2021-01-21T08:55:20.268Z,-6.3127,128.5926,308.73,4.5,mb,,30,3.156,0.41,us,us7000d1zk,2021-03-27T21:05:52.040Z,"292 km S of Ambon, Indonesia",earthquake,7.5,7.4,0.079,47,reviewed,us,us
2021-01-20T09:50:10.768Z,-6.621,129.8027,163.09,4.6,mb,,43,2.008,0.8,us,us7000d1lv,2021-03-27T21:05:41.040Z,"Banda Sea",earthquake,8.6,7.5,0.107,26,reviewed,us,us
2021-01-20T04:28:52.869Z,-5.9976,131.7618,10,4.8,mb,,47,2.024,0.82,us,us7000d1ji,2021-03-27T21:05:36.040Z,"117 km WSW of Tual, Indonesia",earthquake,4.5,1.8,0.105,28,reviewed,us,us
2021-01-19T20:10:59.621Z,-8.848,110.607,92.06,4.8,mb,,104,0.933,0.84,us,us7000d1gf,2021-03-27T21:05:33.040Z,"103 km SSE of Pundong, Indonesia",earthquake,7.2,6.1,0.069,71,reviewed,us,us
2021-01-19T07:26:10.756Z,-1.9035,128.9426,24.54,4.7,mb,,53,2.539,1.01,us,us7000d1bg,2021-03-27T21:05:27.040Z,"158 km N of Amahai, Indonesia",earthquake,6.2,4.4,0.106,27,reviewed,us,us
2021-01-19T05:01:03.820Z,-7.3486,125.2798,428.11,5.4,mww,,22,2.592,0.82,us,us7000d1a0,2021-03-27T21:05:26.040Z,"137 km N of Likisá, Timor Leste",earthquake,8.9,5.7,0.098,10,reviewed,us,us
2021-01-19T00:56:44.225Z,-0.0023,120.0833,79.29,4.8,mb,,59,2.879,0.79,us,us7000d18h,2021-03-27T21:05:23.040Z,"102 km NNE of Palu, Indonesia",earthquake,7.9,6.3,0.071,62,reviewed,us,us
2021-01-16T09:26:43.716Z,-6.3978,103.8873,38.62,5.2,mww,,32,2.226,0.7,us,us7000d0ma,2025-12-22T17:59:50.342Z,"186 km SW of Bandar Lampung, Indonesia",earthquake,6.8,5.8,0.065,23,reviewed,us,us
2021-01-15T23:32:52.269Z,-2.9335,118.9545,10,4.9,mb,,65,2.214,0.63,us,us7000d0im,2021-03-27T21:04:43.040Z,"28 km SSE of Mamuju, Indonesia",earthquake,5.8,1,0.084,44,reviewed,us,us
2021-01-15T23:00:02.293Z,1.5145,125.9643,95.6,5,mb,,66,1.584,0.74,us,us7000d0ig,2021-03-27T21:04:42.040Z,"110 km E of Laikit, Laikit II (Dimembe), Indonesia",earthquake,7.8,4.8,0.061,86,reviewed,us,us
2021-01-15T11:28:26.289Z,2.0329,96.3663,10,4.7,mb,,139,1.409,0.77,us,us7000d0aj,2021-03-27T21:04:33.040Z,"49 km S of Sinabang, Indonesia",earthquake,4.4,1.9,0.117,22,reviewed,us,us
2021-01-15T08:21:13.562Z,2.7388,128.6703,222.4,4.8,mb,,91,2.348,0.69,us,us7000d08x,2021-03-27T21:04:32.040Z,"133 km NNE of Tobelo, Indonesia",earthquake,8.3,5.2,0.072,60,reviewed,us,us
2021-01-15T02:50:54.141Z,0.0133,127.2798,139.14,4.6,mb,,117,0.758,0.74,us,us7000d06u,2021-03-27T21:04:29.040Z,"85 km SSW of Sofifi, Indonesia",earthquake,9.2,6.4,0.103,28,reviewed,us,us
2021-01-14T18:28:18.093Z,-2.9717,118.8899,18,6.2,mww,,28,2.203,1.12,us,us7000d030,2025-12-22T18:48:23.045Z,"32 km S of Mamuju, Indonesia",earthquake,3.5,1.7,0.066,22,reviewed,us,us
2021-01-14T16:50:56.805Z,1.2727,96.8714,10,4.6,mb,,155,0.704,0.84,us,us7000d02l,2021-03-20T21:25:43.040Z,"144 km SSE of Sinabang, Indonesia",earthquake,5.6,1.5,0.074,63,reviewed,us,us
2021-01-14T06:38:37.148Z,-3.0171,118.9502,10,5.2,mb,,69,2.138,0.37,us,us7000d2dv,2021-03-20T21:25:35.040Z,"37 km S of Mamuju, Indonesia",earthquake,7,1.9,0.098,35,reviewed,us,us
2021-01-14T06:35:50.028Z,-2.9809,118.894,18,5.7,mww,,33,2.193,0.83,us,us6000d882,2025-12-22T17:59:48.941Z,"33 km S of Mamuju, Indonesia",earthquake,5.8,1.7,0.053,34,reviewed,us,us
2021-01-14T00:03:21.692Z,-8.1454,120.3733,28.53,4.6,mb,,71,1.907,0.63,us,us7000d2ds,2021-03-20T21:25:26.040Z,"52 km N of Ruteng, Indonesia",earthquake,6.9,6.1,0.128,18,reviewed,us,us
2021-01-13T17:33:05.763Z,1.5831,128.2005,22.84,5.1,mww,,54,1.159,1.08,us,us6000d82a,2025-12-22T18:48:18.107Z,"26 km SE of Tobelo, Indonesia",earthquake,6.4,4,0.093,11,reviewed,us,us
2021-01-13T15:46:25.828Z,-7.1702,129.3867,139.02,4.5,mb,,69,2.06,1.13,us,us6000d81p,2021-03-20T21:25:17.040Z,"Kepulauan Babar, Indonesia",earthquake,7.6,7.7,0.094,33,reviewed,us,us
2021-01-13T14:35:02.851Z,-5.7641,110.7542,546.39,4.5,mb,,24,1.314,0.81,us,us7000d24l,2021-03-20T21:25:16.040Z,"79 km N of Batang, Indonesia",earthquake,6.4,5.5,0.057,91,reviewed,us,us
2021-01-13T06:18:22.769Z,-4.2223,102.0942,37.21,4.6,mb,,99,0.87,0.52,us,us6000d7z0,2021-03-20T21:25:03.040Z,"50 km SSW of Bengkulu, Indonesia",earthquake,8.4,6.8,0.119,21,reviewed,us,us
2021-01-12T18:17:36.970Z,-3.0604,136.8876,31,5.9,mww,,14,3.85,0.79,us,us6000d7tq,2025-12-22T18:48:14.529Z,"157 km ENE of Nabire, Indonesia",earthquake,6.3,1.8,0.075,17,reviewed,us,us
2021-01-12T15:21:58.480Z,-7.3986,129.0868,149.3,4.6,mb,,86,2.267,1.05,us,us7000d223,2021-03-20T21:24:49.040Z,"261 km ENE of Lospalos, Timor Leste",earthquake,10.8,6.2,0.273,5,reviewed,us,us
2021-01-12T11:51:31.280Z,2.2367,128.5754,230.7,4.6,mb,,115,1.891,0.58,us,us6000d7qj,2021-03-20T21:24:44.040Z,"84 km NE of Tobelo, Indonesia",earthquake,9.2,6.7,0.107,26,reviewed,us,us
2021-01-12T10:11:50.024Z,4.1851,125.4314,10,5.3,mb,,72,2.869,0.82,us,us6000d7pb,2021-03-20T21:24:42.040Z,"Pulau-Pulau Sangihe, Indonesia",earthquake,6.3,1.8,0.064,81,reviewed,us,us
2021-01-12T03:46:37.810Z,-4.0032,127.702,192.42,4.5,mb,,54,4.729,0.8,us,us6000d7mw,2021-03-20T21:24:33.040Z,"63 km WSW of Ambon, Indonesia",earthquake,7.5,5.4,0.109,25,reviewed,us,us
2021-01-11T14:53:05.764Z,4.8251,126.9722,65.3,4.5,mb,,81,2.625,0.59,us,us7000d1qr,2021-03-20T21:24:11.040Z,"179 km ESE of Sarangani, Philippines",earthquake,9,8.2,0.096,32,reviewed,us,us
2021-01-11T01:57:27.321Z,1.0276,119.9894,9.85,5.2,mww,,48,0.796,0.7,us,us6000d7cd,2025-12-22T18:48:07.819Z,"214 km N of Palu, Indonesia",earthquake,5.1,3.7,0.071,19,reviewed,us,us
2021-01-11T01:38:46.798Z,-7.2598,120.6954,618.65,4.9,mb,,45,2.05,1.08,us,us6000d7c6,2021-03-20T21:23:54.040Z,"151 km N of Ruteng, Indonesia",earthquake,9.3,5.8,0.065,73,reviewed,us,us
2021-01-11T01:20:38.218Z,-7.2529,120.4325,613.25,5.6,mww,,21,2.254,1.07,us,us6000d7c5,2025-12-22T18:48:06.930Z,"150 km NNE of Labuan Bajo, Indonesia",earthquake,8,3.3,0.052,35,reviewed,us,us
2021-01-10T22:40:15.263Z,-8.2802,116.2107,10,4.7,mb,,46,2.045,0.92,us,us6000d7bh,2021-03-20T21:23:51.040Z,"16 km ENE of Gili Air, Indonesia",earthquake,6.2,1.8,0.13,18,reviewed,us,us
2021-01-09T12:28:13.876Z,-7.0859,129.4868,120.69,5.2,mww,,47,2.005,0.67,us,us6000d714,2025-12-22T18:47:59.489Z,"Kepulauan Babar, Indonesia",earthquake,7.9,5.6,0.078,16,reviewed,us,us
2021-01-08T16:49:58.059Z,-7.2217,120.1887,605.85,5.2,mww,,47,2.468,1.1,us,us6000d6sh,2025-12-22T18:47:53.144Z,"144 km NNE of Labuan Bajo, Indonesia",earthquake,10.4,4.8,0.089,12,reviewed,us,us
2021-01-06T20:59:34.315Z,0.0658,122.9487,148,6.1,mww,,13,1.114,1.23,us,us6000d69r,2025-12-22T18:47:48.492Z,"53 km SSW of Gorontalo, Indonesia",earthquake,6.7,1.8,0.035,78,reviewed,us,us
2021-01-06T17:28:35.120Z,-4.3366,102.6881,58.04,5.5,mww,,27,0.267,1.02,us,us6000d672,2025-12-22T18:47:47.112Z,"70 km WSW of Pagar Alam, Indonesia",earthquake,6.1,3.4,0.078,16,reviewed,us,us
2021-01-05T11:56:18.094Z,-10.4267,123.8207,10,5.1,mb,,71,0.799,0.63,us,us6000d5r8,2021-03-13T22:59:22.040Z,"36 km SE of Kupang, Indonesia",earthquake,6.2,1.9,0.095,36,reviewed,us,us
2021-01-03T21:53:35.455Z,-2.7349,122.1901,10,4.5,mb,,61,1.779,0.93,us,us6000d5bq,2021-03-13T22:59:04.040Z,"142 km NNW of Kendari, Indonesia",earthquake,7,1.9,0.118,21,reviewed,us,us
2021-01-03T19:13:57.923Z,-2.7566,122.2402,10,5,mww,,43,1.784,1.18,us,us6000d5aj,2025-12-22T18:47:44.862Z,"138 km NNW of Kendari, Indonesia",earthquake,6.2,1.8,0.078,16,reviewed,us,us
2021-01-02T20:35:57.926Z,4.3322,138.0207,15.09,5.2,mww,,34,7.31,0.64,us,us6000d533,2025-12-22T18:47:38.398Z,"Palau region",earthquake,8.3,3.4,0.068,21,reviewed,us,us
2021-01-02T06:33:22.026Z,-4.4028,138.204,150.65,4.6,mb,,49,6.122,0.71,us,us6000d4y4,2021-03-13T22:58:39.040Z,"Papua, Indonesia",earthquake,9.7,8.1,0.119,21,reviewed,us,us
2021-01-01T04:05:17.129Z,-0.1874,124.442,61.99,4.5,mb,,45,1.873,1.05,us,us6000d4qn,2021-03-13T22:58:27.040Z,"171 km SSW of Tomohon, Indonesia",earthquake,7,4.1,0.101,29,reviewed,us,us
2020-12-31T23:12:35.050Z,-9.1109,118.9156,85.73,4.8,mb,,43,3.316,0.9,us,us6000d4nn,2025-12-22T18:47:36.936Z,"74 km SSE of Bima, Indonesia",earthquake,7.1,6.1,0.075,55,reviewed,us,us
2020-12-31T10:49:04.647Z,0.3787,97.7228,26.07,4.9,mb,,91,0.93,1.07,us,us6000d4j4,2021-03-06T23:20:56.040Z,"191 km SW of Sibolga, Indonesia",earthquake,9.1,2.8,0.092,37,reviewed,us,us
2020-12-31T10:18:54.508Z,-8.7445,122.2829,130.13,5.1,mww,,33,0.117,1.26,us,us6000d4iv,2025-12-22T18:47:35.393Z,"15 km SSE of Maumere, Indonesia",earthquake,6.9,4.7,0.086,13,reviewed,us,us
2020-12-31T03:38:30.623Z,-2.8017,128.7466,10,4.5,mb,,101,3.166,0.6,us,us6000d7g7,2021-03-06T23:20:52.040Z,"62 km NNW of Amahai, Indonesia",earthquake,8.6,1.7,0.14,15,reviewed,us,us
2020-12-31T02:33:13.778Z,-6.246,103.8908,35,4.7,mb,,52,2.091,0.53,us,us6000d4gs,2021-03-06T23:20:50.040Z,"176 km WSW of Bandar Lampung, Indonesia",earthquake,5.7,1.9,0.104,28,reviewed,us,us
2020-12-30T23:03:00.251Z,5.1231,125.2581,54.13,4.6,mb,,108,1.96,0.45,us,us6000d4fn,2021-03-06T23:20:48.040Z,"38 km SW of Sarangani, Philippines",earthquake,5.3,9.1,0.133,17,reviewed,us,us
2020-12-30T20:29:33.321Z,-6.6907,127.4441,393.38,4.5,mb,,56,4.033,1.13,us,us6000d6sa,2021-03-06T23:20:46.040Z,"208 km NNE of Lospalos, Timor Leste",earthquake,7.3,8.8,0.243,5,reviewed,us,us
2020-12-30T19:10:20.656Z,-2.3988,127.4859,16.42,4.8,mb,,41,3.151,1.05,us,us6000d4dn,2021-03-06T23:20:45.040Z,"163 km NNW of Ambon, Indonesia",earthquake,6.2,4,0.094,41,reviewed,us,us
2020-12-30T11:03:09.490Z,-6.7969,126.6763,422.97,4.5,mb,,28,3.784,0.5,us,us6000d4bf,2021-03-06T23:20:38.040Z,"187 km N of Baukau, Timor Leste",earthquake,10.1,8.3,0.081,44,reviewed,us,us
2020-12-30T00:58:06.392Z,4.5266,125.7779,163.75,4.6,mb,,45,2.534,0.89,us,us6000d45x,2021-03-06T23:20:30.040Z,"103 km SSE of Sarangani, Philippines",earthquake,7.7,4.2,0.072,58,reviewed,us,us
2020-12-29T17:05:22.263Z,5.1959,125.2661,48.21,4.8,mb,,104,1.887,0.82,us,us6000d416,2021-03-06T23:20:22.040Z,"31 km SW of Sarangani, Philippines",earthquake,7.4,7.1,0.066,82,reviewed,us,us
2020-12-29T16:45:13.409Z,5.1557,125.3588,45.84,4.5,mb,,79,1.914,0.78,us,us6000d40z,2021-03-06T23:20:21.040Z,"29 km SSW of Sarangani, Philippines",earthquake,7.6,7.3,0.099,32,reviewed,us,us
2020-12-29T16:21:48.131Z,5.2608,125.2951,35,5.3,mww,,36,1.819,1.07,us,us6000d40v,2025-12-22T18:47:33.713Z,"24 km SW of Sarangani, Philippines",earthquake,5.7,1.9,0.078,16,reviewed,us,us
2020-12-29T10:08:35.481Z,2.7743,127.2958,57.77,4.8,mb,,77,1.99,0.85,us,us6000d3z8,2021-03-06T23:20:15.040Z,"140 km NW of Tobelo, Indonesia",earthquake,5.7,7.3,0.072,59,reviewed,us,us
2020-12-29T01:46:25.656Z,4.8575,127.057,47.42,4.5,mb,,114,2.644,0.74,us,us6000d3vw,2021-03-06T23:20:07.040Z,"186 km ESE of Sarangani, Philippines",earthquake,8.1,6.6,0.09,36,reviewed,us,us
2020-12-29T00:37:03.593Z,-10.3351,120.251,35,4.6,mb,,79,2.586,0.81,us,us6000d3ug,2021-03-06T23:20:05.040Z,"75 km S of Waingapu, Indonesia",earthquake,6.8,2,0.116,22,reviewed,us,us
2020-12-28T10:23:43.623Z,2.2903,126.71,52.01,4.5,mb,,119,1.645,0.49,us,us6000d6gs,2021-03-06T23:19:51.040Z,"157 km WNW of Tobelo, Indonesia",earthquake,9.1,8.5,0.15,13,reviewed,us,us
2020-12-28T07:31:11.352Z,-0.1917,124.5061,51.77,5.1,mww,,37,1.929,0.72,us,us6000d3ln,2025-12-22T18:47:27.010Z,"170 km S of Tomohon, Indonesia",earthquake,6,4.2,0.098,10,reviewed,us,us
2020-12-28T04:46:17.622Z,4.5718,126.8416,96.27,5,mb,,88,2.781,1.11,us,us6000d3kr,2021-03-06T23:19:45.040Z,"178 km ESE of Sarangani, Philippines",earthquake,8.1,6.6,0.057,98,reviewed,us,us
2020-12-26T09:15:16.798Z,-0.2665,125.1326,57.65,4.9,mb,,33,2.46,0.65,us,us6000d364,2021-03-06T23:19:05.040Z,"175 km S of Tondano, Indonesia",earthquake,7.1,6.7,0.072,61,reviewed,us,us
2020-12-25T14:28:38.505Z,0.6531,126.3687,29.84,4.8,mb,,54,1.004,0.63,us,us6000d2yn,2021-03-06T23:18:47.040Z,"114 km W of Ternate, Indonesia",earthquake,4.3,6,0.131,18,reviewed,us,us
2020-12-25T11:40:12.838Z,-9.1954,119.7556,40.96,5,mww,,76,2.514,0.96,us,us6000d2xi,2025-12-22T19:05:14.245Z,"73 km SSE of Komodo, Indonesia",earthquake,7.5,6.6,0.078,16,reviewed,us,us
2020-12-25T02:00:33.427Z,5.0517,125.9067,100.59,5.1,mb,,65,2.031,1.2,us,us6000d2sq,2025-12-22T18:47:21.355Z,"62 km SE of Sarangani, Philippines",earthquake,6.7,4.1,0.051,127,reviewed,us,us
2020-12-24T18:12:29.881Z,-7.7554,127.2806,163,4.5,mb,,50,3.58,1.1,us,us6000d2mn,2021-03-06T23:18:27.040Z,"90 km NNE of Lospalos, Timor Leste",earthquake,8.4,10.2,0.131,17,reviewed,us,us
2020-12-24T01:24:13.749Z,-0.152,124.4423,31.48,5.2,mww,,37,1.889,0.9,us,us6000d2dh,2025-12-22T18:47:18.278Z,"167 km SSW of Tomohon, Indonesia",earthquake,5.2,3,0.073,18,reviewed,us,us
2020-12-23T22:19:53.350Z,-4.4368,101.0761,10,5.2,mb,,39,1.875,0.63,us,us6000d2c8,2021-03-06T23:18:03.040Z,"149 km WSW of Bengkulu, Indonesia",earthquake,6.5,1.8,0.064,82,reviewed,us,us
2020-12-23T19:43:53.907Z,-4.8566,132.5063,10,4.6,mb,,180,1.941,1.1,us,us6000d5s8,2021-03-06T23:18:01.040Z,"89 km NNW of Tual, Indonesia",earthquake,9.3,2,0.222,6,reviewed,us,us
2020-12-22T14:00:31.352Z,-4.5288,101.0519,10,4.5,mb,,147,1.905,0.51,us,us6000d1w7,2021-02-27T23:23:37.040Z,"156 km WSW of Bengkulu, Indonesia",earthquake,9.8,1.9,0.128,19,reviewed,us,us
2020-12-22T01:19:58.532Z,5.2168,125.2675,53.32,4.9,mb,,65,1.866,0.78,us,us6000d1sk,2021-02-27T23:23:22.040Z,"29 km SW of Sarangani, Philippines",earthquake,8,5.9,0.094,35,reviewed,us,us
2020-12-21T12:33:55.652Z,-6.4543,130.4931,85.21,4.8,mb,,48,1.715,0.63,us,us7000csxp,2021-02-27T23:26:51.040Z,"266 km WSW of Tual, Indonesia",earthquake,7.5,3.5,0.068,67,reviewed,us,us
2020-12-21T11:49:13.218Z,-3.2968,140.0766,63.73,4.7,mb,,45,7.387,0.76,us,us7000csxa,2021-02-27T23:26:50.040Z,"99 km SW of Abepura, Indonesia",earthquake,9,6,0.088,40,reviewed,us,us
2020-12-20T11:40:44.443Z,1.6443,126.889,24.98,4.9,mww,,103,0.989,0.93,us,us7000csnr,2025-12-22T18:47:09.575Z,"109 km NNW of Ternate, Indonesia",earthquake,4.5,4.6,0.098,10,reviewed,us,us
2020-12-20T05:13:28.909Z,-6.8984,129.4698,152.77,4.6,mb,,64,2.109,0.48,us,us7000cslq,2021-02-27T23:26:25.040Z,"Banda Sea",earthquake,6.3,7.9,0.098,31,reviewed,us,us
2020-12-17T12:38:55.235Z,5.1239,125.3912,62.35,4.9,mb,,87,1.942,0.77,us,us7000crsf,2021-02-27T23:25:10.040Z,"31 km SSW of Sarangani, Philippines",earthquake,7.2,7,0.068,68,reviewed,us,us
2020-12-17T08:30:51.283Z,0.2789,125.0019,53.32,5.1,mb,,44,2.414,0.86,us,us7000crrs,2021-02-27T23:25:08.040Z,"113 km S of Tondano, Indonesia",earthquake,5.9,5.8,0.064,79,reviewed,us,us
2020-12-17T04:13:22.267Z,-6.5543,130.2077,129.31,4.5,mb,,89,4.144,0.97,us,us6000d1uy,2021-02-27T23:23:31.040Z,"299 km WSW of Tual, Indonesia",earthquake,5.4,10,0.205,7,reviewed,us,us
2020-12-17T01:45:54.377Z,-8.7466,106.1764,10,4.7,mb,,114,1.938,0.65,us,us6000d1us,2021-02-27T23:23:30.040Z,"198 km SSW of Pelabuhanratu, Indonesia",earthquake,8.2,1.9,0.123,20,reviewed,us,us
2020-12-16T21:44:52.600Z,5.8773,126.8627,74.63,4.8,mww,,86,1.74,0.62,us,us7000crp4,2025-12-22T19:05:52.973Z,"92 km SE of Pondaguitan, Philippines",earthquake,7.5,5.4,0.086,13,reviewed,us,us
2020-12-16T20:51:27.283Z,5.1358,125.4547,65.34,4.5,mb,,96,1.925,0.94,us,us7000cs7n,2021-02-27T23:25:53.040Z,"29 km S of Sarangani, Philippines",earthquake,5.1,8.2,0.132,17,reviewed,us,us
2020-12-16T10:30:54.894Z,5.2167,125.2755,26.14,5,mb,,89,1.865,0.58,us,us7000crj1,2021-02-27T23:24:55.040Z,"29 km SW of Sarangani, Philippines",earthquake,5.2,4.6,0.063,79,reviewed,us,us
2020-12-16T06:06:49.049Z,5.622,124.8874,65.97,4.5,mb,,110,1.594,0.57,us,us7000crgl,2021-02-27T23:24:52.040Z,"27 km SSW of Daliao, Philippines",earthquake,8.6,7.2,0.102,28,reviewed,us,us
2020-12-15T23:21:57.807Z,5.1789,125.4212,14,6.1,mww,,27,1.884,1.08,us,us7000crdx,2025-12-22T18:47:01.558Z,"25 km S of Sarangani, Philippines",earthquake,7.1,1.7,0.054,33,reviewed,us,us
2020-12-15T09:55:43.371Z,-6.5216,102.3583,10,4.7,mb,,77,2.227,0.65,us,us7000cr80,2021-02-20T16:12:12.040Z,"293 km SSW of Pagar Alam, Indonesia",earthquake,4.5,1.9,0.115,26,reviewed,us,us
2020-12-14T18:24:13.384Z,-5.0316,102.0777,41,4.5,mb,,147,1.1,1.08,us,us7000cr1c,2021-02-20T16:12:01.040Z,"137 km S of Bengkulu, Indonesia",earthquake,8.4,5.5,0.105,27,reviewed,us,us
2020-12-14T15:39:29.556Z,-10.8905,113.2626,10,4.5,mb,,105,2.559,0.48,us,us7000cs42,2021-02-20T16:12:41.040Z,"288 km S of Kencong, Indonesia",earthquake,9,1.9,0.164,11,reviewed,us,us
2020-12-14T14:02:43.159Z,4.4477,96.3535,6.23,4.9,mb,,144,0.975,0.42,us,us7000cs3z,2021-02-20T16:12:40.040Z,"41 km NE of Meulaboh, Indonesia",earthquake,8.3,6.8,0.177,14,reviewed,us,us
2020-12-14T08:12:38.184Z,-3.9121,102.0026,53.36,4.5,mb,,162,1.049,0.69,us,us7000cs3r,2021-02-20T16:12:39.040Z,"southern Sumatra, Indonesia",earthquake,9.9,8,0.156,12,reviewed,us,us
2020-12-13T08:39:49.655Z,-9.7769,109.6882,10,4.7,mww,,41,2.027,0.62,us,us7000cqqz,2021-02-20T16:11:39.040Z,"212 km SSW of Bambanglipuro, Indonesia",earthquake,6.9,1.8,0.098,10,reviewed,us,us
2020-12-12T17:10:04.844Z,-6.6485,131.036,76.86,4.9,mb,,33,1.35,0.68,us,us7000cqlm,2021-02-20T16:11:32.040Z,"220 km WSW of Tual, Indonesia",earthquake,6.5,6.6,0.077,56,reviewed,us,us
2020-12-12T15:55:22.513Z,-8.9999,123.4945,95.11,5.3,mww,,37,1.07,1.1,us,us7000cqkx,2025-12-22T18:46:54.001Z,"72 km NNW of Naisano Dua, Indonesia",earthquake,6.7,4.6,0.08,15,reviewed,us,us
2020-12-12T14:32:26.695Z,0.752,126.0432,90.48,4.7,mb,,67,1.323,1.12,us,us7000cqkj,2021-02-20T16:11:31.040Z,"139 km ESE of Tondano, Indonesia",earthquake,6.2,6.4,0.12,21,reviewed,us,us
2020-12-12T12:38:28.706Z,-7.883,116.9204,278.58,4.6,mb,,75,2.801,0.86,us,us7000cqjt,2021-02-20T16:11:30.040Z,"73 km NNE of Labuan Lombok, Indonesia",earthquake,8.6,7.4,0.084,43,reviewed,us,us
2020-12-11T08:38:24.070Z,1.6135,126.4611,10,4.5,mb,,102,1.232,0.51,us,us7000cq6w,2021-02-20T16:11:17.040Z,"137 km NW of Ternate, Indonesia",earthquake,5.8,1.9,0.11,24,reviewed,us,us
2020-12-10T15:04:49.909Z,1.5799,126.2457,26.34,5,mww,,22,1.378,0.99,us,us7000cpsx,2025-12-22T18:46:47.817Z,"141 km E of Laikit, Laikit II (Dimembe), Indonesia",earthquake,4.4,3.5,0.098,10,reviewed,us,us
2020-12-10T14:07:17.578Z,2.1825,126.1306,78.3,4.5,mb,,107,1.868,1.02,us,us7000cprp,2021-02-20T16:11:06.040Z,"149 km ENE of Laikit, Laikit II (Dimembe), Indonesia",earthquake,7.8,9.4,0.124,20,reviewed,us,us
2020-12-09T01:53:38.113Z,0.345,126.2315,52.17,4.5,mb,,52,1.211,0.71,us,us7000cpbf,2021-02-20T16:10:50.040Z,"137 km WSW of Ternate, Indonesia",earthquake,7.4,7.5,0.104,27,reviewed,us,us
2020-12-08T02:21:33.381Z,-8.8064,127.3894,35.46,4.6,mb,,30,3.222,0.83,us,us7000cp0u,2021-02-12T22:40:18.040Z,"53 km SE of Lospalos, Timor Leste",earthquake,6.9,6.5,0.129,18,reviewed,us,us
2020-12-07T07:49:02.101Z,-9.6685,124.7671,10,4.5,mb,,105,0.5,0.63,us,us7000cpv1,2021-02-12T22:41:03.040Z,"40 km SE of Kefamenanu, Indonesia",earthquake,5.8,1.9,0.118,25,reviewed,us,us
2020-12-05T08:08:28.986Z,-7.7162,128.324,91.67,4.9,mww,,56,2.959,0.83,us,us7000cnd4,2025-12-22T18:46:34.410Z,"171 km ENE of Lospalos, Timor Leste",earthquake,6.1,6.9,0.083,14,reviewed,us,us
2020-12-04T18:54:53.110Z,-9.1213,124.0302,105.05,4.6,mb,,103,0.672,1.12,us,us7000cp82,2021-02-12T22:40:38.040Z,"39 km WNW of Pante Makasar, Timor Leste",earthquake,7.4,6.4,0.316,3,reviewed,us,us
2020-12-04T09:57:20.757Z,-6.5401,127.3818,405.49,4.8,mb,,21,4.141,0.67,us,us7000cmye,2021-02-12T22:38:51.040Z,"223 km N of Lospalos, Timor Leste",earthquake,8.1,7.5,0.061,83,reviewed,us,us
2020-12-04T05:26:01.094Z,-7.6124,123.8756,330.29,4.5,mb,,37,1.914,0.88,us,us7000cmun,2021-02-12T22:38:49.040Z,"183 km NW of Maubara, Timor Leste",earthquake,8.4,7.2,0.094,33,reviewed,us,us
2020-12-03T19:48:39.731Z,3.2875,98.2137,128.21,5,mww,,50,0.921,0.87,us,us7000cmnu,2025-12-22T18:46:30.925Z,"34 km WNW of Berastagi, Indonesia",earthquake,6.5,4.5,0.093,11,reviewed,us,us
2020-12-03T03:50:58.767Z,4.5375,97.723,10,4.8,mb,,32,1.034,0.85,us,us7000cmdp,2021-02-12T22:38:30.040Z,"28 km WNW of Langsa, Indonesia",earthquake,5.1,1.7,0.077,53,reviewed,us,us
2020-12-03T01:35:11.019Z,-7.1172,129.1078,170.8,4.6,mb,,61,2.336,0.9,us,us7000cmc2,2021-02-12T22:38:26.040Z,"279 km NE of Lospalos, Timor Leste",earthquake,6.7,4.9,0.132,17,reviewed,us,us
2020-12-02T20:36:23.070Z,-3.4416,123.2663,13.35,5.2,mww,,41,2.434,1,us,us7000cm9n,2025-12-22T18:46:27.352Z,"102 km NE of Kendari, Indonesia",earthquake,5.6,3.1,0.075,17,reviewed,us,us
2020-12-02T13:55:29.716Z,-5.5557,105.1152,83.73,4.5,mb,,98,2.457,0.77,us,us7000cn3f,2021-02-12T22:39:07.040Z,"21 km SW of Bandar Lampung, Indonesia",earthquake,7.4,5.9,0.14,15,reviewed,us,us
2020-12-02T13:54:54.528Z,-5.519,105.0618,81.05,4.5,mb,,101,2.393,0.46,us,us7000cn2p,2021-02-12T22:39:01.040Z,"24 km WSW of Bandar Lampung, Indonesia",earthquake,8.6,3.2,0.087,39,reviewed,us,us
2020-12-02T04:53:57.959Z,-8.4811,123.3038,156.68,4.5,mb,,99,1.065,0.49,us,us7000cm0a,2021-02-12T22:38:08.040Z,"121 km E of Maumere, Indonesia",earthquake,8,6.9,0.106,26,reviewed,us,us
2020-12-02T04:01:50.494Z,1.9008,128.4573,53.05,4.6,mb,,107,1.564,0.69,us,us7000cn2g,2021-02-12T22:39:00.040Z,"53 km ENE of Tobelo, Indonesia",earthquake,7.5,8.8,0.164,11,reviewed,us,us
2020-12-01T14:09:52.292Z,2.7045,128.4968,227.34,4.6,mb,,42,2.227,0.57,us,us7000clmj,2021-02-06T18:29:27.040Z,"120 km NNE of Tobelo, Indonesia",earthquake,8.9,6,0.075,55,reviewed,us,us
2020-12-01T08:42:25.088Z,-5.4501,130.4064,10,4.6,mb,,65,2.667,1.18,us,us7000clkc,2021-02-06T18:29:25.040Z,"260 km W of Tual, Indonesia",earthquake,6.1,1.8,0.158,12,reviewed,us,us
2020-11-30T17:14:12.006Z,3.067,96.1349,27.89,5,mb,,59,2.267,0.75,us,us7000cl7y,2021-02-06T18:29:19.040Z,"70 km NNW of Sinabang, Indonesia",earthquake,7.2,4.9,0.067,71,reviewed,us,us
2020-11-30T15:03:30.591Z,2.1978,128.4518,71.19,4.7,mb,,108,1.784,0.68,us,us7000cmlg,2021-02-06T18:29:45.040Z,"71 km NE of Tobelo, Indonesia",earthquake,7.7,9.5,0.173,13,reviewed,us,us
2020-11-30T13:03:58.846Z,-6.0057,128.5153,307.65,4.6,mb,,46,3.389,0.35,us,us7000cmld,2021-02-06T18:29:44.040Z,"258 km S of Ambon, Indonesia",earthquake,7,6.9,0.107,26,reviewed,us,us
2020-11-30T09:17:33.789Z,-6.6679,128.226,302.27,4.5,mb,,119,3.316,1.25,us,us7000cl40,2021-02-06T18:29:08.040Z,"245 km NNE of Lospalos, Timor Leste",earthquake,5.6,13.2,0.271,4,reviewed,us,us
2020-11-29T14:48:27.981Z,-5.0092,102.93,55.23,5.2,mb,,52,0.644,0.75,us,us7000ckwi,2021-02-06T18:28:58.040Z,"114 km SSW of Pagar Alam, Indonesia",earthquake,6.2,5.4,0.059,94,reviewed,us,us
2020-11-28T21:07:52.124Z,-7.3706,106.605,57.56,4.5,mb,,119,1.04,0.76,us,us7000ckpv,2021-02-06T18:28:51.040Z,"42 km S of Pelabuhanratu, Indonesia",earthquake,7.8,4,0.077,50,reviewed,us,us
2020-11-28T17:26:10.335Z,0.5281,120.4045,10,4.6,mb,,66,0.691,0.76,us,us7000cknq,2021-02-06T18:28:50.040Z,"169 km NNE of Palu, Indonesia",earthquake,5,1.9,0.085,44,reviewed,us,us
2020-11-28T11:21:46.688Z,-3.7462,131.4451,10,4.5,mb,,65,1.148,0.68,us,us7000ckll,2021-02-06T18:28:47.040Z,"253 km NW of Tual, Indonesia",earthquake,5.8,1.9,0.111,24,reviewed,us,us
2020-11-28T06:27:59.354Z,-2.7124,127.5063,10,4.5,mb,,85,3.463,0.82,us,us7000cm5e,2021-02-06T18:29:38.040Z,"132 km NW of Ambon, Indonesia",earthquake,6.8,1.9,0.109,25,reviewed,us,us
2020-11-28T04:39:57.142Z,-7.4618,127.2002,10,4.5,mb,,112,3.688,0.88,us,us7000cm59,2021-02-06T18:29:38.040Z,"119 km N of Lospalos, Timor Leste",earthquake,6.1,1.9,0.204,7,reviewed,us,us
2020-11-27T16:43:30.786Z,2.4556,128.6479,220.79,4.6,mb,,125,2.106,1.26,us,us7000ckfe,2021-02-06T18:28:38.040Z,"107 km NE of Tobelo, Indonesia",earthquake,10.1,7.5,0.101,29,reviewed,us,us
2020-11-27T13:37:44.965Z,-2.6376,127.5152,10,4.8,mb,,66,3.389,0.62,us,us7000ckcz,2021-02-06T18:28:34.040Z,"Ceram Sea, Indonesia",earthquake,7.4,1.9,0.081,47,reviewed,us,us
2020-11-27T09:47:10.250Z,2.7982,96.2926,47.84,4.5,mb,,100,1.961,0.53,us,us7000ckb8,2021-02-06T18:28:33.040Z,"Simeulue, Indonesia",earthquake,8,8.1,0.097,33,reviewed,us,us
2020-11-25T15:20:34.174Z,1.897,127.4291,108.92,5,mww,,35,1.119,1,us,us6000cshx,2025-12-22T17:59:26.293Z,"67 km WNW of Tobelo, Indonesia",earthquake,6.3,4.5,0.078,16,reviewed,us,us
2020-11-25T10:10:59.118Z,0.4292,98.2731,15.8,4.5,mb,,132,1.114,0.31,us,us6000cseb,2021-02-06T18:28:05.040Z,"152 km SW of Padangsidempuan, Indonesia",earthquake,7.4,5.1,0.106,26,reviewed,us,us
2020-11-24T08:33:27.656Z,-2.4034,128.0999,10,4.8,mb,,72,3.238,1.11,us,us6000crxq,2021-02-03T17:49:13.040Z,"137 km NW of Amahai, Indonesia",earthquake,2.6,1.8,0.077,52,reviewed,us,us
2020-11-23T17:36:58.948Z,-0.7533,127.6858,33.44,4.5,mb,,54,1.548,0.74,us,us7000ck37,2021-02-03T17:49:51.040Z,"165 km S of Sofifi, Indonesia",earthquake,6.8,5.2,0.101,29,reviewed,us,us
2020-11-23T05:29:13.795Z,-6.5983,130.6114,84.77,4.6,mb,,117,1.535,0.44,us,us6000crkh,2021-02-03T17:49:05.040Z,"260 km WSW of Tual, Indonesia",earthquake,8.9,3.2,0.1,30,reviewed,us,us
2020-11-22T11:27:26.446Z,-2.6552,127.4963,10,5.3,mww,,60,3.406,0.55,us,us6000crg7,2025-12-22T18:45:47.231Z,"138 km NNW of Ambon, Indonesia",earthquake,6.6,1.8,0.073,18,reviewed,us,us
2020-11-22T02:33:49.558Z,-0.7772,127.6515,10,4.6,mb,,94,1.564,1.05,us,us6000crdh,2021-02-03T17:49:31.040Z,"167 km S of Sofifi, Indonesia",earthquake,7.9,1.9,0.141,15,reviewed,us,us
2020-11-21T16:58:37.200Z,-4.2943,102.1241,46.23,4.9,mb,,65,0.831,0.83,us,us6000cr97,2021-02-03T17:50:56.040Z,"56 km SSW of Bengkulu, Indonesia",earthquake,6.2,2.7,0.07,65,reviewed,us,us
2020-11-21T13:11:05.937Z,5.326,125.4895,178.41,4.7,mb,,131,1.734,1.1,us,us6000cr88,2021-02-03T17:49:54.040Z,"9 km SSE of Sarangani, Philippines",earthquake,9.6,7.2,0.104,28,reviewed,us,us
2020-11-21T09:14:27.677Z,-6.2534,133.2254,10,4.5,mb,,44,2.57,0.93,us,us6000cr6u,2021-02-03T17:49:42.040Z,"86 km SE of Tual, Indonesia",earthquake,6,1.7,0.124,20,reviewed,us,us
2020-11-21T02:25:31.179Z,-0.7271,127.6609,19.75,4.7,mb,,127,1.517,0.93,us,us6000cr4c,2021-02-03T17:49:50.040Z,"162 km S of Sofifi, Indonesia",earthquake,7,3.1,0.142,16,reviewed,us,us
2020-11-20T16:41:38.308Z,-2.7692,128.7604,10,5,mb,,68,3.487,1.1,us,us6000cqvv,2021-02-03T17:49:12.040Z,"Ceram Sea, Indonesia",earthquake,4.6,1.9,0.107,28,reviewed,us,us
2020-11-20T16:05:04.084Z,-2.7207,128.9562,10,4.5,mb,,63,3.294,1.25,us,us6000cqvc,2021-02-03T17:49:12.040Z,"68 km N of Amahai, Indonesia",earthquake,4.2,1.8,0.108,25,reviewed,us,us
2020-11-19T18:10:56.178Z,-1.5205,99.6004,42.54,4.6,mb,,115,2.331,0.83,us,us6000cqge,2021-02-03T17:49:44.040Z,"105 km SW of Padang, Indonesia",earthquake,8.3,7,0.109,25,reviewed,us,us
2020-11-18T19:07:52.481Z,-6.0388,122.5792,10,4.5,mb,,102,2.602,1,us,us6000cqur,2021-02-03T17:49:23.040Z,"122 km S of Katabu, Indonesia",earthquake,4.6,1.9,0.14,15,reviewed,us,us
2020-11-18T11:37:54.981Z,-4.7116,102.8644,84.1,4.7,mb,,70,0.36,0.8,us,us6000cpsh,2021-02-03T17:50:55.040Z,"86 km SSW of Pagar Alam, Indonesia",earthquake,8.1,4,0.074,55,reviewed,us,us
2020-11-18T04:41:55.825Z,-1.8125,100.4271,15.62,5.2,mww,,27,2.21,0.82,us,us6000cpq3,2025-12-22T18:45:21.824Z,"95 km S of Padang, Indonesia",earthquake,6.4,3,0.093,11,reviewed,us,us
2020-11-17T14:27:11.243Z,3.1781,122.6741,532.15,4.5,mb,,54,2.791,0.71,us,us6000cqs7,2021-01-27T17:28:29.040Z,"295 km N of Gorontalo, Indonesia",earthquake,10.1,4.5,0.074,53,reviewed,us,us
2020-11-17T01:44:11.421Z,-2.6706,99.3227,19,6,mww,,23,3.436,0.58,us,us7000cfxq,2025-12-22T18:45:19.641Z,"222 km SSW of Padang, Indonesia",earthquake,7.2,1.7,0.051,37,reviewed,us,us
2020-11-16T13:48:26.076Z,0.3427,126.2926,40.78,4.6,mb,,49,1.155,0.78,us,us7000cfn7,2021-01-27T17:29:55.040Z,"131 km WSW of Ternate, Indonesia",earthquake,6.7,7.2,0.105,27,reviewed,us,us
2020-11-14T15:32:32.014Z,-6.6942,105.1651,67.88,4.6,mb,,115,2.581,0.91,us,us7000cezg,2021-01-27T17:29:33.040Z,"Sunda Strait, Indonesia",earthquake,5.8,6.5,0.1,32,reviewed,us,us
2020-11-14T08:26:14.663Z,2.4532,98.4197,95.73,4.5,mb,,172,0.557,0.67,us,us7000cevl,2021-01-27T17:29:12.040Z,"50 km SSW of Tongging, Indonesia",earthquake,6.9,5.5,0.107,26,reviewed,us,us
2020-11-13T18:33:07.130Z,5.7913,95.5619,10,5.1,mww,,43,1.487,1.1,us,us7000cekv,2025-12-22T18:45:14.107Z,"29 km ESE of Sabang, Indonesia",earthquake,7.2,1.8,0.075,17,reviewed,us,us
2020-11-12T19:19:48.173Z,4.1129,122.724,573.59,5.1,mww,,38,3.557,0.9,us,us7000cdyv,2025-12-22T18:45:10.303Z,"230 km SSE of Tabiauan, Philippines",earthquake,7.4,6,0.098,10,reviewed,us,us
2020-11-12T03:48:40.107Z,-9.2897,118.1354,73.13,4.8,mb,,34,4.019,0.99,us,us7000cdmn,2021-01-27T17:28:45.040Z,"90 km SSW of Dompu, Indonesia",earthquake,8.8,5.5,0.092,37,reviewed,us,us
2020-11-12T01:18:37.143Z,2.5767,125.8518,88.82,4.7,mb,,74,2.346,0.97,us,us7000cdlk,2021-01-27T17:28:43.040Z,"154 km NE of Laikit, Laikit II (Dimembe), Indonesia",earthquake,7.4,6.5,0.079,48,reviewed,us,us
2020-11-11T18:48:45.212Z,0.323,121.6146,142.22,4.6,mb,,45,1.143,0.97,us,us7000cdgx,2021-01-27T17:28:39.040Z,"162 km W of Gorontalo, Indonesia",earthquake,5.9,5.2,0.086,41,reviewed,us,us
2020-11-11T15:40:43.217Z,5.3981,126.4416,39.65,4.9,mww,,54,1.869,1.03,us,us7000cdez,2025-12-22T18:45:07.363Z,"105 km ESE of Caburan, Philippines",earthquake,7.1,5.6,0.098,10,reviewed,us,us
2020-11-10T16:48:27.046Z,5.1413,127.4669,84.92,4.5,mb,,82,2.682,0.55,us,us7000cehe,2021-01-23T22:25:47.040Z,"196 km SE of Pondaguitan, Philippines",earthquake,9,7.2,0.11,24,reviewed,us,us
2020-11-10T00:52:32.939Z,-6.2677,104.0546,33.63,4.9,mww,,40,2.187,1.22,us,us7000ccq1,2025-12-22T18:45:04.482Z,"162 km SW of Bandar Lampung, Indonesia",earthquake,6.3,3.8,0.093,11,reviewed,us,us
2020-11-09T15:22:57.197Z,0.9208,125.2443,40.91,4.5,mb,,67,2.127,0.8,us,us7000cci3,2021-01-23T22:25:39.040Z,"56 km SE of Tondano, Indonesia",earthquake,7.4,7.4,0.116,22,reviewed,us,us
2020-11-09T06:11:23.507Z,-3.4918,131.2773,10,4.5,mb,,116,1.124,1.19,us,us7000ccb9,2021-01-23T22:25:38.040Z,"262 km E of Amahai, Indonesia",earthquake,6.1,1.9,0.135,16,reviewed,us,us
2020-11-09T05:23:01.725Z,-3.559,131.3466,10,4.5,mb,,85,1.102,1.31,us,us7000ccax,2021-01-23T22:25:38.040Z,"270 km E of Amahai, Indonesia",earthquake,8,1.8,0.118,21,reviewed,us,us
2020-11-06T23:41:47.035Z,-1.9753,119.3221,10,4.9,mb,,45,2.565,0.88,us,us7000cbmv,2021-01-23T22:25:32.040Z,"91 km NNE of Mamuju, Indonesia",earthquake,5.3,1.7,0.073,58,reviewed,us,us
2020-11-06T06:20:08.211Z,-7.4648,128.415,144.01,4.9,mww,,60,2.903,0.67,us,us7000cb7i,2025-12-22T18:44:57.422Z,"195 km NE of Lospalos, Timor Leste",earthquake,7.5,6.4,0.098,10,reviewed,us,us
2020-11-05T00:32:02.195Z,-7.4073,126.1196,423.3,4.5,mb,,24,2.966,0.47,us,us7000can0,2021-01-23T22:25:27.040Z,"122 km N of Manatutu, Timor Leste",earthquake,10,6.3,0.076,51,reviewed,us,us
2020-11-04T22:21:49.702Z,-7.3061,106.1567,39.99,5.2,mb,,26,1.489,0.8,us,us7000cajk,2021-01-23T22:25:27.040Z,"56 km SW of Pelabuhanratu, Indonesia",earthquake,2.2,4.9,0.054,114,reviewed,us,us
2020-11-03T16:52:28.954Z,0.1745,97.7686,10,4.8,mb,,53,1.138,0.57,us,us7000c9uw,2021-01-18T23:02:09.040Z,"Nias region, Indonesia",earthquake,7.7,1.7,0.094,35,reviewed,us,us
2020-11-03T04:35:56.625Z,-6.7301,129.7848,123.59,4.5,mb,,43,1.95,0.76,us,us7000c9kx,2021-01-18T23:02:06.040Z,"Banda Sea",earthquake,6.5,3.4,0.131,17,reviewed,us,us
2020-11-03T02:02:31.137Z,-0.1306,124.4872,64.12,4.5,mb,,50,1.939,0.83,us,us7000c9ju,2021-01-18T23:02:05.040Z,"163 km SSW of Tomohon, Indonesia",earthquake,6.5,7,0.099,30,reviewed,us,us
2020-11-03T01:51:05.156Z,0.2348,97.895,35,4.9,mww,,72,1.108,0.66,us,us7000c9jm,2025-12-22T18:44:49.061Z,"193 km SSW of Sibolga, Indonesia",earthquake,5.9,1.9,0.098,10,reviewed,us,us
2020-11-02T18:01:58.822Z,-3.4262,131.1283,12.22,5.3,mww,,28,1.227,0.75,us,us7000c9c6,2025-12-22T18:44:47.391Z,"245 km E of Amahai, Indonesia",earthquake,5,3.1,0.093,11,reviewed,us,us
2020-11-02T08:10:08.803Z,-3.9159,101.7149,10,4.6,mb,,168,1.314,0.61,us,us7000cbdw,2021-01-18T23:02:00.040Z,"62 km WSW of Bengkulu, Indonesia",earthquake,10.2,1.9,0.129,18,reviewed,us,us
2020-11-02T08:09:53.193Z,2.4407,126.8444,10,4.6,mb,,30,1.738,0.58,us,us7000c96y,2021-01-18T23:02:00.040Z,"151 km WNW of Tobelo, Indonesia",earthquake,7.8,1.8,0.073,59,reviewed,us,us
2020-11-01T03:43:20.342Z,-7.0719,129.2407,182,5.7,mww,,14,2.232,1.08,us,us7000c8va,2025-12-22T18:44:45.320Z,"294 km ENE of Lospalos, Timor Leste",earthquake,2.6,1.8,0.049,40,reviewed,us,us
2020-11-01T03:32:59.584Z,-5.2225,102.4699,25.95,4.8,mb,,94,0.983,0.66,us,us7000c8v8,2021-01-18T23:01:55.040Z,"158 km SSW of Pagar Alam, Indonesia",earthquake,6.8,2.1,0.093,36,reviewed,us,us
2020-10-31T21:38:01.945Z,-9.1872,108.9762,37.09,4.5,mb,,119,1.986,0.67,us,us7000c8rt,2021-01-18T23:01:54.040Z,"174 km S of Kroya, Indonesia",earthquake,7.6,6.1,0.094,33,reviewed,us,us
2020-10-31T13:41:44.019Z,-6.6956,125.1462,563.97,4.5,mb,,37,3.162,1,us,us7000c8mf,2021-01-18T23:01:53.040Z,"210 km N of Likisá, Timor Leste",earthquake,10.8,3.1,0.088,38,reviewed,us,us
2020-10-30T19:04:55.489Z,-4.82,128.1626,10,4.6,mb,,39,4.425,0.83,us,us7000c89v,2021-01-18T23:01:49.040Z,"124 km S of Ambon, Indonesia",earthquake,4.9,1.9,0.082,47,reviewed,us,us
2020-10-30T18:27:35.587Z,1.3981,126.4018,47.99,4.5,mb,,81,1.147,0.7,us,us7000c84z,2021-01-18T23:01:49.040Z,"128 km WNW of Ternate, Indonesia",earthquake,7.4,7.3,0.102,32,reviewed,us,us
2020-10-29T01:54:19.641Z,-0.2294,124.4819,59.65,4.7,mb,,43,1.89,0.92,us,us7000c7cl,2021-01-18T23:01:39.040Z,"174 km SSW of Tomohon, Indonesia",earthquake,4.5,6.3,0.088,39,reviewed,us,us
2020-10-28T09:08:59.891Z,-0.2149,124.4602,47.46,5.3,mww,,28,1.877,0.77,us,us7000c6p7,2025-12-22T18:44:30.906Z,"173 km SSW of Tomohon, Indonesia",earthquake,6.5,5.4,0.093,11,reviewed,us,us
2020-10-27T19:43:52.656Z,-2.2318,119.079,22,5.4,mww,,18,2.443,1.03,us,us7000c6e1,2025-12-22T18:44:28.154Z,"54 km NNE of Mamuju, Indonesia",earthquake,4.9,1.8,0.065,23,reviewed,us,us
2020-10-26T08:26:36.420Z,0.5373,121.5452,99.85,5.1,mww,,25,0.952,0.74,us,us6000cd8a,2025-12-22T18:44:24.880Z,"168 km W of Gorontalo, Indonesia",earthquake,6.5,4.8,0.098,10,reviewed,us,us
2020-10-26T04:55:50.540Z,-6.9653,129.1459,169.39,4.6,mb,,78,2.362,1.2,us,us6000cd6a,2021-01-09T20:05:27.040Z,"292 km NE of Lospalos, Timor Leste",earthquake,7.8,6.6,0.116,22,reviewed,us,us
2020-10-26T00:42:15.109Z,-6.542,130.0707,130.93,4.6,mb,,42,1.879,1.03,us,us6000cd4l,2021-01-09T20:05:26.040Z,"Banda Sea",earthquake,7.8,5.1,0.082,44,reviewed,us,us
2020-10-25T06:28:07.970Z,-0.745,123.2371,17.8,4.7,mb,,48,0.55,0.54,us,us6000ccwe,2021-01-09T20:05:25.040Z,"55 km ENE of Luwuk, Indonesia",earthquake,4.9,5.4,0.096,33,reviewed,us,us
2020-10-25T00:56:45.775Z,-7.9934,107.9821,43,5.4,mww,,26,0.621,0.93,us,us6000cctq,2025-12-22T17:59:11.733Z,"72 km SSW of Kawalu, Indonesia",earthquake,6.9,1.8,0.073,18,reviewed,us,us
2020-10-24T08:22:03.377Z,-2.0577,138.257,39.31,4.8,mb,,63,6.063,0.72,us,us6000cchz,2021-01-09T20:05:23.040Z,"260 km ESE of Biak, Indonesia",earthquake,9.3,6.8,0.094,35,reviewed,us,us
2020-10-22T20:10:24.447Z,5.9384,126.016,145.96,4.5,mb,,69,1.204,1.18,us,us6000cbnp,2021-01-09T20:05:19.040Z,"37 km E of Mangili, Philippines",earthquake,8.8,5.2,0.072,56,reviewed,us,us
2020-10-22T10:10:52.636Z,3.8121,125.7417,145.22,4.6,mb,,51,3.24,0.57,us,us6000cb9y,2021-01-09T20:05:18.040Z,"178 km S of Sarangani, Philippines",earthquake,7.9,7.6,0.101,29,reviewed,us,us
2020-10-21T23:50:21.837Z,-6.7441,106.3321,10,4.5,mb,,62,1.49,0.8,us,us7000c6bl,2021-01-09T20:05:33.040Z,"36 km NW of Pelabuhanratu, Indonesia",earthquake,5.9,1.9,0.11,24,reviewed,us,us
2020-10-21T19:52:14.402Z,4.4935,125.5546,71.25,4.5,mb,,106,2.559,1.13,us,us7000c6ba,2021-01-09T20:05:32.040Z,"101 km S of Sarangani, Philippines",earthquake,3.7,9.8,0.118,21,reviewed,us,us
2020-10-21T17:06:06.678Z,0.8661,122.9162,313.9,4.5,mb,,68,1.9,1.01,us,us6000cat8,2021-01-09T20:05:16.040Z,"39 km NNW of Gorontalo, Indonesia",earthquake,7.9,4.1,0.078,48,reviewed,us,us
2020-10-21T15:17:53.490Z,-3.4134,100.3197,10,4.8,mb,,133,2.793,0.71,us,us6000capt,2021-01-09T20:05:16.040Z,"191 km SW of Sungai Penuh, Indonesia",earthquake,4.6,1.9,0.077,52,reviewed,us,us
2020-10-21T14:35:11.969Z,-3.2496,100.492,25.79,4.9,mb,,64,2.694,0.62,us,us6000canu,2021-01-09T20:05:16.040Z,"165 km SW of Sungai Penuh, Indonesia",earthquake,4.1,3.8,0.057,97,reviewed,us,us
2020-10-21T04:21:23.317Z,2.8499,96.2557,35,4.6,mb,,62,2.024,0.86,us,us6000cahr,2021-01-09T20:05:15.040Z,"43 km NNW of Sinabang, Indonesia",earthquake,6.3,1.9,0.098,31,reviewed,us,us
2020-10-20T19:27:08.474Z,-0.1288,124.6699,59.19,4.6,mb,,37,2.103,0.96,us,us6000ca9d,2020-12-29T23:08:05.040Z,"160 km S of Tomohon, Indonesia",earthquake,6,6.6,0.071,69,reviewed,us,us
2020-10-20T03:12:49.800Z,1.7051,127.3739,115.12,4.5,mb,,77,0.927,0.85,us,us6000c9ti,2020-12-29T23:07:54.040Z,"70 km W of Tobelo, Indonesia",earthquake,7.6,4.9,0.119,21,reviewed,us,us
2020-10-20T00:41:39.790Z,-3.6478,100.1457,10,4.6,mb,,203,2.891,1.14,us,us6000c9rb,2020-12-29T23:07:50.040Z,"223 km SW of Sungai Penuh, Indonesia",earthquake,11.6,1.9,0.141,15,reviewed,us,us
2020-10-19T19:57:15.407Z,-8.074,108.1948,60.09,4.5,mb,,52,0.812,1.28,us,us6000c9h5,2020-12-29T23:07:43.040Z,"76 km S of Kawalu, Indonesia",earthquake,4.6,6.4,0.089,37,reviewed,us,us
2020-10-19T16:09:29.532Z,-9.8682,108.7247,10,4.8,mb,,104,2.615,0.58,us,us6000c9g3,2020-12-29T23:07:43.040Z,"253 km SSW of Kroya, Indonesia",earthquake,4.8,1.8,0.116,26,reviewed,us,us
2020-10-19T14:11:57.710Z,-7.1522,126.6203,370.52,5.2,mww,,27,3.479,0.75,us,us6000c9f0,2025-12-22T18:43:53.261Z,"147 km N of Baukau, Timor Leste",earthquake,7.2,4.9,0.078,16,reviewed,us,us
2020-10-19T09:42:53.479Z,-3.3354,100.3183,19.29,5.1,mb,,65,2.821,0.62,us,us6000c9dx,2020-12-29T23:07:39.040Z,"185 km SW of Sungai Penuh, Indonesia",earthquake,5.9,3.5,0.088,42,reviewed,us,us
2020-10-19T09:38:52.645Z,2.8873,96.3169,35,5.1,mww,,24,2.013,1.34,us,us6000c9du,2025-12-22T18:43:51.554Z,"45 km N of Sinabang, Indonesia",earthquake,6.9,1.9,0.098,10,reviewed,us,us
2020-10-19T08:22:06.426Z,-0.0993,125.6775,10,4.7,mb,,47,1.897,0.63,us,us6000c9d2,2020-12-29T23:07:38.040Z,"177 km SSE of Tondano, Indonesia",earthquake,4.6,1.8,0.076,53,reviewed,us,us
2020-10-19T08:14:05.063Z,-3.4004,100.3667,10,4.9,mb,,69,2.753,0.7,us,us6000c9cy,2020-12-29T23:07:38.040Z,"187 km SW of Sungai Penuh, Indonesia",earthquake,5.9,1.7,0.061,83,reviewed,us,us
2020-10-19T07:47:21.835Z,-3.3848,100.3604,17.03,5.5,mww,,29,2.764,0.67,us,us6000c9cs,2025-12-22T18:43:50.854Z,"186 km SW of Sungai Penuh, Indonesia",earthquake,6.4,3.4,0.078,16,reviewed,us,us
2020-10-19T07:31:30.626Z,-3.3684,100.2706,20,5.6,mww,,31,2.854,0.64,us,us6000c9ci,2025-12-22T18:43:50.045Z,"191 km SW of Sungai Penuh, Indonesia",earthquake,6.1,1.8,0.058,29,reviewed,us,us
2020-10-19T01:06:36.747Z,1.0329,126.8952,73.46,4.6,mb,,81,0.538,0.75,us,us6000cc1f,2020-12-29T23:07:37.040Z,"60 km WNW of Ternate, Indonesia",earthquake,7,6,0.075,53,reviewed,us,us
2020-10-18T22:48:50.249Z,-3.4021,100.2732,10,5.1,mb,,58,2.84,0.76,us,us6000c99g,2020-12-29T23:07:36.040Z,"193 km SW of Sungai Penuh, Indonesia",earthquake,6.7,1.8,0.069,69,reviewed,us,us
2020-10-18T06:01:37.920Z,2.4984,128.2266,51.6,4.7,mb,,50,1.918,0.76,us,us6000c94q,2020-12-29T23:07:34.040Z,"88 km NNE of Tobelo, Indonesia",earthquake,7.6,5.9,0.062,80,reviewed,us,us
2020-10-18T03:51:10.058Z,-0.322,122.9749,82.14,4.5,mb,,48,0.743,1.17,us,us6000cbgc,2020-12-29T23:07:34.040Z,"72 km NNE of Luwuk, Indonesia",earthquake,7.3,10.1,0.135,16,reviewed,us,us
2020-10-17T20:58:31.858Z,-6.0607,122.5599,10,4.5,mb,,59,2.578,0.7,us,us6000c91p,2020-12-29T23:07:32.040Z,"124 km S of Katabu, Indonesia",earthquake,6.9,1.8,0.113,23,reviewed,us,us
2020-10-17T17:56:23.873Z,-3.2733,100.4042,10,5.2,mb,,69,2.765,0.93,us,us6000cbc9,2020-12-29T23:07:32.040Z,"173 km SW of Sungai Penuh, Indonesia",earthquake,8.2,1.8,0.085,49,reviewed,us,us
2020-10-17T17:55:00.713Z,-3.2572,100.3043,23.44,5.2,mww,,46,2.863,0.75,us,us6000c90z,2025-12-22T18:43:45.939Z,"179 km SW of Sungai Penuh, Indonesia",earthquake,6.1,4.2,0.075,17,reviewed,us,us
2020-10-17T14:58:15.871Z,4.5845,125.8235,171.6,4.6,mb,,116,2.48,0.5,us,us6000c8zz,2020-12-29T23:07:32.040Z,"98 km SSE of Sarangani, Philippines",earthquake,8.8,7.5,0.116,22,reviewed,us,us
2020-10-17T08:07:56.870Z,-3.6376,134.9033,10,4.5,mb,,122,2.744,0.82,us,us6000c8y4,2020-12-29T23:07:30.040Z,"73 km WSW of Nabire, Indonesia",earthquake,11,1.9,0.097,31,reviewed,us,us
2020-10-17T05:44:31.207Z,1.5181,126.5133,56.26,4.7,mb,,97,1.13,0.77,us,us6000c8xd,2020-12-29T23:07:30.040Z,"125 km NW of Ternate, Indonesia",earthquake,6.9,7.8,0.101,30,reviewed,us,us
2020-10-17T02:37:32.993Z,-6.016,130.4191,143.94,4.6,mb,,72,2.14,0.78,us,us6000c8wk,2020-12-29T23:07:29.040Z,"261 km W of Tual, Indonesia",earthquake,8.4,4.8,0.111,24,reviewed,us,us
2020-10-17T00:36:01.203Z,-3.3215,100.2724,10,5.1,mww,,53,2.869,0.93,us,us6000c8w6,2025-12-22T18:43:44.693Z,"187 km SW of Sungai Penuh, Indonesia",earthquake,6.7,1.7,0.098,10,reviewed,us,us
2020-10-16T05:45:40.246Z,-5.3438,101.7944,27.84,4.5,mb,,112,1.514,0.5,us,us6000c8pm,2020-12-29T23:07:26.040Z,"178 km SSW of Bengkulu, Indonesia",earthquake,7.5,6.4,0.172,10,reviewed,us,us
2020-10-15T22:06:28.549Z,-3.3243,100.182,10,4.5,mb,,159,2.952,0.94,us,us6000c8m0,2020-12-29T23:07:25.040Z,"194 km SW of Sungai Penuh, Indonesia",earthquake,5.1,1.9,0.135,16,reviewed,us,us
2020-10-15T15:19:20.282Z,5.2201,127.1252,95.12,4.5,mb,,111,2.395,0.65,us,us6000c8jm,2020-12-29T23:07:24.040Z,"164 km SE of Pondaguitan, Philippines",earthquake,7.7,6.8,0.096,36,reviewed,us,us
2020-10-15T10:34:12.153Z,-3.219,100.3448,17.4,4.9,mb,,124,2.841,0.85,us,us6000c8hl,2020-12-29T23:07:23.040Z,"173 km SW of Sungai Penuh, Indonesia",earthquake,7.9,4.5,0.096,34,reviewed,us,us
2020-10-15T09:41:16.989Z,-3.1911,100.3854,19,5.2,mww,,44,2.815,0.94,us,us6000c8hc,2025-12-22T18:43:42.350Z,"168 km SW of Sungai Penuh, Indonesia",earthquake,6.9,1.7,0.065,23,reviewed,us,us
2020-10-15T04:59:52.829Z,3.9446,95.8698,48.83,4.9,mww,,52,1.667,0.65,us,us6000c8fj,2020-12-29T23:07:22.040Z,"36 km SW of Meulaboh, Indonesia",earthquake,7.7,5.3,0.098,10,reviewed,us,us
2020-10-15T04:26:12.202Z,-7.5155,128.0784,156.07,4.5,mb,,56,3.224,0.96,us,us6000c8fa,2020-12-29T23:07:22.040Z,"162 km NE of Lospalos, Timor Leste",earthquake,5.8,6.7,0.093,34,reviewed,us,us
2020-10-14T20:16:27.173Z,1.1089,126.8504,65.2,4.7,mb,,82,0.615,0.82,us,us6000c8bt,2020-12-29T23:07:21.040Z,"69 km WNW of Ternate, Indonesia",earthquake,5.8,5.2,0.057,94,reviewed,us,us
2020-10-11T11:09:24.305Z,4.5136,96.6797,154.36,4.7,mb,,141,0.758,0.79,us,us6000c7iv,2020-12-19T17:22:45.040Z,"73 km ENE of Meulaboh, Indonesia",earthquake,8.7,6.8,0.08,47,reviewed,us,us
2020-10-10T20:22:27.940Z,4.7367,95.6557,89.03,4.5,mb,,130,1.376,0.88,us,us6000c7di,2020-12-19T17:22:44.040Z,"79 km SSW of Sigli, Indonesia",earthquake,7.1,6.3,0.066,67,reviewed,us,us
2020-10-10T10:43:04.628Z,-4.6967,102.6442,53.68,4.8,mb,,90,0.456,1.03,us,us6000c7ak,2020-12-19T17:22:43.040Z,"99 km SW of Pagar Alam, Indonesia",earthquake,5.7,5.3,0.076,54,reviewed,us,us
2020-10-10T09:08:42.943Z,-5.9723,122.6409,10,4.6,mb,,94,2.676,0.77,us,us6000c7a8,2020-12-19T17:22:43.040Z,"115 km S of Katabu, Indonesia",earthquake,6.2,1.7,0.103,28,reviewed,us,us
2020-10-09T05:57:41.015Z,2.1519,97.6279,55.58,4.5,mb,,91,0.844,0.47,us,us6000c6z4,2020-12-19T17:22:41.040Z,"northern Sumatra, Indonesia",earthquake,4.6,8.9,0.15,13,reviewed,us,us
2020-10-09T02:57:20.747Z,-6.0429,122.5845,10,5.4,mww,,44,2.598,1.17,us,us6000c6xe,2025-12-22T18:43:34.621Z,"122 km S of Katabu, Indonesia",earthquake,6.4,1.7,0.069,20,reviewed,us,us
2020-10-08T16:07:51.962Z,-3.2357,101.7964,67.3,4.6,mb,,40,1.608,0.8,us,us6000c81d,2020-12-19T17:22:51.040Z,"81 km NW of Bengkulu, Indonesia",earthquake,7.3,5.9,0.083,51,reviewed,us,us
2020-10-07T23:50:46.925Z,-6.4575,130.1278,112.02,4.8,mb,,70,1.909,0.63,us,us6000c6kw,2020-12-19T17:22:39.040Z,"Banda Sea",earthquake,5.3,7,0.074,57,reviewed,us,us
2020-10-07T18:27:28.027Z,0.3473,125.7977,40.18,4.9,mb,,55,1.624,0.91,us,us6000c6ib,2025-12-22T18:43:27.690Z,"144 km SE of Tondano, Indonesia",earthquake,4.2,6.5,0.083,45,reviewed,us,us
2020-10-07T06:50:13.063Z,-10.4732,121.011,54.21,4.9,mb,,76,2.19,0.96,us,us6000c6cn,2020-12-19T17:22:37.040Z,"121 km SE of Waingapu, Indonesia",earthquake,6.6,6.4,0.091,38,reviewed,us,us
2020-10-06T13:52:31.725Z,-9.5429,112.8673,35,4.8,mww,,110,1.657,1.14,us,us6000c63n,2020-12-12T22:28:42.040Z,"147 km S of Dampit, Indonesia",earthquake,7.4,1.9,0.083,14,reviewed,us,us
2020-10-06T13:17:36.091Z,-0.9294,122.1778,43.67,4.8,mb,,47,0.604,0.67,us,us6000c63c,2020-12-12T22:28:42.040Z,"67 km W of Luwuk, Indonesia",earthquake,2.8,6.8,0.093,38,reviewed,us,us
2020-10-06T08:47:02.253Z,0.7799,127.1251,105.13,4.9,mb,,39,0.241,0.9,us,us6000c60p,2020-12-12T22:28:42.040Z,"28 km W of Ternate, Indonesia",earthquake,6.5,4.8,0.078,51,reviewed,us,us
2020-10-06T00:16:46.001Z,-3.0712,130.3657,10,4.7,mb,,36,1.886,0.88,us,us6000c5y6,2020-12-12T22:28:41.040Z,"163 km E of Amahai, Indonesia",earthquake,6.2,1.8,0.085,42,reviewed,us,us
2020-10-05T07:30:50.660Z,2.2822,124.6995,215.4,4.8,mb,,34,3.059,0.64,us,us6000c5m9,2020-12-12T22:28:39.040Z,"90 km N of Manado, Indonesia",earthquake,4,5.4,0.05,121,reviewed,us,us
2020-10-05T03:07:47.654Z,-9.6117,119.3493,60.5,5,mww,,79,3.012,0.86,us,us6000c5l3,2025-12-22T18:43:18.829Z,"100 km W of Waingapu, Indonesia",earthquake,6.4,4.6,0.08,15,reviewed,us,us
2020-10-04T22:19:15.612Z,3.7081,126.7826,35.06,4.6,mb,,130,2.974,0.63,us,us6000c6th,2020-12-12T22:28:48.040Z,"237 km SE of Sarangani, Philippines",earthquake,11.5,6.6,0.119,21,reviewed,us,us
2020-10-04T17:16:29.974Z,-6.4463,102.386,10,4.5,mb,,151,2.148,0.6,us,us6000c6tc,2020-12-12T22:28:48.040Z,"284 km SSW of Pagar Alam, Indonesia",earthquake,6,1.9,0.131,17,reviewed,us,us
2020-10-04T13:24:31.207Z,-7.8051,128.6593,73.43,4.5,mb,,64,2.62,0.95,us,us6000c6t8,2020-12-12T22:28:48.040Z,"199 km ENE of Lospalos, Timor Leste",earthquake,7.2,7.4,0.205,7,reviewed,us,us
2020-10-03T12:29:47.299Z,5.549,127.0154,49.49,4.5,mb,,123,2.078,0.48,us,us6000c6qn,2020-12-12T22:28:47.040Z,"129 km SE of Pondaguitan, Philippines",earthquake,9.4,2,0.15,13,reviewed,us,us
2020-10-01T18:15:36.036Z,-6.3612,130.738,101.97,5,mb,,64,1.704,0.95,us,us6000c43n,2020-12-12T22:28:30.040Z,"237 km WSW of Tual, Indonesia",earthquake,4.3,5.6,0.074,63,reviewed,us,us
2020-10-01T08:50:14.703Z,-5.5847,133.3591,10,4.6,mb,,124,2.87,0.51,us,us6000c6gk,2020-12-12T22:28:45.040Z,"67 km E of Tual, Indonesia",earthquake,9.7,1.9,0.245,7,reviewed,us,us
2020-09-30T01:16:04.646Z,-9.4575,119.3452,10,4.5,mb,,79,2.971,0.65,us,us6000c2zc,2020-12-12T22:28:24.040Z,"97 km S of Komodo, Indonesia",earthquake,5.4,1.8,0.124,19,reviewed,us,us
2020-09-29T17:55:43.245Z,-9.6539,119.0589,10,4.9,mb,,55,3.297,0.85,us,us6000c2rr,2020-12-05T21:03:08.040Z,"126 km SSW of Komodo, Indonesia",earthquake,5.7,1.8,0.074,62,reviewed,us,us
2020-09-28T19:07:21.467Z,-6.9237,129.3644,188.55,4.5,mb,,33,2.187,0.99,us,us6000c27v,2020-12-05T21:03:04.040Z,"Banda Sea",earthquake,6.9,6.5,0.095,32,reviewed,us,us
2020-09-28T16:26:55.183Z,0.0677,99.5396,96.01,4.7,mb,,169,1.521,0.64,us,us6000c266,2020-12-05T21:03:03.040Z,"99 km NW of Pariaman, Indonesia",earthquake,8.4,7,0.093,35,reviewed,us,us
2020-09-25T20:40:25.408Z,-6.6193,129.7548,159.32,4.5,mb,,61,2.044,0.87,us,us6000c1e3,2020-12-05T21:02:58.040Z,"Banda Sea",earthquake,7,7.3,0.086,44,reviewed,us,us
2020-09-25T20:24:20.664Z,-10.5281,117.547,14.71,4.7,mb,,46,3.923,1.07,us,us6000c1ds,2020-12-05T21:02:58.040Z,"225 km S of Sumbawa Besar, Indonesia",earthquake,7,4.1,0.072,66,reviewed,us,us
2020-09-25T19:28:46.676Z,1.9334,127.3663,110.56,4.6,mb,,91,1.153,1.04,us,us6000c1cr,2020-12-05T21:02:58.040Z,"75 km WNW of Tobelo, Indonesia",earthquake,4.8,6,0.066,73,reviewed,us,us
2020-09-24T17:42:12.974Z,-7.1949,125.1012,517.89,4.5,mb,,45,2.674,0.85,us,us6000c0p6,2020-12-05T21:02:56.040Z,"156 km N of Likisá, Timor Leste",earthquake,12.3,8.7,0.104,27,reviewed,us,us
2020-09-23T22:07:55.982Z,2.1682,126.751,56.49,4.7,mb,,59,1.517,0.66,us,us6000c0b1,2020-12-05T21:02:55.040Z,"148 km WNW of Tobelo, Indonesia",earthquake,6.4,5.8,0.069,63,reviewed,us,us
2020-09-22T06:06:21.604Z,-0.5486,127.6862,10,4.6,mb,,40,1.35,0.74,us,us6000c17l,2020-11-28T21:32:03.040Z,"142 km S of Sofifi, Indonesia",earthquake,3.5,1.8,0.098,32,reviewed,us,us
2020-09-22T01:19:04.256Z,-6.8396,129.3703,174.38,5,mww,,23,2.224,0.93,us,us6000bzj4,2025-12-22T18:42:42.765Z,"Banda Sea",earthquake,7.3,4.9,0.08,15,reviewed,us,us
2020-09-20T08:14:19.153Z,5.594,126.5519,96.77,4.6,mb,,121,1.756,0.51,us,us7000bqf9,2020-11-28T21:31:57.040Z,"94 km SSE of Pondaguitan, Philippines",earthquake,8.1,5,0.094,34,reviewed,us,us
2020-09-19T04:50:22.414Z,4.9746,96.4066,10,4.5,mb,,69,0.594,1.25,us,us6000c0hj,2020-11-28T21:31:53.040Z,"30 km SSE of Reuleuet, Indonesia",earthquake,7.4,1.9,0.171,10,reviewed,us,us
2020-09-18T18:43:28.149Z,2.3965,126.8005,31.9,5.2,mww,,23,1.71,0.87,us,us7000bpxt,2025-12-22T17:58:48.893Z,"153 km WNW of Tobelo, Indonesia",earthquake,5.3,3.6,0.086,13,reviewed,us,us
2020-09-17T16:01:15.148Z,-2.3713,139.8361,35,4.9,mb,,59,7.531,0.6,us,us7000bpgy,2020-11-28T21:31:48.040Z,"91 km WNW of Abepura, Indonesia",earthquake,8.3,1.9,0.064,81,reviewed,us,us
2020-09-17T10:32:25.906Z,-6.7598,129.3659,185,5.5,mww,,18,2.269,1.09,us,us7000bpbx,2025-12-22T17:58:47.771Z,"Banda Sea",earthquake,7.2,1.9,0.078,16,reviewed,us,us
2020-09-17T03:08:49.290Z,-4.6983,130.7209,73.91,4.5,mb,,98,2.334,0.5,us,us7000bp8p,2020-11-28T21:31:47.040Z,"247 km WNW of Tual, Indonesia",earthquake,9.3,6.9,0.118,21,reviewed,us,us
2020-09-17T01:27:21.815Z,-7.0485,129.5831,167.53,4.5,mb,,86,1.937,0.94,us,us6000bzp1,2020-11-28T21:31:46.040Z,"Kepulauan Babar, Indonesia",earthquake,9.7,8.8,0.191,8,reviewed,us,us
2020-09-15T15:46:18.656Z,-5.9847,104.8427,63.25,4.5,mb,,118,2.477,0.47,us,us7000bpua,2020-11-21T20:10:48.040Z,"76 km SW of Bandar Lampung, Indonesia",earthquake,6.3,9.8,0.156,12,reviewed,us,us
2020-09-14T11:07:19.438Z,-6.8054,129.2836,140.64,4.6,mb,,42,2.315,0.66,us,us7000bmzn,2020-11-21T20:10:41.040Z,"Banda Sea",earthquake,7.8,6.1,0.074,55,reviewed,us,us
2020-09-14T02:47:44.604Z,4.2708,126.7767,10,4.6,mb,,112,3.025,0.71,us,us7000bmvd,2020-11-21T20:10:40.040Z,"192 km SE of Sarangani, Philippines",earthquake,8.3,1.9,0.098,31,reviewed,us,us
2020-09-13T20:41:58.732Z,4.3196,126.8404,35,4.9,mb,,115,3.006,1.21,us,us7000bms6,2020-11-21T20:10:40.040Z,"194 km SE of Sarangani, Philippines",earthquake,4.5,1.9,0.052,117,reviewed,us,us
2020-09-13T18:28:52.194Z,4.2449,96.6838,121.54,5,mww,,42,1.012,1.13,us,us7000bmra,2025-12-22T18:42:07.013Z,"62 km E of Meulaboh, Indonesia",earthquake,7.3,4.2,0.071,19,reviewed,us,us
2020-09-13T16:59:58.664Z,-2.0784,119.2332,25.64,4.8,mww,,34,2.519,0.72,us,us7000bmqx,2020-11-21T20:10:40.040Z,"76 km NNE of Mamuju, Indonesia",earthquake,5.6,4.6,0.093,11,reviewed,us,us
2020-09-13T16:50:27.023Z,4.2231,126.9901,10,4.9,mb,,53,3.157,0.85,us,us7000bmqv,2020-11-21T20:10:39.040Z,"213 km SE of Sarangani, Philippines",earthquake,6.5,1.9,0.056,99,reviewed,us,us
2020-09-13T00:41:43.591Z,4.1161,126.5636,10,4.6,mb,,112,3.093,0.36,us,us7000bpf6,2020-11-21T20:10:46.040Z,"187 km SE of Sarangani, Philippines",earthquake,7.3,1.8,0.087,39,reviewed,us,us
2020-09-12T20:26:19.258Z,-7.3028,128.4334,138.93,5.2,mww,,11,2.919,0.98,us,us7000bmip,2025-12-22T18:44:06.588Z,"207 km NE of Lospalos, Timor Leste",earthquake,7.1,4.2,0.065,23,reviewed,us,us
2020-09-12T13:38:09.768Z,0.5543,124.294,140.44,4.5,mb,,59,2.197,0.8,us,us7000bmem,2020-11-21T20:10:38.040Z,"101 km SW of Tomohon, Indonesia",earthquake,5.8,7.1,0.116,22,reviewed,us,us
2020-09-12T13:07:31.601Z,-6.5559,104.5223,10,4.7,mb,,115,2.681,0.55,us,us7000bme4,2020-11-21T20:10:38.040Z,"145 km W of Labuan, Indonesia",earthquake,6.8,1.6,0.113,24,reviewed,us,us
2020-09-12T07:10:36.130Z,-9.7204,119.0697,35,4.5,mb,,81,3.308,0.77,us,us7000bmbt,2020-11-21T20:10:37.040Z,"131 km W of Waingapu, Indonesia",earthquake,4.9,2,0.118,21,reviewed,us,us
2020-09-11T10:18:06.378Z,-7.8207,104.301,10,4.5,mb,,80,3.338,0.67,us,us7000bnyx,2020-11-21T20:10:45.040Z,"232 km SW of Labuan, Indonesia",earthquake,7.5,1.8,0.104,29,reviewed,us,us
2020-09-10T08:26:59.805Z,-8.7569,110.7962,101.25,4.9,mb,,44,0.881,0.61,us,us7000bky6,2020-11-21T20:10:34.040Z,"101 km SSE of Pundong, Indonesia",earthquake,5.9,4.3,0.061,84,reviewed,us,us
2020-09-10T03:58:31.936Z,-7.6385,126.8541,42.38,4.5,mb,,46,3.311,0.65,us,us7000bkvk,2020-11-21T20:10:34.040Z,"98 km N of Lospalos, Timor Leste",earthquake,3.3,8,0.113,23,reviewed,us,us
2020-09-10T03:49:33.300Z,-7.1769,124.9832,486.05,4.5,mb,,69,2.658,0.9,us,us7000bnjr,2020-11-21T20:10:44.040Z,"160 km N of Maubara, Timor Leste",earthquake,6.2,7.7,0.18,9,reviewed,us,us
2020-09-09T14:28:13.180Z,-7.2862,127.9165,130.16,4.5,mb,,56,3.423,0.74,us,us7000bkcf,2020-11-21T20:10:33.040Z,"170 km NE of Lospalos, Timor Leste",earthquake,5.2,6.3,0.1,29,reviewed,us,us
2020-09-09T14:17:19.759Z,4.2388,126.8384,35,4.5,mb,,63,3.078,0.69,us,us7000bn2u,2020-11-21T20:10:42.040Z,"199 km SE of Sarangani, Philippines",earthquake,6.8,2,0.087,41,reviewed,us,us
2020-09-09T08:51:47.820Z,4.1837,126.6772,10,4.6,mb,,116,3.068,0.8,us,us7000bk9q,2020-11-21T20:10:33.040Z,"190 km SE of Sarangani, Philippines",earthquake,7.4,1.9,0.097,32,reviewed,us,us
2020-09-09T07:43:29.097Z,3.6351,125.639,10,4.6,mb,,110,3.327,1.21,us,us7000bn2g,2020-11-21T20:10:42.040Z,"196 km S of Sarangani, Philippines",earthquake,5.8,1.9,0.111,25,reviewed,us,us
2020-09-09T07:29:28.062Z,4.3136,126.7098,10,4.6,mb,,195,3.578,0.85,us,us7000bn2d,2020-11-21T20:10:42.040Z,"183 km SE of Sarangani, Philippines",earthquake,10.3,2,0.164,11,reviewed,us,us
2020-09-09T07:18:40.291Z,4.1773,126.6447,17,5.7,mww,,32,3.062,1.17,us,us7000bk82,2025-12-22T18:41:54.870Z,"188 km SE of Sarangani, Philippines",earthquake,6.8,1.7,0.089,12,reviewed,us,us
2020-09-09T03:41:14.937Z,4.177,126.6843,10,5.4,mww,,39,3.077,0.95,us,us7000bk6b,2025-12-22T18:41:53.616Z,"191 km SE of Sarangani, Philippines",earthquake,6.8,1.7,0.08,15,reviewed,us,us
2020-09-08T15:46:03.908Z,-6.369,129.88,112.92,4.7,mb,,68,2.133,0.36,us,us7000blvu,2020-11-17T19:44:56.040Z,"Banda Sea",earthquake,9.7,8,0.274,5,reviewed,us,us
2020-09-08T04:37:02.589Z,-1.14,98.4985,10,5,mb,,94,2.597,0.74,us,us7000bjjb,2020-11-17T19:44:54.040Z,"189 km WSW of Pariaman, Indonesia",earthquake,6.6,1.6,0.09,39,reviewed,us,us
2020-09-08T02:06:15.862Z,-7.4979,106.6258,53.14,4.5,mb,,61,1.016,0.63,us,us7000bjid,2020-11-17T19:44:54.040Z,"57 km S of Pelabuhanratu, Indonesia",earthquake,8.4,6.5,0.108,27,reviewed,us,us
2020-09-08T00:45:20.853Z,-4.8713,129.7548,172,5.9,mww,,13,3.154,0.78,us,us7000bjgb,2025-12-22T18:41:50.994Z,"193 km SSE of Amahai, Indonesia",earthquake,5.3,1.8,0.098,10,reviewed,us,us
2020-09-07T17:49:15.673Z,-9.2205,106.9647,10,4.7,mb,,109,1.873,0.74,us,us7000bjcs,2020-11-17T19:44:52.040Z,"229 km SSW of Banjar, Indonesia",earthquake,3.6,1.9,0.075,61,reviewed,us,us
2020-09-07T16:59:30.763Z,-7.5306,128.3616,167.25,4.5,mb,,57,2.945,0.74,us,us7000bjc1,2020-11-17T19:44:52.040Z,"186 km NE of Lospalos, Timor Leste",earthquake,5.1,6.8,0.106,26,reviewed,us,us
2020-09-07T08:06:49.041Z,0.1291,124.3489,91.09,4.7,mb,,33,1.959,0.75,us,us7000bj7j,2020-11-17T19:44:50.040Z,"140 km SSW of Tomohon, Indonesia",earthquake,6.3,5.4,0.068,65,reviewed,us,us
2020-09-06T20:51:41.218Z,-3.5858,140.3876,61.3,5,mb,,51,7.136,0.77,us,us7000bj1t,2020-11-17T19:44:47.040Z,"112 km SSW of Abepura, Indonesia",earthquake,8.3,6.6,0.062,84,reviewed,us,us
2020-09-06T17:06:13.625Z,1.5117,126.6418,43.54,4.6,mb,,107,1.032,1.38,us,us7000bizw,2020-11-17T19:44:47.040Z,"114 km NW of Ternate, Indonesia",earthquake,8.2,7.7,0.107,26,reviewed,us,us
2020-09-06T16:45:24.772Z,-2.1683,102.2886,212.8,4.7,mb,,65,2.277,0.97,us,us7000bizn,2020-11-17T19:44:47.040Z,"100 km E of Sungai Penuh, Indonesia",earthquake,5.9,5.9,0.079,49,reviewed,us,us
2020-09-06T00:21:10.820Z,1.6686,126.5621,30,5.9,mww,,20,1.2,0.89,us,us7000bipw,2025-12-22T17:58:40.647Z,"133 km NW of Ternate, Indonesia",earthquake,5.4,1.7,0.073,18,reviewed,us,us
2020-09-05T09:45:40.791Z,3.5357,126.7295,52.5,4.5,mb,,68,2.818,1.04,us,us7000bl13,2020-11-17T19:44:40.040Z,"245 km NW of Tobelo, Indonesia",earthquake,9.6,7.9,0.099,30,reviewed,us,us
2020-09-04T06:07:39.136Z,-9.1553,108.8799,34.83,4.8,mb,,160,2.041,0.48,us,us7000bhnk,2020-11-17T19:44:33.040Z,"173 km SSW of Kroya, Indonesia",earthquake,9.3,4.7,0.127,20,reviewed,us,us
2020-09-04T05:00:30.232Z,-6.3336,129.1936,234.9,5.2,mww,,65,2.654,0.54,us,us7000bhmq,2025-12-22T18:41:37.258Z,"Banda Sea",earthquake,8,6,0.078,16,reviewed,us,us
2020-09-03T16:02:55.155Z,-4.4773,102.5889,54.02,5.3,mb,,34,0.383,0.85,us,us7000bh8s,2020-11-17T19:44:27.040Z,"83 km SSE of Bengkulu, Indonesia",earthquake,6.8,4.1,0.047,152,reviewed,us,us
2020-09-02T23:25:37.323Z,-5.4215,140.3495,10,4.9,mww,,23,7.763,0.92,us,us7000bgxs,2025-12-22T18:41:32.310Z,"129 km NW of Kiunga, Papua New Guinea",earthquake,7.4,1.7,0.098,10,reviewed,us,us
2020-09-02T17:46:05.728Z,-3.0628,130.4111,10,4.5,mww,,39,1.84,0.68,us,us7000bgpw,2020-11-17T19:44:23.040Z,"168 km E of Amahai, Indonesia",earthquake,4.7,1.8,0.093,11,reviewed,us,us
2020-09-01T11:52:50.668Z,3.0422,95.7332,8.51,4.9,mb,,117,2.486,0.48,us,us7000bfrm,2020-11-07T18:48:43.040Z,"95 km NW of Sinabang, Indonesia",earthquake,4.9,4.5,0.079,50,reviewed,us,us
2020-09-01T07:49:12.577Z,-3.3641,130.8802,10,4.9,mb,,65,1.436,1.18,us,us7000bfna,2020-11-07T18:48:43.040Z,"217 km E of Amahai, Indonesia",earthquake,6.6,1.8,0.084,44,reviewed,us,us
2020-08-31T18:19:21.035Z,-5.2345,140.4074,10,4.7,mb,,39,7.633,1.17,us,us7000bfdn,2020-11-07T18:48:40.040Z,"138 km NW of Kiunga, Papua New Guinea",earthquake,8,1.8,0.074,56,reviewed,us,us
2020-08-31T15:45:54.524Z,-2.1858,138.2002,37.46,4.5,mb,,71,5.989,0.59,us,us7000bhs6,2020-11-07T18:48:51.040Z,"260 km ESE of Biak, Indonesia",earthquake,7.5,9.1,0.136,16,reviewed,us,us
2020-08-30T12:01:02.418Z,0.9794,120.1178,646.8,4.7,mb,,43,0.676,0.8,us,us7000bf0u,2020-11-07T18:48:36.040Z,"210 km N of Palu, Indonesia",earthquake,11.1,9,0.073,57,reviewed,us,us
2020-08-29T08:10:28.585Z,2.2878,127.3453,98.64,4.9,mb,,103,1.506,0.84,us,us7000beqt,2020-11-07T18:48:33.040Z,"96 km NW of Tobelo, Indonesia",earthquake,8.1,6.9,0.081,48,reviewed,us,us
2020-08-29T05:35:41.698Z,-4.3469,101.039,10.5,4.9,mww,,92,1.911,0.58,us,us7000beq6,2025-12-22T17:58:31.924Z,"148 km WSW of Bengkulu, Indonesia",earthquake,7.2,4.6,0.093,11,reviewed,us,us
2020-08-27T18:45:25.626Z,1.2725,126.3894,35.83,4.9,mb,,51,1.096,0.77,us,us7000bdxs,2020-11-07T18:48:30.040Z,"122 km WNW of Ternate, Indonesia",earthquake,7.1,4.9,0.059,91,reviewed,us,us
2020-08-27T07:19:16.067Z,-6.2575,130.2315,135.05,4.5,mb,,102,2.014,0.55,us,us7000bgfr,2020-11-07T18:48:46.040Z,"287 km WSW of Tual, Indonesia",earthquake,5.9,10,0.172,10,reviewed,us,us
2020-08-27T00:43:44.579Z,2.0817,127.162,47.52,4.6,mb,,101,1.317,0.63,us,us7000bdi5,2020-11-07T18:48:29.040Z,"102 km WNW of Tobelo, Indonesia",earthquake,4.6,7.1,0.079,48,reviewed,us,us
2020-08-26T02:54:10.543Z,5.3488,126.3757,117.62,4.9,mb,,110,1.884,0.84,us,us7000bd2f,2020-11-07T18:48:28.040Z,"101 km E of Sarangani, Philippines",earthquake,7.3,6.5,0.062,80,reviewed,us,us
2020-08-25T23:27:58.019Z,-6.6509,104.6542,35,5,mww,,44,2.834,0.96,us,us7000bd0c,2025-12-22T18:41:04.671Z,"133 km WSW of Labuan, Indonesia",earthquake,7,1.9,0.075,17,reviewed,us,us
2020-08-25T17:11:24.071Z,1.5017,126.4852,8.1,4.9,mb,,83,1.141,0.91,us,us7000bcrr,2020-10-31T19:06:27.040Z,"127 km NW of Ternate, Indonesia",earthquake,6.1,3.8,0.048,136,reviewed,us,us
2020-08-25T11:42:41.686Z,3.8146,126.4388,75.17,4.5,mb,,111,3.161,0.66,us,us7000bckn,2020-10-31T19:06:26.040Z,"206 km SSE of Sarangani, Philippines",earthquake,8.7,2.7,0.086,39,reviewed,us,us
2020-08-24T10:24:32.414Z,-4.0266,101.0051,10,5,mb,,71,1.973,0.72,us,us6000bjp7,2020-10-31T19:06:22.040Z,"142 km W of Bengkulu, Indonesia",earthquake,7.1,1.8,0.074,58,reviewed,us,us
2020-08-23T17:54:48.199Z,-9.7631,108.2223,10,4.8,mb,,118,2.354,0.62,us,us6000bjgh,2020-10-31T19:06:20.040Z,"259 km SSW of Sidareja, Indonesia",earthquake,8.6,1.9,0.097,33,reviewed,us,us
2020-08-23T17:38:01.436Z,-9.6512,108.1878,10,5.2,mww,,102,2.238,1.1,us,us6000bjgc,2025-12-22T18:40:51.144Z,"248 km SSW of Sidareja, Indonesia",earthquake,5.8,1.7,0.086,13,reviewed,us,us
2020-08-22T03:17:46.134Z,-4.3256,100.9671,10,4.6,mb,,112,1.983,0.8,us,us6000bivj,2020-10-31T19:06:15.040Z,"155 km WSW of Bengkulu, Indonesia",earthquake,5.9,1.8,0.111,24,reviewed,us,us
2020-08-22T00:39:35.576Z,-4.0808,100.9938,21,5.5,mww,,30,1.976,0.8,us,us6000biub,2025-12-22T17:58:27.041Z,"144 km WSW of Bengkulu, Indonesia",earthquake,6.5,1.7,0.073,18,reviewed,us,us
2020-08-21T12:32:06.732Z,5.8871,126.9189,129.68,4.5,mb,,113,1.775,0.63,us,us6000bicx,2020-10-31T19:06:14.040Z,"97 km ESE of Pondaguitan, Philippines",earthquake,3.4,7.6,0.048,129,reviewed,us,us
2020-08-21T11:35:58.955Z,-1.5194,120.0765,10,4.7,mb,,92,2.706,0.54,us,us6000bic0,2020-10-31T19:06:14.040Z,"71 km SSE of Palu, Indonesia",earthquake,6.6,1.9,0.106,27,reviewed,us,us
2020-08-21T04:42:37.724Z,-6.8725,123.483,632.85,4.9,mb,,29,2.142,1.03,us,us6000bi62,2020-10-31T19:06:13.040Z,"238 km NE of Maumere, Indonesia",earthquake,9.3,4,0.067,70,reviewed,us,us
2020-08-21T04:09:51.930Z,-6.71,123.4649,624,6.9,mww,,20,2.267,1.31,us,us6000bi4p,2025-12-22T18:40:47.008Z,"222 km SSE of Katabu, Indonesia",earthquake,8.8,1.9,0.052,36,reviewed,us,us
2020-08-21T00:39:52.426Z,-4.2119,100.7127,10,4.5,mb,,132,2.241,1.3,us,us6000bi2k,2020-10-31T19:06:13.040Z,"178 km WSW of Bengkulu, Indonesia",earthquake,9.4,1.9,0.116,22,reviewed,us,us
2020-08-20T12:16:52.990Z,-6.2478,103.707,35,4.6,mb,,182,2.018,0.82,us,us6000bhpb,2020-10-31T19:06:11.040Z,"194 km WSW of Bandar Lampung, Indonesia",earthquake,9.8,2,0.105,27,reviewed,us,us
2020-08-19T20:33:00.438Z,-3.5189,133.7686,10,4.8,mb,,83,1.63,0.91,us,us6000bhdf,2020-10-31T19:06:09.040Z,"193 km W of Nabire, Indonesia",earthquake,4.4,1.9,0.058,93,reviewed,us,us
2020-08-19T16:30:15.096Z,-10.3719,124.2131,10,4.9,mb,,62,0.615,1.08,us,us6000bh6p,2020-10-31T19:06:08.040Z,"57 km S of Soe, Indonesia",earthquake,5.3,1.9,0.078,54,reviewed,us,us
2020-08-19T01:37:58.568Z,-4.2866,101.1362,10,4.6,mb,,133,1.815,0.7,us,us6000bgxc,2020-10-31T19:06:07.040Z,"136 km WSW of Bengkulu, Indonesia",earthquake,7,1.6,0.09,37,reviewed,us,us
2020-08-18T22:39:08.354Z,-4.4556,100.9629,15.2,5,mb,,204,1.989,0.59,us,us7000bcme,2020-10-24T20:09:13.040Z,"161 km WSW of Bengkulu, Indonesia",earthquake,11.9,6.4,0.2,8,reviewed,us,us
2020-08-18T22:29:24.731Z,-4.2069,101.2411,26,6.9,mww,,25,1.716,0.81,us,us6000bgvu,2025-12-22T18:40:43.181Z,"122 km WSW of Bengkulu, Indonesia",earthquake,6.6,1.8,0.033,86,reviewed,us,us
2020-08-18T22:23:59.497Z,-4.3217,101.1347,22,6.8,mww,,34,1.816,0.91,us,us6000bgvl,2025-12-22T18:40:42.344Z,"138 km WSW of Bengkulu, Indonesia",earthquake,7.3,1.8,0.063,24,reviewed,us,us
2020-08-16T19:06:52.431Z,-3.1859,130.7319,13.36,4.9,mww,,40,1.537,0.81,us,us6000bfp5,2025-12-22T17:58:24.770Z,"202 km E of Amahai, Indonesia",earthquake,6,3.8,0.093,11,reviewed,us,us
2020-08-16T16:11:02.636Z,-0.2874,125.2368,35.87,4.7,mb,,44,2.375,1.08,us,us6000bfmz,2020-10-24T20:08:56.040Z,"179 km SSE of Tondano, Indonesia",earthquake,6.7,7.1,0.065,73,reviewed,us,us
2020-08-16T06:26:30.821Z,1.6852,122.9813,422.66,5.2,mww,,65,2.716,0.6,us,us6000bfhs,2025-12-22T18:40:34.240Z,"127 km N of Gorontalo, Indonesia",earthquake,7.6,5.8,0.098,10,reviewed,us,us
2020-08-15T10:53:18.027Z,4.6843,125.5347,139.45,4.9,mww,,27,2.37,0.74,us,us6000bf5g,2020-10-24T20:08:53.040Z,"79 km S of Sarangani, Philippines",earthquake,7.6,5.8,0.075,17,reviewed,us,us
2020-08-15T07:12:11.735Z,-9.3551,114.0643,54.48,5,mww,,43,0.883,0.91,us,us6000bf3i,2025-12-22T18:40:29.963Z,"106 km SSW of Muncar, Indonesia",earthquake,6.4,5.8,0.098,10,reviewed,us,us
2020-08-14T13:21:35.017Z,-10.4428,124.3686,10,5.1,mb,,114,0.69,0.83,us,us6000bepn,2020-10-24T20:08:51.040Z,"65 km S of Soe, Indonesia",earthquake,4.4,1.9,0.088,42,reviewed,us,us
2020-08-13T10:06:05.418Z,-0.2938,125.2883,28.62,4.5,mb,,48,2.332,1.01,us,us6000bdyk,2020-10-24T20:08:49.040Z,"181 km SSE of Tondano, Indonesia",earthquake,4.8,6.1,0.099,30,reviewed,us,us
2020-08-12T10:26:20.386Z,1.3943,126.4031,34.64,5.1,mww,,29,1.144,0.85,us,us6000bd7l,2025-12-22T18:40:20.254Z,"127 km WNW of Ternate, Indonesia",earthquake,6.4,4.9,0.089,12,reviewed,us,us
2020-08-12T02:44:08.168Z,-10.0579,107.903,10,4.6,mb,,84,2.59,0.75,us,us6000bd2z,2020-10-24T20:08:45.040Z,"297 km S of Kawalu, Indonesia",earthquake,6.4,1.9,0.119,21,reviewed,us,us
2020-08-11T07:56:11.211Z,2.5043,126.8626,44.96,4.5,mb,,105,1.793,0.75,us,us6000bciv,2020-10-21T22:04:09.040Z,"153 km NW of Tobelo, Indonesia",earthquake,9.1,7.1,0.085,41,reviewed,us,us
2020-08-09T22:12:21.370Z,-9.3254,110.2462,10,4.6,mb,,62,1.43,0.44,us,us6000bblx,2020-10-21T22:04:02.040Z,"152 km S of Bambanglipuro, Indonesia",earthquake,7,1.8,0.098,31,reviewed,us,us
2020-08-09T21:31:13.724Z,-9.729,119.017,10,4.6,mb,,81,3.36,0.71,us,us6000bblc,2020-10-21T22:04:02.040Z,"136 km SSW of Komodo, Indonesia",earthquake,7.4,1.9,0.095,33,reviewed,us,us
2020-08-09T04:52:51.328Z,-9.6788,118.9168,10,5,mww,,41,3.438,1.18,us,us6000bbbk,2020-10-21T22:04:00.040Z,"135 km SSE of Dompu, Indonesia",earthquake,6.3,1.7,0.086,13,reviewed,us,us
2020-08-08T21:54:29.886Z,1.3829,126.4415,46.36,4.6,mb,,89,1.106,0.74,us,us6000bb86,2020-10-21T22:03:59.040Z,"123 km WNW of Ternate, Indonesia",earthquake,7.5,6.7,0.076,51,reviewed,us,us
2020-08-08T21:03:18.202Z,-9.767,118.9725,11.84,4.6,mb,,83,3.413,0.75,us,us6000bb7u,2020-10-21T22:03:59.040Z,"142 km SSW of Komodo, Indonesia",earthquake,5.4,5.4,0.109,25,reviewed,us,us
2020-08-08T16:57:03.231Z,1.0756,124.7399,120.77,4.9,mww,,42,2.643,1.17,us,us6000bb63,2020-10-21T22:03:58.040Z,"27 km SSW of Tomohon, Indonesia",earthquake,6.4,2.6,0.098,10,reviewed,us,us
2020-08-08T16:32:31.658Z,-9.6376,118.9854,10,5,mww,,103,3.362,0.69,us,us6000bb5s,2020-10-21T22:03:58.040Z,"128 km SSW of Komodo, Indonesia",earthquake,8.3,1.9,0.089,12,reviewed,us,us
2020-08-08T11:37:28.525Z,-9.7431,118.9526,10,4.5,mb,,93,3.424,0.79,us,us6000bb3i,2020-10-21T22:03:58.040Z,"140 km SSW of Komodo, Indonesia",earthquake,6.4,1.9,0.109,25,reviewed,us,us
2020-08-08T10:49:10.054Z,-9.7568,118.9477,10,4.8,mb,,97,3.433,0.44,us,us6000be3k,2020-10-21T22:04:13.040Z,"142 km SSW of Komodo, Indonesia",earthquake,8.8,1.9,0.128,19,reviewed,us,us
2020-08-08T10:45:49.201Z,-9.7772,118.992,10,5.3,mww,,46,3.399,0.76,us,us6000bb2z,2025-12-22T18:40:02.059Z,"140 km W of Waingapu, Indonesia",earthquake,7.5,1.9,0.075,17,reviewed,us,us
2020-08-08T10:28:02.187Z,-9.7806,118.9102,10,4.7,mb,,82,3.476,0.38,us,us6000be2x,2020-10-21T22:04:13.040Z,"146 km SSE of Dompu, Indonesia",earthquake,7.8,1.9,0.093,35,reviewed,us,us
2020-08-08T10:26:34.072Z,-9.5575,118.8831,10,4.5,mb,,112,3.437,0.53,us,us6000be3j,2020-10-21T22:04:13.040Z,"121 km SSE of Dompu, Indonesia",earthquake,8.2,1.8,0.145,14,reviewed,us,us
2020-08-08T10:24:04.269Z,-9.5261,118.952,10,5.1,mww,,41,3.363,0.59,us,us6000bb2p,2020-10-21T22:03:58.040Z,"119 km SSW of Komodo, Indonesia",earthquake,7.2,1.8,0.089,12,reviewed,us,us
2020-08-08T10:23:30.762Z,-9.788,118.8832,10,4.9,mww,,82,3.504,0.7,us,us6000bb2q,2020-10-21T22:03:58.040Z,"145 km SSE of Dompu, Indonesia",earthquake,7.3,1.9,0.098,10,reviewed,us,us
2020-08-08T10:17:49.530Z,-9.6563,119.0873,10,5.1,mww,,80,3.271,0.61,us,us6000bb2d,2025-12-22T18:40:03.249Z,"126 km SSW of Komodo, Indonesia",earthquake,7.1,1.8,0.086,13,reviewed,us,us
2020-08-08T09:59:24.442Z,1.3023,128.0489,126.81,4.6,mb,,101,0.861,0.73,us,us6000bb23,2020-10-21T22:03:58.040Z,"47 km S of Tobelo, Indonesia",earthquake,9.4,6.2,0.078,49,reviewed,us,us
2020-08-08T08:34:04.775Z,1.0281,97.0007,10,4.5,mb,,160,0.636,1.35,us,us6000bb1a,2020-10-21T22:03:57.040Z,"164 km SSW of Singkil, Indonesia",earthquake,6.8,1.9,0.111,24,reviewed,us,us
2020-08-07T15:13:41.503Z,-7.9265,104.26,10,4.6,mb,,138,3.391,1.12,us,us6000bame,2020-10-21T22:03:56.040Z,"243 km SW of Labuan, Indonesia",earthquake,7.2,1.8,0.088,39,reviewed,us,us
2020-08-07T06:30:48.700Z,2.3019,126.7272,51.44,4.9,mb,,105,1.648,0.61,us,us6000bag9,2025-12-22T18:39:58.437Z,"156 km WNW of Tobelo, Indonesia",earthquake,8.5,7.2,0.073,59,reviewed,us,us
2020-08-07T03:00:39.724Z,-3.8635,126.2062,10,5.3,mww,,21,4.43,1.25,us,us6000baeu,2025-12-22T17:58:19.970Z,"220 km W of Ambon, Indonesia",earthquake,6.4,1.7,0.093,11,reviewed,us,us
2020-08-06T15:40:39.534Z,4.7138,127.4135,76.39,4.8,mb,,120,2.967,0.92,us,us6000ba6b,2020-10-21T22:03:54.040Z,"227 km SE of Pondaguitan, Philippines",earthquake,7.5,5.5,0.084,48,reviewed,us,us
2020-08-06T10:12:56.849Z,3.7417,95.6192,43.5,4.6,mb,,51,1.983,0.77,us,us6000ba12,2020-10-21T22:03:54.040Z,"71 km SW of Meulaboh, Indonesia",earthquake,7.7,5.7,0.096,32,reviewed,us,us
2020-08-05T17:01:59.598Z,-2.3718,140.2736,20.98,4.6,mb,,60,0.453,1,us,us6000b9sd,2020-10-21T22:03:53.040Z,"47 km WNW of Abepura, Indonesia",earthquake,7.5,5.2,0.08,50,reviewed,us,us
2020-08-05T14:08:33.650Z,1.6757,127.2841,124.05,4.5,mb,,44,0.901,0.72,us,us6000b9p7,2020-10-21T22:03:52.040Z,"80 km W of Tobelo, Indonesia",earthquake,5.3,5.3,0.07,59,reviewed,us,us
2020-08-05T08:27:12.019Z,-9.6826,119.1179,10,5.1,mww,,34,3.251,1.32,us,us6000b9kc,2025-12-22T18:39:40.681Z,"125 km W of Waingapu, Indonesia",earthquake,6.7,1.7,0.089,12,reviewed,us,us
2020-08-04T23:51:11.030Z,-1.7797,100.1815,48.42,5.1,mb,,119,2.26,0.86,us,us6000b9gc,2020-10-10T17:11:16.040Z,"93 km SSW of Padang, Indonesia",earthquake,7.7,5.5,0.059,92,reviewed,us,us
2020-08-04T23:22:27.777Z,-5.6764,130.7815,74.89,4.6,mb,,111,2.348,1.01,us,us6000b9g0,2020-10-10T17:11:16.040Z,"218 km W of Tual, Indonesia",earthquake,9.5,7.3,0.102,29,reviewed,us,us
2020-08-04T19:32:40.595Z,0.3885,126.216,52.24,4.8,mb,,53,1.212,0.95,us,us6000b9cq,2020-10-10T17:11:16.040Z,"137 km WSW of Ternate, Indonesia",earthquake,3.7,6.8,0.086,45,reviewed,us,us
2020-08-03T10:11:12.540Z,-7.0347,125.4789,528.21,4.5,mb,,80,2.957,1.04,us,us6000bal4,2020-10-10T17:11:19.040Z,"167 km N of Metinaro, Timor Leste",earthquake,10.7,10.5,0.204,7,reviewed,us,us
2020-08-03T08:30:39.780Z,-6.6513,131.2591,17.7,4.6,mb,,36,1.323,0.67,us,us6000b8mh,2020-10-10T17:11:11.040Z,"200 km SW of Tual, Indonesia",earthquake,5.7,4,0.095,35,reviewed,us,us
2020-08-03T01:43:00.023Z,0.1887,126.1505,51.41,4.6,mb,,37,1.347,0.85,us,us6000b8hg,2020-10-10T17:11:10.040Z,"152 km WSW of Ternate, Indonesia",earthquake,6.6,4.4,0.101,29,reviewed,us,us
2020-08-02T21:33:45.953Z,-7.8263,130.3415,10,4.7,mb,,66,0.96,0.77,us,us6000b8fc,2020-10-10T17:11:10.040Z,"Pulau Pulau Tanimbar, Indonesia",earthquake,5.8,1.8,0.094,34,reviewed,us,us
2020-08-02T16:44:33.349Z,5.6063,125.8512,129.3,4.9,mb,,196,1.478,0.37,us,us6000bahq,2020-10-10T17:11:19.040Z,"41 km ESE of Kalbay, Philippines",earthquake,12.3,7.3,0.186,12,reviewed,us,us
2020-08-02T16:44:25.797Z,-0.3408,124.3637,40.98,5,mb,,25,1.737,1.26,us,us6000b8dn,2020-10-10T17:11:10.040Z,"174 km SE of Gorontalo, Indonesia",earthquake,6.3,5.3,0.049,135,reviewed,us,us
2020-08-02T04:35:03.407Z,-4.5387,102.6997,54.26,4.9,mb,,88,0.31,0.97,us,us6000b89d,2020-10-10T17:11:09.040Z,"83 km SW of Pagar Alam, Indonesia",earthquake,7.3,4.4,0.081,48,reviewed,us,us
2020-08-01T17:38:17.638Z,3.4151,125.8508,120.3,4.5,mb,,72,3.031,1.34,us,us6000ba4k,2020-10-10T17:11:17.040Z,"224 km S of Sarangani, Philippines",earthquake,7.6,8.4,0.102,33,reviewed,us,us
2020-08-01T07:56:36.323Z,-0.0773,122.9188,148.71,4.5,mb,,55,0.969,0.76,us,us6000b7vu,2020-10-10T17:11:07.040Z,"69 km SSW of Gorontalo, Indonesia",earthquake,8.1,7.1,0.102,28,reviewed,us,us
2020-07-30T20:04:01.969Z,-7.142,129.7001,75.35,4.5,mb,,39,1.791,1.01,us,us6000b73g,2020-10-10T17:11:04.040Z,"Kepulauan Babar, Indonesia",earthquake,8,6.8,0.08,46,reviewed,us,us
2020-07-30T02:51:18.501Z,-3.4399,131.1422,10,5.3,mww,,21,1.22,0.88,us,us6000b6j3,2025-12-22T18:39:07.526Z,"247 km E of Amahai, Indonesia",earthquake,5.2,1.7,0.093,11,reviewed,us,us
2020-07-29T16:23:27.404Z,-7.4736,103.5853,10,4.6,mb,,115,3.155,0.69,us,us6000b67i,2020-10-10T17:11:01.040Z,"276 km WSW of Labuan, Indonesia",earthquake,9.5,1.9,0.098,31,reviewed,us,us
2020-07-28T20:42:20.156Z,-10.6356,108.0218,10,4.6,mb,,44,3.174,0.77,us,us6000b5lw,2020-10-03T17:32:29.040Z,"south of Java, Indonesia",earthquake,8.1,1.8,0.069,68,reviewed,us,us
2020-07-28T17:21:55.372Z,-4.7151,122.8717,24.87,4.5,mb,,70,3.123,0.66,us,us6000b5fu,2020-10-03T17:32:29.040Z,"46 km ENE of Katabu, Indonesia",earthquake,6.5,5.7,0.094,37,reviewed,us,us
2020-07-28T02:00:33.408Z,-7.5425,107.0704,50.22,4.6,mb,,66,0.58,0.65,us,us6000b8sm,2020-10-03T17:32:36.040Z,"55 km SW of Banjar, Indonesia",earthquake,6,7.2,0.173,10,reviewed,us,us
2020-07-27T20:31:14.523Z,-5.5045,104.9966,57.49,4.6,mb,,167,2.329,0.7,us,us6000b6w7,2020-10-03T17:32:34.040Z,"30 km WSW of Bandar Lampung, Indonesia",earthquake,11.8,9.7,0.223,6,reviewed,us,us
2020-07-27T20:05:25.118Z,4.5049,124.4337,52.2,4.5,mb,,98,2.791,0.75,us,us6000b6w8,2020-10-03T17:32:34.040Z,"151 km SW of Sarangani, Philippines",earthquake,7,7.1,0.108,25,reviewed,us,us
2020-07-26T22:01:23.391Z,0.5464,98.5885,54.1,4.9,mb,,47,1.261,0.7,us,us6000b4id,2020-10-03T17:32:26.040Z,"119 km SW of Padangsidempuan, Indonesia",earthquake,5.4,4.4,0.064,76,reviewed,us,us
2020-07-24T12:46:24.665Z,4.0892,122.7157,586.53,4.8,mb,,60,3.533,0.82,us,us6000b3ca,2025-12-22T18:38:44.674Z,"232 km SSE of Tabiauan, Philippines",earthquake,9.3,7.5,0.058,92,reviewed,us,us
2020-07-24T12:38:53.931Z,-10.4048,116.0904,10,4.6,mb,,109,2.711,0.76,us,us6000b66x,2020-10-03T17:32:31.040Z,"185 km S of Lembar, Indonesia",earthquake,9,1.9,0.095,33,reviewed,us,us
2020-07-24T11:54:59.030Z,2.138,126.7281,35,4.8,mb,,105,1.499,0.74,us,us6000b3bx,2020-10-03T17:32:19.040Z,"149 km WNW of Tobelo, Indonesia",earthquake,8.2,1.1,0.061,84,reviewed,us,us
2020-07-22T14:36:26.758Z,4.389,127.3102,10,4.6,mb,,55,3.171,0.53,us,us7000at4h,2020-10-03T17:32:42.040Z,"233 km ESE of Sarangani, Philippines",earthquake,6.7,1.8,0.063,74,reviewed,us,us
2020-07-21T07:27:49.306Z,2.5844,127.0376,35,4.8,mb,,95,1.83,1.19,us,us7000as6p,2020-09-26T16:58:43.040Z,"143 km NW of Tobelo, Indonesia",earthquake,8.4,1.9,0.06,86,reviewed,us,us
2020-07-21T01:26:13.389Z,2.5333,126.9871,35,4.7,mb,,76,1.79,0.64,us,us7000as34,2020-09-26T16:58:43.040Z,"144 km NW of Tobelo, Indonesia",earthquake,8.5,1.9,0.065,71,reviewed,us,us
2020-07-20T06:00:39.998Z,-4.7707,134.1365,19.45,4.8,mww,,81,2.632,0.65,us,us7000arg9,2020-09-26T16:58:40.040Z,"180 km ENE of Tual, Indonesia",earthquake,8.2,4.5,0.093,11,reviewed,us,us
2020-07-19T23:48:44.241Z,-3.3916,100.1174,10,4.5,mb,,101,2.991,0.98,us,us7000arda,2020-09-26T16:58:39.040Z,"204 km SW of Sungai Penuh, Indonesia",earthquake,8.4,1.8,0.096,32,reviewed,us,us
2020-07-18T03:14:15.404Z,-8.2689,119.5136,183.19,4.6,mb,,68,2.719,0.98,us,us7000aqqi,2020-09-26T16:58:35.040Z,"35 km N of Komodo, Indonesia",earthquake,8.1,2.3,0.114,23,reviewed,us,us
2020-07-17T09:57:40.072Z,1.8503,128.2451,98.15,4.5,mb,,98,1.385,0.57,us,us7000aq8h,2020-09-26T16:58:34.040Z,"29 km ENE of Tobelo, Indonesia",earthquake,8,7.8,0.094,33,reviewed,us,us
2020-07-16T03:08:00.170Z,-6.0933,131.206,35,4.6,mb,,103,1.879,0.56,us,us6000b2py,2020-09-26T16:58:23.040Z,"178 km WSW of Tual, Indonesia",earthquake,6.9,2,0.182,9,reviewed,us,us
2020-07-14T23:33:58.152Z,-7.2022,120.4556,584.48,5.7,mww,,34,2.268,1.01,us,us7000anpp,2025-12-22T18:38:02.853Z,"155 km N of Ruteng, Indonesia",earthquake,9.4,5.7,0.049,40,reviewed,us,us
2020-07-14T12:20:53.655Z,3.1091,129.2554,10,4.6,mb,,80,2.992,0.49,us,us7000anb0,2020-09-19T20:58:21.040Z,"206 km NE of Tobelo, Indonesia",earthquake,4.4,1.9,0.077,50,reviewed,us,us
2020-07-14T02:59:15.580Z,-2.0524,123.0804,10,4.6,mb,,87,3.893,0.74,us,us7000ash0,2020-09-19T20:58:34.040Z,"126 km SSE of Luwuk, Indonesia",earthquake,7.1,1.9,0.133,17,reviewed,us,us
2020-07-14T00:04:34.872Z,-6.5552,106.3621,106.19,4.6,mb,,87,1.564,0.92,us,us7000an3y,2020-09-19T20:58:18.040Z,"25 km SSE of Rangkasbitung, Indonesia",earthquake,8.6,3.4,0.078,50,reviewed,us,us
2020-07-13T12:04:35.814Z,-7.5558,128.1579,137.22,4.6,mb,,56,3.141,0.75,us,us7000amqm,2020-09-19T20:58:16.040Z,"166 km NE of Lospalos, Timor Leste",earthquake,6.5,6.3,0.078,51,reviewed,us,us
2020-07-13T02:08:12.469Z,-6.7358,130.4685,88.98,4.8,mb,,64,1.487,0.87,us,us7000amj9,2020-09-19T20:58:15.040Z,"280 km WSW of Tual, Indonesia",earthquake,5.2,5.2,0.088,40,reviewed,us,us
2020-07-13T00:36:13.479Z,-2.8817,125.8273,10,4.6,mb,,58,3.558,0.97,us,us7000amii,2020-09-19T20:58:14.040Z,"276 km WNW of Ambon, Indonesia",earthquake,7.1,1.9,0.079,48,reviewed,us,us
2020-07-13T00:07:23.937Z,-2.8641,126.9752,54.72,4.7,mb,,29,3.632,0.84,us,us7000arny,2020-09-19T20:58:32.040Z,"162 km NW of Ambon, Indonesia",earthquake,6.9,2.5,0.062,78,reviewed,us,us
2020-07-12T06:27:08.902Z,-5.1936,102.3645,35,4.6,mb,,117,1.015,0.53,us,us7000am6w,2020-09-19T20:58:11.040Z,"154 km S of Bengkulu, Indonesia",earthquake,7.1,2,0.075,54,reviewed,us,us
2020-07-11T20:54:32.745Z,-4.7265,102.7487,61.37,4.6,mb,,98,0.418,0.78,us,us7000am1i,2020-09-19T20:58:09.040Z,"95 km SW of Pagar Alam, Indonesia",earthquake,6.5,4.6,0.078,49,reviewed,us,us
2020-07-11T07:17:00.443Z,0.2119,120.7944,109.25,4.8,mb,,69,0.893,0.77,us,us7000alue,2020-09-19T20:58:07.040Z,"160 km NE of Palu, Indonesia",earthquake,7.3,6.8,0.086,42,reviewed,us,us
2020-07-09T16:35:36.049Z,-6.2381,104.4638,19.33,4.5,mb,,138,3.183,0.7,us,us7000apip,2020-09-19T20:58:26.040Z,"125 km SW of Bandar Lampung, Indonesia",earthquake,9,4,0.102,28,reviewed,us,us
2020-07-09T16:08:22.490Z,-6.5678,128.7492,240.9,4.6,mb,,42,2.893,0.7,us,us7000aktz,2020-09-19T20:58:00.040Z,"289 km NE of Lospalos, Timor Leste",earthquake,7.2,6.3,0.063,80,reviewed,us,us
2020-07-09T04:35:55.853Z,-6.7368,132.3374,10,4.5,mb,,129,1.61,0.93,us,us7000apic,2020-09-19T20:58:25.040Z,"130 km SSW of Tual, Indonesia",earthquake,10.3,1.9,0.243,5,reviewed,us,us
2020-07-08T14:54:45.499Z,-5.9088,105.8121,170.98,4.5,mb,,118,2.008,1.15,us,us7000ak27,2020-09-19T20:57:57.040Z,"44 km WNW of Serang, Indonesia",earthquake,8.6,5.9,0.079,47,reviewed,us,us
2020-07-08T04:03:48.824Z,1.406,97.177,35,4.8,mb,,90,0.411,0.79,us,us7000ajup,2020-09-19T20:57:56.040Z,"118 km SW of Singkil, Indonesia",earthquake,6.5,1.8,0.075,54,reviewed,us,us
2020-07-07T09:56:10.405Z,-7.011,124.9728,509.36,4.7,mb,,27,2.814,0.68,us,us7000ajef,2020-09-11T22:14:25.040Z,"178 km N of Maubara, Timor Leste",earthquake,10.6,7.1,0.054,106,reviewed,us,us
2020-07-07T06:16:27.024Z,-7.1327,103.4231,10,5,mb,,51,2.793,0.82,us,us7000ajbc,2020-09-11T22:14:24.040Z,"277 km SW of Bandar Lampung, Indonesia",earthquake,8.2,1.8,0.07,67,reviewed,us,us
2020-07-07T05:17:51.870Z,-9.3688,107.4747,10,4.8,mb,,54,1.901,0.55,us,us7000ajau,2020-09-11T22:14:24.040Z,"233 km SSW of Singaparna, Indonesia",earthquake,4.7,1.7,0.072,63,reviewed,us,us
2020-07-07T04:44:13.602Z,-6.3146,106.3418,96.85,5.1,mww,,24,1.361,1.03,us,us7000aja4,2025-12-22T18:37:42.588Z,"11 km ENE of Rangkasbitung, Indonesia",earthquake,7.1,4.1,0.083,14,reviewed,us,us
2020-07-06T22:54:47.538Z,-5.6023,110.6893,533.76,6.6,mww,,14,1.458,1.16,us,us7000aj3w,2025-12-22T18:37:40.781Z,"Java Sea",earthquake,8.7,2.7,0.056,31,reviewed,us,us
2020-07-06T11:17:55.446Z,1.4808,126.5964,11.21,4.9,mb,,54,1.043,0.54,us,us7000aip4,2020-09-11T22:14:20.040Z,"116 km NW of Ternate, Indonesia",earthquake,6.6,4.2,0.059,91,reviewed,us,us
2020-07-06T07:34:08.929Z,3.5844,126.9811,10,4.5,mb,,107,2.82,0.46,us,us7000aleq,2020-09-11T22:14:19.040Z,"234 km NNW of Tobelo, Indonesia",earthquake,7.7,1.8,0.121,20,reviewed,us,us
2020-07-05T18:26:50.152Z,-6.7411,131.8512,10,4.7,mb,,153,1.349,1.1,us,us7000aicy,2020-09-11T22:14:16.040Z,"158 km SW of Tual, Indonesia",earthquake,7.6,1.8,0.133,17,reviewed,us,us
2020-07-05T09:47:42.997Z,-1.1494,97.9992,10,4.6,mb,,185,2.473,0.35,us,us7000al9p,2020-09-11T22:14:14.040Z,"243 km WSW of Pariaman, Indonesia",earthquake,6.6,1.9,0.136,16,reviewed,us,us
2020-07-05T05:34:05.880Z,2.6569,128.2619,69.61,4.8,mb,,110,2.075,0.64,us,us7000ai5w,2020-09-11T22:14:13.040Z,"106 km NNE of Tobelo, Indonesia",earthquake,8.4,7.1,0.053,108,reviewed,us,us
2020-07-04T19:09:22.584Z,-8.9337,112.3761,94.19,4.8,mww,,21,1.815,1.04,us,us7000ai11,2020-09-11T22:14:12.040Z,"86 km S of Sumberpucung, Indonesia",earthquake,7,4.7,0.098,10,reviewed,us,us
2020-07-03T08:47:15.474Z,-3.3404,100.9372,38.11,4.5,mb,,199,2.254,0.59,us,us7000akqk,2020-09-11T22:13:59.040Z,"150 km SSW of Sungai Penuh, Indonesia",earthquake,10.6,9.6,0.128,18,reviewed,us,us
2020-07-02T19:00:32.384Z,5.5213,126.2211,96.54,4.5,mb,,75,1.665,1.04,us,us7000agvq,2020-09-11T22:13:55.040Z,"77 km SE of Caburan, Philippines",earthquake,7.9,5.8,0.079,47,reviewed,us,us
2020-07-01T01:06:43.527Z,-5.329,140.5006,10,4.8,mb,,34,2.803,0.76,us,us7000afiw,2020-09-11T22:13:45.040Z,"123 km NW of Kiunga, Papua New Guinea",earthquake,5.4,1.4,0.075,55,reviewed,us,us
2020-06-30T06:27:10.853Z,-8.35,121.4732,183.3,4.9,mww,,31,0.807,0.88,us,us7000aewi,2025-12-22T18:37:23.312Z,"58 km NNW of Ende, Indonesia",earthquake,6,4.3,0.078,16,reviewed,us,us
2020-06-28T02:12:57.354Z,-2.847,129.724,10,4.7,mb,,82,2.497,0.97,us,us7000adbw,2020-09-05T17:35:27.040Z,"104 km ENE of Amahai, Indonesia",earthquake,4.6,1.7,0.099,31,reviewed,us,us
2020-06-25T08:53:04.878Z,-5.6242,130.6826,73.97,4.6,mb,,128,2.421,1.12,us,us7000agi6,2020-09-05T17:35:39.040Z,"229 km W of Tual, Indonesia",earthquake,9.8,8,0.164,11,reviewed,us,us
2020-06-23T07:43:29.219Z,0.0368,123.7866,109,6,mww,,22,1.475,0.9,us,us6000ah1z,2025-12-22T17:57:53.608Z,"97 km SE of Gorontalo, Indonesia",earthquake,5.7,1.9,0.049,40,reviewed,us,us
2020-06-23T05:55:15.532Z,2.8652,126.5036,68.59,4.6,mb,,56,2.251,0.83,us,us7000af19,2020-08-30T00:01:25.040Z,"209 km NW of Tobelo, Indonesia",earthquake,7.7,7.9,0.088,39,reviewed,us,us
2020-06-23T05:18:18.781Z,3.4004,128.7693,10,4.5,mb,,91,2.963,0.82,us,us7000af1f,2020-08-30T00:01:25.040Z,"203 km NNE of Tobelo, Indonesia",earthquake,8.5,1.9,0.122,21,reviewed,us,us
2020-06-22T10:56:04.031Z,3.6607,126.6642,45.53,4.6,mb,,84,2.954,0.8,us,us6000agf5,2020-08-30T00:01:03.040Z,"234 km SE of Sarangani, Philippines",earthquake,6.5,5.9,0.062,78,reviewed,us,us
2020-06-21T19:33:08.004Z,-8.9211,110.9498,86.6,5.2,mww,,42,1.087,0.97,us,us6000ag1n,2025-12-22T18:36:52.858Z,"116 km S of Jatiroto, Indonesia",earthquake,7.3,4.7,0.098,10,reviewed,us,us
2020-06-20T13:39:06.931Z,-3.9331,129.4578,92,4.5,mb,,102,2.962,0.4,us,us7000ac2k,2020-08-30T00:01:19.040Z,"88 km SE of Amahai, Indonesia",earthquake,10.4,10.9,0.14,15,reviewed,us,us
2020-06-18T11:16:54.774Z,-9.7384,127.6623,10,4.5,mb,,68,3.346,0.91,us,us6000ae37,2020-08-30T00:00:45.040Z,"153 km SSE of Lospalos, Timor Leste",earthquake,3.2,1.9,0.135,16,reviewed,us,us
2020-06-18T10:56:55.720Z,5.7719,95.2875,10,4.5,mb,,150,1.738,1.22,us,us7000aax5,2020-08-30T00:01:12.040Z,"13 km SSW of Sabang, Indonesia",earthquake,10.9,1.9,0.156,15,reviewed,us,us
2020-06-17T11:10:22.228Z,-2.7093,122.2145,10,4.9,mb,,35,1.747,1.04,us,us6000adfe,2020-08-30T00:00:41.040Z,"144 km NNW of Kendari, Indonesia",earthquake,6.2,1.9,0.086,42,reviewed,us,us
2020-06-17T01:40:29.169Z,-0.6165,99.178,51.37,4.8,mb,,93,2.083,0.58,us,us6000ad7w,2020-08-30T00:00:39.040Z,"104 km W of Pariaman, Indonesia",earthquake,7.1,6,0.08,49,reviewed,us,us
2020-06-16T11:07:44.351Z,-1.3845,100.501,73.53,4.6,mb,,132,1.782,0.41,us,us6000ah74,2020-08-22T19:15:05.040Z,"50 km SSE of Padang, Indonesia",earthquake,5.3,7.1,0.158,12,reviewed,us,us
2020-06-16T04:32:49.595Z,-7.0855,105.7059,35,4.5,mb,,136,1.964,0.85,us,us6000ah6r,2020-08-22T19:15:04.040Z,"79 km S of Labuan, Indonesia",earthquake,12.5,1.9,0.132,17,reviewed,us,us
2020-06-16T03:04:01.292Z,1.5964,128.4382,10,4.5,mb,,87,1.348,0.97,us,us6000ah70,2020-08-22T19:15:04.040Z,"49 km ESE of Tobelo, Indonesia",earthquake,8.1,1.9,0.163,11,reviewed,us,us
2020-06-15T23:36:29.821Z,-2.7948,122.2814,10,4.9,mb,,34,1.808,0.61,us,us6000aciu,2020-08-22T19:14:55.040Z,"133 km N of Kendari, Indonesia",earthquake,6.6,1.9,0.087,41,reviewed,us,us
2020-06-15T04:15:43.652Z,1.3092,128.068,116.22,5.2,mww,,32,0.881,0.78,us,us6000ac0i,2025-12-22T18:36:29.916Z,"46 km S of Tobelo, Indonesia",earthquake,6.7,3.9,0.065,23,reviewed,us,us
2020-06-14T14:47:34.455Z,-3.1796,125.9606,55.58,4.8,mb,,50,3.829,0.89,us,us6000abpa,2020-08-22T19:14:51.040Z,"253 km WNW of Ambon, Indonesia",earthquake,7.6,4.6,0.111,25,reviewed,us,us
2020-06-14T13:25:23.305Z,2.7367,128.2659,120.3,4.9,mww,,73,2.148,0.89,us,us6000abnj,2025-12-22T18:36:24.896Z,"115 km NNE of Tobelo, Indonesia",earthquake,7.4,4.6,0.08,15,reviewed,us,us
2020-06-14T04:57:49.835Z,2.3028,128.4261,35,4.9,mb,,106,1.853,0.81,us,us6000abk5,2020-08-22T19:14:50.040Z,"78 km NE of Tobelo, Indonesia",earthquake,8.1,1.1,0.049,132,reviewed,us,us
2020-06-14T03:35:19.479Z,-8.9885,124.1321,71.8,4.9,mww,,40,0.773,1.07,us,us6000abjt,2025-12-22T18:36:25.714Z,"36 km NW of Pante Makasar, Timor Leste",earthquake,6.7,5.4,0.093,11,reviewed,us,us
2020-06-13T16:19:23.407Z,-1.9784,137.3549,32.94,4.6,mb,,59,5.186,1.02,us,us6000aesb,2020-08-22T19:15:00.040Z,"167 km ESE of Biak, Indonesia",earthquake,9.4,5.5,0.094,34,reviewed,us,us
2020-06-13T11:57:21.810Z,3.5867,125.6522,62.47,4.7,mb,,73,3.279,0.88,us,us6000aba0,2020-08-22T19:14:49.040Z,"Pulau-Pulau Sangihe, Indonesia",earthquake,8.6,8,0.054,104,reviewed,us,us
2020-06-13T09:15:52.287Z,-8.9048,117.8202,44.32,5.1,mww,,42,3.652,1.25,us,us6000ab7d,2025-12-22T18:36:20.138Z,"63 km SE of Sumbawa Besar, Indonesia",earthquake,6.4,5.3,0.093,11,reviewed,us,us
2020-06-13T02:10:49.544Z,5.5691,127.0783,58.3,4.8,mb,,42,2.107,1.16,us,us6000ab2t,2020-08-22T19:14:48.040Z,"132 km SE of Pondaguitan, Philippines",earthquake,7.5,5.9,0.047,140,reviewed,us,us
2020-06-12T10:51:01.809Z,-8.2197,105.2385,10,4.6,mb,,69,2.504,0.46,us,us6000aakb,2020-08-22T19:14:47.040Z,"198 km SW of Pelabuhanratu, Indonesia",earthquake,7.8,1.4,0.094,34,reviewed,us,us
2020-06-11T20:23:16.648Z,5.0962,126.8684,102.71,4.5,mb,,108,2.342,0.98,us,us6000aa8x,2020-08-22T19:14:45.040Z,"159 km ESE of Sarangani, Philippines",earthquake,8.3,6.5,0.069,62,reviewed,us,us
2020-06-11T20:22:25.402Z,-8.2219,105.3274,10,4.6,mb,,190,2.421,0.64,us,us6000ae5u,2020-08-22T19:14:59.040Z,"192 km SW of Pelabuhanratu, Indonesia",earthquake,10.4,1.9,0.157,12,reviewed,us,us
2020-06-10T20:50:26.489Z,-6.3373,131.5597,74.61,4.5,mb,,43,1.655,0.7,us,us6000a9ji,2020-08-22T19:14:42.040Z,"153 km WSW of Tual, Indonesia",earthquake,6,7.3,0.097,31,reviewed,us,us
2020-06-10T20:01:00.071Z,-0.685,122.426,14.58,4.9,mb,,39,0.495,0.76,us,us6000a9ic,2020-08-22T19:14:42.040Z,"49 km NW of Luwuk, Indonesia",earthquake,4.9,3.8,0.067,70,reviewed,us,us
2020-06-10T18:18:29.091Z,1.0142,126.8408,120.88,4.6,mb,,55,0.578,0.55,us,us6000adhx,2020-08-22T19:14:58.040Z,"65 km WNW of Ternate, Indonesia",earthquake,8.4,6.6,0.128,18,reviewed,us,us
2020-06-10T14:44:24.740Z,-0.0646,126.0938,10,4.5,mb,,52,1.52,0.72,us,us6000adhs,2020-08-22T19:14:58.040Z,"171 km WSW of Ternate, Indonesia",earthquake,4.1,1.8,0.118,21,reviewed,us,us
2020-06-10T09:25:29.491Z,-7.6532,130.2386,35,4.6,mb,,78,1.1,0.55,us,us6000a97v,2020-08-22T19:14:41.040Z,"Pulau Pulau Tanimbar, Indonesia",earthquake,4.2,2,0.103,28,reviewed,us,us
2020-06-10T04:35:18.804Z,-2.5751,101.152,41.7,5.1,mww,,40,2.527,0.86,us,us6000a93q,2025-12-22T18:36:05.816Z,"63 km SSW of Sungai Penuh, Indonesia",earthquake,7.1,4.4,0.093,11,reviewed,us,us
2020-06-10T03:55:04.636Z,-6.5644,129.8142,142.33,4.8,mb,,30,2.038,0.68,us,us6000a931,2020-08-22T19:14:40.040Z,"Banda Sea",earthquake,7.3,5.6,0.085,43,reviewed,us,us
2020-06-09T04:56:10.343Z,-4.2241,126.3437,10,5.7,mww,,27,4.766,0.84,us,us6000a89s,2025-12-22T18:36:01.984Z,"212 km WSW of Ambon, Indonesia",earthquake,6.2,1.8,0.068,21,reviewed,us,us
2020-06-08T13:46:30.724Z,-9.2645,123.0591,95.63,4.6,mb,,80,1.024,0.77,us,us6000a7uf,2020-08-18T17:59:06.040Z,"86 km WNW of Naisano Dua, Indonesia",earthquake,6.8,6.3,0.083,43,reviewed,us,us
2020-06-08T02:34:32.651Z,-0.3705,124.2367,68.79,5,mww,,41,1.609,1.36,us,us6000a7ph,2025-12-22T18:35:59.572Z,"164 km SE of Gorontalo, Indonesia",earthquake,7.4,5,0.071,19,reviewed,us,us
2020-06-06T23:50:35.433Z,1.7181,97.053,11.52,5.2,mb,,28,0.664,0.7,us,us6000a7ar,2025-12-22T17:57:44.327Z,"103 km SW of Singkil, Indonesia",earthquake,3.8,3.5,0.05,133,reviewed,us,us
2020-06-06T13:40:51.986Z,2.1838,128.6624,42.33,4.8,mb,,106,1.909,0.89,us,us6000a75r,2020-08-18T17:58:58.040Z,"88 km NE of Tobelo, Indonesia",earthquake,6.1,7.8,0.054,105,reviewed,us,us
2020-06-05T04:04:29.450Z,-6.3154,103.7211,23.33,5.2,mb,,83,2.086,0.98,us,us6000a6bz,2020-08-18T17:58:52.040Z,"196 km WSW of Bandar Lampung, Indonesia",earthquake,7,4,0.066,76,reviewed,us,us
2020-06-05T01:23:03.458Z,4.5025,95.1232,50.69,4.5,mb,,139,1.955,0.87,us,us6000a6ac,2020-08-18T17:58:51.040Z,"117 km SSW of Banda Aceh, Indonesia",earthquake,9.2,8.2,0.1,29,reviewed,us,us
2020-06-04T23:12:34.433Z,-8.1267,121.7144,10,4.5,mb,,108,0.723,0.81,us,us6000a686,2020-08-18T17:58:51.040Z,"77 km NW of Maumere, Indonesia",earthquake,4.7,1.9,0.1,29,reviewed,us,us
2020-06-04T13:12:34.163Z,1.2181,126.277,29.82,4.9,mww,,80,1.176,1.02,us,us6000a5wj,2025-12-22T18:35:28.942Z,"Molucca Sea",earthquake,7.4,4.4,0.098,10,reviewed,us,us
2020-06-04T08:49:40.397Z,2.911,128.248,112.86,6.4,mww,,20,2.3,0.86,us,us6000a5r3,2025-12-22T18:35:27.785Z,"133 km NNE of Tobelo, Indonesia",earthquake,6.4,4.7,0.055,32,reviewed,us,us
2020-06-03T22:30:55.044Z,5.6736,95.17,10,4.6,mb,,87,1.823,0.56,us,us6000a5jq,2022-03-10T05:19:43.698Z,"23 km NW of Banda Aceh, Indonesia",earthquake,7.9,1.9,0.076,52,reviewed,us,us
2020-06-03T15:54:04.610Z,-7.0058,116.9276,639.88,5.7,mww,,24,3.111,1.02,us,usd000crm9,2025-12-22T18:35:24.054Z,"167 km NNW of Pototano, Indonesia",earthquake,7.7,2.8,0.056,31,reviewed,us,us
2020-06-03T06:58:26.297Z,4.6282,127.5602,119.97,4.8,mb,,73,3.125,0.8,us,us6000a4xx,2020-08-18T17:58:44.040Z,"245 km SE of Pondaguitan, Philippines",earthquake,7,4.3,0.047,140,reviewed,us,us
2020-06-02T16:37:39.457Z,2.0584,121.3877,10,4.5,mb,,62,1.119,0.58,us,us6000a8p7,2020-08-15T20:20:06.040Z,"251 km NW of Gorontalo, Indonesia",earthquake,7.4,1.8,0.092,35,reviewed,us,us
2020-06-02T15:15:38.255Z,-7.3497,130.0329,61.93,4.6,mb,,89,1.403,0.71,us,us6000a4fg,2020-08-15T20:20:05.040Z,"Pulau Pulau Tanimbar, Indonesia",earthquake,7,7.3,0.084,42,reviewed,us,us
2020-06-02T07:13:02.988Z,3.1089,128.0562,55.73,4.5,mb,,70,2.421,0.57,us,us6000a471,2020-08-15T20:20:04.040Z,"152 km N of Tobelo, Indonesia",earthquake,4.2,8.4,0.113,23,reviewed,us,us
2020-06-01T14:08:05.473Z,-6.2769,130.8615,86.96,4.6,mb,,47,1.749,0.67,us,us6000a3p8,2020-08-15T20:20:01.040Z,"221 km WSW of Tual, Indonesia",earthquake,8.1,8.1,0.111,24,reviewed,us,us
2020-06-01T01:06:43.690Z,-3.0358,129.9155,10,4.7,mb,,55,2.333,0.77,us,us6000a3e7,2020-08-15T20:19:59.040Z,"Seram, Indonesia",earthquake,6.1,1.8,0.08,47,reviewed,us,us
2020-05-30T13:06:24.005Z,4.071,126.5197,28.61,5.6,mww,,46,3.122,0.84,us,us6000a2n5,2025-12-22T18:35:11.142Z,"188 km SE of Sarangani, Philippines",earthquake,6.3,3.2,0.054,33,reviewed,us,us
2020-05-28T02:03:32.200Z,-5.9213,102.793,10,4.7,mb,,71,1.558,0.61,us,us6000a5zm,2020-08-15T20:19:40.040Z,"215 km SSW of Pagar Alam, Indonesia",earthquake,9.2,1.9,0.159,12,reviewed,us,us
2020-05-28T01:40:33.229Z,-5.904,102.8051,10.02,4.7,mb,,115,1.54,0.72,us,us6000a0p6,2020-08-15T20:19:40.040Z,"213 km SSW of Pagar Alam, Indonesia",earthquake,7,3.8,0.083,44,reviewed,us,us
2020-05-27T19:35:52.339Z,-6.2191,130.6945,129.14,4.9,mb,,32,1.851,0.88,us,us6000a0e8,2020-08-15T20:19:39.040Z,"237 km WSW of Tual, Indonesia",earthquake,6.8,4.1,0.056,101,reviewed,us,us
2020-05-27T15:47:26.843Z,-5.8434,102.9038,23.78,4.5,mb,,124,1.474,0.86,us,us6000a5uh,2020-08-15T20:19:38.040Z,"204 km S of Pagar Alam, Indonesia",earthquake,9,5,0.115,22,reviewed,us,us
2020-05-27T07:46:53.519Z,5.0124,125.3914,184.95,4.6,mb,,42,2.052,1.24,us,us60009zvw,2020-08-15T20:19:36.040Z,"43 km S of Sarangani, Philippines",earthquake,6.9,5.7,0.041,175,reviewed,us,us
2020-05-26T07:32:09.903Z,-4.2989,127.3723,261.18,4.5,mb,,50,5.056,0.77,us,us6000a4ik,2020-08-08T18:17:38.040Z,"112 km SW of Ambon, Indonesia",earthquake,7.7,5.8,0.113,23,reviewed,us,us
2020-05-25T10:42:29.415Z,0.3786,125.5488,66.73,4.5,mb,,50,1.859,1.19,us,us6000a4cp,2020-08-08T18:17:37.040Z,"124 km SE of Tondano, Indonesia",earthquake,7.3,6.1,0.106,26,reviewed,us,us
2020-05-24T07:11:43.210Z,-7.8402,107.9778,64.88,4.8,mb,,66,0.496,0.62,us,us70009pd2,2020-08-08T18:17:55.040Z,"56 km SSW of Singaparna, Indonesia",earthquake,7.2,2.3,0.071,62,reviewed,us,us
2020-05-23T00:13:38.002Z,-7.1501,129.1447,124.95,5.3,mww,,16,2.29,1.35,us,us70009nva,2025-12-22T18:35:36.003Z,"281 km ENE of Lospalos, Timor Leste",earthquake,5.8,3.6,0.061,26,reviewed,us,us
2020-05-22T22:36:52.865Z,-2.4966,99.5207,10,5.1,mb,,174,3.188,0.76,us,us70009nuc,2020-08-08T18:17:51.040Z,"194 km SSW of Padang, Indonesia",earthquake,8.7,1.5,0.062,83,reviewed,us,us
2020-05-22T11:48:18.082Z,-2.7933,129.5966,10,4.5,mb,,68,2.652,0.84,us,us70009nb3,2020-08-08T18:17:49.040Z,"Seram, Indonesia",earthquake,3.8,1.9,0.108,25,reviewed,us,us
2020-05-22T07:05:23.671Z,3.5468,126.819,50.12,4.6,mb,,106,2.81,0.71,us,us70009n40,2020-08-08T18:17:48.040Z,"240 km NNW of Tobelo, Indonesia",earthquake,7.2,8.3,0.116,22,reviewed,us,us
2020-05-22T06:28:09.304Z,3.5555,126.9191,45.75,4.8,mb,,108,2.801,0.81,us,us70009n2u,2020-08-08T18:17:48.040Z,"235 km NNW of Tobelo, Indonesia",earthquake,9.4,8.1,0.097,33,reviewed,us,us
2020-05-20T12:45:07.210Z,5.2037,126.1163,90.28,5,mww,,82,1.929,0.85,us,us70009lmq,2025-12-22T18:34:32.188Z,"75 km ESE of Sarangani, Philippines",earthquake,6.7,3.2,0.086,13,reviewed,us,us
2020-05-20T00:38:43.755Z,5.5681,126.5474,116.96,4.5,mb,,115,1.775,0.71,us,us6000a0ym,2020-08-08T18:17:33.040Z,"96 km SSE of Pondaguitan, Philippines",earthquake,10.3,7.6,0.124,19,reviewed,us,us
2020-05-19T19:38:12.085Z,5.4325,124.9871,54.35,4.8,mb,,100,1.729,1.14,us,us70009l4a,2020-08-02T00:28:03.040Z,"43 km SW of Burias, Philippines",earthquake,6.2,6.8,0.052,121,reviewed,us,us
2020-05-19T16:04:34.158Z,-4.8598,129.5065,202.42,4.5,mb,,95,3.346,0.36,us,us6000a02g,2020-08-02T00:28:07.040Z,"180 km SSE of Amahai, Indonesia",earthquake,10.6,6.4,0.15,13,reviewed,us,us
2020-05-19T10:00:18.966Z,-7.8311,107.9644,61.62,4.9,mb,,49,0.48,0.84,us,us70009kn8,2020-08-02T00:28:15.040Z,"55 km SSW of Singaparna, Indonesia",earthquake,8.3,5,0.067,72,reviewed,us,us
2020-05-19T01:06:40.374Z,-4.6611,103.5046,59.44,4.7,mb,,88,0.623,0.22,us,us6000a014,2020-08-02T00:28:30.040Z,"75 km SSE of Pagar Alam, Indonesia",earthquake,7,6.8,0.147,14,reviewed,us,us
2020-05-19T00:28:12.403Z,-1.0995,126.9809,10,4.5,mb,,66,1.898,1.2,us,us6000a00z,2020-08-02T00:28:30.040Z,"213 km SSW of Sofifi, Indonesia",earthquake,6.1,1.9,0.156,12,reviewed,us,us
2020-05-18T16:50:17.692Z,1.521,126.4919,42.93,4.8,mb,,53,1.148,0.41,us,us70009jv1,2020-08-02T00:28:44.040Z,"128 km NW of Ternate, Indonesia",earthquake,6.4,5.9,0.063,79,reviewed,us,us
2020-05-18T04:01:18.186Z,4.6843,127.7316,85.37,4.5,mb,,90,3.193,0.7,us,us70009jd9,2020-08-02T00:29:04.040Z,"253 km SE of Pondaguitan, Philippines",earthquake,9.2,6,0.089,37,reviewed,us,us
2020-05-16T21:51:27.236Z,-6.7932,127.3042,10,4.5,mb,,62,4.206,0.69,us,us70009nam,2020-08-02T00:29:53.040Z,"194 km N of Lospalos, Timor Leste",earthquake,7.9,0.9,0.132,17,reviewed,us,us
2020-05-16T03:17:16.715Z,-8.2661,120.6138,189.04,4.6,mb,,81,1.647,0.69,us,us70009na0,2020-08-02T00:30:37.040Z,"41 km NNE of Ruteng, Indonesia",earthquake,9.7,9.6,0.274,4,reviewed,us,us
2020-05-15T21:32:16.996Z,-6.4547,103.5123,29.48,4.5,mb,,119,2.152,0.81,us,us70009hcd,2020-08-02T00:30:54.040Z,"224 km WSW of Bandar Lampung, Indonesia",earthquake,8.8,5,0.09,36,reviewed,us,us
2020-05-15T14:12:05.528Z,-6.4563,128.2097,321.37,4.8,mb,,58,3.419,0.76,us,us70009gr1,2020-08-02T00:31:26.040Z,"264 km NNE of Lospalos, Timor Leste",earthquake,8.4,6.6,0.047,139,reviewed,us,us
2020-05-15T02:38:25.983Z,1.5005,127.1348,134.65,4.6,mb,,66,0.76,0.76,us,us70009get,2020-08-02T00:31:52.040Z,"83 km NNW of Ternate, Indonesia",earthquake,8.1,5.4,0.087,40,reviewed,us,us
2020-05-12T05:15:29.858Z,-6.736,129.6303,160.4,4.6,mb,,45,2.067,0.79,us,us70009ekf,2020-07-29T22:14:37.040Z,"Banda Sea",earthquake,6.6,6.7,0.074,54,reviewed,us,us
2020-05-11T16:21:25.911Z,1.6086,126.3845,39.89,4.7,mb,,56,1.286,0.74,us,us70009e62,2020-07-29T22:14:33.040Z,"143 km NW of Ternate, Indonesia",earthquake,7.5,6.7,0.068,65,reviewed,us,us
2020-05-11T15:23:04.751Z,-8.576,118.3763,131.64,4.5,mb,,76,3.793,0.97,us,us70009jq8,2020-07-29T22:14:33.040Z,"10 km WSW of Dompu, Indonesia",earthquake,7.6,7.6,0.113,23,reviewed,us,us
2020-05-11T14:30:42.830Z,2.2436,95.0397,10,4.6,mb,,222,2.701,0.92,us,us70009jqg,2020-07-29T22:14:32.040Z,"151 km W of Sinabang, Indonesia",earthquake,12,1.9,0.207,7,reviewed,us,us
2020-05-11T13:36:27.078Z,4.4885,127.7075,110.71,4.5,mb,,83,3.707,0.62,us,us70009e20,2020-07-29T22:14:32.040Z,"267 km SE of Pondaguitan, Philippines",earthquake,9.4,6.4,0.07,60,reviewed,us,us
2020-05-11T08:47:38.369Z,-6.2817,129.9092,10,4.5,mb,,128,2.181,0.86,us,us70009jpv,2020-07-29T22:14:31.040Z,"Banda Sea",earthquake,9.8,1.9,0.271,4,reviewed,us,us
2020-05-11T06:44:43.436Z,-7.001,104.9956,35,4.5,mb,,195,2.673,0.33,us,us70009jpr,2020-07-29T22:14:30.040Z,"115 km SW of Labuan, Indonesia",earthquake,11.3,2,0.22,6,reviewed,us,us
2020-05-11T01:06:18.743Z,-6.0613,129.9115,10,5.7,mww,,15,2.353,0.92,us,us70009dvh,2025-12-22T18:34:11.086Z,"Banda Sea",earthquake,5.6,1.5,0.061,26,reviewed,us,us
2020-05-10T02:34:08.239Z,-7.4434,128.0588,169.74,4.6,mb,,57,3.255,1.03,us,us70009dkm,2020-07-29T22:14:26.040Z,"167 km NE of Lospalos, Timor Leste",earthquake,6.4,5.6,0.105,27,reviewed,us,us
2020-05-10T00:57:26.852Z,1.8087,127.4596,136.84,4.6,mb,,42,1.034,0.57,us,us70009dk2,2020-07-29T22:14:26.040Z,"61 km W of Tobelo, Indonesia",earthquake,6.5,4.3,0.079,47,reviewed,us,us
2020-05-09T11:14:40.628Z,-9.601,125.0443,10,4.6,mb,,71,0.781,0.81,us,us70009d96,2020-07-29T22:14:23.040Z,"39 km SW of Suai, Timor Leste",earthquake,6.8,1.9,0.111,24,reviewed,us,us
2020-05-09T05:49:14.763Z,-7.0159,129.4925,168.39,5.1,mww,,84,2.032,0.93,us,us70009d3s,2025-12-22T18:34:06.352Z,"Kepulauan Babar, Indonesia",earthquake,4.8,6,0.061,26,reviewed,us,us
2020-05-08T10:32:45.147Z,-8.6843,114.5627,95.26,4.5,mb,,87,0.458,0.78,us,us70009g3z,2020-07-29T22:14:19.040Z,"36 km S of Negara, Indonesia",earthquake,10.8,5.4,0.118,21,reviewed,us,us
2020-05-06T19:30:11.107Z,1.7971,127.3745,101.73,4.7,mb,,54,1.018,1.16,us,us70009bal,2020-07-29T22:14:11.040Z,"71 km W of Tobelo, Indonesia",earthquake,8.1,5.6,0.065,71,reviewed,us,us
2020-05-06T13:53:55.940Z,-6.7761,129.7852,96,6.8,mww,,16,1.921,0.76,us,us70009b14,2025-12-22T18:40:15.182Z,"Banda Sea",earthquake,6.4,1.9,0.065,23,reviewed,us,us
2020-05-06T01:43:47.280Z,1.3944,126.4404,46.04,4.9,mb,,71,1.113,0.62,us,us70009atx,2020-07-29T22:14:08.040Z,"124 km WNW of Ternate, Indonesia",earthquake,6.4,6.6,0.056,101,reviewed,us,us
2020-05-05T12:25:13.749Z,-2.0211,138.8976,22.98,4.5,mb,,65,6.702,0.59,us,us70009ae2,2020-07-18T21:57:36.040Z,"203 km WNW of Abepura, Indonesia",earthquake,8.4,5.5,0.089,37,reviewed,us,us
2020-05-05T05:37:14.221Z,-3.8751,140.3116,35,4.5,mb,,46,1.407,0.7,us,us70009es3,2020-07-18T21:57:48.040Z,"145 km SSW of Abepura, Indonesia",earthquake,7.3,1.9,0.108,25,reviewed,us,us
2020-05-04T07:13:22.988Z,1.9439,126.9468,97.8,4.5,mb,,83,1.237,0.62,us,us70009eln,2020-07-18T21:57:46.040Z,"120 km WNW of Tobelo, Indonesia",earthquake,8.5,6.3,0.115,22,reviewed,us,us
2020-05-03T16:39:14.141Z,-7.0446,129.1847,169.35,4.5,mb,,32,2.294,0.7,us,us700099dq,2020-07-18T21:57:32.040Z,"291 km NE of Lospalos, Timor Leste",earthquake,7.7,6.8,0.093,34,reviewed,us,us
2020-05-03T07:06:45.122Z,-6.2306,104.6938,48.5,5,mww,,57,2.539,0.88,us,us7000997z,2025-12-22T18:33:25.299Z,"108 km SW of Bandar Lampung, Indonesia",earthquake,6,4.1,0.098,10,reviewed,us,us
2020-05-03T01:13:21.764Z,-0.4857,127.7973,10,4.5,mb,,77,1.321,0.77,us,us70009cf5,2020-07-18T21:57:45.040Z,"137 km S of Sofifi, Indonesia",earthquake,4.4,1.9,0.191,8,reviewed,us,us
2020-05-01T13:48:38.572Z,4.6376,127.0414,78.04,4.8,mww,,103,2.82,0.66,us,us7000987q,2020-07-18T21:57:08.040Z,"194 km ESE of Sarangani, Philippines",earthquake,8.2,6.5,0.098,10,reviewed,us,us
2020-04-30T21:23:21.830Z,-2.3984,138.7274,58.9,5.1,mww,,18,6.492,1.1,us,us700097x8,2025-12-22T17:57:25.596Z,"212 km W of Abepura, Indonesia",earthquake,8.5,4.9,0.086,13,reviewed,us,us
2020-04-30T08:21:59.649Z,-7.0922,106.9026,59.57,4.8,mb,,50,0.827,0.8,us,us70009aj8,2020-07-18T21:57:39.040Z,"19 km S of Sukabumi, Indonesia",earthquake,7.8,5.5,0.072,59,reviewed,us,us
2020-04-30T08:20:26.093Z,1.2299,99.5995,17.12,5,mww,,29,1.603,0.72,us,us700097e2,2025-12-22T18:33:14.086Z,"40 km ESE of Padangsidempuan, Indonesia",earthquake,4.9,3.2,0.098,10,reviewed,us,us
2020-04-30T04:10:35.715Z,-2.9811,130.0352,10,4.6,mb,,58,2.211,0.74,us,us700097av,2020-07-18T21:57:04.040Z,"130 km ENE of Amahai, Indonesia",earthquake,6.7,1.8,0.092,35,reviewed,us,us
2020-04-30T01:52:36.955Z,-0.056,123.7186,54.06,4.5,mb,,78,1.362,0.69,us,us70009aj1,2020-07-18T21:57:38.040Z,"98 km SE of Gorontalo, Indonesia",earthquake,8.3,7.9,0.093,34,reviewed,us,us
2020-04-29T17:47:07.930Z,4.6331,127.007,61.8,4.8,mb,,111,2.806,0.77,us,us60009eug,2020-07-18T21:57:04.040Z,"191 km ESE of Sarangani, Philippines",earthquake,3.7,6.2,0.056,99,reviewed,us,us
2020-04-29T08:17:48.298Z,-4.4942,102.5006,50.92,4.8,mb,,95,0.472,0.67,us,us60009ejp,2020-07-18T21:57:03.040Z,"81 km SSE of Bengkulu, Indonesia",earthquake,7.6,5.7,0.081,47,reviewed,us,us
2020-04-28T04:43:20.332Z,-7.0361,104.9452,35,4.7,mb,,142,2.658,0.44,us,us700099yn,2020-07-11T22:19:29.040Z,"121 km SW of Labuan, Indonesia",earthquake,9.8,2,0.166,11,reviewed,us,us
2020-04-27T23:18:14.988Z,1.5751,97.0459,29.03,4.5,mb,,163,0.594,0.6,us,us60009dl4,2020-07-11T22:19:13.040Z,"114 km SW of Singkil, Indonesia",earthquake,5.4,6,0.09,36,reviewed,us,us
2020-04-26T23:48:44.351Z,5.6607,126.8983,57.96,5.1,mww,,72,1.917,1.24,us,us60009czd,2025-12-22T18:33:05.649Z,"111 km SE of Pondaguitan, Philippines",earthquake,7.4,4.6,0.093,11,reviewed,us,us
2020-04-25T00:40:36.765Z,-6.4231,129.3019,203.96,4.5,mb,,88,2.515,0.7,us,us60009by3,2020-07-11T22:19:00.040Z,"Banda Sea",earthquake,7.5,9.5,0.124,19,reviewed,us,us
2020-04-21T16:44:36.643Z,-3.0464,136.2787,40.6,4.6,mb,,57,4.026,0.89,us,us7000913r,2020-07-09T14:31:41.040Z,"93 km ENE of Nabire, Indonesia",earthquake,7.2,6.3,0.074,55,reviewed,us,us
2020-04-21T10:51:35.758Z,1.2597,126.3959,31.41,4.6,mb,,89,1.084,0.56,us,us700090yf,2020-07-09T14:31:40.040Z,"121 km WNW of Ternate, Indonesia",earthquake,6.9,4.5,0.083,43,reviewed,us,us
2020-04-19T13:09:31.116Z,4.0231,126.1659,16.73,5.1,mww,,43,3.082,0.97,us,us70008zy6,2025-12-22T17:57:23.377Z,"171 km SSE of Sarangani, Philippines",earthquake,4.8,2.7,0.068,21,reviewed,us,us
2020-04-18T17:45:37.585Z,0.366,125.4773,57.99,4.8,mww,,27,1.931,1.11,us,us70008zgj,2020-07-09T14:31:26.040Z,"121 km SSE of Tondano, Indonesia",earthquake,6,5,0.093,11,reviewed,us,us
2020-04-17T01:57:45.897Z,2.4111,128.3582,65.63,4.5,mb,,106,1.906,0.5,us,us60009arw,2020-07-09T14:31:16.040Z,"84 km NNE of Tobelo, Indonesia",earthquake,3.9,8.7,0.156,12,reviewed,us,us
2020-04-15T23:37:44.171Z,-8.3013,116.9375,10,4.7,mb,,25,2.761,0.65,us,us70008x7g,2020-07-09T14:31:09.040Z,"37 km NE of Labuan Lombok, Indonesia",earthquake,5.6,1.8,0.071,60,reviewed,us,us
2020-04-15T21:03:38.115Z,1.1073,126.6767,41.39,5.7,mww,,24,0.766,0.78,us,us70008x2q,2025-12-22T18:32:39.953Z,"86 km WNW of Ternate, Indonesia",earthquake,5.8,4.4,0.066,22,reviewed,us,us
2020-04-14T19:36:18.953Z,3.7874,96.1114,52.45,4.7,mb,,38,1.656,0.68,us,us70008w7k,2020-06-30T14:03:10.040Z,"39 km S of Meulaboh, Indonesia",earthquake,8.3,5.5,0.068,72,reviewed,us,us
2020-04-14T19:20:33.501Z,2.6927,128.2636,57.92,4.9,mb,,48,2.108,0.84,us,us70008w71,2020-06-30T14:03:10.040Z,"110 km NNE of Tobelo, Indonesia",earthquake,3.5,6.2,0.039,208,reviewed,us,us
2020-04-14T15:10:18.568Z,-3.2442,128.8654,10,4.5,mb,,39,3.364,0.59,us,us70008w1c,2020-06-30T14:03:09.040Z,"12 km NNW of Amahai, Indonesia",earthquake,6.4,1.9,0.085,41,reviewed,us,us
2020-04-13T14:59:35.531Z,0.2905,126.8276,38.49,5,mb,,44,0.72,0.85,us,us70008vi8,2020-06-30T14:03:05.040Z,"83 km SW of Ternate, Indonesia",earthquake,6.1,5.7,0.052,118,reviewed,us,us
2020-04-13T06:44:26.940Z,3.7387,125.388,42.32,5,mb,,44,3.314,0.56,us,us70008vcy,2020-06-30T14:03:04.040Z,"184 km S of Sarangani, Philippines",earthquake,7.3,2,0.052,118,reviewed,us,us
2020-04-12T03:27:54.632Z,-6.6694,130.4918,86.84,4.5,mb,,43,1.53,1.03,us,us70008uj0,2020-06-30T14:03:01.040Z,"275 km WSW of Tual, Indonesia",earthquake,4.7,7.2,0.101,29,reviewed,us,us
2020-04-11T20:23:46.754Z,2.3949,127.2288,92.19,4.9,mb,,42,1.618,0.99,us,us70008u8d,2020-06-30T14:02:59.040Z,"113 km NW of Tobelo, Indonesia",earthquake,6.8,5.1,0.064,81,reviewed,us,us
2020-04-10T18:45:49.730Z,5.5945,126.4894,79.86,5.1,mww,,32,1.722,0.89,us,us70008tex,2025-12-22T18:32:21.939Z,"91 km SSE of Pondaguitan, Philippines",earthquake,5.5,3.6,0.066,22,reviewed,us,us
2020-04-09T16:57:15.506Z,-7.1638,129.2884,144.57,4.6,mb,,43,2.152,0.77,us,us70008shn,2020-06-30T14:02:49.040Z,"293 km ENE of Lospalos, Timor Leste",earthquake,6.4,6.4,0.085,47,reviewed,us,us
2020-04-09T01:43:36.543Z,-1.524,134.1041,37.2,4.6,mb,,104,2.314,0.84,us,us70008s4b,2020-06-30T14:02:48.040Z,"73 km S of Manokwari, Indonesia",earthquake,9.7,7.1,0.074,55,reviewed,us,us
2020-04-08T03:32:03.809Z,-1.432,120.0652,9.22,4.5,mb,,49,2.625,0.72,us,us70008rbp,2020-06-30T14:02:44.040Z,"61 km SSE of Palu, Indonesia",earthquake,6.2,5.4,0.128,18,reviewed,us,us
2020-04-07T17:42:49.143Z,-7.5258,128.5592,144.54,4.6,mb,,58,2.752,1.11,us,us70008qtj,2020-06-21T00:55:18.040Z,"204 km ENE of Lospalos, Timor Leste",earthquake,6.1,6.3,0.075,58,reviewed,us,us
2020-04-07T08:03:00.023Z,-9.3569,112.3524,52.07,4.9,mb,,52,1.984,1.27,us,us70008qfi,2020-06-21T00:55:15.040Z,"133 km S of Sumberpucung, Indonesia",earthquake,7.9,6.7,0.078,51,reviewed,us,us
2020-04-06T19:20:27.360Z,2.8254,95.753,35,5,mb,,102,2.366,0.7,us,us70008q3h,2020-06-21T00:55:12.040Z,"79 km WNW of Sinabang, Indonesia",earthquake,8.4,1.9,0.069,68,reviewed,us,us
2020-04-06T05:31:03.283Z,1.4629,126.4463,39.64,4.8,mb,,91,1.148,0.65,us,us70008pr4,2020-06-21T00:55:09.040Z,"128 km NW of Ternate, Indonesia",earthquake,6.4,7.7,0.068,67,reviewed,us,us
2020-04-05T22:57:45.965Z,1.6621,126.693,51.65,4.5,mb,,78,1.111,0.54,us,us70008shh,2020-06-21T00:55:07.040Z,"123 km NW of Ternate, Indonesia",earthquake,9.1,8.2,0.128,18,reviewed,us,us
2020-04-05T22:42:53.832Z,-5.2757,102.5135,35,4.9,mb,,65,1.01,0.95,us,us70008pjp,2020-06-21T00:55:07.040Z,"160 km SSW of Pagar Alam, Indonesia",earthquake,6,1.9,0.075,55,reviewed,us,us
2020-04-05T22:42:28.123Z,1.4023,126.4522,53.5,4.6,mb,,90,1.108,0.65,us,us70008pjw,2020-06-21T00:55:07.040Z,"123 km WNW of Ternate, Indonesia",earthquake,7.3,7.4,0.092,35,reviewed,us,us
2020-04-05T20:44:06.014Z,0.9558,118.7371,52.98,4.6,mb,,67,2.05,1.05,us,us70008pgq,2020-06-21T00:55:06.040Z,"166 km ENE of Bontang, Indonesia",earthquake,4.5,6.9,0.119,21,reviewed,us,us
2020-04-05T18:37:10.876Z,1.395,126.4381,42,6,mww,,31,1.115,1.23,us,us70008peg,2025-12-22T17:57:18.664Z,"124 km WNW of Ternate, Indonesia",earthquake,6.6,1.9,0.06,27,reviewed,us,us
2020-04-05T00:15:23.641Z,-8.5361,113.1477,127.08,4.9,mww,,31,0.995,0.87,us,us70008nye,2025-12-22T18:32:10.485Z,"36 km SW of Kencong, Indonesia",earthquake,6.4,5.2,0.068,21,reviewed,us,us
2020-04-03T12:50:23.332Z,1.623,126.548,35,4.6,mb,,106,1.176,0.56,us,us70008mlj,2020-06-21T00:54:50.040Z,"130 km NW of Ternate, Indonesia",earthquake,6.1,2,0.098,31,reviewed,us,us
2020-04-02T21:42:41.631Z,-6.9666,126.6195,408.54,5.2,mww,,27,3.618,1.3,us,us70008m1n,2025-12-22T18:32:02.951Z,"167 km N of Baukau, Timor Leste",earthquake,6.4,4,0.08,15,reviewed,us,us
2020-04-02T02:13:11.964Z,-7.9349,125.7018,16.19,5.5,mww,,27,2.298,0.95,us,us70008l5g,2025-12-22T18:32:01.156Z,"65 km N of Metinaro, Timor Leste",earthquake,6.6,3.2,0.066,22,reviewed,us,us
2020-03-31T08:05:33.080Z,-7.6283,127.4063,167.45,4.8,mb,,29,3.754,0.81,us,us70008j34,2020-06-13T18:44:47.040Z,"108 km NNE of Lospalos, Timor Leste",earthquake,6.5,5.8,0.073,59,reviewed,us,us
2020-03-31T07:27:56.513Z,4.6593,125.3566,25.59,4.7,mb,,106,2.404,1.31,us,us70008j2u,2020-06-13T18:44:39.040Z,"83 km S of Sarangani, Philippines",earthquake,2.8,6.3,0.078,50,reviewed,us,us
2020-03-30T21:01:35.811Z,-9.2256,123.8071,102.95,4.9,mb,,61,0.695,1.2,us,us70008iul,2020-06-13T18:44:33.040Z,"41 km N of Naisano Dua, Indonesia",earthquake,7,6.5,0.086,43,reviewed,us,us
2020-03-30T14:48:41.374Z,-9.648,112.9979,49.18,4.5,mb,,117,1.633,0.81,us,us70008mnl,2020-06-13T18:44:37.040Z,"156 km SSW of Kencong, Indonesia",earthquake,8.7,8.5,0.1,29,reviewed,us,us
2020-03-28T23:10:38.495Z,-7.137,124.0206,590.05,5.3,mww,,19,2.31,0.76,us,us70008hzy,2025-12-22T18:31:53.119Z,"209 km NW of Maubara, Timor Leste",earthquake,9,4.9,0.093,11,reviewed,us,us
2020-03-28T15:43:17.479Z,-1.7144,120.1775,10,5.9,mww,,36,2.678,1.19,us,us70008hvb,2025-12-22T18:31:53.897Z,"73 km WSW of Poso, Indonesia",earthquake,6,1.8,0.047,43,reviewed,us,us
2020-03-28T09:44:59.739Z,-10.9835,115.2504,10,4.6,mb,,62,2.722,0.87,us,us70008hs0,2020-06-13T18:44:37.040Z,"241 km S of Nusa Dua, Indonesia",earthquake,5.2,1.9,0.091,36,reviewed,us,us
2020-03-27T21:53:56.021Z,-10.9995,115.2578,10,4.5,mb,,117,2.739,1.01,us,us70008hkb,2020-06-13T18:44:37.040Z,"243 km S of Nusa Dua, Indonesia",earthquake,5.2,1.9,0.093,34,reviewed,us,us
2020-03-27T14:32:48.194Z,0.1747,133.5831,10,5.6,mww,,62,3.35,0.96,us,us70008h8n,2025-12-22T18:31:51.579Z,"126 km NNW of Manokwari, Indonesia",earthquake,8.7,1.8,0.073,18,reviewed,us,us
2020-03-27T06:27:19.556Z,-2.8715,139.4311,110.51,4.5,mb,,57,7.173,0.87,us,us70008h4x,2020-06-13T18:44:41.040Z,"136 km WSW of Abepura, Indonesia",earthquake,10.4,6.1,0.11,24,reviewed,us,us
2020-03-27T02:49:03.076Z,-2.94,139.1602,35,4.5,mb,,51,1.599,1.28,us,us70008h3r,2020-06-13T18:44:41.040Z,"168 km WSW of Abepura, Indonesia",earthquake,6.4,1.9,0.104,27,reviewed,us,us
2020-03-26T21:36:42.248Z,-2.9507,139.1131,38,5.7,mww,,13,6.855,0.8,us,us70008gtk,2025-12-22T17:57:16.435Z,"173 km WSW of Abepura, Indonesia",earthquake,7.2,1.8,0.071,19,reviewed,us,us
2020-03-26T20:34:17.012Z,-9.2645,113.595,58.27,4.5,mb,,70,0.962,0.57,us,us70008gqz,2020-06-13T18:44:37.040Z,"111 km SSE of Kencong, Indonesia",earthquake,7,6.1,0.111,24,reviewed,us,us
2020-03-26T19:49:22.791Z,-2.9395,139.2393,35,4.6,mb,,56,1.523,0.86,us,us70008gpv,2020-06-13T18:44:41.040Z,"159 km WSW of Abepura, Indonesia",earthquake,6.9,1.9,0.065,70,reviewed,us,us
2020-03-26T15:38:04.089Z,5.5669,125.0521,59,6.1,mww,,11,1.582,1.34,us,us70008ghw,2025-12-22T18:31:48.469Z,"27 km SW of Burias, Philippines",earthquake,4.1,1.7,0.038,67,reviewed,us,us
2020-03-26T07:54:09.715Z,-2.85,130.0348,10,4.5,mb,,60,2.212,0.82,us,us70008jdu,2020-06-13T18:44:54.040Z,"135 km ENE of Amahai, Indonesia",earthquake,7.2,1.9,0.135,16,reviewed,us,us
2020-03-26T07:12:40.395Z,5.316,127.5683,10,4.9,mb,,76,2.635,0.88,us,us70008g9c,2020-06-13T18:44:41.040Z,"192 km SE of Pondaguitan, Philippines",earthquake,7.5,1.8,0.058,92,reviewed,us,us
2020-03-26T06:49:18.057Z,-2.9755,139.0242,35,4.8,mb,,55,6.766,0.85,us,us70008g96,2026-02-04T20:35:30.283Z,"183 km WSW of Abepura, Indonesia",earthquake,8,1.9,0.049,127,reviewed,us,us
2020-03-25T02:20:06.758Z,2.8439,128.1246,129.57,4.7,mb,,85,2.193,0.67,us,us70008fhr,2020-06-13T18:44:49.040Z,"124 km N of Tobelo, Indonesia",earthquake,7.4,7.6,0.066,69,reviewed,us,us
2020-03-25T01:43:35.015Z,2.6754,128.2779,137.91,4.7,mb,,80,2.098,0.77,us,us70008fh7,2020-06-13T18:44:49.040Z,"108 km NNE of Tobelo, Indonesia",earthquake,9,4.3,0.066,70,reviewed,us,us
2020-03-23T17:43:29.219Z,-1.9598,140.6026,10,4.6,mb,,64,0.56,0.8,us,us70008ems,2020-06-06T20:54:11.040Z,"64 km NNW of Jayapura, Indonesia",earthquake,6.4,1.9,0.086,40,reviewed,us,us
2020-03-23T17:28:13.990Z,-2.1531,140.7807,10,4.6,mb,,61,0.367,1.18,us,us70008emj,2025-12-22T18:31:36.539Z,"42 km N of Jayapura, Indonesia",earthquake,8.9,1.9,0.078,50,reviewed,us,us
2020-03-23T17:25:49.734Z,-2.1096,140.7773,10,4.6,mb,,45,0.408,1.27,us,us70008em1,2025-12-22T18:31:35.654Z,"47 km N of Jayapura, Indonesia",earthquake,6.4,1.9,0.082,45,reviewed,us,us
2020-03-23T11:04:33.345Z,-6.1237,130.6874,94.77,4.7,mww,,69,1.944,0.85,us,us70008eh6,2020-06-06T20:54:10.040Z,"235 km WSW of Tual, Indonesia",earthquake,6.7,5.1,0.098,10,reviewed,us,us
2020-03-22T13:31:52.455Z,5.1328,125.2016,46.75,4.5,mb,,108,1.96,1.28,us,us70008e20,2020-06-06T20:54:06.040Z,"41 km SW of Sarangani, Philippines",earthquake,7.3,7.8,0.107,26,reviewed,us,us
2020-03-22T05:51:47.836Z,-3.1119,135.6309,30.78,5.1,mb,,55,3.382,0.7,us,us70008dxw,2025-12-22T18:31:30.359Z,"31 km NNE of Nabire, Indonesia",earthquake,8.1,4.3,0.046,155,reviewed,us,us
2020-03-22T03:34:53.465Z,1.3369,121.9752,10,5,mww,,31,1.214,0.98,us,us70008dvs,2025-12-22T18:31:28.636Z,"149 km NW of Gorontalo, Indonesia",earthquake,6.1,1.7,0.062,25,reviewed,us,us
2020-03-21T15:40:57.325Z,-6.1925,104.669,68.52,4.5,mb,,187,2.494,0.75,us,us70008dku,2020-06-06T20:54:02.040Z,"106 km SW of Bandar Lampung, Indonesia",earthquake,7.6,6.6,0.121,20,reviewed,us,us
2020-03-21T03:52:46.124Z,1.6646,127.2192,117.16,4.5,mb,,159,0.899,0.6,us,us70008deg,2020-06-06T20:54:01.040Z,"88 km W of Tobelo, Indonesia",earthquake,9.7,7,0.108,25,reviewed,us,us
2020-03-20T06:12:38.674Z,-2.8436,129.8068,10,4.8,mb,,88,2.44,0.7,us,us70008cqe,2025-12-22T18:31:24.519Z,"Seram, Indonesia",earthquake,3.7,1.9,0.083,45,reviewed,us,us
2020-03-20T05:02:08.608Z,3.4007,126.4723,62.64,4.9,mb,,82,2.76,1.19,us,us70008cpq,2020-06-06T20:53:56.040Z,"248 km SSE of Sarangani, Philippines",earthquake,8.7,7,0.067,69,reviewed,us,us
2020-03-20T04:05:56.089Z,-8.8713,117.8051,36.3,4.6,mb,,45,3.633,1.07,us,us70008cnr,2020-06-06T20:53:55.040Z,"59 km SE of Sumbawa Besar, Indonesia",earthquake,4.1,6.4,0.111,24,reviewed,us,us
2020-03-18T23:54:49.841Z,-6.7286,109.4694,241.95,4.6,mb,,41,1.015,1.26,us,us70008bx9,2020-06-06T20:53:51.040Z,"20 km NNE of Pemalang, Indonesia",earthquake,6.9,4.5,0.061,80,reviewed,us,us
2020-03-18T03:27:53.062Z,3.0282,127.9944,107.85,4.6,mb,,111,2.327,0.38,us,us60008hla,2020-06-06T20:53:45.040Z,"143 km N of Tobelo, Indonesia",earthquake,10.1,9,0.08,46,reviewed,us,us
2020-03-18T03:13:29.659Z,3.0199,128.0385,101.76,5.4,mww,,33,2.331,0.75,us,us60008hkf,2025-12-22T17:57:12.703Z,"142 km N of Tobelo, Indonesia",earthquake,5.6,4.7,0.117,7,reviewed,us,us
2020-03-17T16:22:43.507Z,-7.0405,129.1327,177.48,4.8,mb,,87,2.342,0.76,us,us70008gy7,2020-05-30T22:17:25.040Z,"286 km NE of Lospalos, Timor Leste",earthquake,9.5,10.9,0.392,3,reviewed,us,us
2020-03-16T10:59:11.000Z,-1.1964,126.4508,21.18,5,mb,,42,2.158,0.86,us,us60008ggb,2020-05-30T22:17:13.040Z,"243 km SSW of Ternate, Indonesia",earthquake,6,4.4,0.064,78,reviewed,us,us
2020-03-16T03:56:41.714Z,-7.4774,106.7727,72.78,4.5,mb,,129,0.87,0.79,us,us70008gx1,2020-05-30T22:17:23.040Z,"59 km SSE of Pelabuhanratu, Indonesia",earthquake,10.8,6.8,0.124,19,reviewed,us,us
2020-03-15T21:05:32.421Z,-10.4691,118.2924,10,5.2,mww,,47,4.296,0.86,us,us60008g6f,2025-12-22T18:31:07.076Z,"214 km S of Dompu, Indonesia",earthquake,6.5,1.7,0.055,32,reviewed,us,us
2020-03-15T12:42:45.867Z,-6.6633,127.5565,410.91,4.5,mb,,70,3.936,0.79,us,us60008g1u,2020-05-30T22:17:10.040Z,"214 km NNE of Lospalos, Timor Leste",earthquake,9.5,8.2,0.067,66,reviewed,us,us
2020-03-15T10:45:53.553Z,0.925,126.7603,71.92,4.5,mb,,94,0.625,0.4,us,us60008g0m,2020-05-30T22:17:10.040Z,"71 km WNW of Ternate, Indonesia",earthquake,7.9,7.3,0.103,28,reviewed,us,us
2020-03-15T03:28:48.410Z,-7.9913,122.7299,251.95,4.5,mb,,73,0.804,1.27,us,us70008c3m,2020-05-30T22:17:19.040Z,"89 km NE of Maumere, Indonesia",earthquake,6.2,7.7,0.18,9,reviewed,us,us
2020-03-14T10:42:38.435Z,2.7621,128.3076,47.49,4.9,mb,,95,2.189,0.8,us,us60008fm8,2020-05-30T22:17:08.040Z,"119 km NNE of Tobelo, Indonesia",earthquake,6.3,7.1,0.052,117,reviewed,us,us
2020-03-14T02:17:53.430Z,-8.3139,108.9137,76.53,4.5,mb,,166,1.51,0.45,us,us60008hq9,2020-05-30T22:17:19.040Z,"83 km SSW of Kroya, Indonesia",earthquake,7.8,9.4,0.191,8,reviewed,us,us
2020-03-13T10:22:13.145Z,-0.0109,124.2961,97.58,4.7,mb,,45,1.836,0.6,us,us70008gwd,2020-05-30T22:17:23.040Z,"150 km ESE of Gorontalo, Indonesia",earthquake,3.5,9.1,0.133,17,reviewed,us,us
2020-03-13T09:04:48.222Z,2.9935,126.4086,44.65,4.6,mb,,75,2.405,0.54,us,us70008gw6,2020-05-30T22:17:23.040Z,"226 km NW of Tobelo, Indonesia",earthquake,7.2,7.5,0.095,33,reviewed,us,us
2020-03-12T19:37:24.456Z,3.5541,125.824,150.07,4.5,mb,,103,3.164,0.76,us,us60008ejh,2020-05-30T22:17:04.040Z,"208 km S of Sarangani, Philippines",earthquake,9.3,8,0.131,17,reviewed,us,us
2020-03-12T08:03:18.933Z,-8.9032,110.5406,94.26,5.2,mb,,99,0.984,0.61,us,us60008e67,2020-05-30T22:17:03.040Z,"107 km SSE of Pundong, Indonesia",earthquake,7.7,6.7,0.078,54,reviewed,us,us
2020-03-11T15:54:28.472Z,-5.1659,134.1774,10,4.5,mb,,50,2.946,0.74,us,us60008gks,2020-05-30T22:17:15.040Z,"166 km ENE of Tual, Indonesia",earthquake,8,1.9,0.124,19,reviewed,us,us
2020-03-11T03:04:03.907Z,0.4329,126.3473,55.11,4.6,mb,,40,1.073,0.85,us,us60008dh2,2020-05-30T22:17:01.040Z,"122 km WSW of Ternate, Indonesia",earthquake,7.1,7,0.084,42,reviewed,us,us
2020-03-10T23:08:34.923Z,3.8659,97.2542,110.48,5,mb,,57,1.388,1.08,us,us60008dfc,2020-05-23T22:03:02.040Z,"103 km SW of Langsa, Indonesia",earthquake,7.2,5.3,0.05,129,reviewed,us,us
2020-03-10T14:06:26.665Z,-5.837,103.0187,26.18,5.7,mww,,48,1.468,0.78,us,us60008d51,2025-12-22T18:30:54.815Z,"201 km S of Pagar Alam, Indonesia",earthquake,7.6,3.9,0.062,25,reviewed,us,us
2020-03-10T10:18:04.505Z,-6.7852,106.6813,10,5,mb,,86,1.173,1.15,us,us60008d3j,2025-12-22T18:30:52.232Z,"11 km W of Cicurug, Indonesia",earthquake,6.5,1.8,0.076,56,reviewed,us,us
2020-03-09T16:02:33.568Z,-1.7187,100.4116,63.16,4.6,mb,,176,2.126,0.87,us,us60008ch4,2020-05-23T22:03:30.040Z,"85 km S of Padang, Indonesia",earthquake,8.9,3.1,0.107,27,reviewed,us,us
2020-03-07T11:35:26.116Z,-7.384,128.6984,165.2,5.2,mww,,25,2.645,0.75,us,us60008blz,2025-12-22T18:30:41.105Z,"225 km NE of Lospalos, Timor Leste",earthquake,7.3,4.6,0.053,34,reviewed,us,us
2020-03-06T19:52:59.234Z,-5.2218,102.2091,35,5,mb,,64,1.133,0.87,us,us60008bbr,2020-05-23T22:03:30.040Z,"157 km S of Bengkulu, Indonesia",earthquake,6.6,1.9,0.06,94,reviewed,us,us
2020-03-04T13:36:46.462Z,-3.4641,99.6068,10,5,mww,,44,3.457,0.64,us,us600089dk,2020-05-23T22:03:30.040Z,"252 km SW of Sungai Penuh, Indonesia",earthquake,7.2,1.8,0.073,18,reviewed,us,us
2020-03-04T10:29:15.419Z,4.2851,125.707,158.98,4.5,mb,,115,2.769,0.47,us,us600089ah,2020-05-23T22:03:26.040Z,"126 km SSE of Sarangani, Philippines",earthquake,4.8,8.5,0.104,27,reviewed,us,us
2020-03-03T06:55:53.598Z,0.8912,126.5393,43.59,4.6,mb,,71,0.835,1.34,us,us600088gg,2020-05-19T22:14:22.040Z,"94 km W of Ternate, Indonesia",earthquake,4.2,8.9,0.094,34,reviewed,us,us
2020-03-01T15:50:13.144Z,-6.2076,114.46,502.2,4.6,mb,,54,2.268,0.9,us,us600087ff,2020-05-19T22:14:16.040Z,"109 km NNE of Kalianget, Indonesia",earthquake,9.9,7,0.074,54,reviewed,us,us
2020-03-01T11:07:09.732Z,5.3393,126.6105,48.81,4.6,mb,,133,2.001,0.84,us,us60008b1j,2020-05-19T22:14:31.040Z,"122 km SSE of Pondaguitan, Philippines",earthquake,6.6,7.6,0.103,28,reviewed,us,us
2020-03-01T11:01:38.376Z,5.4112,126.4695,51.82,4.5,mb,,136,1.87,0.5,us,us60008b1i,2020-05-19T22:14:31.040Z,"107 km ESE of Caburan, Philippines",earthquake,9.2,8.9,0.131,17,reviewed,us,us
2020-02-29T09:28:25.915Z,3.14,128.1906,136.91,5.3,mww,,37,2.492,0.88,us,us600086um,2025-12-22T18:30:17.072Z,"157 km N of Tobelo, Indonesia",earthquake,7.7,4.6,0.059,28,reviewed,us,us
2020-02-29T04:18:43.413Z,0.3372,126.1868,10,4.5,mb,,89,1.256,0.33,us,us60008acw,2020-05-19T22:14:29.040Z,"142 km WSW of Ternate, Indonesia",earthquake,7.3,1.9,0.14,15,reviewed,us,us
2020-02-28T14:02:55.010Z,-3.9512,103.1177,93.99,5.1,mww,,28,0.437,0.77,us,us6000863e,2025-12-22T18:30:13.358Z,"16 km WNW of Pagar Alam, Indonesia",earthquake,8.5,4.2,0.078,16,reviewed,us,us
2020-02-28T10:54:06.675Z,2.02,126.7602,53.62,4.6,mb,,88,1.38,0.9,us,us6000860z,2020-05-19T22:14:06.040Z,"142 km WNW of Tobelo, Indonesia",earthquake,3.4,6,0.067,66,reviewed,us,us
2020-02-28T00:37:32.195Z,-6.92,126.8752,445.18,4.5,mb,,73,3.82,1.13,us,us60008a55,2020-05-19T22:14:29.040Z,"177 km N of Lospalos, Timor Leste",earthquake,7.5,12.4,0.171,10,reviewed,us,us
2020-02-27T21:28:07.612Z,-10.4912,116.4622,10,4.9,mb,,99,3.037,0.72,us,us600089kg,2020-05-19T22:14:29.040Z,"198 km S of Praya, Indonesia",earthquake,7.1,1.8,0.069,65,reviewed,us,us
2020-02-27T19:20:59.579Z,1.8642,126.447,61.95,5,mb,,54,1.422,0.91,us,us600085gn,2020-05-19T22:14:02.040Z,"158 km NW of Ternate, Indonesia",earthquake,6.6,4.6,0.047,144,reviewed,us,us
2020-02-27T19:13:02.974Z,3.7953,125.7576,122,5.5,mww,,32,3.257,1.32,us,us600085g3,2025-12-22T18:30:08.417Z,"180 km S of Sarangani, Philippines",earthquake,7.4,1.8,0.058,29,reviewed,us,us
2020-02-27T13:28:47.918Z,-8.6486,118.2662,142.55,4.6,mb,,87,3.9,1.23,us,us6000858g,2020-05-19T22:14:01.040Z,"24 km WSW of Dompu, Indonesia",earthquake,4.5,8.5,0.109,25,reviewed,us,us
2020-02-27T02:36:19.451Z,0.5518,121.8316,91.02,4.7,mb,,100,1.187,0.64,us,us6000852b,2020-05-19T22:13:59.040Z,"137 km W of Gorontalo, Indonesia",earthquake,7.8,5.9,0.085,42,reviewed,us,us
2020-02-27T02:34:18.377Z,-7.3746,128.8225,126.84,4.5,mb,,124,5.088,0.9,us,us600089jn,2020-05-19T22:14:28.040Z,"237 km ENE of Lospalos, Timor Leste",earthquake,13.8,10.7,0.243,5,reviewed,us,us
2020-02-26T07:33:12.952Z,-7.4887,131.1196,54,6,mww,,21,0.521,1.05,us,us600084gu,2025-12-22T18:34:58.672Z,"273 km SW of Tual, Indonesia",earthquake,6.3,1.8,0.057,30,reviewed,us,us
2020-02-26T05:13:41.427Z,5.527,126.5032,75.41,4.5,mb,,137,1.786,0.59,us,us600089hp,2020-05-19T22:14:25.040Z,"99 km SSE of Pondaguitan, Philippines",earthquake,11.3,8.9,0.18,9,reviewed,us,us
2020-02-25T20:50:50.750Z,5.2249,125.4432,71.5,4.5,mb,,109,1.837,0.89,us,us6000847i,2020-05-09T21:40:45.040Z,"19 km S of Sarangani, Philippines",earthquake,7.4,8.5,0.078,54,reviewed,us,us
2020-02-25T09:25:48.210Z,0.6612,126.1625,35,4.5,mb,,107,1.209,0.44,us,us600089aw,2020-05-09T21:40:53.040Z,"136 km W of Ternate, Indonesia",earthquake,5.3,1.9,0.156,12,reviewed,us,us
2020-02-24T20:59:24.826Z,-1.9759,99.8891,35,4.8,mww,,52,2.559,0.59,us,us70007w28,2020-05-09T21:41:16.040Z,"124 km SSW of Padang, Indonesia",earthquake,7.2,1.9,0.098,10,reviewed,us,us
2020-02-23T22:47:29.239Z,-3.0685,130.2336,10,4.6,mb,,60,2.416,0.95,us,us70007vfs,2020-05-09T21:41:15.040Z,"149 km ENE of Amahai, Indonesia",earthquake,3.9,1.9,0.086,40,reviewed,us,us
2020-02-23T21:58:42.028Z,5.3096,126.5474,35,4.6,mb,,154,1.996,0.89,us,us600085yq,2020-05-09T21:40:50.040Z,"120 km E of Sarangani, Philippines",earthquake,6,2,0.146,14,reviewed,us,us
2020-02-23T03:39:52.824Z,-0.2256,125.2078,17.78,4.9,mww,,35,2.375,0.94,us,us70007v12,2025-12-22T17:57:05.430Z,"172 km S of Tondano, Indonesia",earthquake,6.1,3.1,0.098,10,reviewed,us,us
2020-02-23T02:08:04.068Z,-0.1918,125.189,21.24,5.3,mww,,28,2.378,0.8,us,us70007v0d,2025-12-22T18:29:56.183Z,"168 km S of Tondano, Indonesia",earthquake,5.1,2.9,0.065,23,reviewed,us,us
2020-02-22T20:14:23.943Z,0.4553,126.3766,30.99,4.5,mb,,48,1.038,0.59,us,us600085az,2020-05-09T21:40:48.040Z,"118 km WSW of Ternate, Indonesia",earthquake,6.8,5.5,0.106,26,reviewed,us,us
2020-02-22T16:29:36.421Z,5.4215,126.6995,50.54,4.6,mb,,107,1.98,1.01,us,us70007usz,2020-05-09T21:41:11.040Z,"118 km SSE of Pondaguitan, Philippines",earthquake,7.5,5.5,0.064,73,reviewed,us,us
2020-02-22T15:39:06.457Z,5.2525,126.8273,35,4.9,mb,,158,2.19,1.23,us,us70007usq,2025-12-22T18:29:49.211Z,"142 km SSE of Pondaguitan, Philippines",earthquake,8.5,2,0.11,26,reviewed,us,us
2020-02-22T15:34:42.014Z,5.5251,126.6597,23.5,5.3,mww,,107,1.873,0.95,us,us70007usp,2025-12-22T18:29:48.091Z,"106 km SSE of Pondaguitan, Philippines",earthquake,7.2,1.9,0.078,16,reviewed,us,us
2020-02-22T15:29:48.110Z,5.4617,126.7769,13.5,5.1,mww,,76,1.992,0.98,us,us70007usm,2025-12-22T18:29:46.899Z,"119 km SSE of Pondaguitan, Philippines",earthquake,9,1.9,0.066,22,reviewed,us,us
2020-02-22T01:11:03.690Z,-8.1132,129.0865,30.74,5.2,mb,,112,2.194,0.59,us,us600085a5,2020-05-09T21:40:48.040Z,"234 km ENE of Lospalos, Timor Leste",earthquake,7.7,7.2,0.096,36,reviewed,us,us
2020-02-21T22:54:24.847Z,-5.1177,102.7216,35,4.9,mb,,106,0.787,1.28,us,us70007ui7,2020-05-09T21:41:09.040Z,"134 km SSW of Pagar Alam, Indonesia",earthquake,6.7,1.9,0.077,52,reviewed,us,us
2020-02-21T00:57:18.236Z,-7.4707,107.6526,67.11,4.6,mb,,71,0.008,1.35,us,us70007ty9,2020-05-09T21:41:05.040Z,"39 km SE of Banjar, Indonesia",earthquake,6.6,3.4,0.097,32,reviewed,us,us
2020-02-20T20:24:28.512Z,-6.7432,129.6245,163.21,5.4,mww,,24,2.067,1.01,us,us70007tt3,2025-12-22T18:29:36.577Z,"Banda Sea",earthquake,6.8,4,0.047,44,reviewed,us,us
2020-02-20T14:02:48.955Z,1.4999,132.7519,10,4.5,mb,,125,4.418,1.17,us,us70007tjd,2020-05-09T21:41:03.040Z,"246 km SE of Tobi Village, Palau",earthquake,11.7,1.9,0.121,20,reviewed,us,us
2020-02-20T09:54:07.296Z,5.5936,125.5446,201.06,5.4,mww,,43,1.466,1.07,us,us70007th0,2025-12-22T18:29:33.104Z,"11 km SE of Sugal, Philippines",earthquake,4.1,3.8,0.053,34,reviewed,us,us
2020-02-20T04:56:09.277Z,2.7562,125.773,135.4,4.5,mb,,170,2.534,0.69,us,us600084p1,2020-05-09T21:40:46.040Z,"165 km NNE of Laikit, Laikit II (Dimembe), Indonesia",earthquake,6.1,9.7,0.135,16,reviewed,us,us
2020-02-19T11:01:33.594Z,-0.6314,127.4988,30.11,4.6,mb,,88,1.4,0.67,us,us70007szg,2020-05-09T21:40:59.040Z,"151 km S of Sofifi, Indonesia",earthquake,4.9,5.6,0.083,44,reviewed,us,us
2020-02-19T09:47:20.388Z,-0.0968,122.9857,122.04,4.6,mb,,44,0.962,0.61,us,us70007syx,2020-05-09T21:40:59.040Z,"70 km S of Gorontalo, Indonesia",earthquake,4.5,6.7,0.058,89,reviewed,us,us
2020-02-18T06:22:05.833Z,2.0804,127.9601,47.95,4.9,mb,,103,1.428,1.14,us,us70007s8k,2020-05-02T22:10:16.040Z,"39 km N of Tobelo, Indonesia",earthquake,6.4,7,0.069,65,reviewed,us,us
2020-02-18T02:58:08.578Z,5.4115,125.9403,102.94,4.5,mb,,109,1.686,0.7,us,us70007s6p,2020-05-02T22:10:12.040Z,"52 km E of Sarangani, Philippines",earthquake,8.7,6.8,0.091,35,reviewed,us,us
2020-02-17T15:07:27.566Z,-6.312,130.2501,130.47,4.5,mb,,53,1.959,0.35,us,us70007rvh,2020-05-02T22:10:09.040Z,"287 km WSW of Tual, Indonesia",earthquake,7.6,8.9,0.11,24,reviewed,us,us
2020-02-17T13:50:21.796Z,-4.5035,138.7207,145.57,4.8,mb,,75,2.797,0.7,us,us70007rur,2020-05-02T22:10:08.040Z,"299 km SW of Abepura, Indonesia",earthquake,8.4,7.4,0.119,23,reviewed,us,us
2020-02-17T12:11:45.998Z,-7.3064,105.9296,47.04,4.7,mb,,83,1.713,1.3,us,us70007rtb,2020-05-02T22:10:08.040Z,"77 km WSW of Pelabuhanratu, Indonesia",earthquake,8.2,6.5,0.093,35,reviewed,us,us
2020-02-15T23:00:27.251Z,-3.3456,131.4839,10,5.6,mww,,14,0.873,1.01,us,us70007r1x,2025-12-22T18:29:18.592Z,"273 km S of Sorong, Indonesia",earthquake,4.6,1.6,0.051,37,reviewed,us,us
2020-02-15T17:46:59.635Z,1.5716,126.5765,47.38,4.5,mb,,59,1.12,1.06,us,us70007u6r,2020-05-02T22:10:31.040Z,"124 km NW of Ternate, Indonesia",earthquake,7.2,6.3,0.076,56,reviewed,us,us
2020-02-15T16:50:47.346Z,2.861,127.1274,35,4.7,mb,,114,2.088,1.17,us,us70007qxh,2020-05-02T22:09:54.040Z,"159 km NW of Tobelo, Indonesia",earthquake,11.1,2,0.117,22,reviewed,us,us
2020-02-15T15:36:44.859Z,1.6105,126.6462,35,5.4,mww,,85,1.101,1.26,us,us70007qwf,2025-12-22T18:29:22.155Z,"122 km NW of Ternate, Indonesia",earthquake,5.8,1.9,0.071,19,reviewed,us,us
2020-02-15T09:45:57.157Z,3.5477,126.7507,45.51,4.7,mb,,91,2.825,0.79,us,us70007qt5,2020-05-02T22:09:52.040Z,"245 km NW of Tobelo, Indonesia",earthquake,8.2,6.9,0.08,47,reviewed,us,us
2020-02-14T01:47:58.312Z,-4.4505,102.8111,62.89,4.7,mb,,103,0.169,1.04,us,us70007pt0,2020-05-02T22:09:47.040Z,"67 km SW of Pagar Alam, Indonesia",earthquake,9.9,3,0.099,31,reviewed,us,us
2020-02-13T18:17:31.013Z,-6.6215,130.6068,80.06,5.2,mb,,32,1.516,0.68,us,us70007pkg,2020-05-02T22:09:46.040Z,"261 km WSW of Tual, Indonesia",earthquake,7.1,4.1,0.057,101,reviewed,us,us
2020-02-13T17:17:04.596Z,-7.4357,128.4961,157.79,4.5,mb,,57,2.83,1.09,us,us70007pja,2020-05-02T22:09:45.040Z,"204 km NE of Lospalos, Timor Leste",earthquake,8.5,0.8,0.101,29,reviewed,us,us
2020-02-12T05:55:09.776Z,0.796,98.9405,84.13,4.5,mb,,78,1.455,0.61,us,us70007nmd,2020-05-02T22:09:40.040Z,"74 km SSW of Padangsidempuan, Indonesia",earthquake,5.8,6,0.097,31,reviewed,us,us
2020-02-11T01:27:48.615Z,2.0407,126.5166,35,4.5,mb,,112,1.52,0.96,us,us70007sf7,2020-04-25T22:19:52.040Z,"168 km NW of Ternate, Indonesia",earthquake,8.8,2,0.164,11,reviewed,us,us
2020-02-10T12:12:36.624Z,1.4307,98.9564,97.75,4.7,mb,,66,1.255,0.88,us,us70007rxa,2020-04-25T22:19:48.040Z,"35 km W of Padangsidempuan, Indonesia",earthquake,6.2,5.6,0.086,41,reviewed,us,us
2020-02-10T05:22:56.635Z,-6.768,105.2929,52.32,4.9,mb,,174,2.438,0.91,us,us70007met,2020-04-25T22:19:07.040Z,"73 km SW of Labuan, Indonesia",earthquake,8.3,6.5,0.074,57,reviewed,us,us
2020-02-09T21:24:03.898Z,-1.7306,138.8521,31.57,4.9,mb,,96,11.242,0.56,us,us70007m8b,2020-04-25T22:19:02.040Z,"219 km WNW of Abepura, Indonesia",earthquake,11,4.6,0.055,104,reviewed,us,us
2020-02-09T16:10:15.911Z,4.9199,126.8193,88.11,4.6,mb,,77,2.466,0.73,us,us70007m3w,2020-04-25T22:19:00.040Z,"159 km ESE of Sarangani, Philippines",earthquake,8.2,7.6,0.089,37,reviewed,us,us
2020-02-09T01:24:56.875Z,-6.4863,130.3998,103.39,4.5,mb,,57,1.733,1.14,us,us70007lts,2020-04-25T22:18:52.040Z,"277 km WSW of Tual, Indonesia",earthquake,9.1,7.8,0.108,25,reviewed,us,us
2020-02-08T06:56:42.246Z,-2.9981,129.9482,10,4.5,mb,,100,2.299,0.57,us,us70007q5w,2020-04-25T22:19:43.040Z,"120 km ENE of Amahai, Indonesia",earthquake,6.1,1.8,0.15,13,reviewed,us,us
2020-02-08T06:51:40.401Z,-3.0044,129.9147,10,4.9,mb,,59,2.332,0.66,us,us70007lf7,2020-04-25T22:18:38.040Z,"116 km ENE of Amahai, Indonesia",earthquake,7.1,1.7,0.099,32,reviewed,us,us
2020-02-08T06:36:44.095Z,-2.8766,129.9354,10,5.6,mww,,61,2.311,0.69,us,us70007lf3,2025-12-22T18:28:37.813Z,"123 km ENE of Amahai, Indonesia",earthquake,6.1,1.2,0.062,25,reviewed,us,us
2020-02-07T13:02:59.300Z,5.4464,126.3644,10,4.6,mb,,114,1.791,0.84,us,us70007ku6,2020-04-25T22:18:28.040Z,"95 km ESE of Caburan, Philippines",earthquake,7.3,1.7,0.087,39,reviewed,us,us
2020-02-07T03:50:39.165Z,-2.6378,138.333,30.35,5,mww,,76,2.372,0.82,us,us70007kn2,2025-12-22T18:28:29.710Z,"255 km W of Abepura, Indonesia",earthquake,7.8,3.1,0.093,11,reviewed,us,us
2020-02-07T02:03:31.293Z,5.4425,126.5413,10,4.7,mb,,114,1.878,1.22,us,us70007klk,2020-04-25T22:18:19.040Z,"109 km SSE of Pondaguitan, Philippines",earthquake,7.9,1.9,0.129,18,reviewed,us,us
2020-02-06T21:06:31.559Z,-9.6665,117.6614,35,4.9,mb,,53,3.664,1.36,us,us70007k7i,2020-04-25T22:18:15.040Z,"132 km SSE of Sumbawa Besar, Indonesia",earthquake,7.8,1.7,0.063,79,reviewed,us,us
2020-02-06T18:27:16.383Z,5.5142,126.4618,10,4.7,mb,,114,1.777,1.15,us,us70007k53,2020-04-25T22:18:14.040Z,"98 km SSE of Pondaguitan, Philippines",earthquake,7.4,1.8,0.073,57,reviewed,us,us
2020-02-06T16:32:51.992Z,1.4169,128.1731,25.09,4.5,mb,,94,1.029,0.79,us,us70007k13,2020-04-25T22:18:13.040Z,"38 km SSE of Tobelo, Indonesia",earthquake,6.5,5.9,0.108,28,reviewed,us,us
2020-02-06T14:20:38.337Z,5.3365,126.2525,10,4.7,mb,,138,1.847,1.31,us,us70007jz3,2020-04-25T22:18:11.040Z,"87 km E of Sarangani, Philippines",earthquake,13.8,1.9,0.121,21,reviewed,us,us
2020-02-06T13:45:37.801Z,5.4894,126.559,10,5.1,mb,,107,1.847,1.21,us,us70007q1j,2020-04-25T22:19:35.040Z,"105 km SSE of Pondaguitan, Philippines",earthquake,3.5,1.8,0.074,59,reviewed,us,us
2020-02-06T13:40:05.791Z,5.4543,126.5692,19,6,mww,,44,1.882,1.2,us,us70007jwn,2025-12-22T17:56:55.135Z,"109 km SSE of Pondaguitan, Philippines",earthquake,5.2,1.7,0.046,45,reviewed,us,us
2020-02-06T07:22:26.063Z,-7.2417,122.455,530.32,4.5,mb,,66,1.401,0.84,us,us70007q1f,2020-04-25T22:19:35.040Z,"154 km N of Maumere, Indonesia",earthquake,7.9,12.2,0.156,12,reviewed,us,us
2020-02-06T07:10:54.370Z,-2.8517,139.1381,35,4.9,mb,,55,6.88,0.85,us,us70007jq8,2025-12-22T18:27:55.316Z,"168 km W of Abepura, Indonesia",earthquake,9.2,2,0.074,57,reviewed,us,us
2020-02-05T18:34:38.219Z,-6.2187,113.1164,592.59,4.5,mb,,63,2.461,0.82,us,us70007pfr,2020-04-25T22:19:33.040Z,"100 km NNE of Bangkalan, Indonesia",earthquake,12.1,7.8,0.106,26,reviewed,us,us
2020-02-05T18:12:37.734Z,-6.0817,113.0778,592.42,6.2,mww,,31,5.479,1.04,us,us70007j6z,2025-12-22T18:27:49.258Z,"113 km NNE of Bangkalan, Indonesia",earthquake,8.3,4.2,0.041,58,reviewed,us,us
2020-02-04T22:22:42.333Z,-5.6659,133.5171,18.79,4.5,mb,,115,3.007,0.89,us,us70007pew,2020-04-18T22:10:36.040Z,"Kepulauan Kai, Indonesia",earthquake,5.9,6.1,0.131,17,reviewed,us,us
2020-02-04T14:49:38.591Z,-2.9566,130.3296,27.97,4.8,mb,,57,1.917,0.77,us,us60007pek,2020-04-18T22:10:24.040Z,"162 km ENE of Amahai, Indonesia",earthquake,4.4,4.8,0.083,45,reviewed,us,us
2020-02-04T10:41:01.811Z,-2.908,140.5412,35,4.7,mb,,53,6.872,1.18,us,us60007p9r,2020-04-18T22:10:23.040Z,"35 km SSW of Abepura, Indonesia",earthquake,9.5,2,0.096,33,reviewed,us,us
2020-02-04T04:13:09.619Z,5.9479,126.1821,153.56,4.8,mb,,104,1.265,0.58,us,us70007pe0,2020-04-18T22:10:35.040Z,"45 km S of Pondaguitan, Philippines",earthquake,10.7,7.7,0.127,19,reviewed,us,us
2020-02-04T03:54:55.008Z,-2.9017,139.6059,42.95,4.6,mb,,84,1.162,0.98,us,us60007p43,2020-04-18T22:10:22.040Z,"119 km WSW of Abepura, Indonesia",earthquake,8.4,7.8,0.114,23,reviewed,us,us
2020-02-03T21:16:47.549Z,-9.3678,114.0841,60.72,4.6,mb,,111,0.894,0.59,us,us70007nv2,2020-04-18T22:10:34.040Z,"106 km SSW of Muncar, Indonesia",earthquake,8.2,7.9,0.096,32,reviewed,us,us
2020-02-03T12:12:38.927Z,-0.2249,125.2118,35,4.9,mb,,40,2.371,1.39,us,us60007ndb,2020-04-18T22:10:20.040Z,"172 km S of Tondano, Indonesia",earthquake,4.9,1.9,0.066,71,reviewed,us,us
2020-02-03T11:18:07.451Z,-5.1117,134.2057,27.07,5,mb,,42,2.924,1.02,us,us60007ncn,2020-04-18T22:10:19.040Z,"170 km ENE of Tual, Indonesia",earthquake,6.3,1.5,0.065,76,reviewed,us,us
2020-02-02T07:19:13.193Z,-1.612,134.0077,35.74,4.9,mb,,95,2.185,0.73,us,us60007mm4,2020-04-18T22:10:15.040Z,"83 km S of Manokwari, Indonesia",earthquake,6.9,6.8,0.074,58,reviewed,us,us
2020-02-01T22:18:50.241Z,0.5935,120.6428,68.89,4.7,mb,,97,0.532,0.91,us,us60007md7,2020-04-18T22:10:11.040Z,"186 km NNE of Palu, Indonesia",earthquake,6.7,6.1,0.073,56,reviewed,us,us
2020-02-01T19:54:27.875Z,4.2195,126.8242,35,4.5,mb,,113,3.467,1.12,us,us70007mks,2020-04-18T22:10:31.040Z,"199 km SE of Sarangani, Philippines",earthquake,9.2,2,0.131,17,reviewed,us,us
2020-02-01T14:14:04.053Z,5.642,126.6651,88.83,4.5,mb,,160,1.782,0.98,us,us60007m59,2020-04-18T22:10:09.040Z,"96 km SE of Pondaguitan, Philippines",earthquake,11.6,6.5,0.121,20,reviewed,us,us
2020-02-01T09:09:31.500Z,-2.9219,101.0474,62.54,5,mb,,177,2.38,0.66,us,us60007m22,2020-04-18T22:10:09.040Z,"103 km SSW of Sungai Penuh, Indonesia",earthquake,6.5,7.6,0.079,51,reviewed,us,us
2020-01-31T22:10:55.844Z,-6.4065,129.1523,221.39,5,mww,,28,2.643,0.72,us,us60007lsc,2025-12-22T18:27:38.231Z,"Banda Sea",earthquake,6.9,4.2,0.071,19,reviewed,us,us
2020-01-30T21:53:06.548Z,-1.9129,99.9044,35,4.8,mww,,89,2.497,0.9,us,us60007ki4,2022-08-08T18:12:34.802Z,"117 km SSW of Padang, Indonesia",earthquake,7.1,1.9,0.098,10,reviewed,us,us
2020-01-30T13:37:10.006Z,0.9493,127.3309,163.6,4.6,mb,,111,0.179,0.4,us,us70007kyq,2020-04-18T22:10:29.040Z,"18 km NNW of Ternate, Indonesia",earthquake,13.6,4.6,0.125,19,reviewed,us,us
2020-01-30T01:02:47.972Z,1.4836,126.445,35,4.5,mb,,104,1.161,0.56,us,us60007jp3,2020-04-18T22:09:54.040Z,"129 km NW of Ternate, Indonesia",earthquake,3.4,2,0.109,25,reviewed,us,us
2020-01-29T23:46:56.062Z,0.7136,126.3292,27.01,5.8,mww,,25,1.039,0.88,us,us60007jmj,2025-12-22T18:27:26.309Z,"117 km W of Ternate, Indonesia",earthquake,6.1,3.1,0.052,36,reviewed,us,us
2020-01-28T09:40:44.180Z,-7.0226,129.1558,151.26,4.5,mb,,70,2.329,0.76,us,us60007i30,2020-04-11T18:21:01.040Z,"290 km NE of Lospalos, Timor Leste",earthquake,6.8,7,0.121,20,reviewed,us,us
2020-01-27T08:03:41.480Z,3.0825,97.7082,89.81,4.5,mb,,127,1.273,0.6,us,us60007h33,2020-04-11T18:20:55.040Z,"87 km W of Kabanjahe, Indonesia",earthquake,5.3,8.5,0.097,31,reviewed,us,us
2020-01-27T03:32:36.339Z,-5.132,102.3652,34.91,4.8,mb,,94,0.966,0.68,us,us60007gx6,2020-04-11T18:20:54.040Z,"147 km S of Bengkulu, Indonesia",earthquake,6.8,4.9,0.078,51,reviewed,us,us
2020-01-25T18:04:47.855Z,-6.2615,130.4661,104.35,4.8,mb,,37,1.899,0.72,us,us60007ftp,2020-04-11T18:20:49.040Z,"262 km WSW of Tual, Indonesia",earthquake,6,6.6,0.074,60,reviewed,us,us
2020-01-25T00:38:23.411Z,-3.3205,127.8992,53.31,4.7,mb,,61,4.099,0.86,us,us60007fb1,2020-04-11T18:20:47.040Z,"52 km NW of Ambon, Indonesia",earthquake,4.6,8.2,0.067,67,reviewed,us,us
2020-01-24T00:50:43.530Z,-9.8774,116.9285,35,4.9,mb,,59,3.077,0.87,us,us60007ebf,2020-04-11T18:20:42.040Z,"148 km SSE of Praya, Indonesia",earthquake,3.8,1.9,0.084,45,reviewed,us,us
2020-01-23T21:59:06.894Z,3.7694,123.0149,547.18,4.5,mb,,44,3.456,0.84,us,us60007e7i,2020-04-11T18:20:42.040Z,"279 km SSE of Tabiauan, Philippines",earthquake,9.4,7.7,0.055,97,reviewed,us,us
2020-01-22T13:34:25.227Z,1.9458,126.5923,10,4.5,mb,,115,1.399,0.87,us,us60007cuh,2020-04-11T18:20:38.040Z,"155 km NW of Ternate, Indonesia",earthquake,8.3,1.9,0.111,24,reviewed,us,us
2020-01-22T03:58:44.156Z,2.2436,96.2926,10,4.9,mb,,88,1.586,0.64,us,us60007clh,2020-04-11T18:20:37.040Z,"27 km SSW of Sinabang, Indonesia",earthquake,7.9,1.2,0.081,48,reviewed,us,us
2020-01-22T03:49:29.697Z,-8.7741,119.2113,122.82,4.5,mb,,75,2.995,0.9,us,us60007ckq,2020-04-11T18:20:36.040Z,"36 km WSW of Komodo, Indonesia",earthquake,7.4,7.4,0.101,29,reviewed,us,us
2020-01-21T13:07:47.037Z,-2.9935,139.6258,35,4.5,mb,,93,1.177,0.8,us,us60007lgd,2020-04-08T19:40:07.040Z,"120 km WSW of Abepura, Indonesia",earthquake,4.3,2,0.135,16,reviewed,us,us
2020-01-21T11:03:08.236Z,0.6338,99.8039,159.16,4.7,mb,,139,1.272,0.7,us,us60007c1h,2020-04-08T19:39:47.040Z,"101 km SE of Padangsidempuan, Indonesia",earthquake,4.8,5.3,0.087,40,reviewed,us,us
2020-01-21T08:49:11.216Z,-7.8967,103.6932,10,4.5,mb,,108,3.588,0.37,us,us60007lfy,2020-04-08T19:40:06.040Z,"289 km SW of Labuan, Indonesia",earthquake,6.9,1.9,0.171,10,reviewed,us,us
2020-01-20T15:25:13.988Z,-3.4432,130.8868,20.08,4.6,mb,,62,1.456,0.56,us,us60007ldg,2020-04-08T19:40:06.040Z,"218 km E of Amahai, Indonesia",earthquake,6.6,4.2,0.132,17,reviewed,us,us
2020-01-19T16:58:20.002Z,-0.1042,123.8025,121.72,6.1,mww,,22,1.389,0.78,us,us60007arp,2025-12-22T18:26:42.339Z,"108 km SE of Gorontalo, Indonesia",earthquake,6.8,3.6,0.05,39,reviewed,us,us
2020-01-19T13:31:12.857Z,-7.0864,107.682,133.84,4.5,mb,,119,0.375,0.69,us,us60007k77,2020-04-08T19:40:05.040Z,"9 km W of Paseh, Indonesia",earthquake,10.3,5.6,0.131,17,reviewed,us,us
2020-01-19T00:14:39.939Z,-2.8268,139.3693,35,4.9,mb,,54,1.369,0.79,us,us60007ac3,2025-12-22T18:26:39.319Z,"142 km W of Abepura, Indonesia",earthquake,7.6,1.9,0.071,63,reviewed,us,us
2020-01-18T16:38:14.301Z,-2.8405,139.3363,44,6,mww,,36,7.079,1.02,us,us60007a3h,2025-12-22T18:26:38.427Z,"146 km W of Abepura, Indonesia",earthquake,4.1,1.9,0.053,34,reviewed,us,us
2020-01-18T03:31:18.568Z,0.3013,124.9058,79.11,4.5,mb,,57,2.504,0.77,us,us600079rk,2020-04-08T19:39:34.040Z,"111 km S of Tondano, Indonesia",earthquake,7.5,4,0.115,22,reviewed,us,us
2020-01-18T01:55:24.824Z,4.6132,95.0658,53.54,4.9,mb,,169,1.971,0.8,us,us600079p6,2020-04-08T19:39:34.040Z,"106 km SSW of Banda Aceh, Indonesia",earthquake,6.5,8,0.091,38,reviewed,us,us
2020-01-18T01:31:10.722Z,-6.5892,132.098,10,5.1,mww,,36,1.595,1,us,us600079ne,2025-12-22T18:26:37.725Z,"128 km SW of Tual, Indonesia",earthquake,5,1.7,0.066,22,reviewed,us,us
2020-01-17T11:03:22.341Z,5.6773,126.1981,104.33,4.8,mb,,83,1.514,0.86,us,us700071lr,2020-04-08T19:40:18.040Z,"67 km ESE of Caburan, Philippines",earthquake,5.8,6.5,0.044,156,reviewed,us,us
2020-01-17T06:45:36.714Z,-1.0637,127.447,10,4.7,mb,,78,1.825,0.83,us,us700071ip,2020-04-08T19:40:17.040Z,"199 km S of Sofifi, Indonesia",earthquake,4.9,1.9,0.096,33,reviewed,us,us
2020-01-17T06:43:52.373Z,-1.0821,127.4172,10,4.9,mb,,84,1.842,0.46,us,us700071im,2020-04-08T19:40:17.040Z,"201 km S of Sofifi, Indonesia",earthquake,7.3,1.9,0.088,41,reviewed,us,us
2020-01-17T04:28:06.541Z,5.8823,125.9211,161.43,4.7,mb,,94,1.227,1.16,us,us700071h7,2020-04-08T19:40:16.040Z,"29 km ESE of Mangili, Philippines",earthquake,8.7,5.8,0.087,40,reviewed,us,us
2020-01-17T01:42:57.221Z,-7.9618,129.0411,35,4.5,mb,,123,2.236,0.8,us,us60007j7w,2020-04-08T19:40:02.040Z,"233 km ENE of Lospalos, Timor Leste",earthquake,5.9,2,0.221,6,reviewed,us,us
2020-01-17T01:34:44.344Z,-4.9258,102.7843,52.78,4.6,mb,,94,0.587,0.72,us,us700071en,2020-04-08T19:40:15.040Z,"112 km SSW of Pagar Alam, Indonesia",earthquake,6.4,5.4,0.107,26,reviewed,us,us
2020-01-16T22:04:24.935Z,-10.472,124.1355,10,4.9,mb,,78,0.723,0.95,us,us700071b1,2020-04-08T19:40:14.040Z,"66 km ESE of Kupang, Indonesia",earthquake,6,1.9,0.08,49,reviewed,us,us
2020-01-15T16:22:13.858Z,-9.1328,123.7967,79.91,5,mb,,53,0.773,1.14,us,us700070am,2020-04-08T19:40:10.040Z,"51 km N of Naisano Dua, Indonesia",earthquake,5.7,5.7,0.072,62,reviewed,us,us
2020-01-15T12:16:41.567Z,-10.4167,124.0807,10,4.5,mb,,78,0.682,0.97,us,us7000707w,2020-04-08T19:40:10.040Z,"58 km ESE of Kupang, Indonesia",earthquake,8.5,1.9,0.103,29,reviewed,us,us
2020-01-15T08:25:54.811Z,-1.9172,138.832,28.74,4.9,mb,,37,1.962,0.9,us,us7000703h,2020-04-08T19:40:09.040Z,"213 km WNW of Abepura, Indonesia",earthquake,8.4,2.6,0.083,46,reviewed,us,us
2020-01-15T07:55:30.169Z,-10.3733,124.0857,10,5.7,mww,,34,0.447,1.42,us,us7000702n,2025-12-22T18:26:23.276Z,"Timor region, Indonesia",earthquake,5.7,1.7,0.063,24,reviewed,us,us
2020-01-15T02:40:10.112Z,5.7103,126.9697,139.89,4.5,mb,,108,1.932,0.95,us,us7000700s,2020-04-08T19:40:08.040Z,"113 km SE of Pondaguitan, Philippines",earthquake,8.1,7.6,0.085,41,reviewed,us,us
2020-01-14T01:54:25.052Z,5.7093,126.1112,127.41,4.5,mb,,101,1.451,0.43,us,us60007hcc,2020-04-02T21:27:40.040Z,"56 km ESE of Caburan, Philippines",earthquake,9,4.4,0.111,24,reviewed,us,us
2020-01-14T00:06:44.752Z,5.1951,127.1069,81.31,4.5,mb,,101,2.403,0.95,us,us70006zg9,2020-04-02T21:28:28.040Z,"164 km SE of Pondaguitan, Philippines",earthquake,8.2,6.9,0.085,41,reviewed,us,us
2020-01-12T23:13:12.026Z,-7.3984,128.8135,125.16,4.5,mb,,45,2.53,0.87,us,us60007eua,2020-04-02T21:27:35.040Z,"235 km ENE of Lospalos, Timor Leste",earthquake,7.6,6.1,0.087,39,reviewed,us,us
2020-01-12T23:11:26.925Z,-8.8779,134.7023,10,4.6,mb,,50,3.482,0.73,us,us60007eu1,2020-04-02T21:27:35.040Z,"Arafura Sea",earthquake,6.9,1.9,0.146,16,reviewed,us,us
2020-01-12T10:45:17.756Z,2.0684,97.8435,62.48,4.9,mb,,113,0.805,0.5,us,us70006ypl,2020-04-02T21:28:19.040Z,"24 km SSE of Singkil, Indonesia",earthquake,6.6,7.9,0.099,32,reviewed,us,us
2020-01-12T10:21:25.715Z,-6.6778,127.4896,406.36,4.5,mb,,47,3.994,0.77,us,us70006yp5,2020-04-02T21:28:19.040Z,"211 km NNE of Lospalos, Timor Leste",earthquake,9.3,8.9,0.085,40,reviewed,us,us
2020-01-11T12:30:22.087Z,-0.0522,122.8892,146.17,4.5,mb,,51,0.99,0.75,us,us60007dva,2020-04-02T21:27:29.040Z,"68 km SSW of Gorontalo, Indonesia",earthquake,3.7,6.2,0.089,37,reviewed,us,us
2020-01-11T04:31:01.012Z,-7.5117,127.8219,142.23,4.5,mb,,54,3.477,1.1,us,us70006y59,2020-04-02T21:28:14.040Z,"143 km NE of Lospalos, Timor Leste",earthquake,7.8,6.6,0.144,14,reviewed,us,us
2020-01-10T17:16:43.031Z,3.4845,128.0829,44.04,4.8,mb,,110,2.788,0.89,us,us70006xm2,2020-04-02T21:28:11.040Z,"194 km N of Tobelo, Indonesia",earthquake,7.1,6.7,0.059,99,reviewed,us,us
2020-01-10T15:06:32.157Z,-8.3441,128.8291,10,4.8,mww,,45,2.471,1.16,us,us70006xju,2020-04-02T21:28:10.040Z,"202 km E of Lospalos, Timor Leste",earthquake,4.8,1.7,0.093,11,reviewed,us,us
2020-01-10T00:13:11.519Z,2.3599,127.5717,75.14,4.9,mww,,74,1.59,0.75,us,us70006xb3,2020-04-02T21:28:01.040Z,"85 km NW of Tobelo, Indonesia",earthquake,6.4,4.8,0.098,10,reviewed,us,us
2020-01-09T15:31:39.785Z,2.5218,128.8493,35,4.6,mb,,79,2.284,0.89,us,us70006wye,2020-04-02T21:27:58.040Z,"128 km NE of Tobelo, Indonesia",earthquake,7.9,2,0.088,45,reviewed,us,us
2020-01-09T01:57:12.925Z,2.455,128.7542,44.45,4.6,mb,,117,2.172,0.77,us,us70006wq6,2020-04-02T21:27:54.040Z,"115 km NE of Tobelo, Indonesia",earthquake,8.9,6.1,0.09,37,reviewed,us,us
2020-01-08T22:05:33.881Z,-7.7621,107.9297,69.72,4.6,mb,,50,0.406,0.74,us,us70006wlt,2020-04-02T21:27:53.040Z,"49 km SSW of Singaparna, Indonesia",earthquake,7.7,5.3,0.086,40,reviewed,us,us
2020-01-08T13:43:35.680Z,5.6411,126.0558,101.69,4.5,mb,,111,1.496,0.77,us,us70006wbw,2020-04-02T21:27:51.040Z,"55 km ESE of Caburan, Philippines",earthquake,3,8,0.087,39,reviewed,us,us
2020-01-08T09:47:06.441Z,-7.1657,129.4211,134.23,4.5,mb,,80,2.03,0.97,us,us70006w9z,2020-04-02T21:27:51.040Z,"Kepulauan Babar, Indonesia",earthquake,5.7,8.7,0.108,25,reviewed,us,us
2020-01-08T04:11:45.877Z,5.152,125.3401,39.02,4.8,mb,,61,1.919,0.89,us,us70006w6y,2020-04-02T21:27:48.040Z,"30 km SSW of Sarangani, Philippines",earthquake,6.7,5.3,0.055,101,reviewed,us,us
2020-01-08T01:58:27.605Z,-3.2375,138.0075,60.22,4.5,mb,,49,2.787,0.8,us,us70006w5h,2020-04-02T21:27:46.040Z,"278 km E of Nabire, Indonesia",earthquake,8.6,8.9,0.115,22,reviewed,us,us
2020-01-07T22:48:03.787Z,-1.5516,99.4165,28.42,4.6,mb,,86,3.381,0.88,us,us70006w38,2020-03-21T17:13:43.040Z,"123 km WSW of Padang, Indonesia",earthquake,9.1,5.4,0.102,29,reviewed,us,us
2020-01-07T08:27:11.477Z,1.7831,127.317,108.28,4.8,mb,,112,1.005,0.95,us,us70006vlm,2020-03-21T17:13:41.040Z,"77 km W of Tobelo, Indonesia",earthquake,9.1,7.5,0.101,30,reviewed,us,us
2020-01-07T06:05:19.759Z,2.3481,96.3575,17,6.3,mww,,33,1.599,0.97,us,us70006vkq,2025-12-22T18:25:42.484Z,"14 km S of Sinabang, Indonesia",earthquake,4.3,1.7,0.043,53,reviewed,us,us
2020-01-06T07:25:34.691Z,5.2285,125.357,32.31,4.9,mww,,53,1.842,1.08,us,us70006v6h,2025-12-22T18:25:36.474Z,"22 km SSW of Sarangani, Philippines",earthquake,5.8,3.6,0.093,11,reviewed,us,us
2020-01-05T23:12:24.295Z,-8.0046,107.4548,38.11,4.9,mww,,29,0.572,1.08,us,us70006v30,2025-12-22T18:25:32.791Z,"89 km S of Banjar, Indonesia",earthquake,6.5,4.6,0.089,12,reviewed,us,us
2020-01-05T20:28:14.418Z,-6.4039,103.9835,49.36,4.6,mb,,190,2.273,0.79,us,us600079bc,2020-03-21T17:13:27.040Z,"177 km SW of Bandar Lampung, Indonesia",earthquake,11.7,10.8,0.172,10,reviewed,us,us
2020-01-05T17:46:10.847Z,-3.5419,131.2852,10,4.6,mb,,82,1.143,0.94,us,us70006v18,2020-03-21T17:13:21.040Z,"263 km E of Amahai, Indonesia",earthquake,7.8,1.9,0.086,40,reviewed,us,us
2020-01-05T07:45:48.151Z,-6.4004,129.165,211.43,4.9,mb,,36,2.636,0.56,us,us70006uxt,2020-03-21T17:13:36.040Z,"Banda Sea",earthquake,7.6,7.3,0.071,63,reviewed,us,us
2020-01-04T22:55:47.842Z,-8.5966,112.5814,84.15,4.7,mb,,41,1.558,0.9,us,us70006utn,2020-03-21T17:13:05.040Z,"46 km SSW of Dampit, Indonesia",earthquake,7.4,5.8,0.065,71,reviewed,us,us
2020-01-03T23:36:10.314Z,4.601,125.9609,104.05,4.5,mb,,105,2.481,0.8,us,us70006uhx,2020-03-21T17:13:34.040Z,"104 km SSE of Sarangani, Philippines",earthquake,5.8,7.1,0.082,44,reviewed,us,us
2020-01-02T14:03:19.322Z,2.7644,128.7084,38.66,4.8,mb,,96,2.39,0.76,us,us70006tk2,2020-03-21T17:13:33.040Z,"138 km NE of Tobelo, Indonesia",earthquake,9.5,8.2,0.073,58,reviewed,us,us
2020-01-02T11:25:04.368Z,-5.7527,124.976,10,5.6,mww,,23,3.947,0.97,us,us70006thw,2025-12-22T18:25:10.818Z,"287 km ESE of Katabu, Indonesia",earthquake,5.9,1.7,0.054,33,reviewed,us,us
2020-01-02T10:37:07.655Z,-7.8197,122.8645,271.34,4.5,mb,,94,1.021,0.8,us,us70006thf,2020-03-21T17:13:33.040Z,"114 km NE of Maumere, Indonesia",earthquake,8,6.5,0.118,21,reviewed,us,us
2020-01-02T05:37:34.843Z,-6.3339,130.1259,133.27,4.5,mb,,89,2.009,0.95,us,us70006tf3,2020-03-21T17:13:32.040Z,"Banda Sea",earthquake,6.8,7.8,0.102,28,reviewed,us,us
